Copyright 1986-2022 Xilinx, Inc. All Rights Reserved. Copyright 2022-2024 Advanced Micro Devices, Inc. All Rights Reserved.
---------------------------------------------------------------------------------------------------------------------------------------------------------------------------------------------------------------------------------------------
| Tool Version : Vivado v.2024.2 (win64) Build 5239630 Fri Nov 08 22:35:27 MST 2024
| Date         : Wed Aug 19 17:38:20 2026
| Host         : TILLKRSMEIE2F8D running 64-bit major release  (build 9200)
| Command      : report_timing_summary -max_paths 10 -report_unconstrained -file design_1_wrapper_timing_summary_routed.rpt -pb design_1_wrapper_timing_summary_routed.pb -rpx design_1_wrapper_timing_summary_routed.rpx -warn_on_violation
| Design       : design_1_wrapper
| Device       : 7z010-clg400
| Speed File   : -1  PRODUCTION 1.12 2019-11-22
| Design State : Routed
---------------------------------------------------------------------------------------------------------------------------------------------------------------------------------------------------------------------------------------------

Timing Summary Report

------------------------------------------------------------------------------------------------
| Timer Settings
| --------------
------------------------------------------------------------------------------------------------

  Enable Multi Corner Analysis               :  Yes
  Enable Pessimism Removal                   :  Yes
  Pessimism Removal Resolution               :  Nearest Common Node
  Enable Input Delay Default Clock           :  No
  Enable Preset / Clear Arcs                 :  No
  Disable Flight Delays                      :  No
  Ignore I/O Paths                           :  No
  Timing Early Launch at Borrowing Latches   :  No
  Borrow Time for Max Delay Exceptions       :  Yes
  Merge Timing Exceptions                    :  Yes
  Inter-SLR Compensation                     :  Conservative

  Corner  Analyze    Analyze    
  Name    Max Paths  Min Paths  
  ------  ---------  ---------  
  Slow    Yes        Yes        
  Fast    Yes        Yes        


------------------------------------------------------------------------------------------------
| Report Methodology
| ------------------
------------------------------------------------------------------------------------------------

Rule       Severity  Description                    Violations  
---------  --------  -----------------------------  ----------  
LUTAR-1    Warning   LUT drives async reset alert   2           
TIMING-18  Warning   Missing input or output delay  28          

Note: This report is based on the most recent report_methodology run and may not be up-to-date. Run report_methodology on the current design for the latest report.



check_timing report

Table of Contents
-----------------
1. checking no_clock (0)
2. checking constant_clock (0)
3. checking pulse_width_clock (0)
4. checking unconstrained_internal_endpoints (0)
5. checking no_input_delay (26)
6. checking no_output_delay (2)
7. checking multiple_clock (0)
8. checking generated_clocks (0)
9. checking loops (0)
10. checking partial_input_delay (0)
11. checking partial_output_delay (0)
12. checking latch_loops (0)

1. checking no_clock (0)
------------------------
 There are 0 register/latch pins with no clock.


2. checking constant_clock (0)
------------------------------
 There are 0 register/latch pins with constant_clock.


3. checking pulse_width_clock (0)
---------------------------------
 There are 0 register/latch pins which need pulse_width check


4. checking unconstrained_internal_endpoints (0)
------------------------------------------------
 There are 0 pins that are not constrained for maximum delay.

 There are 0 pins that are not constrained for maximum delay due to constant clock.


5. checking no_input_delay (26)
-------------------------------
 There are 26 input ports with no input delay specified. (HIGH)

 There are 0 input ports with no input delay but user has a false path constraint.


6. checking no_output_delay (2)
-------------------------------
 There are 2 ports with no output delay specified. (HIGH)

 There are 0 ports with no output delay but user has a false path constraint

 There are 0 ports with no output delay but with a timing clock defined on it or propagating through it


7. checking multiple_clock (0)
------------------------------
 There are 0 register/latch pins with multiple clocks.


8. checking generated_clocks (0)
--------------------------------
 There are 0 generated clocks that are not connected to a clock source.


9. checking loops (0)
---------------------
 There are 0 combinational loops in the design.


10. checking partial_input_delay (0)
------------------------------------
 There are 0 input ports with partial input delay specified.


11. checking partial_output_delay (0)
-------------------------------------
 There are 0 ports with partial output delay specified.


12. checking latch_loops (0)
----------------------------
 There are 0 combinational latch loops in the design through latch input



------------------------------------------------------------------------------------------------
| Design Timing Summary
| ---------------------
------------------------------------------------------------------------------------------------

    WNS(ns)      TNS(ns)  TNS Failing Endpoints  TNS Total Endpoints      WHS(ns)      THS(ns)  THS Failing Endpoints  THS Total Endpoints     WPWS(ns)     TPWS(ns)  TPWS Failing Endpoints  TPWS Total Endpoints  
    -------      -------  ---------------------  -------------------      -------      -------  ---------------------  -------------------     --------     --------  ----------------------  --------------------  
      0.962        0.000                      0                13062        0.037        0.000                      0                13062        3.750        0.000                       0                  4815  


All user specified timing constraints are met.


------------------------------------------------------------------------------------------------
| Clock Summary
| -------------
------------------------------------------------------------------------------------------------

Clock       Waveform(ns)       Period(ns)      Frequency(MHz)
-----       ------------       ----------      --------------
clk_fpga_0  {0.000 5.000}      10.000          100.000         


------------------------------------------------------------------------------------------------
| Intra Clock Table
| -----------------
------------------------------------------------------------------------------------------------

Clock             WNS(ns)      TNS(ns)  TNS Failing Endpoints  TNS Total Endpoints      WHS(ns)      THS(ns)  THS Failing Endpoints  THS Total Endpoints     WPWS(ns)     TPWS(ns)  TPWS Failing Endpoints  TPWS Total Endpoints  
-----             -------      -------  ---------------------  -------------------      -------      -------  ---------------------  -------------------     --------     --------  ----------------------  --------------------  
clk_fpga_0          0.962        0.000                      0                12998        0.037        0.000                      0                12998        3.750        0.000                       0                  4815  


------------------------------------------------------------------------------------------------
| Inter Clock Table
| -----------------
------------------------------------------------------------------------------------------------

From Clock    To Clock          WNS(ns)      TNS(ns)  TNS Failing Endpoints  TNS Total Endpoints      WHS(ns)      THS(ns)  THS Failing Endpoints  THS Total Endpoints  
----------    --------          -------      -------  ---------------------  -------------------      -------      -------  ---------------------  -------------------  


------------------------------------------------------------------------------------------------
| Other Path Groups Table
| -----------------------
------------------------------------------------------------------------------------------------

Path Group         From Clock         To Clock               WNS(ns)      TNS(ns)  TNS Failing Endpoints  TNS Total Endpoints      WHS(ns)      THS(ns)  THS Failing Endpoints  THS Total Endpoints  
----------         ----------         --------               -------      -------  ---------------------  -------------------      -------      -------  ---------------------  -------------------  
**async_default**  clk_fpga_0         clk_fpga_0               6.602        0.000                      0                   64        0.641        0.000                      0                   64  


------------------------------------------------------------------------------------------------
| User Ignored Path Table
| -----------------------
------------------------------------------------------------------------------------------------

Path Group    From Clock    To Clock    
----------    ----------    --------    
(none)                      clk_fpga_0    
(none)        clk_fpga_0    clk_fpga_0    


------------------------------------------------------------------------------------------------
| Unconstrained Path Table
| ------------------------
------------------------------------------------------------------------------------------------

Path Group    From Clock    To Clock    
----------    ----------    --------    
(none)        clk_fpga_0                  
(none)                      clk_fpga_0    


------------------------------------------------------------------------------------------------
| Timing Details
| --------------
------------------------------------------------------------------------------------------------


---------------------------------------------------------------------------------------------------
From Clock:  clk_fpga_0
  To Clock:  clk_fpga_0

Setup :            0  Failing Endpoints,  Worst Slack        0.962ns,  Total Violation        0.000ns
Hold  :            0  Failing Endpoints,  Worst Slack        0.037ns,  Total Violation        0.000ns
PW    :            0  Failing Endpoints,  Worst Slack        3.750ns,  Total Violation        0.000ns
---------------------------------------------------------------------------------------------------


Max Delay Paths
--------------------------------------------------------------------------------------
Slack (MET) :             0.962ns  (required time - arrival time)
  Source:                 design_1_i/AddCycle_Acquisition_0/U0/AddCycle_Acquisition_slave_lite_v1_0_S00_AXI_inst/u_acquisition_core/cfg_serial_half_period_clks_reg[4]/C
                            (rising edge-triggered cell FDSE clocked by clk_fpga_0  {rise@0.000ns fall@5.000ns period=10.000ns})
  Destination:            design_1_i/AddCycle_Acquisition_0/U0/AddCycle_Acquisition_slave_lite_v1_0_S00_AXI_inst/u_acquisition_core/shift_reg_reg[20][39]/CE
                            (rising edge-triggered cell FDRE clocked by clk_fpga_0  {rise@0.000ns fall@5.000ns period=10.000ns})
  Path Group:             clk_fpga_0
  Path Type:              Setup (Max at Slow Process Corner)
  Requirement:            10.000ns  (clk_fpga_0 rise@10.000ns - clk_fpga_0 rise@0.000ns)
  Data Path Delay:        8.526ns  (logic 3.226ns (37.839%)  route 5.300ns (62.161%))
  Logic Levels:           13  (CARRY4=9 LUT1=1 LUT2=1 LUT4=1 LUT6=1)
  Clock Path Skew:        -0.154ns (DCD - SCD + CPR)
    Destination Clock Delay (DCD):    2.693ns = ( 12.693 - 10.000 ) 
    Source Clock Delay      (SCD):    2.976ns
    Clock Pessimism Removal (CPR):    0.130ns
  Clock Uncertainty:      0.154ns  ((TSJ^2 + TIJ^2)^1/2 + DJ) / 2 + PE
    Total System Jitter     (TSJ):    0.071ns
    Total Input Jitter      (TIJ):    0.300ns
    Discrete Jitter          (DJ):    0.000ns
    Phase Error              (PE):    0.000ns

    Location             Delay type                Incr(ns)  Path(ns)    Netlist Resource(s)
  -------------------------------------------------------------------    -------------------
                         (clock clk_fpga_0 rise edge)
                                                      0.000     0.000 r  
    PS7_X0Y0             PS7                          0.000     0.000 r  design_1_i/processing_system7_0/inst/PS7_i/FCLKCLK[0]
                         net (fo=1, routed)           1.207     1.207    design_1_i/processing_system7_0/inst/FCLK_CLK_unbuffered[0]
    BUFGCTRL_X0Y0        BUFG (Prop_bufg_I_O)         0.101     1.308 r  design_1_i/processing_system7_0/inst/buffer_fclk_clk_0.FCLK_CLK_0_BUFG/O
                         net (fo=4816, routed)        1.668     2.976    design_1_i/AddCycle_Acquisition_0/U0/AddCycle_Acquisition_slave_lite_v1_0_S00_AXI_inst/u_acquisition_core/s00_axi_aclk
    SLICE_X6Y29          FDSE                                         r  design_1_i/AddCycle_Acquisition_0/U0/AddCycle_Acquisition_slave_lite_v1_0_S00_AXI_inst/u_acquisition_core/cfg_serial_half_period_clks_reg[4]/C
  -------------------------------------------------------------------    -------------------
    SLICE_X6Y29          FDSE (Prop_fdse_C_Q)         0.478     3.454 f  design_1_i/AddCycle_Acquisition_0/U0/AddCycle_Acquisition_slave_lite_v1_0_S00_AXI_inst/u_acquisition_core/cfg_serial_half_period_clks_reg[4]/Q
                         net (fo=2, routed)           0.677     4.131    design_1_i/AddCycle_Acquisition_0/U0/AddCycle_Acquisition_slave_lite_v1_0_S00_AXI_inst/u_acquisition_core/cfg_serial_half_period_clks_reg_n_0_[4]
    SLICE_X7Y29          LUT1 (Prop_lut1_I0_O)        0.295     4.426 r  design_1_i/AddCycle_Acquisition_0/U0/AddCycle_Acquisition_slave_lite_v1_0_S00_AXI_inst/u_acquisition_core/serial_clk_reg_i_74/O
                         net (fo=1, routed)           0.000     4.426    design_1_i/AddCycle_Acquisition_0/U0/AddCycle_Acquisition_slave_lite_v1_0_S00_AXI_inst/u_acquisition_core/serial_clk_reg_i_74_n_0
    SLICE_X7Y29          CARRY4 (Prop_carry4_S[3]_CO[3])
                                                      0.401     4.827 r  design_1_i/AddCycle_Acquisition_0/U0/AddCycle_Acquisition_slave_lite_v1_0_S00_AXI_inst/u_acquisition_core/serial_clk_reg_reg_i_65/CO[3]
                         net (fo=1, routed)           0.000     4.827    design_1_i/AddCycle_Acquisition_0/U0/AddCycle_Acquisition_slave_lite_v1_0_S00_AXI_inst/u_acquisition_core/serial_clk_reg_reg_i_65_n_0
    SLICE_X7Y30          CARRY4 (Prop_carry4_CI_CO[3])
                                                      0.114     4.941 r  design_1_i/AddCycle_Acquisition_0/U0/AddCycle_Acquisition_slave_lite_v1_0_S00_AXI_inst/u_acquisition_core/serial_clk_reg_reg_i_56/CO[3]
                         net (fo=1, routed)           0.000     4.941    design_1_i/AddCycle_Acquisition_0/U0/AddCycle_Acquisition_slave_lite_v1_0_S00_AXI_inst/u_acquisition_core/serial_clk_reg_reg_i_56_n_0
    SLICE_X7Y31          CARRY4 (Prop_carry4_CI_CO[3])
                                                      0.114     5.055 r  design_1_i/AddCycle_Acquisition_0/U0/AddCycle_Acquisition_slave_lite_v1_0_S00_AXI_inst/u_acquisition_core/serial_clk_reg_reg_i_55/CO[3]
                         net (fo=1, routed)           0.000     5.055    design_1_i/AddCycle_Acquisition_0/U0/AddCycle_Acquisition_slave_lite_v1_0_S00_AXI_inst/u_acquisition_core/serial_clk_reg_reg_i_55_n_0
    SLICE_X7Y32          CARRY4 (Prop_carry4_CI_CO[3])
                                                      0.114     5.169 r  design_1_i/AddCycle_Acquisition_0/U0/AddCycle_Acquisition_slave_lite_v1_0_S00_AXI_inst/u_acquisition_core/serial_clk_reg_reg_i_35/CO[3]
                         net (fo=1, routed)           0.000     5.169    design_1_i/AddCycle_Acquisition_0/U0/AddCycle_Acquisition_slave_lite_v1_0_S00_AXI_inst/u_acquisition_core/serial_clk_reg_reg_i_35_n_0
    SLICE_X7Y33          CARRY4 (Prop_carry4_CI_CO[3])
                                                      0.114     5.283 r  design_1_i/AddCycle_Acquisition_0/U0/AddCycle_Acquisition_slave_lite_v1_0_S00_AXI_inst/u_acquisition_core/serial_clk_reg_reg_i_34/CO[3]
                         net (fo=1, routed)           0.000     5.283    design_1_i/AddCycle_Acquisition_0/U0/AddCycle_Acquisition_slave_lite_v1_0_S00_AXI_inst/u_acquisition_core/serial_clk_reg_reg_i_34_n_0
    SLICE_X7Y34          CARRY4 (Prop_carry4_CI_CO[3])
                                                      0.114     5.397 r  design_1_i/AddCycle_Acquisition_0/U0/AddCycle_Acquisition_slave_lite_v1_0_S00_AXI_inst/u_acquisition_core/serial_clk_reg_reg_i_24/CO[3]
                         net (fo=1, routed)           0.000     5.397    design_1_i/AddCycle_Acquisition_0/U0/AddCycle_Acquisition_slave_lite_v1_0_S00_AXI_inst/u_acquisition_core/serial_clk_reg_reg_i_24_n_0
    SLICE_X7Y35          CARRY4 (Prop_carry4_CI_CO[3])
                                                      0.114     5.511 r  design_1_i/AddCycle_Acquisition_0/U0/AddCycle_Acquisition_slave_lite_v1_0_S00_AXI_inst/u_acquisition_core/serial_clk_reg_reg_i_23/CO[3]
                         net (fo=1, routed)           0.000     5.511    design_1_i/AddCycle_Acquisition_0/U0/AddCycle_Acquisition_slave_lite_v1_0_S00_AXI_inst/u_acquisition_core/serial_clk_reg_reg_i_23_n_0
    SLICE_X7Y36          CARRY4 (Prop_carry4_CI_O[2])
                                                      0.239     5.750 r  design_1_i/AddCycle_Acquisition_0/U0/AddCycle_Acquisition_slave_lite_v1_0_S00_AXI_inst/u_acquisition_core/serial_clk_reg_reg_i_22/O[2]
                         net (fo=2, routed)           0.821     6.571    design_1_i/AddCycle_Acquisition_0/U0/AddCycle_Acquisition_slave_lite_v1_0_S00_AXI_inst/u_acquisition_core/minusOp[31]
    SLICE_X8Y34          LUT4 (Prop_lut4_I0_O)        0.302     6.873 r  design_1_i/AddCycle_Acquisition_0/U0/AddCycle_Acquisition_slave_lite_v1_0_S00_AXI_inst/u_acquisition_core/serial_clk_reg_i_9/O
                         net (fo=1, routed)           0.000     6.873    design_1_i/AddCycle_Acquisition_0/U0/AddCycle_Acquisition_slave_lite_v1_0_S00_AXI_inst/u_acquisition_core/serial_clk_reg_i_9_n_0
    SLICE_X8Y34          CARRY4 (Prop_carry4_S[3]_CO[3])
                                                      0.376     7.249 r  design_1_i/AddCycle_Acquisition_0/U0/AddCycle_Acquisition_slave_lite_v1_0_S00_AXI_inst/u_acquisition_core/serial_clk_reg_reg_i_3/CO[3]
                         net (fo=37, routed)          1.502     8.751    design_1_i/AddCycle_Acquisition_0/U0/AddCycle_Acquisition_slave_lite_v1_0_S00_AXI_inst/u_acquisition_core/serial_clk_reg_reg_i_3_n_0
    SLICE_X18Y26         LUT2 (Prop_lut2_I1_O)        0.119     8.870 f  design_1_i/AddCycle_Acquisition_0/U0/AddCycle_Acquisition_slave_lite_v1_0_S00_AXI_inst/u_acquisition_core/shift_reg[0][63]_i_3/O
                         net (fo=1, routed)           0.488     9.358    design_1_i/AddCycle_Acquisition_0/U0/AddCycle_Acquisition_slave_lite_v1_0_S00_AXI_inst/u_acquisition_core/shift_reg[0][63]_i_3_n_0
    SLICE_X18Y25         LUT6 (Prop_lut6_I2_O)        0.332     9.690 r  design_1_i/AddCycle_Acquisition_0/U0/AddCycle_Acquisition_slave_lite_v1_0_S00_AXI_inst/u_acquisition_core/shift_reg[0][63]_i_1/O
                         net (fo=1664, routed)        1.812    11.502    design_1_i/AddCycle_Acquisition_0/U0/AddCycle_Acquisition_slave_lite_v1_0_S00_AXI_inst/u_acquisition_core/shift_reg[0][63]_i_1_n_0
    SLICE_X29Y1          FDRE                                         r  design_1_i/AddCycle_Acquisition_0/U0/AddCycle_Acquisition_slave_lite_v1_0_S00_AXI_inst/u_acquisition_core/shift_reg_reg[20][39]/CE
  -------------------------------------------------------------------    -------------------

                         (clock clk_fpga_0 rise edge)
                                                     10.000    10.000 r  
    PS7_X0Y0             PS7                          0.000    10.000 r  design_1_i/processing_system7_0/inst/PS7_i/FCLKCLK[0]
                         net (fo=1, routed)           1.101    11.101    design_1_i/processing_system7_0/inst/FCLK_CLK_unbuffered[0]
    BUFGCTRL_X0Y0        BUFG (Prop_bufg_I_O)         0.091    11.192 r  design_1_i/processing_system7_0/inst/buffer_fclk_clk_0.FCLK_CLK_0_BUFG/O
                         net (fo=4816, routed)        1.500    12.692    design_1_i/AddCycle_Acquisition_0/U0/AddCycle_Acquisition_slave_lite_v1_0_S00_AXI_inst/u_acquisition_core/s00_axi_aclk
    SLICE_X29Y1          FDRE                                         r  design_1_i/AddCycle_Acquisition_0/U0/AddCycle_Acquisition_slave_lite_v1_0_S00_AXI_inst/u_acquisition_core/shift_reg_reg[20][39]/C
                         clock pessimism              0.130    12.822    
                         clock uncertainty           -0.154    12.668    
    SLICE_X29Y1          FDRE (Setup_fdre_C_CE)      -0.205    12.463    design_1_i/AddCycle_Acquisition_0/U0/AddCycle_Acquisition_slave_lite_v1_0_S00_AXI_inst/u_acquisition_core/shift_reg_reg[20][39]
  -------------------------------------------------------------------
                         required time                         12.463    
                         arrival time                         -11.502    
  -------------------------------------------------------------------
                         slack                                  0.962    

Slack (MET) :             0.962ns  (required time - arrival time)
  Source:                 design_1_i/AddCycle_Acquisition_0/U0/AddCycle_Acquisition_slave_lite_v1_0_S00_AXI_inst/u_acquisition_core/cfg_serial_half_period_clks_reg[4]/C
                            (rising edge-triggered cell FDSE clocked by clk_fpga_0  {rise@0.000ns fall@5.000ns period=10.000ns})
  Destination:            design_1_i/AddCycle_Acquisition_0/U0/AddCycle_Acquisition_slave_lite_v1_0_S00_AXI_inst/u_acquisition_core/shift_reg_reg[20][40]/CE
                            (rising edge-triggered cell FDRE clocked by clk_fpga_0  {rise@0.000ns fall@5.000ns period=10.000ns})
  Path Group:             clk_fpga_0
  Path Type:              Setup (Max at Slow Process Corner)
  Requirement:            10.000ns  (clk_fpga_0 rise@10.000ns - clk_fpga_0 rise@0.000ns)
  Data Path Delay:        8.526ns  (logic 3.226ns (37.839%)  route 5.300ns (62.161%))
  Logic Levels:           13  (CARRY4=9 LUT1=1 LUT2=1 LUT4=1 LUT6=1)
  Clock Path Skew:        -0.154ns (DCD - SCD + CPR)
    Destination Clock Delay (DCD):    2.693ns = ( 12.693 - 10.000 ) 
    Source Clock Delay      (SCD):    2.976ns
    Clock Pessimism Removal (CPR):    0.130ns
  Clock Uncertainty:      0.154ns  ((TSJ^2 + TIJ^2)^1/2 + DJ) / 2 + PE
    Total System Jitter     (TSJ):    0.071ns
    Total Input Jitter      (TIJ):    0.300ns
    Discrete Jitter          (DJ):    0.000ns
    Phase Error              (PE):    0.000ns

    Location             Delay type                Incr(ns)  Path(ns)    Netlist Resource(s)
  -------------------------------------------------------------------    -------------------
                         (clock clk_fpga_0 rise edge)
                                                      0.000     0.000 r  
    PS7_X0Y0             PS7                          0.000     0.000 r  design_1_i/processing_system7_0/inst/PS7_i/FCLKCLK[0]
                         net (fo=1, routed)           1.207     1.207    design_1_i/processing_system7_0/inst/FCLK_CLK_unbuffered[0]
    BUFGCTRL_X0Y0        BUFG (Prop_bufg_I_O)         0.101     1.308 r  design_1_i/processing_system7_0/inst/buffer_fclk_clk_0.FCLK_CLK_0_BUFG/O
                         net (fo=4816, routed)        1.668     2.976    design_1_i/AddCycle_Acquisition_0/U0/AddCycle_Acquisition_slave_lite_v1_0_S00_AXI_inst/u_acquisition_core/s00_axi_aclk
    SLICE_X6Y29          FDSE                                         r  design_1_i/AddCycle_Acquisition_0/U0/AddCycle_Acquisition_slave_lite_v1_0_S00_AXI_inst/u_acquisition_core/cfg_serial_half_period_clks_reg[4]/C
  -------------------------------------------------------------------    -------------------
    SLICE_X6Y29          FDSE (Prop_fdse_C_Q)         0.478     3.454 f  design_1_i/AddCycle_Acquisition_0/U0/AddCycle_Acquisition_slave_lite_v1_0_S00_AXI_inst/u_acquisition_core/cfg_serial_half_period_clks_reg[4]/Q
                         net (fo=2, routed)           0.677     4.131    design_1_i/AddCycle_Acquisition_0/U0/AddCycle_Acquisition_slave_lite_v1_0_S00_AXI_inst/u_acquisition_core/cfg_serial_half_period_clks_reg_n_0_[4]
    SLICE_X7Y29          LUT1 (Prop_lut1_I0_O)        0.295     4.426 r  design_1_i/AddCycle_Acquisition_0/U0/AddCycle_Acquisition_slave_lite_v1_0_S00_AXI_inst/u_acquisition_core/serial_clk_reg_i_74/O
                         net (fo=1, routed)           0.000     4.426    design_1_i/AddCycle_Acquisition_0/U0/AddCycle_Acquisition_slave_lite_v1_0_S00_AXI_inst/u_acquisition_core/serial_clk_reg_i_74_n_0
    SLICE_X7Y29          CARRY4 (Prop_carry4_S[3]_CO[3])
                                                      0.401     4.827 r  design_1_i/AddCycle_Acquisition_0/U0/AddCycle_Acquisition_slave_lite_v1_0_S00_AXI_inst/u_acquisition_core/serial_clk_reg_reg_i_65/CO[3]
                         net (fo=1, routed)           0.000     4.827    design_1_i/AddCycle_Acquisition_0/U0/AddCycle_Acquisition_slave_lite_v1_0_S00_AXI_inst/u_acquisition_core/serial_clk_reg_reg_i_65_n_0
    SLICE_X7Y30          CARRY4 (Prop_carry4_CI_CO[3])
                                                      0.114     4.941 r  design_1_i/AddCycle_Acquisition_0/U0/AddCycle_Acquisition_slave_lite_v1_0_S00_AXI_inst/u_acquisition_core/serial_clk_reg_reg_i_56/CO[3]
                         net (fo=1, routed)           0.000     4.941    design_1_i/AddCycle_Acquisition_0/U0/AddCycle_Acquisition_slave_lite_v1_0_S00_AXI_inst/u_acquisition_core/serial_clk_reg_reg_i_56_n_0
    SLICE_X7Y31          CARRY4 (Prop_carry4_CI_CO[3])
                                                      0.114     5.055 r  design_1_i/AddCycle_Acquisition_0/U0/AddCycle_Acquisition_slave_lite_v1_0_S00_AXI_inst/u_acquisition_core/serial_clk_reg_reg_i_55/CO[3]
                         net (fo=1, routed)           0.000     5.055    design_1_i/AddCycle_Acquisition_0/U0/AddCycle_Acquisition_slave_lite_v1_0_S00_AXI_inst/u_acquisition_core/serial_clk_reg_reg_i_55_n_0
    SLICE_X7Y32          CARRY4 (Prop_carry4_CI_CO[3])
                                                      0.114     5.169 r  design_1_i/AddCycle_Acquisition_0/U0/AddCycle_Acquisition_slave_lite_v1_0_S00_AXI_inst/u_acquisition_core/serial_clk_reg_reg_i_35/CO[3]
                         net (fo=1, routed)           0.000     5.169    design_1_i/AddCycle_Acquisition_0/U0/AddCycle_Acquisition_slave_lite_v1_0_S00_AXI_inst/u_acquisition_core/serial_clk_reg_reg_i_35_n_0
    SLICE_X7Y33          CARRY4 (Prop_carry4_CI_CO[3])
                                                      0.114     5.283 r  design_1_i/AddCycle_Acquisition_0/U0/AddCycle_Acquisition_slave_lite_v1_0_S00_AXI_inst/u_acquisition_core/serial_clk_reg_reg_i_34/CO[3]
                         net (fo=1, routed)           0.000     5.283    design_1_i/AddCycle_Acquisition_0/U0/AddCycle_Acquisition_slave_lite_v1_0_S00_AXI_inst/u_acquisition_core/serial_clk_reg_reg_i_34_n_0
    SLICE_X7Y34          CARRY4 (Prop_carry4_CI_CO[3])
                                                      0.114     5.397 r  design_1_i/AddCycle_Acquisition_0/U0/AddCycle_Acquisition_slave_lite_v1_0_S00_AXI_inst/u_acquisition_core/serial_clk_reg_reg_i_24/CO[3]
                         net (fo=1, routed)           0.000     5.397    design_1_i/AddCycle_Acquisition_0/U0/AddCycle_Acquisition_slave_lite_v1_0_S00_AXI_inst/u_acquisition_core/serial_clk_reg_reg_i_24_n_0
    SLICE_X7Y35          CARRY4 (Prop_carry4_CI_CO[3])
                                                      0.114     5.511 r  design_1_i/AddCycle_Acquisition_0/U0/AddCycle_Acquisition_slave_lite_v1_0_S00_AXI_inst/u_acquisition_core/serial_clk_reg_reg_i_23/CO[3]
                         net (fo=1, routed)           0.000     5.511    design_1_i/AddCycle_Acquisition_0/U0/AddCycle_Acquisition_slave_lite_v1_0_S00_AXI_inst/u_acquisition_core/serial_clk_reg_reg_i_23_n_0
    SLICE_X7Y36          CARRY4 (Prop_carry4_CI_O[2])
                                                      0.239     5.750 r  design_1_i/AddCycle_Acquisition_0/U0/AddCycle_Acquisition_slave_lite_v1_0_S00_AXI_inst/u_acquisition_core/serial_clk_reg_reg_i_22/O[2]
                         net (fo=2, routed)           0.821     6.571    design_1_i/AddCycle_Acquisition_0/U0/AddCycle_Acquisition_slave_lite_v1_0_S00_AXI_inst/u_acquisition_core/minusOp[31]
    SLICE_X8Y34          LUT4 (Prop_lut4_I0_O)        0.302     6.873 r  design_1_i/AddCycle_Acquisition_0/U0/AddCycle_Acquisition_slave_lite_v1_0_S00_AXI_inst/u_acquisition_core/serial_clk_reg_i_9/O
                         net (fo=1, routed)           0.000     6.873    design_1_i/AddCycle_Acquisition_0/U0/AddCycle_Acquisition_slave_lite_v1_0_S00_AXI_inst/u_acquisition_core/serial_clk_reg_i_9_n_0
    SLICE_X8Y34          CARRY4 (Prop_carry4_S[3]_CO[3])
                                                      0.376     7.249 r  design_1_i/AddCycle_Acquisition_0/U0/AddCycle_Acquisition_slave_lite_v1_0_S00_AXI_inst/u_acquisition_core/serial_clk_reg_reg_i_3/CO[3]
                         net (fo=37, routed)          1.502     8.751    design_1_i/AddCycle_Acquisition_0/U0/AddCycle_Acquisition_slave_lite_v1_0_S00_AXI_inst/u_acquisition_core/serial_clk_reg_reg_i_3_n_0
    SLICE_X18Y26         LUT2 (Prop_lut2_I1_O)        0.119     8.870 f  design_1_i/AddCycle_Acquisition_0/U0/AddCycle_Acquisition_slave_lite_v1_0_S00_AXI_inst/u_acquisition_core/shift_reg[0][63]_i_3/O
                         net (fo=1, routed)           0.488     9.358    design_1_i/AddCycle_Acquisition_0/U0/AddCycle_Acquisition_slave_lite_v1_0_S00_AXI_inst/u_acquisition_core/shift_reg[0][63]_i_3_n_0
    SLICE_X18Y25         LUT6 (Prop_lut6_I2_O)        0.332     9.690 r  design_1_i/AddCycle_Acquisition_0/U0/AddCycle_Acquisition_slave_lite_v1_0_S00_AXI_inst/u_acquisition_core/shift_reg[0][63]_i_1/O
                         net (fo=1664, routed)        1.812    11.502    design_1_i/AddCycle_Acquisition_0/U0/AddCycle_Acquisition_slave_lite_v1_0_S00_AXI_inst/u_acquisition_core/shift_reg[0][63]_i_1_n_0
    SLICE_X29Y1          FDRE                                         r  design_1_i/AddCycle_Acquisition_0/U0/AddCycle_Acquisition_slave_lite_v1_0_S00_AXI_inst/u_acquisition_core/shift_reg_reg[20][40]/CE
  -------------------------------------------------------------------    -------------------

                         (clock clk_fpga_0 rise edge)
                                                     10.000    10.000 r  
    PS7_X0Y0             PS7                          0.000    10.000 r  design_1_i/processing_system7_0/inst/PS7_i/FCLKCLK[0]
                         net (fo=1, routed)           1.101    11.101    design_1_i/processing_system7_0/inst/FCLK_CLK_unbuffered[0]
    BUFGCTRL_X0Y0        BUFG (Prop_bufg_I_O)         0.091    11.192 r  design_1_i/processing_system7_0/inst/buffer_fclk_clk_0.FCLK_CLK_0_BUFG/O
                         net (fo=4816, routed)        1.500    12.692    design_1_i/AddCycle_Acquisition_0/U0/AddCycle_Acquisition_slave_lite_v1_0_S00_AXI_inst/u_acquisition_core/s00_axi_aclk
    SLICE_X29Y1          FDRE                                         r  design_1_i/AddCycle_Acquisition_0/U0/AddCycle_Acquisition_slave_lite_v1_0_S00_AXI_inst/u_acquisition_core/shift_reg_reg[20][40]/C
                         clock pessimism              0.130    12.822    
                         clock uncertainty           -0.154    12.668    
    SLICE_X29Y1          FDRE (Setup_fdre_C_CE)      -0.205    12.463    design_1_i/AddCycle_Acquisition_0/U0/AddCycle_Acquisition_slave_lite_v1_0_S00_AXI_inst/u_acquisition_core/shift_reg_reg[20][40]
  -------------------------------------------------------------------
                         required time                         12.463    
                         arrival time                         -11.502    
  -------------------------------------------------------------------
                         slack                                  0.962    

Slack (MET) :             0.962ns  (required time - arrival time)
  Source:                 design_1_i/AddCycle_Acquisition_0/U0/AddCycle_Acquisition_slave_lite_v1_0_S00_AXI_inst/u_acquisition_core/cfg_serial_half_period_clks_reg[4]/C
                            (rising edge-triggered cell FDSE clocked by clk_fpga_0  {rise@0.000ns fall@5.000ns period=10.000ns})
  Destination:            design_1_i/AddCycle_Acquisition_0/U0/AddCycle_Acquisition_slave_lite_v1_0_S00_AXI_inst/u_acquisition_core/shift_reg_reg[20][41]/CE
                            (rising edge-triggered cell FDRE clocked by clk_fpga_0  {rise@0.000ns fall@5.000ns period=10.000ns})
  Path Group:             clk_fpga_0
  Path Type:              Setup (Max at Slow Process Corner)
  Requirement:            10.000ns  (clk_fpga_0 rise@10.000ns - clk_fpga_0 rise@0.000ns)
  Data Path Delay:        8.526ns  (logic 3.226ns (37.839%)  route 5.300ns (62.161%))
  Logic Levels:           13  (CARRY4=9 LUT1=1 LUT2=1 LUT4=1 LUT6=1)
  Clock Path Skew:        -0.154ns (DCD - SCD + CPR)
    Destination Clock Delay (DCD):    2.693ns = ( 12.693 - 10.000 ) 
    Source Clock Delay      (SCD):    2.976ns
    Clock Pessimism Removal (CPR):    0.130ns
  Clock Uncertainty:      0.154ns  ((TSJ^2 + TIJ^2)^1/2 + DJ) / 2 + PE
    Total System Jitter     (TSJ):    0.071ns
    Total Input Jitter      (TIJ):    0.300ns
    Discrete Jitter          (DJ):    0.000ns
    Phase Error              (PE):    0.000ns

    Location             Delay type                Incr(ns)  Path(ns)    Netlist Resource(s)
  -------------------------------------------------------------------    -------------------
                         (clock clk_fpga_0 rise edge)
                                                      0.000     0.000 r  
    PS7_X0Y0             PS7                          0.000     0.000 r  design_1_i/processing_system7_0/inst/PS7_i/FCLKCLK[0]
                         net (fo=1, routed)           1.207     1.207    design_1_i/processing_system7_0/inst/FCLK_CLK_unbuffered[0]
    BUFGCTRL_X0Y0        BUFG (Prop_bufg_I_O)         0.101     1.308 r  design_1_i/processing_system7_0/inst/buffer_fclk_clk_0.FCLK_CLK_0_BUFG/O
                         net (fo=4816, routed)        1.668     2.976    design_1_i/AddCycle_Acquisition_0/U0/AddCycle_Acquisition_slave_lite_v1_0_S00_AXI_inst/u_acquisition_core/s00_axi_aclk
    SLICE_X6Y29          FDSE                                         r  design_1_i/AddCycle_Acquisition_0/U0/AddCycle_Acquisition_slave_lite_v1_0_S00_AXI_inst/u_acquisition_core/cfg_serial_half_period_clks_reg[4]/C
  -------------------------------------------------------------------    -------------------
    SLICE_X6Y29          FDSE (Prop_fdse_C_Q)         0.478     3.454 f  design_1_i/AddCycle_Acquisition_0/U0/AddCycle_Acquisition_slave_lite_v1_0_S00_AXI_inst/u_acquisition_core/cfg_serial_half_period_clks_reg[4]/Q
                         net (fo=2, routed)           0.677     4.131    design_1_i/AddCycle_Acquisition_0/U0/AddCycle_Acquisition_slave_lite_v1_0_S00_AXI_inst/u_acquisition_core/cfg_serial_half_period_clks_reg_n_0_[4]
    SLICE_X7Y29          LUT1 (Prop_lut1_I0_O)        0.295     4.426 r  design_1_i/AddCycle_Acquisition_0/U0/AddCycle_Acquisition_slave_lite_v1_0_S00_AXI_inst/u_acquisition_core/serial_clk_reg_i_74/O
                         net (fo=1, routed)           0.000     4.426    design_1_i/AddCycle_Acquisition_0/U0/AddCycle_Acquisition_slave_lite_v1_0_S00_AXI_inst/u_acquisition_core/serial_clk_reg_i_74_n_0
    SLICE_X7Y29          CARRY4 (Prop_carry4_S[3]_CO[3])
                                                      0.401     4.827 r  design_1_i/AddCycle_Acquisition_0/U0/AddCycle_Acquisition_slave_lite_v1_0_S00_AXI_inst/u_acquisition_core/serial_clk_reg_reg_i_65/CO[3]
                         net (fo=1, routed)           0.000     4.827    design_1_i/AddCycle_Acquisition_0/U0/AddCycle_Acquisition_slave_lite_v1_0_S00_AXI_inst/u_acquisition_core/serial_clk_reg_reg_i_65_n_0
    SLICE_X7Y30          CARRY4 (Prop_carry4_CI_CO[3])
                                                      0.114     4.941 r  design_1_i/AddCycle_Acquisition_0/U0/AddCycle_Acquisition_slave_lite_v1_0_S00_AXI_inst/u_acquisition_core/serial_clk_reg_reg_i_56/CO[3]
                         net (fo=1, routed)           0.000     4.941    design_1_i/AddCycle_Acquisition_0/U0/AddCycle_Acquisition_slave_lite_v1_0_S00_AXI_inst/u_acquisition_core/serial_clk_reg_reg_i_56_n_0
    SLICE_X7Y31          CARRY4 (Prop_carry4_CI_CO[3])
                                                      0.114     5.055 r  design_1_i/AddCycle_Acquisition_0/U0/AddCycle_Acquisition_slave_lite_v1_0_S00_AXI_inst/u_acquisition_core/serial_clk_reg_reg_i_55/CO[3]
                         net (fo=1, routed)           0.000     5.055    design_1_i/AddCycle_Acquisition_0/U0/AddCycle_Acquisition_slave_lite_v1_0_S00_AXI_inst/u_acquisition_core/serial_clk_reg_reg_i_55_n_0
    SLICE_X7Y32          CARRY4 (Prop_carry4_CI_CO[3])
                                                      0.114     5.169 r  design_1_i/AddCycle_Acquisition_0/U0/AddCycle_Acquisition_slave_lite_v1_0_S00_AXI_inst/u_acquisition_core/serial_clk_reg_reg_i_35/CO[3]
                         net (fo=1, routed)           0.000     5.169    design_1_i/AddCycle_Acquisition_0/U0/AddCycle_Acquisition_slave_lite_v1_0_S00_AXI_inst/u_acquisition_core/serial_clk_reg_reg_i_35_n_0
    SLICE_X7Y33          CARRY4 (Prop_carry4_CI_CO[3])
                                                      0.114     5.283 r  design_1_i/AddCycle_Acquisition_0/U0/AddCycle_Acquisition_slave_lite_v1_0_S00_AXI_inst/u_acquisition_core/serial_clk_reg_reg_i_34/CO[3]
                         net (fo=1, routed)           0.000     5.283    design_1_i/AddCycle_Acquisition_0/U0/AddCycle_Acquisition_slave_lite_v1_0_S00_AXI_inst/u_acquisition_core/serial_clk_reg_reg_i_34_n_0
    SLICE_X7Y34          CARRY4 (Prop_carry4_CI_CO[3])
                                                      0.114     5.397 r  design_1_i/AddCycle_Acquisition_0/U0/AddCycle_Acquisition_slave_lite_v1_0_S00_AXI_inst/u_acquisition_core/serial_clk_reg_reg_i_24/CO[3]
                         net (fo=1, routed)           0.000     5.397    design_1_i/AddCycle_Acquisition_0/U0/AddCycle_Acquisition_slave_lite_v1_0_S00_AXI_inst/u_acquisition_core/serial_clk_reg_reg_i_24_n_0
    SLICE_X7Y35          CARRY4 (Prop_carry4_CI_CO[3])
                                                      0.114     5.511 r  design_1_i/AddCycle_Acquisition_0/U0/AddCycle_Acquisition_slave_lite_v1_0_S00_AXI_inst/u_acquisition_core/serial_clk_reg_reg_i_23/CO[3]
                         net (fo=1, routed)           0.000     5.511    design_1_i/AddCycle_Acquisition_0/U0/AddCycle_Acquisition_slave_lite_v1_0_S00_AXI_inst/u_acquisition_core/serial_clk_reg_reg_i_23_n_0
    SLICE_X7Y36          CARRY4 (Prop_carry4_CI_O[2])
                                                      0.239     5.750 r  design_1_i/AddCycle_Acquisition_0/U0/AddCycle_Acquisition_slave_lite_v1_0_S00_AXI_inst/u_acquisition_core/serial_clk_reg_reg_i_22/O[2]
                         net (fo=2, routed)           0.821     6.571    design_1_i/AddCycle_Acquisition_0/U0/AddCycle_Acquisition_slave_lite_v1_0_S00_AXI_inst/u_acquisition_core/minusOp[31]
    SLICE_X8Y34          LUT4 (Prop_lut4_I0_O)        0.302     6.873 r  design_1_i/AddCycle_Acquisition_0/U0/AddCycle_Acquisition_slave_lite_v1_0_S00_AXI_inst/u_acquisition_core/serial_clk_reg_i_9/O
                         net (fo=1, routed)           0.000     6.873    design_1_i/AddCycle_Acquisition_0/U0/AddCycle_Acquisition_slave_lite_v1_0_S00_AXI_inst/u_acquisition_core/serial_clk_reg_i_9_n_0
    SLICE_X8Y34          CARRY4 (Prop_carry4_S[3]_CO[3])
                                                      0.376     7.249 r  design_1_i/AddCycle_Acquisition_0/U0/AddCycle_Acquisition_slave_lite_v1_0_S00_AXI_inst/u_acquisition_core/serial_clk_reg_reg_i_3/CO[3]
                         net (fo=37, routed)          1.502     8.751    design_1_i/AddCycle_Acquisition_0/U0/AddCycle_Acquisition_slave_lite_v1_0_S00_AXI_inst/u_acquisition_core/serial_clk_reg_reg_i_3_n_0
    SLICE_X18Y26         LUT2 (Prop_lut2_I1_O)        0.119     8.870 f  design_1_i/AddCycle_Acquisition_0/U0/AddCycle_Acquisition_slave_lite_v1_0_S00_AXI_inst/u_acquisition_core/shift_reg[0][63]_i_3/O
                         net (fo=1, routed)           0.488     9.358    design_1_i/AddCycle_Acquisition_0/U0/AddCycle_Acquisition_slave_lite_v1_0_S00_AXI_inst/u_acquisition_core/shift_reg[0][63]_i_3_n_0
    SLICE_X18Y25         LUT6 (Prop_lut6_I2_O)        0.332     9.690 r  design_1_i/AddCycle_Acquisition_0/U0/AddCycle_Acquisition_slave_lite_v1_0_S00_AXI_inst/u_acquisition_core/shift_reg[0][63]_i_1/O
                         net (fo=1664, routed)        1.812    11.502    design_1_i/AddCycle_Acquisition_0/U0/AddCycle_Acquisition_slave_lite_v1_0_S00_AXI_inst/u_acquisition_core/shift_reg[0][63]_i_1_n_0
    SLICE_X29Y1          FDRE                                         r  design_1_i/AddCycle_Acquisition_0/U0/AddCycle_Acquisition_slave_lite_v1_0_S00_AXI_inst/u_acquisition_core/shift_reg_reg[20][41]/CE
  -------------------------------------------------------------------    -------------------

                         (clock clk_fpga_0 rise edge)
                                                     10.000    10.000 r  
    PS7_X0Y0             PS7                          0.000    10.000 r  design_1_i/processing_system7_0/inst/PS7_i/FCLKCLK[0]
                         net (fo=1, routed)           1.101    11.101    design_1_i/processing_system7_0/inst/FCLK_CLK_unbuffered[0]
    BUFGCTRL_X0Y0        BUFG (Prop_bufg_I_O)         0.091    11.192 r  design_1_i/processing_system7_0/inst/buffer_fclk_clk_0.FCLK_CLK_0_BUFG/O
                         net (fo=4816, routed)        1.500    12.692    design_1_i/AddCycle_Acquisition_0/U0/AddCycle_Acquisition_slave_lite_v1_0_S00_AXI_inst/u_acquisition_core/s00_axi_aclk
    SLICE_X29Y1          FDRE                                         r  design_1_i/AddCycle_Acquisition_0/U0/AddCycle_Acquisition_slave_lite_v1_0_S00_AXI_inst/u_acquisition_core/shift_reg_reg[20][41]/C
                         clock pessimism              0.130    12.822    
                         clock uncertainty           -0.154    12.668    
    SLICE_X29Y1          FDRE (Setup_fdre_C_CE)      -0.205    12.463    design_1_i/AddCycle_Acquisition_0/U0/AddCycle_Acquisition_slave_lite_v1_0_S00_AXI_inst/u_acquisition_core/shift_reg_reg[20][41]
  -------------------------------------------------------------------
                         required time                         12.463    
                         arrival time                         -11.502    
  -------------------------------------------------------------------
                         slack                                  0.962    

Slack (MET) :             0.962ns  (required time - arrival time)
  Source:                 design_1_i/AddCycle_Acquisition_0/U0/AddCycle_Acquisition_slave_lite_v1_0_S00_AXI_inst/u_acquisition_core/cfg_serial_half_period_clks_reg[4]/C
                            (rising edge-triggered cell FDSE clocked by clk_fpga_0  {rise@0.000ns fall@5.000ns period=10.000ns})
  Destination:            design_1_i/AddCycle_Acquisition_0/U0/AddCycle_Acquisition_slave_lite_v1_0_S00_AXI_inst/u_acquisition_core/shift_reg_reg[20][42]/CE
                            (rising edge-triggered cell FDRE clocked by clk_fpga_0  {rise@0.000ns fall@5.000ns period=10.000ns})
  Path Group:             clk_fpga_0
  Path Type:              Setup (Max at Slow Process Corner)
  Requirement:            10.000ns  (clk_fpga_0 rise@10.000ns - clk_fpga_0 rise@0.000ns)
  Data Path Delay:        8.526ns  (logic 3.226ns (37.839%)  route 5.300ns (62.161%))
  Logic Levels:           13  (CARRY4=9 LUT1=1 LUT2=1 LUT4=1 LUT6=1)
  Clock Path Skew:        -0.154ns (DCD - SCD + CPR)
    Destination Clock Delay (DCD):    2.693ns = ( 12.693 - 10.000 ) 
    Source Clock Delay      (SCD):    2.976ns
    Clock Pessimism Removal (CPR):    0.130ns
  Clock Uncertainty:      0.154ns  ((TSJ^2 + TIJ^2)^1/2 + DJ) / 2 + PE
    Total System Jitter     (TSJ):    0.071ns
    Total Input Jitter      (TIJ):    0.300ns
    Discrete Jitter          (DJ):    0.000ns
    Phase Error              (PE):    0.000ns

    Location             Delay type                Incr(ns)  Path(ns)    Netlist Resource(s)
  -------------------------------------------------------------------    -------------------
                         (clock clk_fpga_0 rise edge)
                                                      0.000     0.000 r  
    PS7_X0Y0             PS7                          0.000     0.000 r  design_1_i/processing_system7_0/inst/PS7_i/FCLKCLK[0]
                         net (fo=1, routed)           1.207     1.207    design_1_i/processing_system7_0/inst/FCLK_CLK_unbuffered[0]
    BUFGCTRL_X0Y0        BUFG (Prop_bufg_I_O)         0.101     1.308 r  design_1_i/processing_system7_0/inst/buffer_fclk_clk_0.FCLK_CLK_0_BUFG/O
                         net (fo=4816, routed)        1.668     2.976    design_1_i/AddCycle_Acquisition_0/U0/AddCycle_Acquisition_slave_lite_v1_0_S00_AXI_inst/u_acquisition_core/s00_axi_aclk
    SLICE_X6Y29          FDSE                                         r  design_1_i/AddCycle_Acquisition_0/U0/AddCycle_Acquisition_slave_lite_v1_0_S00_AXI_inst/u_acquisition_core/cfg_serial_half_period_clks_reg[4]/C
  -------------------------------------------------------------------    -------------------
    SLICE_X6Y29          FDSE (Prop_fdse_C_Q)         0.478     3.454 f  design_1_i/AddCycle_Acquisition_0/U0/AddCycle_Acquisition_slave_lite_v1_0_S00_AXI_inst/u_acquisition_core/cfg_serial_half_period_clks_reg[4]/Q
                         net (fo=2, routed)           0.677     4.131    design_1_i/AddCycle_Acquisition_0/U0/AddCycle_Acquisition_slave_lite_v1_0_S00_AXI_inst/u_acquisition_core/cfg_serial_half_period_clks_reg_n_0_[4]
    SLICE_X7Y29          LUT1 (Prop_lut1_I0_O)        0.295     4.426 r  design_1_i/AddCycle_Acquisition_0/U0/AddCycle_Acquisition_slave_lite_v1_0_S00_AXI_inst/u_acquisition_core/serial_clk_reg_i_74/O
                         net (fo=1, routed)           0.000     4.426    design_1_i/AddCycle_Acquisition_0/U0/AddCycle_Acquisition_slave_lite_v1_0_S00_AXI_inst/u_acquisition_core/serial_clk_reg_i_74_n_0
    SLICE_X7Y29          CARRY4 (Prop_carry4_S[3]_CO[3])
                                                      0.401     4.827 r  design_1_i/AddCycle_Acquisition_0/U0/AddCycle_Acquisition_slave_lite_v1_0_S00_AXI_inst/u_acquisition_core/serial_clk_reg_reg_i_65/CO[3]
                         net (fo=1, routed)           0.000     4.827    design_1_i/AddCycle_Acquisition_0/U0/AddCycle_Acquisition_slave_lite_v1_0_S00_AXI_inst/u_acquisition_core/serial_clk_reg_reg_i_65_n_0
    SLICE_X7Y30          CARRY4 (Prop_carry4_CI_CO[3])
                                                      0.114     4.941 r  design_1_i/AddCycle_Acquisition_0/U0/AddCycle_Acquisition_slave_lite_v1_0_S00_AXI_inst/u_acquisition_core/serial_clk_reg_reg_i_56/CO[3]
                         net (fo=1, routed)           0.000     4.941    design_1_i/AddCycle_Acquisition_0/U0/AddCycle_Acquisition_slave_lite_v1_0_S00_AXI_inst/u_acquisition_core/serial_clk_reg_reg_i_56_n_0
    SLICE_X7Y31          CARRY4 (Prop_carry4_CI_CO[3])
                                                      0.114     5.055 r  design_1_i/AddCycle_Acquisition_0/U0/AddCycle_Acquisition_slave_lite_v1_0_S00_AXI_inst/u_acquisition_core/serial_clk_reg_reg_i_55/CO[3]
                         net (fo=1, routed)           0.000     5.055    design_1_i/AddCycle_Acquisition_0/U0/AddCycle_Acquisition_slave_lite_v1_0_S00_AXI_inst/u_acquisition_core/serial_clk_reg_reg_i_55_n_0
    SLICE_X7Y32          CARRY4 (Prop_carry4_CI_CO[3])
                                                      0.114     5.169 r  design_1_i/AddCycle_Acquisition_0/U0/AddCycle_Acquisition_slave_lite_v1_0_S00_AXI_inst/u_acquisition_core/serial_clk_reg_reg_i_35/CO[3]
                         net (fo=1, routed)           0.000     5.169    design_1_i/AddCycle_Acquisition_0/U0/AddCycle_Acquisition_slave_lite_v1_0_S00_AXI_inst/u_acquisition_core/serial_clk_reg_reg_i_35_n_0
    SLICE_X7Y33          CARRY4 (Prop_carry4_CI_CO[3])
                                                      0.114     5.283 r  design_1_i/AddCycle_Acquisition_0/U0/AddCycle_Acquisition_slave_lite_v1_0_S00_AXI_inst/u_acquisition_core/serial_clk_reg_reg_i_34/CO[3]
                         net (fo=1, routed)           0.000     5.283    design_1_i/AddCycle_Acquisition_0/U0/AddCycle_Acquisition_slave_lite_v1_0_S00_AXI_inst/u_acquisition_core/serial_clk_reg_reg_i_34_n_0
    SLICE_X7Y34          CARRY4 (Prop_carry4_CI_CO[3])
                                                      0.114     5.397 r  design_1_i/AddCycle_Acquisition_0/U0/AddCycle_Acquisition_slave_lite_v1_0_S00_AXI_inst/u_acquisition_core/serial_clk_reg_reg_i_24/CO[3]
                         net (fo=1, routed)           0.000     5.397    design_1_i/AddCycle_Acquisition_0/U0/AddCycle_Acquisition_slave_lite_v1_0_S00_AXI_inst/u_acquisition_core/serial_clk_reg_reg_i_24_n_0
    SLICE_X7Y35          CARRY4 (Prop_carry4_CI_CO[3])
                                                      0.114     5.511 r  design_1_i/AddCycle_Acquisition_0/U0/AddCycle_Acquisition_slave_lite_v1_0_S00_AXI_inst/u_acquisition_core/serial_clk_reg_reg_i_23/CO[3]
                         net (fo=1, routed)           0.000     5.511    design_1_i/AddCycle_Acquisition_0/U0/AddCycle_Acquisition_slave_lite_v1_0_S00_AXI_inst/u_acquisition_core/serial_clk_reg_reg_i_23_n_0
    SLICE_X7Y36          CARRY4 (Prop_carry4_CI_O[2])
                                                      0.239     5.750 r  design_1_i/AddCycle_Acquisition_0/U0/AddCycle_Acquisition_slave_lite_v1_0_S00_AXI_inst/u_acquisition_core/serial_clk_reg_reg_i_22/O[2]
                         net (fo=2, routed)           0.821     6.571    design_1_i/AddCycle_Acquisition_0/U0/AddCycle_Acquisition_slave_lite_v1_0_S00_AXI_inst/u_acquisition_core/minusOp[31]
    SLICE_X8Y34          LUT4 (Prop_lut4_I0_O)        0.302     6.873 r  design_1_i/AddCycle_Acquisition_0/U0/AddCycle_Acquisition_slave_lite_v1_0_S00_AXI_inst/u_acquisition_core/serial_clk_reg_i_9/O
                         net (fo=1, routed)           0.000     6.873    design_1_i/AddCycle_Acquisition_0/U0/AddCycle_Acquisition_slave_lite_v1_0_S00_AXI_inst/u_acquisition_core/serial_clk_reg_i_9_n_0
    SLICE_X8Y34          CARRY4 (Prop_carry4_S[3]_CO[3])
                                                      0.376     7.249 r  design_1_i/AddCycle_Acquisition_0/U0/AddCycle_Acquisition_slave_lite_v1_0_S00_AXI_inst/u_acquisition_core/serial_clk_reg_reg_i_3/CO[3]
                         net (fo=37, routed)          1.502     8.751    design_1_i/AddCycle_Acquisition_0/U0/AddCycle_Acquisition_slave_lite_v1_0_S00_AXI_inst/u_acquisition_core/serial_clk_reg_reg_i_3_n_0
    SLICE_X18Y26         LUT2 (Prop_lut2_I1_O)        0.119     8.870 f  design_1_i/AddCycle_Acquisition_0/U0/AddCycle_Acquisition_slave_lite_v1_0_S00_AXI_inst/u_acquisition_core/shift_reg[0][63]_i_3/O
                         net (fo=1, routed)           0.488     9.358    design_1_i/AddCycle_Acquisition_0/U0/AddCycle_Acquisition_slave_lite_v1_0_S00_AXI_inst/u_acquisition_core/shift_reg[0][63]_i_3_n_0
    SLICE_X18Y25         LUT6 (Prop_lut6_I2_O)        0.332     9.690 r  design_1_i/AddCycle_Acquisition_0/U0/AddCycle_Acquisition_slave_lite_v1_0_S00_AXI_inst/u_acquisition_core/shift_reg[0][63]_i_1/O
                         net (fo=1664, routed)        1.812    11.502    design_1_i/AddCycle_Acquisition_0/U0/AddCycle_Acquisition_slave_lite_v1_0_S00_AXI_inst/u_acquisition_core/shift_reg[0][63]_i_1_n_0
    SLICE_X29Y1          FDRE                                         r  design_1_i/AddCycle_Acquisition_0/U0/AddCycle_Acquisition_slave_lite_v1_0_S00_AXI_inst/u_acquisition_core/shift_reg_reg[20][42]/CE
  -------------------------------------------------------------------    -------------------

                         (clock clk_fpga_0 rise edge)
                                                     10.000    10.000 r  
    PS7_X0Y0             PS7                          0.000    10.000 r  design_1_i/processing_system7_0/inst/PS7_i/FCLKCLK[0]
                         net (fo=1, routed)           1.101    11.101    design_1_i/processing_system7_0/inst/FCLK_CLK_unbuffered[0]
    BUFGCTRL_X0Y0        BUFG (Prop_bufg_I_O)         0.091    11.192 r  design_1_i/processing_system7_0/inst/buffer_fclk_clk_0.FCLK_CLK_0_BUFG/O
                         net (fo=4816, routed)        1.500    12.692    design_1_i/AddCycle_Acquisition_0/U0/AddCycle_Acquisition_slave_lite_v1_0_S00_AXI_inst/u_acquisition_core/s00_axi_aclk
    SLICE_X29Y1          FDRE                                         r  design_1_i/AddCycle_Acquisition_0/U0/AddCycle_Acquisition_slave_lite_v1_0_S00_AXI_inst/u_acquisition_core/shift_reg_reg[20][42]/C
                         clock pessimism              0.130    12.822    
                         clock uncertainty           -0.154    12.668    
    SLICE_X29Y1          FDRE (Setup_fdre_C_CE)      -0.205    12.463    design_1_i/AddCycle_Acquisition_0/U0/AddCycle_Acquisition_slave_lite_v1_0_S00_AXI_inst/u_acquisition_core/shift_reg_reg[20][42]
  -------------------------------------------------------------------
                         required time                         12.463    
                         arrival time                         -11.502    
  -------------------------------------------------------------------
                         slack                                  0.962    

Slack (MET) :             0.979ns  (required time - arrival time)
  Source:                 design_1_i/AddCycle_Acquisition_0/U0/AddCycle_Acquisition_slave_lite_v1_0_S00_AXI_inst/u_acquisition_core/cfg_serial_half_period_clks_reg[4]/C
                            (rising edge-triggered cell FDSE clocked by clk_fpga_0  {rise@0.000ns fall@5.000ns period=10.000ns})
  Destination:            design_1_i/AddCycle_Acquisition_0/U0/AddCycle_Acquisition_slave_lite_v1_0_S00_AXI_inst/u_acquisition_core/shift_reg_reg[16][30]/CE
                            (rising edge-triggered cell FDRE clocked by clk_fpga_0  {rise@0.000ns fall@5.000ns period=10.000ns})
  Path Group:             clk_fpga_0
  Path Type:              Setup (Max at Slow Process Corner)
  Requirement:            10.000ns  (clk_fpga_0 rise@10.000ns - clk_fpga_0 rise@0.000ns)
  Data Path Delay:        8.509ns  (logic 3.226ns (37.915%)  route 5.283ns (62.085%))
  Logic Levels:           13  (CARRY4=9 LUT1=1 LUT2=1 LUT4=1 LUT6=1)
  Clock Path Skew:        -0.154ns (DCD - SCD + CPR)
    Destination Clock Delay (DCD):    2.692ns = ( 12.693 - 10.000 ) 
    Source Clock Delay      (SCD):    2.976ns
    Clock Pessimism Removal (CPR):    0.130ns
  Clock Uncertainty:      0.154ns  ((TSJ^2 + TIJ^2)^1/2 + DJ) / 2 + PE
    Total System Jitter     (TSJ):    0.071ns
    Total Input Jitter      (TIJ):    0.300ns
    Discrete Jitter          (DJ):    0.000ns
    Phase Error              (PE):    0.000ns

    Location             Delay type                Incr(ns)  Path(ns)    Netlist Resource(s)
  -------------------------------------------------------------------    -------------------
                         (clock clk_fpga_0 rise edge)
                                                      0.000     0.000 r  
    PS7_X0Y0             PS7                          0.000     0.000 r  design_1_i/processing_system7_0/inst/PS7_i/FCLKCLK[0]
                         net (fo=1, routed)           1.207     1.207    design_1_i/processing_system7_0/inst/FCLK_CLK_unbuffered[0]
    BUFGCTRL_X0Y0        BUFG (Prop_bufg_I_O)         0.101     1.308 r  design_1_i/processing_system7_0/inst/buffer_fclk_clk_0.FCLK_CLK_0_BUFG/O
                         net (fo=4816, routed)        1.668     2.976    design_1_i/AddCycle_Acquisition_0/U0/AddCycle_Acquisition_slave_lite_v1_0_S00_AXI_inst/u_acquisition_core/s00_axi_aclk
    SLICE_X6Y29          FDSE                                         r  design_1_i/AddCycle_Acquisition_0/U0/AddCycle_Acquisition_slave_lite_v1_0_S00_AXI_inst/u_acquisition_core/cfg_serial_half_period_clks_reg[4]/C
  -------------------------------------------------------------------    -------------------
    SLICE_X6Y29          FDSE (Prop_fdse_C_Q)         0.478     3.454 f  design_1_i/AddCycle_Acquisition_0/U0/AddCycle_Acquisition_slave_lite_v1_0_S00_AXI_inst/u_acquisition_core/cfg_serial_half_period_clks_reg[4]/Q
                         net (fo=2, routed)           0.677     4.131    design_1_i/AddCycle_Acquisition_0/U0/AddCycle_Acquisition_slave_lite_v1_0_S00_AXI_inst/u_acquisition_core/cfg_serial_half_period_clks_reg_n_0_[4]
    SLICE_X7Y29          LUT1 (Prop_lut1_I0_O)        0.295     4.426 r  design_1_i/AddCycle_Acquisition_0/U0/AddCycle_Acquisition_slave_lite_v1_0_S00_AXI_inst/u_acquisition_core/serial_clk_reg_i_74/O
                         net (fo=1, routed)           0.000     4.426    design_1_i/AddCycle_Acquisition_0/U0/AddCycle_Acquisition_slave_lite_v1_0_S00_AXI_inst/u_acquisition_core/serial_clk_reg_i_74_n_0
    SLICE_X7Y29          CARRY4 (Prop_carry4_S[3]_CO[3])
                                                      0.401     4.827 r  design_1_i/AddCycle_Acquisition_0/U0/AddCycle_Acquisition_slave_lite_v1_0_S00_AXI_inst/u_acquisition_core/serial_clk_reg_reg_i_65/CO[3]
                         net (fo=1, routed)           0.000     4.827    design_1_i/AddCycle_Acquisition_0/U0/AddCycle_Acquisition_slave_lite_v1_0_S00_AXI_inst/u_acquisition_core/serial_clk_reg_reg_i_65_n_0
    SLICE_X7Y30          CARRY4 (Prop_carry4_CI_CO[3])
                                                      0.114     4.941 r  design_1_i/AddCycle_Acquisition_0/U0/AddCycle_Acquisition_slave_lite_v1_0_S00_AXI_inst/u_acquisition_core/serial_clk_reg_reg_i_56/CO[3]
                         net (fo=1, routed)           0.000     4.941    design_1_i/AddCycle_Acquisition_0/U0/AddCycle_Acquisition_slave_lite_v1_0_S00_AXI_inst/u_acquisition_core/serial_clk_reg_reg_i_56_n_0
    SLICE_X7Y31          CARRY4 (Prop_carry4_CI_CO[3])
                                                      0.114     5.055 r  design_1_i/AddCycle_Acquisition_0/U0/AddCycle_Acquisition_slave_lite_v1_0_S00_AXI_inst/u_acquisition_core/serial_clk_reg_reg_i_55/CO[3]
                         net (fo=1, routed)           0.000     5.055    design_1_i/AddCycle_Acquisition_0/U0/AddCycle_Acquisition_slave_lite_v1_0_S00_AXI_inst/u_acquisition_core/serial_clk_reg_reg_i_55_n_0
    SLICE_X7Y32          CARRY4 (Prop_carry4_CI_CO[3])
                                                      0.114     5.169 r  design_1_i/AddCycle_Acquisition_0/U0/AddCycle_Acquisition_slave_lite_v1_0_S00_AXI_inst/u_acquisition_core/serial_clk_reg_reg_i_35/CO[3]
                         net (fo=1, routed)           0.000     5.169    design_1_i/AddCycle_Acquisition_0/U0/AddCycle_Acquisition_slave_lite_v1_0_S00_AXI_inst/u_acquisition_core/serial_clk_reg_reg_i_35_n_0
    SLICE_X7Y33          CARRY4 (Prop_carry4_CI_CO[3])
                                                      0.114     5.283 r  design_1_i/AddCycle_Acquisition_0/U0/AddCycle_Acquisition_slave_lite_v1_0_S00_AXI_inst/u_acquisition_core/serial_clk_reg_reg_i_34/CO[3]
                         net (fo=1, routed)           0.000     5.283    design_1_i/AddCycle_Acquisition_0/U0/AddCycle_Acquisition_slave_lite_v1_0_S00_AXI_inst/u_acquisition_core/serial_clk_reg_reg_i_34_n_0
    SLICE_X7Y34          CARRY4 (Prop_carry4_CI_CO[3])
                                                      0.114     5.397 r  design_1_i/AddCycle_Acquisition_0/U0/AddCycle_Acquisition_slave_lite_v1_0_S00_AXI_inst/u_acquisition_core/serial_clk_reg_reg_i_24/CO[3]
                         net (fo=1, routed)           0.000     5.397    design_1_i/AddCycle_Acquisition_0/U0/AddCycle_Acquisition_slave_lite_v1_0_S00_AXI_inst/u_acquisition_core/serial_clk_reg_reg_i_24_n_0
    SLICE_X7Y35          CARRY4 (Prop_carry4_CI_CO[3])
                                                      0.114     5.511 r  design_1_i/AddCycle_Acquisition_0/U0/AddCycle_Acquisition_slave_lite_v1_0_S00_AXI_inst/u_acquisition_core/serial_clk_reg_reg_i_23/CO[3]
                         net (fo=1, routed)           0.000     5.511    design_1_i/AddCycle_Acquisition_0/U0/AddCycle_Acquisition_slave_lite_v1_0_S00_AXI_inst/u_acquisition_core/serial_clk_reg_reg_i_23_n_0
    SLICE_X7Y36          CARRY4 (Prop_carry4_CI_O[2])
                                                      0.239     5.750 r  design_1_i/AddCycle_Acquisition_0/U0/AddCycle_Acquisition_slave_lite_v1_0_S00_AXI_inst/u_acquisition_core/serial_clk_reg_reg_i_22/O[2]
                         net (fo=2, routed)           0.821     6.571    design_1_i/AddCycle_Acquisition_0/U0/AddCycle_Acquisition_slave_lite_v1_0_S00_AXI_inst/u_acquisition_core/minusOp[31]
    SLICE_X8Y34          LUT4 (Prop_lut4_I0_O)        0.302     6.873 r  design_1_i/AddCycle_Acquisition_0/U0/AddCycle_Acquisition_slave_lite_v1_0_S00_AXI_inst/u_acquisition_core/serial_clk_reg_i_9/O
                         net (fo=1, routed)           0.000     6.873    design_1_i/AddCycle_Acquisition_0/U0/AddCycle_Acquisition_slave_lite_v1_0_S00_AXI_inst/u_acquisition_core/serial_clk_reg_i_9_n_0
    SLICE_X8Y34          CARRY4 (Prop_carry4_S[3]_CO[3])
                                                      0.376     7.249 r  design_1_i/AddCycle_Acquisition_0/U0/AddCycle_Acquisition_slave_lite_v1_0_S00_AXI_inst/u_acquisition_core/serial_clk_reg_reg_i_3/CO[3]
                         net (fo=37, routed)          1.502     8.751    design_1_i/AddCycle_Acquisition_0/U0/AddCycle_Acquisition_slave_lite_v1_0_S00_AXI_inst/u_acquisition_core/serial_clk_reg_reg_i_3_n_0
    SLICE_X18Y26         LUT2 (Prop_lut2_I1_O)        0.119     8.870 f  design_1_i/AddCycle_Acquisition_0/U0/AddCycle_Acquisition_slave_lite_v1_0_S00_AXI_inst/u_acquisition_core/shift_reg[0][63]_i_3/O
                         net (fo=1, routed)           0.488     9.358    design_1_i/AddCycle_Acquisition_0/U0/AddCycle_Acquisition_slave_lite_v1_0_S00_AXI_inst/u_acquisition_core/shift_reg[0][63]_i_3_n_0
    SLICE_X18Y25         LUT6 (Prop_lut6_I2_O)        0.332     9.690 r  design_1_i/AddCycle_Acquisition_0/U0/AddCycle_Acquisition_slave_lite_v1_0_S00_AXI_inst/u_acquisition_core/shift_reg[0][63]_i_1/O
                         net (fo=1664, routed)        1.794    11.485    design_1_i/AddCycle_Acquisition_0/U0/AddCycle_Acquisition_slave_lite_v1_0_S00_AXI_inst/u_acquisition_core/shift_reg[0][63]_i_1_n_0
    SLICE_X33Y5          FDRE                                         r  design_1_i/AddCycle_Acquisition_0/U0/AddCycle_Acquisition_slave_lite_v1_0_S00_AXI_inst/u_acquisition_core/shift_reg_reg[16][30]/CE
  -------------------------------------------------------------------    -------------------

                         (clock clk_fpga_0 rise edge)
                                                     10.000    10.000 r  
    PS7_X0Y0             PS7                          0.000    10.000 r  design_1_i/processing_system7_0/inst/PS7_i/FCLKCLK[0]
                         net (fo=1, routed)           1.101    11.101    design_1_i/processing_system7_0/inst/FCLK_CLK_unbuffered[0]
    BUFGCTRL_X0Y0        BUFG (Prop_bufg_I_O)         0.091    11.192 r  design_1_i/processing_system7_0/inst/buffer_fclk_clk_0.FCLK_CLK_0_BUFG/O
                         net (fo=4816, routed)        1.500    12.692    design_1_i/AddCycle_Acquisition_0/U0/AddCycle_Acquisition_slave_lite_v1_0_S00_AXI_inst/u_acquisition_core/s00_axi_aclk
    SLICE_X33Y5          FDRE                                         r  design_1_i/AddCycle_Acquisition_0/U0/AddCycle_Acquisition_slave_lite_v1_0_S00_AXI_inst/u_acquisition_core/shift_reg_reg[16][30]/C
                         clock pessimism              0.130    12.822    
                         clock uncertainty           -0.154    12.668    
    SLICE_X33Y5          FDRE (Setup_fdre_C_CE)      -0.205    12.463    design_1_i/AddCycle_Acquisition_0/U0/AddCycle_Acquisition_slave_lite_v1_0_S00_AXI_inst/u_acquisition_core/shift_reg_reg[16][30]
  -------------------------------------------------------------------
                         required time                         12.463    
                         arrival time                         -11.485    
  -------------------------------------------------------------------
                         slack                                  0.979    

Slack (MET) :             0.979ns  (required time - arrival time)
  Source:                 design_1_i/AddCycle_Acquisition_0/U0/AddCycle_Acquisition_slave_lite_v1_0_S00_AXI_inst/u_acquisition_core/cfg_serial_half_period_clks_reg[4]/C
                            (rising edge-triggered cell FDSE clocked by clk_fpga_0  {rise@0.000ns fall@5.000ns period=10.000ns})
  Destination:            design_1_i/AddCycle_Acquisition_0/U0/AddCycle_Acquisition_slave_lite_v1_0_S00_AXI_inst/u_acquisition_core/shift_reg_reg[16][31]/CE
                            (rising edge-triggered cell FDRE clocked by clk_fpga_0  {rise@0.000ns fall@5.000ns period=10.000ns})
  Path Group:             clk_fpga_0
  Path Type:              Setup (Max at Slow Process Corner)
  Requirement:            10.000ns  (clk_fpga_0 rise@10.000ns - clk_fpga_0 rise@0.000ns)
  Data Path Delay:        8.509ns  (logic 3.226ns (37.915%)  route 5.283ns (62.085%))
  Logic Levels:           13  (CARRY4=9 LUT1=1 LUT2=1 LUT4=1 LUT6=1)
  Clock Path Skew:        -0.154ns (DCD - SCD + CPR)
    Destination Clock Delay (DCD):    2.692ns = ( 12.693 - 10.000 ) 
    Source Clock Delay      (SCD):    2.976ns
    Clock Pessimism Removal (CPR):    0.130ns
  Clock Uncertainty:      0.154ns  ((TSJ^2 + TIJ^2)^1/2 + DJ) / 2 + PE
    Total System Jitter     (TSJ):    0.071ns
    Total Input Jitter      (TIJ):    0.300ns
    Discrete Jitter          (DJ):    0.000ns
    Phase Error              (PE):    0.000ns

    Location             Delay type                Incr(ns)  Path(ns)    Netlist Resource(s)
  -------------------------------------------------------------------    -------------------
                         (clock clk_fpga_0 rise edge)
                                                      0.000     0.000 r  
    PS7_X0Y0             PS7                          0.000     0.000 r  design_1_i/processing_system7_0/inst/PS7_i/FCLKCLK[0]
                         net (fo=1, routed)           1.207     1.207    design_1_i/processing_system7_0/inst/FCLK_CLK_unbuffered[0]
    BUFGCTRL_X0Y0        BUFG (Prop_bufg_I_O)         0.101     1.308 r  design_1_i/processing_system7_0/inst/buffer_fclk_clk_0.FCLK_CLK_0_BUFG/O
                         net (fo=4816, routed)        1.668     2.976    design_1_i/AddCycle_Acquisition_0/U0/AddCycle_Acquisition_slave_lite_v1_0_S00_AXI_inst/u_acquisition_core/s00_axi_aclk
    SLICE_X6Y29          FDSE                                         r  design_1_i/AddCycle_Acquisition_0/U0/AddCycle_Acquisition_slave_lite_v1_0_S00_AXI_inst/u_acquisition_core/cfg_serial_half_period_clks_reg[4]/C
  -------------------------------------------------------------------    -------------------
    SLICE_X6Y29          FDSE (Prop_fdse_C_Q)         0.478     3.454 f  design_1_i/AddCycle_Acquisition_0/U0/AddCycle_Acquisition_slave_lite_v1_0_S00_AXI_inst/u_acquisition_core/cfg_serial_half_period_clks_reg[4]/Q
                         net (fo=2, routed)           0.677     4.131    design_1_i/AddCycle_Acquisition_0/U0/AddCycle_Acquisition_slave_lite_v1_0_S00_AXI_inst/u_acquisition_core/cfg_serial_half_period_clks_reg_n_0_[4]
    SLICE_X7Y29          LUT1 (Prop_lut1_I0_O)        0.295     4.426 r  design_1_i/AddCycle_Acquisition_0/U0/AddCycle_Acquisition_slave_lite_v1_0_S00_AXI_inst/u_acquisition_core/serial_clk_reg_i_74/O
                         net (fo=1, routed)           0.000     4.426    design_1_i/AddCycle_Acquisition_0/U0/AddCycle_Acquisition_slave_lite_v1_0_S00_AXI_inst/u_acquisition_core/serial_clk_reg_i_74_n_0
    SLICE_X7Y29          CARRY4 (Prop_carry4_S[3]_CO[3])
                                                      0.401     4.827 r  design_1_i/AddCycle_Acquisition_0/U0/AddCycle_Acquisition_slave_lite_v1_0_S00_AXI_inst/u_acquisition_core/serial_clk_reg_reg_i_65/CO[3]
                         net (fo=1, routed)           0.000     4.827    design_1_i/AddCycle_Acquisition_0/U0/AddCycle_Acquisition_slave_lite_v1_0_S00_AXI_inst/u_acquisition_core/serial_clk_reg_reg_i_65_n_0
    SLICE_X7Y30          CARRY4 (Prop_carry4_CI_CO[3])
                                                      0.114     4.941 r  design_1_i/AddCycle_Acquisition_0/U0/AddCycle_Acquisition_slave_lite_v1_0_S00_AXI_inst/u_acquisition_core/serial_clk_reg_reg_i_56/CO[3]
                         net (fo=1, routed)           0.000     4.941    design_1_i/AddCycle_Acquisition_0/U0/AddCycle_Acquisition_slave_lite_v1_0_S00_AXI_inst/u_acquisition_core/serial_clk_reg_reg_i_56_n_0
    SLICE_X7Y31          CARRY4 (Prop_carry4_CI_CO[3])
                                                      0.114     5.055 r  design_1_i/AddCycle_Acquisition_0/U0/AddCycle_Acquisition_slave_lite_v1_0_S00_AXI_inst/u_acquisition_core/serial_clk_reg_reg_i_55/CO[3]
                         net (fo=1, routed)           0.000     5.055    design_1_i/AddCycle_Acquisition_0/U0/AddCycle_Acquisition_slave_lite_v1_0_S00_AXI_inst/u_acquisition_core/serial_clk_reg_reg_i_55_n_0
    SLICE_X7Y32          CARRY4 (Prop_carry4_CI_CO[3])
                                                      0.114     5.169 r  design_1_i/AddCycle_Acquisition_0/U0/AddCycle_Acquisition_slave_lite_v1_0_S00_AXI_inst/u_acquisition_core/serial_clk_reg_reg_i_35/CO[3]
                         net (fo=1, routed)           0.000     5.169    design_1_i/AddCycle_Acquisition_0/U0/AddCycle_Acquisition_slave_lite_v1_0_S00_AXI_inst/u_acquisition_core/serial_clk_reg_reg_i_35_n_0
    SLICE_X7Y33          CARRY4 (Prop_carry4_CI_CO[3])
                                                      0.114     5.283 r  design_1_i/AddCycle_Acquisition_0/U0/AddCycle_Acquisition_slave_lite_v1_0_S00_AXI_inst/u_acquisition_core/serial_clk_reg_reg_i_34/CO[3]
                         net (fo=1, routed)           0.000     5.283    design_1_i/AddCycle_Acquisition_0/U0/AddCycle_Acquisition_slave_lite_v1_0_S00_AXI_inst/u_acquisition_core/serial_clk_reg_reg_i_34_n_0
    SLICE_X7Y34          CARRY4 (Prop_carry4_CI_CO[3])
                                                      0.114     5.397 r  design_1_i/AddCycle_Acquisition_0/U0/AddCycle_Acquisition_slave_lite_v1_0_S00_AXI_inst/u_acquisition_core/serial_clk_reg_reg_i_24/CO[3]
                         net (fo=1, routed)           0.000     5.397    design_1_i/AddCycle_Acquisition_0/U0/AddCycle_Acquisition_slave_lite_v1_0_S00_AXI_inst/u_acquisition_core/serial_clk_reg_reg_i_24_n_0
    SLICE_X7Y35          CARRY4 (Prop_carry4_CI_CO[3])
                                                      0.114     5.511 r  design_1_i/AddCycle_Acquisition_0/U0/AddCycle_Acquisition_slave_lite_v1_0_S00_AXI_inst/u_acquisition_core/serial_clk_reg_reg_i_23/CO[3]
                         net (fo=1, routed)           0.000     5.511    design_1_i/AddCycle_Acquisition_0/U0/AddCycle_Acquisition_slave_lite_v1_0_S00_AXI_inst/u_acquisition_core/serial_clk_reg_reg_i_23_n_0
    SLICE_X7Y36          CARRY4 (Prop_carry4_CI_O[2])
                                                      0.239     5.750 r  design_1_i/AddCycle_Acquisition_0/U0/AddCycle_Acquisition_slave_lite_v1_0_S00_AXI_inst/u_acquisition_core/serial_clk_reg_reg_i_22/O[2]
                         net (fo=2, routed)           0.821     6.571    design_1_i/AddCycle_Acquisition_0/U0/AddCycle_Acquisition_slave_lite_v1_0_S00_AXI_inst/u_acquisition_core/minusOp[31]
    SLICE_X8Y34          LUT4 (Prop_lut4_I0_O)        0.302     6.873 r  design_1_i/AddCycle_Acquisition_0/U0/AddCycle_Acquisition_slave_lite_v1_0_S00_AXI_inst/u_acquisition_core/serial_clk_reg_i_9/O
                         net (fo=1, routed)           0.000     6.873    design_1_i/AddCycle_Acquisition_0/U0/AddCycle_Acquisition_slave_lite_v1_0_S00_AXI_inst/u_acquisition_core/serial_clk_reg_i_9_n_0
    SLICE_X8Y34          CARRY4 (Prop_carry4_S[3]_CO[3])
                                                      0.376     7.249 r  design_1_i/AddCycle_Acquisition_0/U0/AddCycle_Acquisition_slave_lite_v1_0_S00_AXI_inst/u_acquisition_core/serial_clk_reg_reg_i_3/CO[3]
                         net (fo=37, routed)          1.502     8.751    design_1_i/AddCycle_Acquisition_0/U0/AddCycle_Acquisition_slave_lite_v1_0_S00_AXI_inst/u_acquisition_core/serial_clk_reg_reg_i_3_n_0
    SLICE_X18Y26         LUT2 (Prop_lut2_I1_O)        0.119     8.870 f  design_1_i/AddCycle_Acquisition_0/U0/AddCycle_Acquisition_slave_lite_v1_0_S00_AXI_inst/u_acquisition_core/shift_reg[0][63]_i_3/O
                         net (fo=1, routed)           0.488     9.358    design_1_i/AddCycle_Acquisition_0/U0/AddCycle_Acquisition_slave_lite_v1_0_S00_AXI_inst/u_acquisition_core/shift_reg[0][63]_i_3_n_0
    SLICE_X18Y25         LUT6 (Prop_lut6_I2_O)        0.332     9.690 r  design_1_i/AddCycle_Acquisition_0/U0/AddCycle_Acquisition_slave_lite_v1_0_S00_AXI_inst/u_acquisition_core/shift_reg[0][63]_i_1/O
                         net (fo=1664, routed)        1.794    11.485    design_1_i/AddCycle_Acquisition_0/U0/AddCycle_Acquisition_slave_lite_v1_0_S00_AXI_inst/u_acquisition_core/shift_reg[0][63]_i_1_n_0
    SLICE_X33Y5          FDRE                                         r  design_1_i/AddCycle_Acquisition_0/U0/AddCycle_Acquisition_slave_lite_v1_0_S00_AXI_inst/u_acquisition_core/shift_reg_reg[16][31]/CE
  -------------------------------------------------------------------    -------------------

                         (clock clk_fpga_0 rise edge)
                                                     10.000    10.000 r  
    PS7_X0Y0             PS7                          0.000    10.000 r  design_1_i/processing_system7_0/inst/PS7_i/FCLKCLK[0]
                         net (fo=1, routed)           1.101    11.101    design_1_i/processing_system7_0/inst/FCLK_CLK_unbuffered[0]
    BUFGCTRL_X0Y0        BUFG (Prop_bufg_I_O)         0.091    11.192 r  design_1_i/processing_system7_0/inst/buffer_fclk_clk_0.FCLK_CLK_0_BUFG/O
                         net (fo=4816, routed)        1.500    12.692    design_1_i/AddCycle_Acquisition_0/U0/AddCycle_Acquisition_slave_lite_v1_0_S00_AXI_inst/u_acquisition_core/s00_axi_aclk
    SLICE_X33Y5          FDRE                                         r  design_1_i/AddCycle_Acquisition_0/U0/AddCycle_Acquisition_slave_lite_v1_0_S00_AXI_inst/u_acquisition_core/shift_reg_reg[16][31]/C
                         clock pessimism              0.130    12.822    
                         clock uncertainty           -0.154    12.668    
    SLICE_X33Y5          FDRE (Setup_fdre_C_CE)      -0.205    12.463    design_1_i/AddCycle_Acquisition_0/U0/AddCycle_Acquisition_slave_lite_v1_0_S00_AXI_inst/u_acquisition_core/shift_reg_reg[16][31]
  -------------------------------------------------------------------
                         required time                         12.463    
                         arrival time                         -11.485    
  -------------------------------------------------------------------
                         slack                                  0.979    

Slack (MET) :             1.022ns  (required time - arrival time)
  Source:                 design_1_i/AddCycle_Acquisition_0/U0/AddCycle_Acquisition_slave_lite_v1_0_S00_AXI_inst/u_acquisition_core/cfg_serial_half_period_clks_reg[4]/C
                            (rising edge-triggered cell FDSE clocked by clk_fpga_0  {rise@0.000ns fall@5.000ns period=10.000ns})
  Destination:            design_1_i/AddCycle_Acquisition_0/U0/AddCycle_Acquisition_slave_lite_v1_0_S00_AXI_inst/u_acquisition_core/shift_reg_reg[16][32]/CE
                            (rising edge-triggered cell FDRE clocked by clk_fpga_0  {rise@0.000ns fall@5.000ns period=10.000ns})
  Path Group:             clk_fpga_0
  Path Type:              Setup (Max at Slow Process Corner)
  Requirement:            10.000ns  (clk_fpga_0 rise@10.000ns - clk_fpga_0 rise@0.000ns)
  Data Path Delay:        8.465ns  (logic 3.226ns (38.108%)  route 5.239ns (61.892%))
  Logic Levels:           13  (CARRY4=9 LUT1=1 LUT2=1 LUT4=1 LUT6=1)
  Clock Path Skew:        -0.154ns (DCD - SCD + CPR)
    Destination Clock Delay (DCD):    2.692ns = ( 12.693 - 10.000 ) 
    Source Clock Delay      (SCD):    2.976ns
    Clock Pessimism Removal (CPR):    0.130ns
  Clock Uncertainty:      0.154ns  ((TSJ^2 + TIJ^2)^1/2 + DJ) / 2 + PE
    Total System Jitter     (TSJ):    0.071ns
    Total Input Jitter      (TIJ):    0.300ns
    Discrete Jitter          (DJ):    0.000ns
    Phase Error              (PE):    0.000ns

    Location             Delay type                Incr(ns)  Path(ns)    Netlist Resource(s)
  -------------------------------------------------------------------    -------------------
                         (clock clk_fpga_0 rise edge)
                                                      0.000     0.000 r  
    PS7_X0Y0             PS7                          0.000     0.000 r  design_1_i/processing_system7_0/inst/PS7_i/FCLKCLK[0]
                         net (fo=1, routed)           1.207     1.207    design_1_i/processing_system7_0/inst/FCLK_CLK_unbuffered[0]
    BUFGCTRL_X0Y0        BUFG (Prop_bufg_I_O)         0.101     1.308 r  design_1_i/processing_system7_0/inst/buffer_fclk_clk_0.FCLK_CLK_0_BUFG/O
                         net (fo=4816, routed)        1.668     2.976    design_1_i/AddCycle_Acquisition_0/U0/AddCycle_Acquisition_slave_lite_v1_0_S00_AXI_inst/u_acquisition_core/s00_axi_aclk
    SLICE_X6Y29          FDSE                                         r  design_1_i/AddCycle_Acquisition_0/U0/AddCycle_Acquisition_slave_lite_v1_0_S00_AXI_inst/u_acquisition_core/cfg_serial_half_period_clks_reg[4]/C
  -------------------------------------------------------------------    -------------------
    SLICE_X6Y29          FDSE (Prop_fdse_C_Q)         0.478     3.454 f  design_1_i/AddCycle_Acquisition_0/U0/AddCycle_Acquisition_slave_lite_v1_0_S00_AXI_inst/u_acquisition_core/cfg_serial_half_period_clks_reg[4]/Q
                         net (fo=2, routed)           0.677     4.131    design_1_i/AddCycle_Acquisition_0/U0/AddCycle_Acquisition_slave_lite_v1_0_S00_AXI_inst/u_acquisition_core/cfg_serial_half_period_clks_reg_n_0_[4]
    SLICE_X7Y29          LUT1 (Prop_lut1_I0_O)        0.295     4.426 r  design_1_i/AddCycle_Acquisition_0/U0/AddCycle_Acquisition_slave_lite_v1_0_S00_AXI_inst/u_acquisition_core/serial_clk_reg_i_74/O
                         net (fo=1, routed)           0.000     4.426    design_1_i/AddCycle_Acquisition_0/U0/AddCycle_Acquisition_slave_lite_v1_0_S00_AXI_inst/u_acquisition_core/serial_clk_reg_i_74_n_0
    SLICE_X7Y29          CARRY4 (Prop_carry4_S[3]_CO[3])
                                                      0.401     4.827 r  design_1_i/AddCycle_Acquisition_0/U0/AddCycle_Acquisition_slave_lite_v1_0_S00_AXI_inst/u_acquisition_core/serial_clk_reg_reg_i_65/CO[3]
                         net (fo=1, routed)           0.000     4.827    design_1_i/AddCycle_Acquisition_0/U0/AddCycle_Acquisition_slave_lite_v1_0_S00_AXI_inst/u_acquisition_core/serial_clk_reg_reg_i_65_n_0
    SLICE_X7Y30          CARRY4 (Prop_carry4_CI_CO[3])
                                                      0.114     4.941 r  design_1_i/AddCycle_Acquisition_0/U0/AddCycle_Acquisition_slave_lite_v1_0_S00_AXI_inst/u_acquisition_core/serial_clk_reg_reg_i_56/CO[3]
                         net (fo=1, routed)           0.000     4.941    design_1_i/AddCycle_Acquisition_0/U0/AddCycle_Acquisition_slave_lite_v1_0_S00_AXI_inst/u_acquisition_core/serial_clk_reg_reg_i_56_n_0
    SLICE_X7Y31          CARRY4 (Prop_carry4_CI_CO[3])
                                                      0.114     5.055 r  design_1_i/AddCycle_Acquisition_0/U0/AddCycle_Acquisition_slave_lite_v1_0_S00_AXI_inst/u_acquisition_core/serial_clk_reg_reg_i_55/CO[3]
                         net (fo=1, routed)           0.000     5.055    design_1_i/AddCycle_Acquisition_0/U0/AddCycle_Acquisition_slave_lite_v1_0_S00_AXI_inst/u_acquisition_core/serial_clk_reg_reg_i_55_n_0
    SLICE_X7Y32          CARRY4 (Prop_carry4_CI_CO[3])
                                                      0.114     5.169 r  design_1_i/AddCycle_Acquisition_0/U0/AddCycle_Acquisition_slave_lite_v1_0_S00_AXI_inst/u_acquisition_core/serial_clk_reg_reg_i_35/CO[3]
                         net (fo=1, routed)           0.000     5.169    design_1_i/AddCycle_Acquisition_0/U0/AddCycle_Acquisition_slave_lite_v1_0_S00_AXI_inst/u_acquisition_core/serial_clk_reg_reg_i_35_n_0
    SLICE_X7Y33          CARRY4 (Prop_carry4_CI_CO[3])
                                                      0.114     5.283 r  design_1_i/AddCycle_Acquisition_0/U0/AddCycle_Acquisition_slave_lite_v1_0_S00_AXI_inst/u_acquisition_core/serial_clk_reg_reg_i_34/CO[3]
                         net (fo=1, routed)           0.000     5.283    design_1_i/AddCycle_Acquisition_0/U0/AddCycle_Acquisition_slave_lite_v1_0_S00_AXI_inst/u_acquisition_core/serial_clk_reg_reg_i_34_n_0
    SLICE_X7Y34          CARRY4 (Prop_carry4_CI_CO[3])
                                                      0.114     5.397 r  design_1_i/AddCycle_Acquisition_0/U0/AddCycle_Acquisition_slave_lite_v1_0_S00_AXI_inst/u_acquisition_core/serial_clk_reg_reg_i_24/CO[3]
                         net (fo=1, routed)           0.000     5.397    design_1_i/AddCycle_Acquisition_0/U0/AddCycle_Acquisition_slave_lite_v1_0_S00_AXI_inst/u_acquisition_core/serial_clk_reg_reg_i_24_n_0
    SLICE_X7Y35          CARRY4 (Prop_carry4_CI_CO[3])
                                                      0.114     5.511 r  design_1_i/AddCycle_Acquisition_0/U0/AddCycle_Acquisition_slave_lite_v1_0_S00_AXI_inst/u_acquisition_core/serial_clk_reg_reg_i_23/CO[3]
                         net (fo=1, routed)           0.000     5.511    design_1_i/AddCycle_Acquisition_0/U0/AddCycle_Acquisition_slave_lite_v1_0_S00_AXI_inst/u_acquisition_core/serial_clk_reg_reg_i_23_n_0
    SLICE_X7Y36          CARRY4 (Prop_carry4_CI_O[2])
                                                      0.239     5.750 r  design_1_i/AddCycle_Acquisition_0/U0/AddCycle_Acquisition_slave_lite_v1_0_S00_AXI_inst/u_acquisition_core/serial_clk_reg_reg_i_22/O[2]
                         net (fo=2, routed)           0.821     6.571    design_1_i/AddCycle_Acquisition_0/U0/AddCycle_Acquisition_slave_lite_v1_0_S00_AXI_inst/u_acquisition_core/minusOp[31]
    SLICE_X8Y34          LUT4 (Prop_lut4_I0_O)        0.302     6.873 r  design_1_i/AddCycle_Acquisition_0/U0/AddCycle_Acquisition_slave_lite_v1_0_S00_AXI_inst/u_acquisition_core/serial_clk_reg_i_9/O
                         net (fo=1, routed)           0.000     6.873    design_1_i/AddCycle_Acquisition_0/U0/AddCycle_Acquisition_slave_lite_v1_0_S00_AXI_inst/u_acquisition_core/serial_clk_reg_i_9_n_0
    SLICE_X8Y34          CARRY4 (Prop_carry4_S[3]_CO[3])
                                                      0.376     7.249 r  design_1_i/AddCycle_Acquisition_0/U0/AddCycle_Acquisition_slave_lite_v1_0_S00_AXI_inst/u_acquisition_core/serial_clk_reg_reg_i_3/CO[3]
                         net (fo=37, routed)          1.502     8.751    design_1_i/AddCycle_Acquisition_0/U0/AddCycle_Acquisition_slave_lite_v1_0_S00_AXI_inst/u_acquisition_core/serial_clk_reg_reg_i_3_n_0
    SLICE_X18Y26         LUT2 (Prop_lut2_I1_O)        0.119     8.870 f  design_1_i/AddCycle_Acquisition_0/U0/AddCycle_Acquisition_slave_lite_v1_0_S00_AXI_inst/u_acquisition_core/shift_reg[0][63]_i_3/O
                         net (fo=1, routed)           0.488     9.358    design_1_i/AddCycle_Acquisition_0/U0/AddCycle_Acquisition_slave_lite_v1_0_S00_AXI_inst/u_acquisition_core/shift_reg[0][63]_i_3_n_0
    SLICE_X18Y25         LUT6 (Prop_lut6_I2_O)        0.332     9.690 r  design_1_i/AddCycle_Acquisition_0/U0/AddCycle_Acquisition_slave_lite_v1_0_S00_AXI_inst/u_acquisition_core/shift_reg[0][63]_i_1/O
                         net (fo=1664, routed)        1.751    11.441    design_1_i/AddCycle_Acquisition_0/U0/AddCycle_Acquisition_slave_lite_v1_0_S00_AXI_inst/u_acquisition_core/shift_reg[0][63]_i_1_n_0
    SLICE_X35Y4          FDRE                                         r  design_1_i/AddCycle_Acquisition_0/U0/AddCycle_Acquisition_slave_lite_v1_0_S00_AXI_inst/u_acquisition_core/shift_reg_reg[16][32]/CE
  -------------------------------------------------------------------    -------------------

                         (clock clk_fpga_0 rise edge)
                                                     10.000    10.000 r  
    PS7_X0Y0             PS7                          0.000    10.000 r  design_1_i/processing_system7_0/inst/PS7_i/FCLKCLK[0]
                         net (fo=1, routed)           1.101    11.101    design_1_i/processing_system7_0/inst/FCLK_CLK_unbuffered[0]
    BUFGCTRL_X0Y0        BUFG (Prop_bufg_I_O)         0.091    11.192 r  design_1_i/processing_system7_0/inst/buffer_fclk_clk_0.FCLK_CLK_0_BUFG/O
                         net (fo=4816, routed)        1.500    12.692    design_1_i/AddCycle_Acquisition_0/U0/AddCycle_Acquisition_slave_lite_v1_0_S00_AXI_inst/u_acquisition_core/s00_axi_aclk
    SLICE_X35Y4          FDRE                                         r  design_1_i/AddCycle_Acquisition_0/U0/AddCycle_Acquisition_slave_lite_v1_0_S00_AXI_inst/u_acquisition_core/shift_reg_reg[16][32]/C
                         clock pessimism              0.130    12.822    
                         clock uncertainty           -0.154    12.668    
    SLICE_X35Y4          FDRE (Setup_fdre_C_CE)      -0.205    12.463    design_1_i/AddCycle_Acquisition_0/U0/AddCycle_Acquisition_slave_lite_v1_0_S00_AXI_inst/u_acquisition_core/shift_reg_reg[16][32]
  -------------------------------------------------------------------
                         required time                         12.463    
                         arrival time                         -11.441    
  -------------------------------------------------------------------
                         slack                                  1.022    

Slack (MET) :             1.022ns  (required time - arrival time)
  Source:                 design_1_i/AddCycle_Acquisition_0/U0/AddCycle_Acquisition_slave_lite_v1_0_S00_AXI_inst/u_acquisition_core/cfg_serial_half_period_clks_reg[4]/C
                            (rising edge-triggered cell FDSE clocked by clk_fpga_0  {rise@0.000ns fall@5.000ns period=10.000ns})
  Destination:            design_1_i/AddCycle_Acquisition_0/U0/AddCycle_Acquisition_slave_lite_v1_0_S00_AXI_inst/u_acquisition_core/shift_reg_reg[16][33]/CE
                            (rising edge-triggered cell FDRE clocked by clk_fpga_0  {rise@0.000ns fall@5.000ns period=10.000ns})
  Path Group:             clk_fpga_0
  Path Type:              Setup (Max at Slow Process Corner)
  Requirement:            10.000ns  (clk_fpga_0 rise@10.000ns - clk_fpga_0 rise@0.000ns)
  Data Path Delay:        8.465ns  (logic 3.226ns (38.108%)  route 5.239ns (61.892%))
  Logic Levels:           13  (CARRY4=9 LUT1=1 LUT2=1 LUT4=1 LUT6=1)
  Clock Path Skew:        -0.154ns (DCD - SCD + CPR)
    Destination Clock Delay (DCD):    2.692ns = ( 12.693 - 10.000 ) 
    Source Clock Delay      (SCD):    2.976ns
    Clock Pessimism Removal (CPR):    0.130ns
  Clock Uncertainty:      0.154ns  ((TSJ^2 + TIJ^2)^1/2 + DJ) / 2 + PE
    Total System Jitter     (TSJ):    0.071ns
    Total Input Jitter      (TIJ):    0.300ns
    Discrete Jitter          (DJ):    0.000ns
    Phase Error              (PE):    0.000ns

    Location             Delay type                Incr(ns)  Path(ns)    Netlist Resource(s)
  -------------------------------------------------------------------    -------------------
                         (clock clk_fpga_0 rise edge)
                                                      0.000     0.000 r  
    PS7_X0Y0             PS7                          0.000     0.000 r  design_1_i/processing_system7_0/inst/PS7_i/FCLKCLK[0]
                         net (fo=1, routed)           1.207     1.207    design_1_i/processing_system7_0/inst/FCLK_CLK_unbuffered[0]
    BUFGCTRL_X0Y0        BUFG (Prop_bufg_I_O)         0.101     1.308 r  design_1_i/processing_system7_0/inst/buffer_fclk_clk_0.FCLK_CLK_0_BUFG/O
                         net (fo=4816, routed)        1.668     2.976    design_1_i/AddCycle_Acquisition_0/U0/AddCycle_Acquisition_slave_lite_v1_0_S00_AXI_inst/u_acquisition_core/s00_axi_aclk
    SLICE_X6Y29          FDSE                                         r  design_1_i/AddCycle_Acquisition_0/U0/AddCycle_Acquisition_slave_lite_v1_0_S00_AXI_inst/u_acquisition_core/cfg_serial_half_period_clks_reg[4]/C
  -------------------------------------------------------------------    -------------------
    SLICE_X6Y29          FDSE (Prop_fdse_C_Q)         0.478     3.454 f  design_1_i/AddCycle_Acquisition_0/U0/AddCycle_Acquisition_slave_lite_v1_0_S00_AXI_inst/u_acquisition_core/cfg_serial_half_period_clks_reg[4]/Q
                         net (fo=2, routed)           0.677     4.131    design_1_i/AddCycle_Acquisition_0/U0/AddCycle_Acquisition_slave_lite_v1_0_S00_AXI_inst/u_acquisition_core/cfg_serial_half_period_clks_reg_n_0_[4]
    SLICE_X7Y29          LUT1 (Prop_lut1_I0_O)        0.295     4.426 r  design_1_i/AddCycle_Acquisition_0/U0/AddCycle_Acquisition_slave_lite_v1_0_S00_AXI_inst/u_acquisition_core/serial_clk_reg_i_74/O
                         net (fo=1, routed)           0.000     4.426    design_1_i/AddCycle_Acquisition_0/U0/AddCycle_Acquisition_slave_lite_v1_0_S00_AXI_inst/u_acquisition_core/serial_clk_reg_i_74_n_0
    SLICE_X7Y29          CARRY4 (Prop_carry4_S[3]_CO[3])
                                                      0.401     4.827 r  design_1_i/AddCycle_Acquisition_0/U0/AddCycle_Acquisition_slave_lite_v1_0_S00_AXI_inst/u_acquisition_core/serial_clk_reg_reg_i_65/CO[3]
                         net (fo=1, routed)           0.000     4.827    design_1_i/AddCycle_Acquisition_0/U0/AddCycle_Acquisition_slave_lite_v1_0_S00_AXI_inst/u_acquisition_core/serial_clk_reg_reg_i_65_n_0
    SLICE_X7Y30          CARRY4 (Prop_carry4_CI_CO[3])
                                                      0.114     4.941 r  design_1_i/AddCycle_Acquisition_0/U0/AddCycle_Acquisition_slave_lite_v1_0_S00_AXI_inst/u_acquisition_core/serial_clk_reg_reg_i_56/CO[3]
                         net (fo=1, routed)           0.000     4.941    design_1_i/AddCycle_Acquisition_0/U0/AddCycle_Acquisition_slave_lite_v1_0_S00_AXI_inst/u_acquisition_core/serial_clk_reg_reg_i_56_n_0
    SLICE_X7Y31          CARRY4 (Prop_carry4_CI_CO[3])
                                                      0.114     5.055 r  design_1_i/AddCycle_Acquisition_0/U0/AddCycle_Acquisition_slave_lite_v1_0_S00_AXI_inst/u_acquisition_core/serial_clk_reg_reg_i_55/CO[3]
                         net (fo=1, routed)           0.000     5.055    design_1_i/AddCycle_Acquisition_0/U0/AddCycle_Acquisition_slave_lite_v1_0_S00_AXI_inst/u_acquisition_core/serial_clk_reg_reg_i_55_n_0
    SLICE_X7Y32          CARRY4 (Prop_carry4_CI_CO[3])
                                                      0.114     5.169 r  design_1_i/AddCycle_Acquisition_0/U0/AddCycle_Acquisition_slave_lite_v1_0_S00_AXI_inst/u_acquisition_core/serial_clk_reg_reg_i_35/CO[3]
                         net (fo=1, routed)           0.000     5.169    design_1_i/AddCycle_Acquisition_0/U0/AddCycle_Acquisition_slave_lite_v1_0_S00_AXI_inst/u_acquisition_core/serial_clk_reg_reg_i_35_n_0
    SLICE_X7Y33          CARRY4 (Prop_carry4_CI_CO[3])
                                                      0.114     5.283 r  design_1_i/AddCycle_Acquisition_0/U0/AddCycle_Acquisition_slave_lite_v1_0_S00_AXI_inst/u_acquisition_core/serial_clk_reg_reg_i_34/CO[3]
                         net (fo=1, routed)           0.000     5.283    design_1_i/AddCycle_Acquisition_0/U0/AddCycle_Acquisition_slave_lite_v1_0_S00_AXI_inst/u_acquisition_core/serial_clk_reg_reg_i_34_n_0
    SLICE_X7Y34          CARRY4 (Prop_carry4_CI_CO[3])
                                                      0.114     5.397 r  design_1_i/AddCycle_Acquisition_0/U0/AddCycle_Acquisition_slave_lite_v1_0_S00_AXI_inst/u_acquisition_core/serial_clk_reg_reg_i_24/CO[3]
                         net (fo=1, routed)           0.000     5.397    design_1_i/AddCycle_Acquisition_0/U0/AddCycle_Acquisition_slave_lite_v1_0_S00_AXI_inst/u_acquisition_core/serial_clk_reg_reg_i_24_n_0
    SLICE_X7Y35          CARRY4 (Prop_carry4_CI_CO[3])
                                                      0.114     5.511 r  design_1_i/AddCycle_Acquisition_0/U0/AddCycle_Acquisition_slave_lite_v1_0_S00_AXI_inst/u_acquisition_core/serial_clk_reg_reg_i_23/CO[3]
                         net (fo=1, routed)           0.000     5.511    design_1_i/AddCycle_Acquisition_0/U0/AddCycle_Acquisition_slave_lite_v1_0_S00_AXI_inst/u_acquisition_core/serial_clk_reg_reg_i_23_n_0
    SLICE_X7Y36          CARRY4 (Prop_carry4_CI_O[2])
                                                      0.239     5.750 r  design_1_i/AddCycle_Acquisition_0/U0/AddCycle_Acquisition_slave_lite_v1_0_S00_AXI_inst/u_acquisition_core/serial_clk_reg_reg_i_22/O[2]
                         net (fo=2, routed)           0.821     6.571    design_1_i/AddCycle_Acquisition_0/U0/AddCycle_Acquisition_slave_lite_v1_0_S00_AXI_inst/u_acquisition_core/minusOp[31]
    SLICE_X8Y34          LUT4 (Prop_lut4_I0_O)        0.302     6.873 r  design_1_i/AddCycle_Acquisition_0/U0/AddCycle_Acquisition_slave_lite_v1_0_S00_AXI_inst/u_acquisition_core/serial_clk_reg_i_9/O
                         net (fo=1, routed)           0.000     6.873    design_1_i/AddCycle_Acquisition_0/U0/AddCycle_Acquisition_slave_lite_v1_0_S00_AXI_inst/u_acquisition_core/serial_clk_reg_i_9_n_0
    SLICE_X8Y34          CARRY4 (Prop_carry4_S[3]_CO[3])
                                                      0.376     7.249 r  design_1_i/AddCycle_Acquisition_0/U0/AddCycle_Acquisition_slave_lite_v1_0_S00_AXI_inst/u_acquisition_core/serial_clk_reg_reg_i_3/CO[3]
                         net (fo=37, routed)          1.502     8.751    design_1_i/AddCycle_Acquisition_0/U0/AddCycle_Acquisition_slave_lite_v1_0_S00_AXI_inst/u_acquisition_core/serial_clk_reg_reg_i_3_n_0
    SLICE_X18Y26         LUT2 (Prop_lut2_I1_O)        0.119     8.870 f  design_1_i/AddCycle_Acquisition_0/U0/AddCycle_Acquisition_slave_lite_v1_0_S00_AXI_inst/u_acquisition_core/shift_reg[0][63]_i_3/O
                         net (fo=1, routed)           0.488     9.358    design_1_i/AddCycle_Acquisition_0/U0/AddCycle_Acquisition_slave_lite_v1_0_S00_AXI_inst/u_acquisition_core/shift_reg[0][63]_i_3_n_0
    SLICE_X18Y25         LUT6 (Prop_lut6_I2_O)        0.332     9.690 r  design_1_i/AddCycle_Acquisition_0/U0/AddCycle_Acquisition_slave_lite_v1_0_S00_AXI_inst/u_acquisition_core/shift_reg[0][63]_i_1/O
                         net (fo=1664, routed)        1.751    11.441    design_1_i/AddCycle_Acquisition_0/U0/AddCycle_Acquisition_slave_lite_v1_0_S00_AXI_inst/u_acquisition_core/shift_reg[0][63]_i_1_n_0
    SLICE_X35Y4          FDRE                                         r  design_1_i/AddCycle_Acquisition_0/U0/AddCycle_Acquisition_slave_lite_v1_0_S00_AXI_inst/u_acquisition_core/shift_reg_reg[16][33]/CE
  -------------------------------------------------------------------    -------------------

                         (clock clk_fpga_0 rise edge)
                                                     10.000    10.000 r  
    PS7_X0Y0             PS7                          0.000    10.000 r  design_1_i/processing_system7_0/inst/PS7_i/FCLKCLK[0]
                         net (fo=1, routed)           1.101    11.101    design_1_i/processing_system7_0/inst/FCLK_CLK_unbuffered[0]
    BUFGCTRL_X0Y0        BUFG (Prop_bufg_I_O)         0.091    11.192 r  design_1_i/processing_system7_0/inst/buffer_fclk_clk_0.FCLK_CLK_0_BUFG/O
                         net (fo=4816, routed)        1.500    12.692    design_1_i/AddCycle_Acquisition_0/U0/AddCycle_Acquisition_slave_lite_v1_0_S00_AXI_inst/u_acquisition_core/s00_axi_aclk
    SLICE_X35Y4          FDRE                                         r  design_1_i/AddCycle_Acquisition_0/U0/AddCycle_Acquisition_slave_lite_v1_0_S00_AXI_inst/u_acquisition_core/shift_reg_reg[16][33]/C
                         clock pessimism              0.130    12.822    
                         clock uncertainty           -0.154    12.668    
    SLICE_X35Y4          FDRE (Setup_fdre_C_CE)      -0.205    12.463    design_1_i/AddCycle_Acquisition_0/U0/AddCycle_Acquisition_slave_lite_v1_0_S00_AXI_inst/u_acquisition_core/shift_reg_reg[16][33]
  -------------------------------------------------------------------
                         required time                         12.463    
                         arrival time                         -11.441    
  -------------------------------------------------------------------
                         slack                                  1.022    

Slack (MET) :             1.025ns  (required time - arrival time)
  Source:                 design_1_i/AddCycle_Acquisition_0/U0/AddCycle_Acquisition_slave_lite_v1_0_S00_AXI_inst/u_acquisition_core/cfg_serial_half_period_clks_reg[4]/C
                            (rising edge-triggered cell FDSE clocked by clk_fpga_0  {rise@0.000ns fall@5.000ns period=10.000ns})
  Destination:            design_1_i/AddCycle_Acquisition_0/U0/AddCycle_Acquisition_slave_lite_v1_0_S00_AXI_inst/u_acquisition_core/shift_reg_reg[16][28]/CE
                            (rising edge-triggered cell FDRE clocked by clk_fpga_0  {rise@0.000ns fall@5.000ns period=10.000ns})
  Path Group:             clk_fpga_0
  Path Type:              Setup (Max at Slow Process Corner)
  Requirement:            10.000ns  (clk_fpga_0 rise@10.000ns - clk_fpga_0 rise@0.000ns)
  Data Path Delay:        8.498ns  (logic 3.226ns (37.961%)  route 5.272ns (62.039%))
  Logic Levels:           13  (CARRY4=9 LUT1=1 LUT2=1 LUT4=1 LUT6=1)
  Clock Path Skew:        -0.154ns (DCD - SCD + CPR)
    Destination Clock Delay (DCD):    2.692ns = ( 12.693 - 10.000 ) 
    Source Clock Delay      (SCD):    2.976ns
    Clock Pessimism Removal (CPR):    0.130ns
  Clock Uncertainty:      0.154ns  ((TSJ^2 + TIJ^2)^1/2 + DJ) / 2 + PE
    Total System Jitter     (TSJ):    0.071ns
    Total Input Jitter      (TIJ):    0.300ns
    Discrete Jitter          (DJ):    0.000ns
    Phase Error              (PE):    0.000ns

    Location             Delay type                Incr(ns)  Path(ns)    Netlist Resource(s)
  -------------------------------------------------------------------    -------------------
                         (clock clk_fpga_0 rise edge)
                                                      0.000     0.000 r  
    PS7_X0Y0             PS7                          0.000     0.000 r  design_1_i/processing_system7_0/inst/PS7_i/FCLKCLK[0]
                         net (fo=1, routed)           1.207     1.207    design_1_i/processing_system7_0/inst/FCLK_CLK_unbuffered[0]
    BUFGCTRL_X0Y0        BUFG (Prop_bufg_I_O)         0.101     1.308 r  design_1_i/processing_system7_0/inst/buffer_fclk_clk_0.FCLK_CLK_0_BUFG/O
                         net (fo=4816, routed)        1.668     2.976    design_1_i/AddCycle_Acquisition_0/U0/AddCycle_Acquisition_slave_lite_v1_0_S00_AXI_inst/u_acquisition_core/s00_axi_aclk
    SLICE_X6Y29          FDSE                                         r  design_1_i/AddCycle_Acquisition_0/U0/AddCycle_Acquisition_slave_lite_v1_0_S00_AXI_inst/u_acquisition_core/cfg_serial_half_period_clks_reg[4]/C
  -------------------------------------------------------------------    -------------------
    SLICE_X6Y29          FDSE (Prop_fdse_C_Q)         0.478     3.454 f  design_1_i/AddCycle_Acquisition_0/U0/AddCycle_Acquisition_slave_lite_v1_0_S00_AXI_inst/u_acquisition_core/cfg_serial_half_period_clks_reg[4]/Q
                         net (fo=2, routed)           0.677     4.131    design_1_i/AddCycle_Acquisition_0/U0/AddCycle_Acquisition_slave_lite_v1_0_S00_AXI_inst/u_acquisition_core/cfg_serial_half_period_clks_reg_n_0_[4]
    SLICE_X7Y29          LUT1 (Prop_lut1_I0_O)        0.295     4.426 r  design_1_i/AddCycle_Acquisition_0/U0/AddCycle_Acquisition_slave_lite_v1_0_S00_AXI_inst/u_acquisition_core/serial_clk_reg_i_74/O
                         net (fo=1, routed)           0.000     4.426    design_1_i/AddCycle_Acquisition_0/U0/AddCycle_Acquisition_slave_lite_v1_0_S00_AXI_inst/u_acquisition_core/serial_clk_reg_i_74_n_0
    SLICE_X7Y29          CARRY4 (Prop_carry4_S[3]_CO[3])
                                                      0.401     4.827 r  design_1_i/AddCycle_Acquisition_0/U0/AddCycle_Acquisition_slave_lite_v1_0_S00_AXI_inst/u_acquisition_core/serial_clk_reg_reg_i_65/CO[3]
                         net (fo=1, routed)           0.000     4.827    design_1_i/AddCycle_Acquisition_0/U0/AddCycle_Acquisition_slave_lite_v1_0_S00_AXI_inst/u_acquisition_core/serial_clk_reg_reg_i_65_n_0
    SLICE_X7Y30          CARRY4 (Prop_carry4_CI_CO[3])
                                                      0.114     4.941 r  design_1_i/AddCycle_Acquisition_0/U0/AddCycle_Acquisition_slave_lite_v1_0_S00_AXI_inst/u_acquisition_core/serial_clk_reg_reg_i_56/CO[3]
                         net (fo=1, routed)           0.000     4.941    design_1_i/AddCycle_Acquisition_0/U0/AddCycle_Acquisition_slave_lite_v1_0_S00_AXI_inst/u_acquisition_core/serial_clk_reg_reg_i_56_n_0
    SLICE_X7Y31          CARRY4 (Prop_carry4_CI_CO[3])
                                                      0.114     5.055 r  design_1_i/AddCycle_Acquisition_0/U0/AddCycle_Acquisition_slave_lite_v1_0_S00_AXI_inst/u_acquisition_core/serial_clk_reg_reg_i_55/CO[3]
                         net (fo=1, routed)           0.000     5.055    design_1_i/AddCycle_Acquisition_0/U0/AddCycle_Acquisition_slave_lite_v1_0_S00_AXI_inst/u_acquisition_core/serial_clk_reg_reg_i_55_n_0
    SLICE_X7Y32          CARRY4 (Prop_carry4_CI_CO[3])
                                                      0.114     5.169 r  design_1_i/AddCycle_Acquisition_0/U0/AddCycle_Acquisition_slave_lite_v1_0_S00_AXI_inst/u_acquisition_core/serial_clk_reg_reg_i_35/CO[3]
                         net (fo=1, routed)           0.000     5.169    design_1_i/AddCycle_Acquisition_0/U0/AddCycle_Acquisition_slave_lite_v1_0_S00_AXI_inst/u_acquisition_core/serial_clk_reg_reg_i_35_n_0
    SLICE_X7Y33          CARRY4 (Prop_carry4_CI_CO[3])
                                                      0.114     5.283 r  design_1_i/AddCycle_Acquisition_0/U0/AddCycle_Acquisition_slave_lite_v1_0_S00_AXI_inst/u_acquisition_core/serial_clk_reg_reg_i_34/CO[3]
                         net (fo=1, routed)           0.000     5.283    design_1_i/AddCycle_Acquisition_0/U0/AddCycle_Acquisition_slave_lite_v1_0_S00_AXI_inst/u_acquisition_core/serial_clk_reg_reg_i_34_n_0
    SLICE_X7Y34          CARRY4 (Prop_carry4_CI_CO[3])
                                                      0.114     5.397 r  design_1_i/AddCycle_Acquisition_0/U0/AddCycle_Acquisition_slave_lite_v1_0_S00_AXI_inst/u_acquisition_core/serial_clk_reg_reg_i_24/CO[3]
                         net (fo=1, routed)           0.000     5.397    design_1_i/AddCycle_Acquisition_0/U0/AddCycle_Acquisition_slave_lite_v1_0_S00_AXI_inst/u_acquisition_core/serial_clk_reg_reg_i_24_n_0
    SLICE_X7Y35          CARRY4 (Prop_carry4_CI_CO[3])
                                                      0.114     5.511 r  design_1_i/AddCycle_Acquisition_0/U0/AddCycle_Acquisition_slave_lite_v1_0_S00_AXI_inst/u_acquisition_core/serial_clk_reg_reg_i_23/CO[3]
                         net (fo=1, routed)           0.000     5.511    design_1_i/AddCycle_Acquisition_0/U0/AddCycle_Acquisition_slave_lite_v1_0_S00_AXI_inst/u_acquisition_core/serial_clk_reg_reg_i_23_n_0
    SLICE_X7Y36          CARRY4 (Prop_carry4_CI_O[2])
                                                      0.239     5.750 r  design_1_i/AddCycle_Acquisition_0/U0/AddCycle_Acquisition_slave_lite_v1_0_S00_AXI_inst/u_acquisition_core/serial_clk_reg_reg_i_22/O[2]
                         net (fo=2, routed)           0.821     6.571    design_1_i/AddCycle_Acquisition_0/U0/AddCycle_Acquisition_slave_lite_v1_0_S00_AXI_inst/u_acquisition_core/minusOp[31]
    SLICE_X8Y34          LUT4 (Prop_lut4_I0_O)        0.302     6.873 r  design_1_i/AddCycle_Acquisition_0/U0/AddCycle_Acquisition_slave_lite_v1_0_S00_AXI_inst/u_acquisition_core/serial_clk_reg_i_9/O
                         net (fo=1, routed)           0.000     6.873    design_1_i/AddCycle_Acquisition_0/U0/AddCycle_Acquisition_slave_lite_v1_0_S00_AXI_inst/u_acquisition_core/serial_clk_reg_i_9_n_0
    SLICE_X8Y34          CARRY4 (Prop_carry4_S[3]_CO[3])
                                                      0.376     7.249 r  design_1_i/AddCycle_Acquisition_0/U0/AddCycle_Acquisition_slave_lite_v1_0_S00_AXI_inst/u_acquisition_core/serial_clk_reg_reg_i_3/CO[3]
                         net (fo=37, routed)          1.502     8.751    design_1_i/AddCycle_Acquisition_0/U0/AddCycle_Acquisition_slave_lite_v1_0_S00_AXI_inst/u_acquisition_core/serial_clk_reg_reg_i_3_n_0
    SLICE_X18Y26         LUT2 (Prop_lut2_I1_O)        0.119     8.870 f  design_1_i/AddCycle_Acquisition_0/U0/AddCycle_Acquisition_slave_lite_v1_0_S00_AXI_inst/u_acquisition_core/shift_reg[0][63]_i_3/O
                         net (fo=1, routed)           0.488     9.358    design_1_i/AddCycle_Acquisition_0/U0/AddCycle_Acquisition_slave_lite_v1_0_S00_AXI_inst/u_acquisition_core/shift_reg[0][63]_i_3_n_0
    SLICE_X18Y25         LUT6 (Prop_lut6_I2_O)        0.332     9.690 r  design_1_i/AddCycle_Acquisition_0/U0/AddCycle_Acquisition_slave_lite_v1_0_S00_AXI_inst/u_acquisition_core/shift_reg[0][63]_i_1/O
                         net (fo=1664, routed)        1.784    11.474    design_1_i/AddCycle_Acquisition_0/U0/AddCycle_Acquisition_slave_lite_v1_0_S00_AXI_inst/u_acquisition_core/shift_reg[0][63]_i_1_n_0
    SLICE_X32Y5          FDRE                                         r  design_1_i/AddCycle_Acquisition_0/U0/AddCycle_Acquisition_slave_lite_v1_0_S00_AXI_inst/u_acquisition_core/shift_reg_reg[16][28]/CE
  -------------------------------------------------------------------    -------------------

                         (clock clk_fpga_0 rise edge)
                                                     10.000    10.000 r  
    PS7_X0Y0             PS7                          0.000    10.000 r  design_1_i/processing_system7_0/inst/PS7_i/FCLKCLK[0]
                         net (fo=1, routed)           1.101    11.101    design_1_i/processing_system7_0/inst/FCLK_CLK_unbuffered[0]
    BUFGCTRL_X0Y0        BUFG (Prop_bufg_I_O)         0.091    11.192 r  design_1_i/processing_system7_0/inst/buffer_fclk_clk_0.FCLK_CLK_0_BUFG/O
                         net (fo=4816, routed)        1.500    12.692    design_1_i/AddCycle_Acquisition_0/U0/AddCycle_Acquisition_slave_lite_v1_0_S00_AXI_inst/u_acquisition_core/s00_axi_aclk
    SLICE_X32Y5          FDRE                                         r  design_1_i/AddCycle_Acquisition_0/U0/AddCycle_Acquisition_slave_lite_v1_0_S00_AXI_inst/u_acquisition_core/shift_reg_reg[16][28]/C
                         clock pessimism              0.130    12.822    
                         clock uncertainty           -0.154    12.668    
    SLICE_X32Y5          FDRE (Setup_fdre_C_CE)      -0.169    12.499    design_1_i/AddCycle_Acquisition_0/U0/AddCycle_Acquisition_slave_lite_v1_0_S00_AXI_inst/u_acquisition_core/shift_reg_reg[16][28]
  -------------------------------------------------------------------
                         required time                         12.499    
                         arrival time                         -11.474    
  -------------------------------------------------------------------
                         slack                                  1.025    

Slack (MET) :             1.025ns  (required time - arrival time)
  Source:                 design_1_i/AddCycle_Acquisition_0/U0/AddCycle_Acquisition_slave_lite_v1_0_S00_AXI_inst/u_acquisition_core/cfg_serial_half_period_clks_reg[4]/C
                            (rising edge-triggered cell FDSE clocked by clk_fpga_0  {rise@0.000ns fall@5.000ns period=10.000ns})
  Destination:            design_1_i/AddCycle_Acquisition_0/U0/AddCycle_Acquisition_slave_lite_v1_0_S00_AXI_inst/u_acquisition_core/shift_reg_reg[17][30]/CE
                            (rising edge-triggered cell FDRE clocked by clk_fpga_0  {rise@0.000ns fall@5.000ns period=10.000ns})
  Path Group:             clk_fpga_0
  Path Type:              Setup (Max at Slow Process Corner)
  Requirement:            10.000ns  (clk_fpga_0 rise@10.000ns - clk_fpga_0 rise@0.000ns)
  Data Path Delay:        8.498ns  (logic 3.226ns (37.961%)  route 5.272ns (62.039%))
  Logic Levels:           13  (CARRY4=9 LUT1=1 LUT2=1 LUT4=1 LUT6=1)
  Clock Path Skew:        -0.154ns (DCD - SCD + CPR)
    Destination Clock Delay (DCD):    2.692ns = ( 12.693 - 10.000 ) 
    Source Clock Delay      (SCD):    2.976ns
    Clock Pessimism Removal (CPR):    0.130ns
  Clock Uncertainty:      0.154ns  ((TSJ^2 + TIJ^2)^1/2 + DJ) / 2 + PE
    Total System Jitter     (TSJ):    0.071ns
    Total Input Jitter      (TIJ):    0.300ns
    Discrete Jitter          (DJ):    0.000ns
    Phase Error              (PE):    0.000ns

    Location             Delay type                Incr(ns)  Path(ns)    Netlist Resource(s)
  -------------------------------------------------------------------    -------------------
                         (clock clk_fpga_0 rise edge)
                                                      0.000     0.000 r  
    PS7_X0Y0             PS7                          0.000     0.000 r  design_1_i/processing_system7_0/inst/PS7_i/FCLKCLK[0]
                         net (fo=1, routed)           1.207     1.207    design_1_i/processing_system7_0/inst/FCLK_CLK_unbuffered[0]
    BUFGCTRL_X0Y0        BUFG (Prop_bufg_I_O)         0.101     1.308 r  design_1_i/processing_system7_0/inst/buffer_fclk_clk_0.FCLK_CLK_0_BUFG/O
                         net (fo=4816, routed)        1.668     2.976    design_1_i/AddCycle_Acquisition_0/U0/AddCycle_Acquisition_slave_lite_v1_0_S00_AXI_inst/u_acquisition_core/s00_axi_aclk
    SLICE_X6Y29          FDSE                                         r  design_1_i/AddCycle_Acquisition_0/U0/AddCycle_Acquisition_slave_lite_v1_0_S00_AXI_inst/u_acquisition_core/cfg_serial_half_period_clks_reg[4]/C
  -------------------------------------------------------------------    -------------------
    SLICE_X6Y29          FDSE (Prop_fdse_C_Q)         0.478     3.454 f  design_1_i/AddCycle_Acquisition_0/U0/AddCycle_Acquisition_slave_lite_v1_0_S00_AXI_inst/u_acquisition_core/cfg_serial_half_period_clks_reg[4]/Q
                         net (fo=2, routed)           0.677     4.131    design_1_i/AddCycle_Acquisition_0/U0/AddCycle_Acquisition_slave_lite_v1_0_S00_AXI_inst/u_acquisition_core/cfg_serial_half_period_clks_reg_n_0_[4]
    SLICE_X7Y29          LUT1 (Prop_lut1_I0_O)        0.295     4.426 r  design_1_i/AddCycle_Acquisition_0/U0/AddCycle_Acquisition_slave_lite_v1_0_S00_AXI_inst/u_acquisition_core/serial_clk_reg_i_74/O
                         net (fo=1, routed)           0.000     4.426    design_1_i/AddCycle_Acquisition_0/U0/AddCycle_Acquisition_slave_lite_v1_0_S00_AXI_inst/u_acquisition_core/serial_clk_reg_i_74_n_0
    SLICE_X7Y29          CARRY4 (Prop_carry4_S[3]_CO[3])
                                                      0.401     4.827 r  design_1_i/AddCycle_Acquisition_0/U0/AddCycle_Acquisition_slave_lite_v1_0_S00_AXI_inst/u_acquisition_core/serial_clk_reg_reg_i_65/CO[3]
                         net (fo=1, routed)           0.000     4.827    design_1_i/AddCycle_Acquisition_0/U0/AddCycle_Acquisition_slave_lite_v1_0_S00_AXI_inst/u_acquisition_core/serial_clk_reg_reg_i_65_n_0
    SLICE_X7Y30          CARRY4 (Prop_carry4_CI_CO[3])
                                                      0.114     4.941 r  design_1_i/AddCycle_Acquisition_0/U0/AddCycle_Acquisition_slave_lite_v1_0_S00_AXI_inst/u_acquisition_core/serial_clk_reg_reg_i_56/CO[3]
                         net (fo=1, routed)           0.000     4.941    design_1_i/AddCycle_Acquisition_0/U0/AddCycle_Acquisition_slave_lite_v1_0_S00_AXI_inst/u_acquisition_core/serial_clk_reg_reg_i_56_n_0
    SLICE_X7Y31          CARRY4 (Prop_carry4_CI_CO[3])
                                                      0.114     5.055 r  design_1_i/AddCycle_Acquisition_0/U0/AddCycle_Acquisition_slave_lite_v1_0_S00_AXI_inst/u_acquisition_core/serial_clk_reg_reg_i_55/CO[3]
                         net (fo=1, routed)           0.000     5.055    design_1_i/AddCycle_Acquisition_0/U0/AddCycle_Acquisition_slave_lite_v1_0_S00_AXI_inst/u_acquisition_core/serial_clk_reg_reg_i_55_n_0
    SLICE_X7Y32          CARRY4 (Prop_carry4_CI_CO[3])
                                                      0.114     5.169 r  design_1_i/AddCycle_Acquisition_0/U0/AddCycle_Acquisition_slave_lite_v1_0_S00_AXI_inst/u_acquisition_core/serial_clk_reg_reg_i_35/CO[3]
                         net (fo=1, routed)           0.000     5.169    design_1_i/AddCycle_Acquisition_0/U0/AddCycle_Acquisition_slave_lite_v1_0_S00_AXI_inst/u_acquisition_core/serial_clk_reg_reg_i_35_n_0
    SLICE_X7Y33          CARRY4 (Prop_carry4_CI_CO[3])
                                                      0.114     5.283 r  design_1_i/AddCycle_Acquisition_0/U0/AddCycle_Acquisition_slave_lite_v1_0_S00_AXI_inst/u_acquisition_core/serial_clk_reg_reg_i_34/CO[3]
                         net (fo=1, routed)           0.000     5.283    design_1_i/AddCycle_Acquisition_0/U0/AddCycle_Acquisition_slave_lite_v1_0_S00_AXI_inst/u_acquisition_core/serial_clk_reg_reg_i_34_n_0
    SLICE_X7Y34          CARRY4 (Prop_carry4_CI_CO[3])
                                                      0.114     5.397 r  design_1_i/AddCycle_Acquisition_0/U0/AddCycle_Acquisition_slave_lite_v1_0_S00_AXI_inst/u_acquisition_core/serial_clk_reg_reg_i_24/CO[3]
                         net (fo=1, routed)           0.000     5.397    design_1_i/AddCycle_Acquisition_0/U0/AddCycle_Acquisition_slave_lite_v1_0_S00_AXI_inst/u_acquisition_core/serial_clk_reg_reg_i_24_n_0
    SLICE_X7Y35          CARRY4 (Prop_carry4_CI_CO[3])
                                                      0.114     5.511 r  design_1_i/AddCycle_Acquisition_0/U0/AddCycle_Acquisition_slave_lite_v1_0_S00_AXI_inst/u_acquisition_core/serial_clk_reg_reg_i_23/CO[3]
                         net (fo=1, routed)           0.000     5.511    design_1_i/AddCycle_Acquisition_0/U0/AddCycle_Acquisition_slave_lite_v1_0_S00_AXI_inst/u_acquisition_core/serial_clk_reg_reg_i_23_n_0
    SLICE_X7Y36          CARRY4 (Prop_carry4_CI_O[2])
                                                      0.239     5.750 r  design_1_i/AddCycle_Acquisition_0/U0/AddCycle_Acquisition_slave_lite_v1_0_S00_AXI_inst/u_acquisition_core/serial_clk_reg_reg_i_22/O[2]
                         net (fo=2, routed)           0.821     6.571    design_1_i/AddCycle_Acquisition_0/U0/AddCycle_Acquisition_slave_lite_v1_0_S00_AXI_inst/u_acquisition_core/minusOp[31]
    SLICE_X8Y34          LUT4 (Prop_lut4_I0_O)        0.302     6.873 r  design_1_i/AddCycle_Acquisition_0/U0/AddCycle_Acquisition_slave_lite_v1_0_S00_AXI_inst/u_acquisition_core/serial_clk_reg_i_9/O
                         net (fo=1, routed)           0.000     6.873    design_1_i/AddCycle_Acquisition_0/U0/AddCycle_Acquisition_slave_lite_v1_0_S00_AXI_inst/u_acquisition_core/serial_clk_reg_i_9_n_0
    SLICE_X8Y34          CARRY4 (Prop_carry4_S[3]_CO[3])
                                                      0.376     7.249 r  design_1_i/AddCycle_Acquisition_0/U0/AddCycle_Acquisition_slave_lite_v1_0_S00_AXI_inst/u_acquisition_core/serial_clk_reg_reg_i_3/CO[3]
                         net (fo=37, routed)          1.502     8.751    design_1_i/AddCycle_Acquisition_0/U0/AddCycle_Acquisition_slave_lite_v1_0_S00_AXI_inst/u_acquisition_core/serial_clk_reg_reg_i_3_n_0
    SLICE_X18Y26         LUT2 (Prop_lut2_I1_O)        0.119     8.870 f  design_1_i/AddCycle_Acquisition_0/U0/AddCycle_Acquisition_slave_lite_v1_0_S00_AXI_inst/u_acquisition_core/shift_reg[0][63]_i_3/O
                         net (fo=1, routed)           0.488     9.358    design_1_i/AddCycle_Acquisition_0/U0/AddCycle_Acquisition_slave_lite_v1_0_S00_AXI_inst/u_acquisition_core/shift_reg[0][63]_i_3_n_0
    SLICE_X18Y25         LUT6 (Prop_lut6_I2_O)        0.332     9.690 r  design_1_i/AddCycle_Acquisition_0/U0/AddCycle_Acquisition_slave_lite_v1_0_S00_AXI_inst/u_acquisition_core/shift_reg[0][63]_i_1/O
                         net (fo=1664, routed)        1.784    11.474    design_1_i/AddCycle_Acquisition_0/U0/AddCycle_Acquisition_slave_lite_v1_0_S00_AXI_inst/u_acquisition_core/shift_reg[0][63]_i_1_n_0
    SLICE_X32Y5          FDRE                                         r  design_1_i/AddCycle_Acquisition_0/U0/AddCycle_Acquisition_slave_lite_v1_0_S00_AXI_inst/u_acquisition_core/shift_reg_reg[17][30]/CE
  -------------------------------------------------------------------    -------------------

                         (clock clk_fpga_0 rise edge)
                                                     10.000    10.000 r  
    PS7_X0Y0             PS7                          0.000    10.000 r  design_1_i/processing_system7_0/inst/PS7_i/FCLKCLK[0]
                         net (fo=1, routed)           1.101    11.101    design_1_i/processing_system7_0/inst/FCLK_CLK_unbuffered[0]
    BUFGCTRL_X0Y0        BUFG (Prop_bufg_I_O)         0.091    11.192 r  design_1_i/processing_system7_0/inst/buffer_fclk_clk_0.FCLK_CLK_0_BUFG/O
                         net (fo=4816, routed)        1.500    12.692    design_1_i/AddCycle_Acquisition_0/U0/AddCycle_Acquisition_slave_lite_v1_0_S00_AXI_inst/u_acquisition_core/s00_axi_aclk
    SLICE_X32Y5          FDRE                                         r  design_1_i/AddCycle_Acquisition_0/U0/AddCycle_Acquisition_slave_lite_v1_0_S00_AXI_inst/u_acquisition_core/shift_reg_reg[17][30]/C
                         clock pessimism              0.130    12.822    
                         clock uncertainty           -0.154    12.668    
    SLICE_X32Y5          FDRE (Setup_fdre_C_CE)      -0.169    12.499    design_1_i/AddCycle_Acquisition_0/U0/AddCycle_Acquisition_slave_lite_v1_0_S00_AXI_inst/u_acquisition_core/shift_reg_reg[17][30]
  -------------------------------------------------------------------
                         required time                         12.499    
                         arrival time                         -11.474    
  -------------------------------------------------------------------
                         slack                                  1.025    





Min Delay Paths
--------------------------------------------------------------------------------------
Slack (MET) :             0.037ns  (arrival time - required time)
  Source:                 design_1_i/AddCycle_Acquisition_0/U0/AddCycle_Acquisition_slave_lite_v1_0_S00_AXI_inst/u_acquisition_core/shift_reg_reg[7][1]/C
                            (rising edge-triggered cell FDRE clocked by clk_fpga_0  {rise@0.000ns fall@5.000ns period=10.000ns})
  Destination:            design_1_i/AddCycle_Acquisition_0/U0/AddCycle_Acquisition_slave_lite_v1_0_S00_AXI_inst/u_acquisition_core/shift_reg_reg[7][2]/D
                            (rising edge-triggered cell FDRE clocked by clk_fpga_0  {rise@0.000ns fall@5.000ns period=10.000ns})
  Path Group:             clk_fpga_0
  Path Type:              Hold (Min at Fast Process Corner)
  Requirement:            0.000ns  (clk_fpga_0 rise@0.000ns - clk_fpga_0 rise@0.000ns)
  Data Path Delay:        0.421ns  (logic 0.226ns (53.716%)  route 0.195ns (46.284%))
  Logic Levels:           1  (LUT3=1)
  Clock Path Skew:        0.262ns (DCD - SCD - CPR)
    Destination Clock Delay (DCD):    1.185ns
    Source Clock Delay      (SCD):    0.889ns
    Clock Pessimism Removal (CPR):    0.034ns

    Location             Delay type                Incr(ns)  Path(ns)    Netlist Resource(s)
  -------------------------------------------------------------------    -------------------
                         (clock clk_fpga_0 rise edge)
                                                      0.000     0.000 r  
    PS7_X0Y0             PS7                          0.000     0.000 r  design_1_i/processing_system7_0/inst/PS7_i/FCLKCLK[0]
                         net (fo=1, routed)           0.315     0.315    design_1_i/processing_system7_0/inst/FCLK_CLK_unbuffered[0]
    BUFGCTRL_X0Y0        BUFG (Prop_bufg_I_O)         0.026     0.341 r  design_1_i/processing_system7_0/inst/buffer_fclk_clk_0.FCLK_CLK_0_BUFG/O
                         net (fo=4816, routed)        0.548     0.889    design_1_i/AddCycle_Acquisition_0/U0/AddCycle_Acquisition_slave_lite_v1_0_S00_AXI_inst/u_acquisition_core/s00_axi_aclk
    SLICE_X23Y23         FDRE                                         r  design_1_i/AddCycle_Acquisition_0/U0/AddCycle_Acquisition_slave_lite_v1_0_S00_AXI_inst/u_acquisition_core/shift_reg_reg[7][1]/C
  -------------------------------------------------------------------    -------------------
    SLICE_X23Y23         FDRE (Prop_fdre_C_Q)         0.128     1.016 r  design_1_i/AddCycle_Acquisition_0/U0/AddCycle_Acquisition_slave_lite_v1_0_S00_AXI_inst/u_acquisition_core/shift_reg_reg[7][1]/Q
                         net (fo=2, routed)           0.195     1.211    design_1_i/AddCycle_Acquisition_0/U0/AddCycle_Acquisition_slave_lite_v1_0_S00_AXI_inst/u_acquisition_core/shift_reg_reg[7]_33[1]
    SLICE_X20Y23         LUT3 (Prop_lut3_I2_O)        0.098     1.309 r  design_1_i/AddCycle_Acquisition_0/U0/AddCycle_Acquisition_slave_lite_v1_0_S00_AXI_inst/u_acquisition_core/shift_reg[7][2]_i_1/O
                         net (fo=1, routed)           0.000     1.309    design_1_i/AddCycle_Acquisition_0/U0/AddCycle_Acquisition_slave_lite_v1_0_S00_AXI_inst/u_acquisition_core/shift_reg[7]_7[2]
    SLICE_X20Y23         FDRE                                         r  design_1_i/AddCycle_Acquisition_0/U0/AddCycle_Acquisition_slave_lite_v1_0_S00_AXI_inst/u_acquisition_core/shift_reg_reg[7][2]/D
  -------------------------------------------------------------------    -------------------

                         (clock clk_fpga_0 rise edge)
                                                      0.000     0.000 r  
    PS7_X0Y0             PS7                          0.000     0.000 r  design_1_i/processing_system7_0/inst/PS7_i/FCLKCLK[0]
                         net (fo=1, routed)           0.341     0.341    design_1_i/processing_system7_0/inst/FCLK_CLK_unbuffered[0]
    BUFGCTRL_X0Y0        BUFG (Prop_bufg_I_O)         0.029     0.370 r  design_1_i/processing_system7_0/inst/buffer_fclk_clk_0.FCLK_CLK_0_BUFG/O
                         net (fo=4816, routed)        0.815     1.185    design_1_i/AddCycle_Acquisition_0/U0/AddCycle_Acquisition_slave_lite_v1_0_S00_AXI_inst/u_acquisition_core/s00_axi_aclk
    SLICE_X20Y23         FDRE                                         r  design_1_i/AddCycle_Acquisition_0/U0/AddCycle_Acquisition_slave_lite_v1_0_S00_AXI_inst/u_acquisition_core/shift_reg_reg[7][2]/C
                         clock pessimism             -0.034     1.151    
    SLICE_X20Y23         FDRE (Hold_fdre_C_D)         0.121     1.272    design_1_i/AddCycle_Acquisition_0/U0/AddCycle_Acquisition_slave_lite_v1_0_S00_AXI_inst/u_acquisition_core/shift_reg_reg[7][2]
  -------------------------------------------------------------------
                         required time                         -1.272    
                         arrival time                           1.309    
  -------------------------------------------------------------------
                         slack                                  0.037    

Slack (MET) :             0.042ns  (arrival time - required time)
  Source:                 <hidden>
                            (rising edge-triggered cell FDRE clocked by clk_fpga_0  {rise@0.000ns fall@5.000ns period=10.000ns})
  Destination:            <hidden>
                            (rising edge-triggered cell FDRE clocked by clk_fpga_0  {rise@0.000ns fall@5.000ns period=10.000ns})
  Path Group:             clk_fpga_0
  Path Type:              Hold (Min at Fast Process Corner)
  Requirement:            0.000ns  (clk_fpga_0 rise@0.000ns - clk_fpga_0 rise@0.000ns)
  Data Path Delay:        0.336ns  (logic 0.148ns (44.093%)  route 0.188ns (55.907%))
  Logic Levels:           0  
  Clock Path Skew:        0.270ns (DCD - SCD - CPR)
    Destination Clock Delay (DCD):    1.222ns
    Source Clock Delay      (SCD):    0.923ns
    Clock Pessimism Removal (CPR):    0.029ns

    Location             Delay type                Incr(ns)  Path(ns)    Netlist Resource(s)
  -------------------------------------------------------------------    -------------------
                         (clock clk_fpga_0 rise edge)
                                                      0.000     0.000 r  
    PS7_X0Y0             PS7                          0.000     0.000 r  design_1_i/processing_system7_0/inst/PS7_i/FCLKCLK[0]
                         net (fo=1, routed)           0.315     0.315    design_1_i/processing_system7_0/inst/FCLK_CLK_unbuffered[0]
    BUFGCTRL_X0Y0        BUFG (Prop_bufg_I_O)         0.026     0.341 r  design_1_i/processing_system7_0/inst/buffer_fclk_clk_0.FCLK_CLK_0_BUFG/O
                         net (fo=4816, routed)        0.582     0.923    <hidden>
    SLICE_X0Y50          FDRE                                         r  <hidden>
  -------------------------------------------------------------------    -------------------
    SLICE_X0Y50          FDRE (Prop_fdre_C_Q)         0.148     1.071 r  <hidden>
                         net (fo=2, routed)           0.188     1.258    <hidden>
    SLICE_X0Y48          FDRE                                         r  <hidden>
  -------------------------------------------------------------------    -------------------

                         (clock clk_fpga_0 rise edge)
                                                      0.000     0.000 r  
    PS7_X0Y0             PS7                          0.000     0.000 r  design_1_i/processing_system7_0/inst/PS7_i/FCLKCLK[0]
                         net (fo=1, routed)           0.341     0.341    design_1_i/processing_system7_0/inst/FCLK_CLK_unbuffered[0]
    BUFGCTRL_X0Y0        BUFG (Prop_bufg_I_O)         0.029     0.370 r  design_1_i/processing_system7_0/inst/buffer_fclk_clk_0.FCLK_CLK_0_BUFG/O
                         net (fo=4816, routed)        0.852     1.222    <hidden>
    SLICE_X0Y48          FDRE                                         r  <hidden>
                         clock pessimism             -0.029     1.193    
    SLICE_X0Y48          FDRE (Hold_fdre_C_D)         0.023     1.216    <hidden>
  -------------------------------------------------------------------
                         required time                         -1.216    
                         arrival time                           1.258    
  -------------------------------------------------------------------
                         slack                                  0.042    

Slack (MET) :             0.043ns  (arrival time - required time)
  Source:                 design_1_i/axi_dma_0/U0/I_PRMRY_DATAMOVER/GEN_S2MM_FULL.I_S2MM_FULL_WRAPPER/GEN_INCLUDE_IBTTCC.I_S2MM_MSTR_IBTTCC/sig_realign_btt_reg_reg[4]/C
                            (rising edge-triggered cell FDRE clocked by clk_fpga_0  {rise@0.000ns fall@5.000ns period=10.000ns})
  Destination:            design_1_i/axi_dma_0/U0/I_PRMRY_DATAMOVER/GEN_S2MM_FULL.I_S2MM_FULL_WRAPPER/GEN_INCLUDE_REALIGNER.I_S2MM_REALIGNER/I_DRE_CNTL_FIFO/USE_SRL_FIFO.I_SYNC_FIFO/I_SRL_FIFO_RBU_F/DYNSHREG_F_I/INFERRED_GEN.data_reg[3][26]_srl4/D
                            (rising edge-triggered cell SRL16E clocked by clk_fpga_0  {rise@0.000ns fall@5.000ns period=10.000ns})
  Path Group:             clk_fpga_0
  Path Type:              Hold (Min at Fast Process Corner)
  Requirement:            0.000ns  (clk_fpga_0 rise@0.000ns - clk_fpga_0 rise@0.000ns)
  Data Path Delay:        0.241ns  (logic 0.141ns (58.447%)  route 0.100ns (41.553%))
  Logic Levels:           0  
  Clock Path Skew:        0.015ns (DCD - SCD - CPR)
    Destination Clock Delay (DCD):    1.191ns
    Source Clock Delay      (SCD):    0.895ns
    Clock Pessimism Removal (CPR):    0.281ns

    Location             Delay type                Incr(ns)  Path(ns)    Netlist Resource(s)
  -------------------------------------------------------------------    -------------------
                         (clock clk_fpga_0 rise edge)
                                                      0.000     0.000 r  
    PS7_X0Y0             PS7                          0.000     0.000 r  design_1_i/processing_system7_0/inst/PS7_i/FCLKCLK[0]
                         net (fo=1, routed)           0.315     0.315    design_1_i/processing_system7_0/inst/FCLK_CLK_unbuffered[0]
    BUFGCTRL_X0Y0        BUFG (Prop_bufg_I_O)         0.026     0.341 r  design_1_i/processing_system7_0/inst/buffer_fclk_clk_0.FCLK_CLK_0_BUFG/O
                         net (fo=4816, routed)        0.554     0.895    design_1_i/axi_dma_0/U0/I_PRMRY_DATAMOVER/GEN_S2MM_FULL.I_S2MM_FULL_WRAPPER/GEN_INCLUDE_IBTTCC.I_S2MM_MSTR_IBTTCC/m_axi_s2mm_aclk
    SLICE_X11Y23         FDRE                                         r  design_1_i/axi_dma_0/U0/I_PRMRY_DATAMOVER/GEN_S2MM_FULL.I_S2MM_FULL_WRAPPER/GEN_INCLUDE_IBTTCC.I_S2MM_MSTR_IBTTCC/sig_realign_btt_reg_reg[4]/C
  -------------------------------------------------------------------    -------------------
    SLICE_X11Y23         FDRE (Prop_fdre_C_Q)         0.141     1.036 r  design_1_i/axi_dma_0/U0/I_PRMRY_DATAMOVER/GEN_S2MM_FULL.I_S2MM_FULL_WRAPPER/GEN_INCLUDE_IBTTCC.I_S2MM_MSTR_IBTTCC/sig_realign_btt_reg_reg[4]/Q
                         net (fo=1, routed)           0.100     1.136    design_1_i/axi_dma_0/U0/I_PRMRY_DATAMOVER/GEN_S2MM_FULL.I_S2MM_FULL_WRAPPER/GEN_INCLUDE_REALIGNER.I_S2MM_REALIGNER/I_DRE_CNTL_FIFO/USE_SRL_FIFO.I_SYNC_FIFO/I_SRL_FIFO_RBU_F/DYNSHREG_F_I/in[4]
    SLICE_X12Y22         SRL16E                                       r  design_1_i/axi_dma_0/U0/I_PRMRY_DATAMOVER/GEN_S2MM_FULL.I_S2MM_FULL_WRAPPER/GEN_INCLUDE_REALIGNER.I_S2MM_REALIGNER/I_DRE_CNTL_FIFO/USE_SRL_FIFO.I_SYNC_FIFO/I_SRL_FIFO_RBU_F/DYNSHREG_F_I/INFERRED_GEN.data_reg[3][26]_srl4/D
  -------------------------------------------------------------------    -------------------

                         (clock clk_fpga_0 rise edge)
                                                      0.000     0.000 r  
    PS7_X0Y0             PS7                          0.000     0.000 r  design_1_i/processing_system7_0/inst/PS7_i/FCLKCLK[0]
                         net (fo=1, routed)           0.341     0.341    design_1_i/processing_system7_0/inst/FCLK_CLK_unbuffered[0]
    BUFGCTRL_X0Y0        BUFG (Prop_bufg_I_O)         0.029     0.370 r  design_1_i/processing_system7_0/inst/buffer_fclk_clk_0.FCLK_CLK_0_BUFG/O
                         net (fo=4816, routed)        0.821     1.191    design_1_i/axi_dma_0/U0/I_PRMRY_DATAMOVER/GEN_S2MM_FULL.I_S2MM_FULL_WRAPPER/GEN_INCLUDE_REALIGNER.I_S2MM_REALIGNER/I_DRE_CNTL_FIFO/USE_SRL_FIFO.I_SYNC_FIFO/I_SRL_FIFO_RBU_F/DYNSHREG_F_I/m_axi_s2mm_aclk
    SLICE_X12Y22         SRL16E                                       r  design_1_i/axi_dma_0/U0/I_PRMRY_DATAMOVER/GEN_S2MM_FULL.I_S2MM_FULL_WRAPPER/GEN_INCLUDE_REALIGNER.I_S2MM_REALIGNER/I_DRE_CNTL_FIFO/USE_SRL_FIFO.I_SYNC_FIFO/I_SRL_FIFO_RBU_F/DYNSHREG_F_I/INFERRED_GEN.data_reg[3][26]_srl4/CLK
                         clock pessimism             -0.281     0.910    
    SLICE_X12Y22         SRL16E (Hold_srl16e_CLK_D)
                                                      0.183     1.092    design_1_i/axi_dma_0/U0/I_PRMRY_DATAMOVER/GEN_S2MM_FULL.I_S2MM_FULL_WRAPPER/GEN_INCLUDE_REALIGNER.I_S2MM_REALIGNER/I_DRE_CNTL_FIFO/USE_SRL_FIFO.I_SYNC_FIFO/I_SRL_FIFO_RBU_F/DYNSHREG_F_I/INFERRED_GEN.data_reg[3][26]_srl4
  -------------------------------------------------------------------
                         required time                         -1.093    
                         arrival time                           1.136    
  -------------------------------------------------------------------
                         slack                                  0.043    

Slack (MET) :             0.048ns  (arrival time - required time)
  Source:                 design_1_i/AddCycle_Acquisition_0/U0/AddCycle_Acquisition_slave_lite_v1_0_S00_AXI_inst/u_acquisition_core/shift_reg_reg[4][1]/C
                            (rising edge-triggered cell FDRE clocked by clk_fpga_0  {rise@0.000ns fall@5.000ns period=10.000ns})
  Destination:            design_1_i/AddCycle_Acquisition_0/U0/AddCycle_Acquisition_slave_lite_v1_0_S00_AXI_inst/u_acquisition_core/shift_reg_reg[4][2]/D
                            (rising edge-triggered cell FDRE clocked by clk_fpga_0  {rise@0.000ns fall@5.000ns period=10.000ns})
  Path Group:             clk_fpga_0
  Path Type:              Hold (Min at Fast Process Corner)
  Requirement:            0.000ns  (clk_fpga_0 rise@0.000ns - clk_fpga_0 rise@0.000ns)
  Data Path Delay:        0.431ns  (logic 0.226ns (52.393%)  route 0.205ns (47.607%))
  Logic Levels:           1  (LUT3=1)
  Clock Path Skew:        0.262ns (DCD - SCD - CPR)
    Destination Clock Delay (DCD):    1.187ns
    Source Clock Delay      (SCD):    0.891ns
    Clock Pessimism Removal (CPR):    0.034ns

    Location             Delay type                Incr(ns)  Path(ns)    Netlist Resource(s)
  -------------------------------------------------------------------    -------------------
                         (clock clk_fpga_0 rise edge)
                                                      0.000     0.000 r  
    PS7_X0Y0             PS7                          0.000     0.000 r  design_1_i/processing_system7_0/inst/PS7_i/FCLKCLK[0]
                         net (fo=1, routed)           0.315     0.315    design_1_i/processing_system7_0/inst/FCLK_CLK_unbuffered[0]
    BUFGCTRL_X0Y0        BUFG (Prop_bufg_I_O)         0.026     0.341 r  design_1_i/processing_system7_0/inst/buffer_fclk_clk_0.FCLK_CLK_0_BUFG/O
                         net (fo=4816, routed)        0.550     0.891    design_1_i/AddCycle_Acquisition_0/U0/AddCycle_Acquisition_slave_lite_v1_0_S00_AXI_inst/u_acquisition_core/s00_axi_aclk
    SLICE_X23Y22         FDRE                                         r  design_1_i/AddCycle_Acquisition_0/U0/AddCycle_Acquisition_slave_lite_v1_0_S00_AXI_inst/u_acquisition_core/shift_reg_reg[4][1]/C
  -------------------------------------------------------------------    -------------------
    SLICE_X23Y22         FDRE (Prop_fdre_C_Q)         0.128     1.018 r  design_1_i/AddCycle_Acquisition_0/U0/AddCycle_Acquisition_slave_lite_v1_0_S00_AXI_inst/u_acquisition_core/shift_reg_reg[4][1]/Q
                         net (fo=2, routed)           0.205     1.224    design_1_i/AddCycle_Acquisition_0/U0/AddCycle_Acquisition_slave_lite_v1_0_S00_AXI_inst/u_acquisition_core/shift_reg_reg[4]_30[1]
    SLICE_X20Y22         LUT3 (Prop_lut3_I2_O)        0.098     1.322 r  design_1_i/AddCycle_Acquisition_0/U0/AddCycle_Acquisition_slave_lite_v1_0_S00_AXI_inst/u_acquisition_core/shift_reg[4][2]_i_1/O
                         net (fo=1, routed)           0.000     1.322    design_1_i/AddCycle_Acquisition_0/U0/AddCycle_Acquisition_slave_lite_v1_0_S00_AXI_inst/u_acquisition_core/shift_reg[4]_4[2]
    SLICE_X20Y22         FDRE                                         r  design_1_i/AddCycle_Acquisition_0/U0/AddCycle_Acquisition_slave_lite_v1_0_S00_AXI_inst/u_acquisition_core/shift_reg_reg[4][2]/D
  -------------------------------------------------------------------    -------------------

                         (clock clk_fpga_0 rise edge)
                                                      0.000     0.000 r  
    PS7_X0Y0             PS7                          0.000     0.000 r  design_1_i/processing_system7_0/inst/PS7_i/FCLKCLK[0]
                         net (fo=1, routed)           0.341     0.341    design_1_i/processing_system7_0/inst/FCLK_CLK_unbuffered[0]
    BUFGCTRL_X0Y0        BUFG (Prop_bufg_I_O)         0.029     0.370 r  design_1_i/processing_system7_0/inst/buffer_fclk_clk_0.FCLK_CLK_0_BUFG/O
                         net (fo=4816, routed)        0.817     1.187    design_1_i/AddCycle_Acquisition_0/U0/AddCycle_Acquisition_slave_lite_v1_0_S00_AXI_inst/u_acquisition_core/s00_axi_aclk
    SLICE_X20Y22         FDRE                                         r  design_1_i/AddCycle_Acquisition_0/U0/AddCycle_Acquisition_slave_lite_v1_0_S00_AXI_inst/u_acquisition_core/shift_reg_reg[4][2]/C
                         clock pessimism             -0.034     1.153    
    SLICE_X20Y22         FDRE (Hold_fdre_C_D)         0.121     1.274    design_1_i/AddCycle_Acquisition_0/U0/AddCycle_Acquisition_slave_lite_v1_0_S00_AXI_inst/u_acquisition_core/shift_reg_reg[4][2]
  -------------------------------------------------------------------
                         required time                         -1.274    
                         arrival time                           1.322    
  -------------------------------------------------------------------
                         slack                                  0.048    

Slack (MET) :             0.056ns  (arrival time - required time)
  Source:                 design_1_i/axi_dma_0/U0/I_PRMRY_DATAMOVER/GEN_S2MM_FULL.I_S2MM_FULL_WRAPPER/GEN_INCLUDE_REALIGNER.I_S2MM_REALIGNER/GEN_INCLUDE_SCATTER.I_S2MM_SCATTER/I_MSSAI_SKID_BUF/sig_data_reg_out_reg[9]/C
                            (rising edge-triggered cell FDRE clocked by clk_fpga_0  {rise@0.000ns fall@5.000ns period=10.000ns})
  Destination:            design_1_i/axi_dma_0/U0/I_PRMRY_DATAMOVER/GEN_S2MM_FULL.I_S2MM_FULL_WRAPPER/GEN_ENABLE_INDET_BTT_SF.I_INDET_BTT/I_DATA_FIFO/BLK_MEM.I_SYNC_FIFOGEN_FIFO/xpm_fifo_instance.xpm_fifo_sync_inst/xpm_fifo_base_inst/gen_sdpram.xpm_memory_base_inst/gen_wr_a.gen_word_narrow.mem_reg_0/DIADI[9]
                            (rising edge-triggered cell RAMB36E1 clocked by clk_fpga_0  {rise@0.000ns fall@5.000ns period=10.000ns})
  Path Group:             clk_fpga_0
  Path Type:              Hold (Min at Fast Process Corner)
  Requirement:            0.000ns  (clk_fpga_0 rise@0.000ns - clk_fpga_0 rise@0.000ns)
  Data Path Delay:        0.434ns  (logic 0.164ns (37.812%)  route 0.270ns (62.188%))
  Logic Levels:           0  
  Clock Path Skew:        0.081ns (DCD - SCD - CPR)
    Destination Clock Delay (DCD):    1.246ns
    Source Clock Delay      (SCD):    0.903ns
    Clock Pessimism Removal (CPR):    0.262ns

    Location             Delay type                Incr(ns)  Path(ns)    Netlist Resource(s)
  -------------------------------------------------------------------    -------------------
                         (clock clk_fpga_0 rise edge)
                                                      0.000     0.000 r  
    PS7_X0Y0             PS7                          0.000     0.000 r  design_1_i/processing_system7_0/inst/PS7_i/FCLKCLK[0]
                         net (fo=1, routed)           0.315     0.315    design_1_i/processing_system7_0/inst/FCLK_CLK_unbuffered[0]
    BUFGCTRL_X0Y0        BUFG (Prop_bufg_I_O)         0.026     0.341 r  design_1_i/processing_system7_0/inst/buffer_fclk_clk_0.FCLK_CLK_0_BUFG/O
                         net (fo=4816, routed)        0.562     0.903    design_1_i/axi_dma_0/U0/I_PRMRY_DATAMOVER/GEN_S2MM_FULL.I_S2MM_FULL_WRAPPER/GEN_INCLUDE_REALIGNER.I_S2MM_REALIGNER/GEN_INCLUDE_SCATTER.I_S2MM_SCATTER/I_MSSAI_SKID_BUF/m_axi_s2mm_aclk
    SLICE_X12Y13         FDRE                                         r  design_1_i/axi_dma_0/U0/I_PRMRY_DATAMOVER/GEN_S2MM_FULL.I_S2MM_FULL_WRAPPER/GEN_INCLUDE_REALIGNER.I_S2MM_REALIGNER/GEN_INCLUDE_SCATTER.I_S2MM_SCATTER/I_MSSAI_SKID_BUF/sig_data_reg_out_reg[9]/C
  -------------------------------------------------------------------    -------------------
    SLICE_X12Y13         FDRE (Prop_fdre_C_Q)         0.164     1.067 r  design_1_i/axi_dma_0/U0/I_PRMRY_DATAMOVER/GEN_S2MM_FULL.I_S2MM_FULL_WRAPPER/GEN_INCLUDE_REALIGNER.I_S2MM_REALIGNER/GEN_INCLUDE_SCATTER.I_S2MM_SCATTER/I_MSSAI_SKID_BUF/sig_data_reg_out_reg[9]/Q
                         net (fo=1, routed)           0.270     1.336    design_1_i/axi_dma_0/U0/I_PRMRY_DATAMOVER/GEN_S2MM_FULL.I_S2MM_FULL_WRAPPER/GEN_ENABLE_INDET_BTT_SF.I_INDET_BTT/I_DATA_FIFO/BLK_MEM.I_SYNC_FIFOGEN_FIFO/xpm_fifo_instance.xpm_fifo_sync_inst/xpm_fifo_base_inst/gen_sdpram.xpm_memory_base_inst/dina[9]
    RAMB36_X0Y1          RAMB36E1                                     r  design_1_i/axi_dma_0/U0/I_PRMRY_DATAMOVER/GEN_S2MM_FULL.I_S2MM_FULL_WRAPPER/GEN_ENABLE_INDET_BTT_SF.I_INDET_BTT/I_DATA_FIFO/BLK_MEM.I_SYNC_FIFOGEN_FIFO/xpm_fifo_instance.xpm_fifo_sync_inst/xpm_fifo_base_inst/gen_sdpram.xpm_memory_base_inst/gen_wr_a.gen_word_narrow.mem_reg_0/DIADI[9]
  -------------------------------------------------------------------    -------------------

                         (clock clk_fpga_0 rise edge)
                                                      0.000     0.000 r  
    PS7_X0Y0             PS7                          0.000     0.000 r  design_1_i/processing_system7_0/inst/PS7_i/FCLKCLK[0]
                         net (fo=1, routed)           0.341     0.341    design_1_i/processing_system7_0/inst/FCLK_CLK_unbuffered[0]
    BUFGCTRL_X0Y0        BUFG (Prop_bufg_I_O)         0.029     0.370 r  design_1_i/processing_system7_0/inst/buffer_fclk_clk_0.FCLK_CLK_0_BUFG/O
                         net (fo=4816, routed)        0.876     1.246    design_1_i/axi_dma_0/U0/I_PRMRY_DATAMOVER/GEN_S2MM_FULL.I_S2MM_FULL_WRAPPER/GEN_ENABLE_INDET_BTT_SF.I_INDET_BTT/I_DATA_FIFO/BLK_MEM.I_SYNC_FIFOGEN_FIFO/xpm_fifo_instance.xpm_fifo_sync_inst/xpm_fifo_base_inst/gen_sdpram.xpm_memory_base_inst/clka
    RAMB36_X0Y1          RAMB36E1                                     r  design_1_i/axi_dma_0/U0/I_PRMRY_DATAMOVER/GEN_S2MM_FULL.I_S2MM_FULL_WRAPPER/GEN_ENABLE_INDET_BTT_SF.I_INDET_BTT/I_DATA_FIFO/BLK_MEM.I_SYNC_FIFOGEN_FIFO/xpm_fifo_instance.xpm_fifo_sync_inst/xpm_fifo_base_inst/gen_sdpram.xpm_memory_base_inst/gen_wr_a.gen_word_narrow.mem_reg_0/CLKBWRCLK
                         clock pessimism             -0.262     0.984    
    RAMB36_X0Y1          RAMB36E1 (Hold_ramb36e1_CLKBWRCLK_DIADI[9])
                                                      0.296     1.280    design_1_i/axi_dma_0/U0/I_PRMRY_DATAMOVER/GEN_S2MM_FULL.I_S2MM_FULL_WRAPPER/GEN_ENABLE_INDET_BTT_SF.I_INDET_BTT/I_DATA_FIFO/BLK_MEM.I_SYNC_FIFOGEN_FIFO/xpm_fifo_instance.xpm_fifo_sync_inst/xpm_fifo_base_inst/gen_sdpram.xpm_memory_base_inst/gen_wr_a.gen_word_narrow.mem_reg_0
  -------------------------------------------------------------------
                         required time                         -1.280    
                         arrival time                           1.336    
  -------------------------------------------------------------------
                         slack                                  0.056    

Slack (MET) :             0.058ns  (arrival time - required time)
  Source:                 design_1_i/axi_dma_0/U0/I_PRMRY_DATAMOVER/GEN_S2MM_FULL.I_S2MM_FULL_WRAPPER/I_WR_DATA_CNTL/GEN_INDET_BTT.lsig_byte_cntr_reg[3]/C
                            (rising edge-triggered cell FDRE clocked by clk_fpga_0  {rise@0.000ns fall@5.000ns period=10.000ns})
  Destination:            design_1_i/axi_dma_0/U0/I_PRMRY_DATAMOVER/GEN_S2MM_FULL.I_S2MM_FULL_WRAPPER/I_WR_STATUS_CNTLR/GEN_ENABLE_INDET_BTT.I_SF_DATA_CNTL_STATUS_FIFO/USE_SRL_FIFO.I_SYNC_FIFO/I_SRL_FIFO_RBU_F/DYNSHREG_F_I/INFERRED_GEN.data_reg[5][23]_srl6/D
                            (rising edge-triggered cell SRL16E clocked by clk_fpga_0  {rise@0.000ns fall@5.000ns period=10.000ns})
  Path Group:             clk_fpga_0
  Path Type:              Hold (Min at Fast Process Corner)
  Requirement:            0.000ns  (clk_fpga_0 rise@0.000ns - clk_fpga_0 rise@0.000ns)
  Data Path Delay:        0.252ns  (logic 0.141ns (55.875%)  route 0.111ns (44.125%))
  Logic Levels:           0  
  Clock Path Skew:        0.011ns (DCD - SCD - CPR)
    Destination Clock Delay (DCD):    1.208ns
    Source Clock Delay      (SCD):    0.916ns
    Clock Pessimism Removal (CPR):    0.281ns

    Location             Delay type                Incr(ns)  Path(ns)    Netlist Resource(s)
  -------------------------------------------------------------------    -------------------
                         (clock clk_fpga_0 rise edge)
                                                      0.000     0.000 r  
    PS7_X0Y0             PS7                          0.000     0.000 r  design_1_i/processing_system7_0/inst/PS7_i/FCLKCLK[0]
                         net (fo=1, routed)           0.315     0.315    design_1_i/processing_system7_0/inst/FCLK_CLK_unbuffered[0]
    BUFGCTRL_X0Y0        BUFG (Prop_bufg_I_O)         0.026     0.341 r  design_1_i/processing_system7_0/inst/buffer_fclk_clk_0.FCLK_CLK_0_BUFG/O
                         net (fo=4816, routed)        0.575     0.916    design_1_i/axi_dma_0/U0/I_PRMRY_DATAMOVER/GEN_S2MM_FULL.I_S2MM_FULL_WRAPPER/I_WR_DATA_CNTL/m_axi_s2mm_aclk
    SLICE_X3Y22          FDRE                                         r  design_1_i/axi_dma_0/U0/I_PRMRY_DATAMOVER/GEN_S2MM_FULL.I_S2MM_FULL_WRAPPER/I_WR_DATA_CNTL/GEN_INDET_BTT.lsig_byte_cntr_reg[3]/C
  -------------------------------------------------------------------    -------------------
    SLICE_X3Y22          FDRE (Prop_fdre_C_Q)         0.141     1.057 r  design_1_i/axi_dma_0/U0/I_PRMRY_DATAMOVER/GEN_S2MM_FULL.I_S2MM_FULL_WRAPPER/I_WR_DATA_CNTL/GEN_INDET_BTT.lsig_byte_cntr_reg[3]/Q
                         net (fo=2, routed)           0.111     1.168    design_1_i/axi_dma_0/U0/I_PRMRY_DATAMOVER/GEN_S2MM_FULL.I_S2MM_FULL_WRAPPER/I_WR_STATUS_CNTLR/GEN_ENABLE_INDET_BTT.I_SF_DATA_CNTL_STATUS_FIFO/USE_SRL_FIFO.I_SYNC_FIFO/I_SRL_FIFO_RBU_F/DYNSHREG_F_I/in[5]
    SLICE_X4Y23          SRL16E                                       r  design_1_i/axi_dma_0/U0/I_PRMRY_DATAMOVER/GEN_S2MM_FULL.I_S2MM_FULL_WRAPPER/I_WR_STATUS_CNTLR/GEN_ENABLE_INDET_BTT.I_SF_DATA_CNTL_STATUS_FIFO/USE_SRL_FIFO.I_SYNC_FIFO/I_SRL_FIFO_RBU_F/DYNSHREG_F_I/INFERRED_GEN.data_reg[5][23]_srl6/D
  -------------------------------------------------------------------    -------------------

                         (clock clk_fpga_0 rise edge)
                                                      0.000     0.000 r  
    PS7_X0Y0             PS7                          0.000     0.000 r  design_1_i/processing_system7_0/inst/PS7_i/FCLKCLK[0]
                         net (fo=1, routed)           0.341     0.341    design_1_i/processing_system7_0/inst/FCLK_CLK_unbuffered[0]
    BUFGCTRL_X0Y0        BUFG (Prop_bufg_I_O)         0.029     0.370 r  design_1_i/processing_system7_0/inst/buffer_fclk_clk_0.FCLK_CLK_0_BUFG/O
                         net (fo=4816, routed)        0.838     1.208    design_1_i/axi_dma_0/U0/I_PRMRY_DATAMOVER/GEN_S2MM_FULL.I_S2MM_FULL_WRAPPER/I_WR_STATUS_CNTLR/GEN_ENABLE_INDET_BTT.I_SF_DATA_CNTL_STATUS_FIFO/USE_SRL_FIFO.I_SYNC_FIFO/I_SRL_FIFO_RBU_F/DYNSHREG_F_I/m_axi_s2mm_aclk
    SLICE_X4Y23          SRL16E                                       r  design_1_i/axi_dma_0/U0/I_PRMRY_DATAMOVER/GEN_S2MM_FULL.I_S2MM_FULL_WRAPPER/I_WR_STATUS_CNTLR/GEN_ENABLE_INDET_BTT.I_SF_DATA_CNTL_STATUS_FIFO/USE_SRL_FIFO.I_SYNC_FIFO/I_SRL_FIFO_RBU_F/DYNSHREG_F_I/INFERRED_GEN.data_reg[5][23]_srl6/CLK
                         clock pessimism             -0.281     0.927    
    SLICE_X4Y23          SRL16E (Hold_srl16e_CLK_D)
                                                      0.183     1.110    design_1_i/axi_dma_0/U0/I_PRMRY_DATAMOVER/GEN_S2MM_FULL.I_S2MM_FULL_WRAPPER/I_WR_STATUS_CNTLR/GEN_ENABLE_INDET_BTT.I_SF_DATA_CNTL_STATUS_FIFO/USE_SRL_FIFO.I_SYNC_FIFO/I_SRL_FIFO_RBU_F/DYNSHREG_F_I/INFERRED_GEN.data_reg[5][23]_srl6
  -------------------------------------------------------------------
                         required time                         -1.110    
                         arrival time                           1.168    
  -------------------------------------------------------------------
                         slack                                  0.058    

Slack (MET) :             0.059ns  (arrival time - required time)
  Source:                 <hidden>
                            (rising edge-triggered cell FDRE clocked by clk_fpga_0  {rise@0.000ns fall@5.000ns period=10.000ns})
  Destination:            <hidden>
                            (rising edge-triggered cell FDRE clocked by clk_fpga_0  {rise@0.000ns fall@5.000ns period=10.000ns})
  Path Group:             clk_fpga_0
  Path Type:              Hold (Min at Fast Process Corner)
  Requirement:            0.000ns  (clk_fpga_0 rise@0.000ns - clk_fpga_0 rise@0.000ns)
  Data Path Delay:        0.460ns  (logic 0.184ns (39.974%)  route 0.276ns (60.026%))
  Logic Levels:           1  (LUT3=1)
  Clock Path Skew:        0.270ns (DCD - SCD - CPR)
    Destination Clock Delay (DCD):    1.222ns
    Source Clock Delay      (SCD):    0.923ns
    Clock Pessimism Removal (CPR):    0.029ns

    Location             Delay type                Incr(ns)  Path(ns)    Netlist Resource(s)
  -------------------------------------------------------------------    -------------------
                         (clock clk_fpga_0 rise edge)
                                                      0.000     0.000 r  
    PS7_X0Y0             PS7                          0.000     0.000 r  design_1_i/processing_system7_0/inst/PS7_i/FCLKCLK[0]
                         net (fo=1, routed)           0.315     0.315    design_1_i/processing_system7_0/inst/FCLK_CLK_unbuffered[0]
    BUFGCTRL_X0Y0        BUFG (Prop_bufg_I_O)         0.026     0.341 r  design_1_i/processing_system7_0/inst/buffer_fclk_clk_0.FCLK_CLK_0_BUFG/O
                         net (fo=4816, routed)        0.582     0.923    <hidden>
    SLICE_X1Y50          FDRE                                         r  <hidden>
  -------------------------------------------------------------------    -------------------
    SLICE_X1Y50          FDRE (Prop_fdre_C_Q)         0.141     1.064 r  <hidden>
                         net (fo=1, routed)           0.276     1.340    <hidden>
    SLICE_X0Y49          LUT3 (Prop_lut3_I0_O)        0.043     1.383 r  <hidden>
                         net (fo=1, routed)           0.000     1.383    <hidden>
    SLICE_X0Y49          FDRE                                         r  <hidden>
  -------------------------------------------------------------------    -------------------

                         (clock clk_fpga_0 rise edge)
                                                      0.000     0.000 r  
    PS7_X0Y0             PS7                          0.000     0.000 r  design_1_i/processing_system7_0/inst/PS7_i/FCLKCLK[0]
                         net (fo=1, routed)           0.341     0.341    design_1_i/processing_system7_0/inst/FCLK_CLK_unbuffered[0]
    BUFGCTRL_X0Y0        BUFG (Prop_bufg_I_O)         0.029     0.370 r  design_1_i/processing_system7_0/inst/buffer_fclk_clk_0.FCLK_CLK_0_BUFG/O
                         net (fo=4816, routed)        0.852     1.222    <hidden>
    SLICE_X0Y49          FDRE                                         r  <hidden>
                         clock pessimism             -0.029     1.193    
    SLICE_X0Y49          FDRE (Hold_fdre_C_D)         0.131     1.324    <hidden>
  -------------------------------------------------------------------
                         required time                         -1.324    
                         arrival time                           1.383    
  -------------------------------------------------------------------
                         slack                                  0.059    

Slack (MET) :             0.059ns  (arrival time - required time)
  Source:                 design_1_i/AddCycle_Acquisition_0/U0/AddCycle_Acquisition_slave_lite_v1_0_S00_AXI_inst/u_acquisition_core/shift_reg_reg[17][44]/C
                            (rising edge-triggered cell FDRE clocked by clk_fpga_0  {rise@0.000ns fall@5.000ns period=10.000ns})
  Destination:            design_1_i/AddCycle_Acquisition_0/U0/AddCycle_Acquisition_slave_lite_v1_0_S00_AXI_inst/u_acquisition_core/shift_reg_reg[17][45]/D
                            (rising edge-triggered cell FDRE clocked by clk_fpga_0  {rise@0.000ns fall@5.000ns period=10.000ns})
  Path Group:             clk_fpga_0
  Path Type:              Hold (Min at Fast Process Corner)
  Requirement:            0.000ns  (clk_fpga_0 rise@0.000ns - clk_fpga_0 rise@0.000ns)
  Data Path Delay:        0.429ns  (logic 0.187ns (43.544%)  route 0.242ns (56.456%))
  Logic Levels:           1  (LUT3=1)
  Clock Path Skew:        0.263ns (DCD - SCD - CPR)
    Destination Clock Delay (DCD):    1.199ns
    Source Clock Delay      (SCD):    0.902ns
    Clock Pessimism Removal (CPR):    0.034ns

    Location             Delay type                Incr(ns)  Path(ns)    Netlist Resource(s)
  -------------------------------------------------------------------    -------------------
                         (clock clk_fpga_0 rise edge)
                                                      0.000     0.000 r  
    PS7_X0Y0             PS7                          0.000     0.000 r  design_1_i/processing_system7_0/inst/PS7_i/FCLKCLK[0]
                         net (fo=1, routed)           0.315     0.315    design_1_i/processing_system7_0/inst/FCLK_CLK_unbuffered[0]
    BUFGCTRL_X0Y0        BUFG (Prop_bufg_I_O)         0.026     0.341 r  design_1_i/processing_system7_0/inst/buffer_fclk_clk_0.FCLK_CLK_0_BUFG/O
                         net (fo=4816, routed)        0.561     0.902    design_1_i/AddCycle_Acquisition_0/U0/AddCycle_Acquisition_slave_lite_v1_0_S00_AXI_inst/u_acquisition_core/s00_axi_aclk
    SLICE_X21Y2          FDRE                                         r  design_1_i/AddCycle_Acquisition_0/U0/AddCycle_Acquisition_slave_lite_v1_0_S00_AXI_inst/u_acquisition_core/shift_reg_reg[17][44]/C
  -------------------------------------------------------------------    -------------------
    SLICE_X21Y2          FDRE (Prop_fdre_C_Q)         0.141     1.043 r  design_1_i/AddCycle_Acquisition_0/U0/AddCycle_Acquisition_slave_lite_v1_0_S00_AXI_inst/u_acquisition_core/shift_reg_reg[17][44]/Q
                         net (fo=2, routed)           0.242     1.285    design_1_i/AddCycle_Acquisition_0/U0/AddCycle_Acquisition_slave_lite_v1_0_S00_AXI_inst/u_acquisition_core/shift_reg_reg[17]_43[44]
    SLICE_X23Y2          LUT3 (Prop_lut3_I2_O)        0.046     1.331 r  design_1_i/AddCycle_Acquisition_0/U0/AddCycle_Acquisition_slave_lite_v1_0_S00_AXI_inst/u_acquisition_core/shift_reg[17][45]_i_1/O
                         net (fo=1, routed)           0.000     1.331    design_1_i/AddCycle_Acquisition_0/U0/AddCycle_Acquisition_slave_lite_v1_0_S00_AXI_inst/u_acquisition_core/shift_reg[17]_17[45]
    SLICE_X23Y2          FDRE                                         r  design_1_i/AddCycle_Acquisition_0/U0/AddCycle_Acquisition_slave_lite_v1_0_S00_AXI_inst/u_acquisition_core/shift_reg_reg[17][45]/D
  -------------------------------------------------------------------    -------------------

                         (clock clk_fpga_0 rise edge)
                                                      0.000     0.000 r  
    PS7_X0Y0             PS7                          0.000     0.000 r  design_1_i/processing_system7_0/inst/PS7_i/FCLKCLK[0]
                         net (fo=1, routed)           0.341     0.341    design_1_i/processing_system7_0/inst/FCLK_CLK_unbuffered[0]
    BUFGCTRL_X0Y0        BUFG (Prop_bufg_I_O)         0.029     0.370 r  design_1_i/processing_system7_0/inst/buffer_fclk_clk_0.FCLK_CLK_0_BUFG/O
                         net (fo=4816, routed)        0.829     1.199    design_1_i/AddCycle_Acquisition_0/U0/AddCycle_Acquisition_slave_lite_v1_0_S00_AXI_inst/u_acquisition_core/s00_axi_aclk
    SLICE_X23Y2          FDRE                                         r  design_1_i/AddCycle_Acquisition_0/U0/AddCycle_Acquisition_slave_lite_v1_0_S00_AXI_inst/u_acquisition_core/shift_reg_reg[17][45]/C
                         clock pessimism             -0.034     1.165    
    SLICE_X23Y2          FDRE (Hold_fdre_C_D)         0.107     1.272    design_1_i/AddCycle_Acquisition_0/U0/AddCycle_Acquisition_slave_lite_v1_0_S00_AXI_inst/u_acquisition_core/shift_reg_reg[17][45]
  -------------------------------------------------------------------
                         required time                         -1.272    
                         arrival time                           1.331    
  -------------------------------------------------------------------
                         slack                                  0.059    

Slack (MET) :             0.067ns  (arrival time - required time)
  Source:                 design_1_i/axi_dma_0/U0/I_PRMRY_DATAMOVER/GEN_S2MM_FULL.I_S2MM_FULL_WRAPPER/I_WR_DATA_CNTL/GEN_INDET_BTT.lsig_byte_cntr_reg[11]/C
                            (rising edge-triggered cell FDRE clocked by clk_fpga_0  {rise@0.000ns fall@5.000ns period=10.000ns})
  Destination:            design_1_i/axi_dma_0/U0/I_PRMRY_DATAMOVER/GEN_S2MM_FULL.I_S2MM_FULL_WRAPPER/I_WR_STATUS_CNTLR/GEN_ENABLE_INDET_BTT.I_SF_DATA_CNTL_STATUS_FIFO/USE_SRL_FIFO.I_SYNC_FIFO/I_SRL_FIFO_RBU_F/DYNSHREG_F_I/INFERRED_GEN.data_reg[5][15]_srl6/D
                            (rising edge-triggered cell SRL16E clocked by clk_fpga_0  {rise@0.000ns fall@5.000ns period=10.000ns})
  Path Group:             clk_fpga_0
  Path Type:              Hold (Min at Fast Process Corner)
  Requirement:            0.000ns  (clk_fpga_0 rise@0.000ns - clk_fpga_0 rise@0.000ns)
  Data Path Delay:        0.282ns  (logic 0.141ns (49.988%)  route 0.141ns (50.012%))
  Logic Levels:           0  
  Clock Path Skew:        0.032ns (DCD - SCD - CPR)
    Destination Clock Delay (DCD):    1.207ns
    Source Clock Delay      (SCD):    0.913ns
    Clock Pessimism Removal (CPR):    0.262ns

    Location             Delay type                Incr(ns)  Path(ns)    Netlist Resource(s)
  -------------------------------------------------------------------    -------------------
                         (clock clk_fpga_0 rise edge)
                                                      0.000     0.000 r  
    PS7_X0Y0             PS7                          0.000     0.000 r  design_1_i/processing_system7_0/inst/PS7_i/FCLKCLK[0]
                         net (fo=1, routed)           0.315     0.315    design_1_i/processing_system7_0/inst/FCLK_CLK_unbuffered[0]
    BUFGCTRL_X0Y0        BUFG (Prop_bufg_I_O)         0.026     0.341 r  design_1_i/processing_system7_0/inst/buffer_fclk_clk_0.FCLK_CLK_0_BUFG/O
                         net (fo=4816, routed)        0.572     0.913    design_1_i/axi_dma_0/U0/I_PRMRY_DATAMOVER/GEN_S2MM_FULL.I_S2MM_FULL_WRAPPER/I_WR_DATA_CNTL/m_axi_s2mm_aclk
    SLICE_X3Y24          FDRE                                         r  design_1_i/axi_dma_0/U0/I_PRMRY_DATAMOVER/GEN_S2MM_FULL.I_S2MM_FULL_WRAPPER/I_WR_DATA_CNTL/GEN_INDET_BTT.lsig_byte_cntr_reg[11]/C
  -------------------------------------------------------------------    -------------------
    SLICE_X3Y24          FDRE (Prop_fdre_C_Q)         0.141     1.054 r  design_1_i/axi_dma_0/U0/I_PRMRY_DATAMOVER/GEN_S2MM_FULL.I_S2MM_FULL_WRAPPER/I_WR_DATA_CNTL/GEN_INDET_BTT.lsig_byte_cntr_reg[11]/Q
                         net (fo=2, routed)           0.141     1.195    design_1_i/axi_dma_0/U0/I_PRMRY_DATAMOVER/GEN_S2MM_FULL.I_S2MM_FULL_WRAPPER/I_WR_STATUS_CNTLR/GEN_ENABLE_INDET_BTT.I_SF_DATA_CNTL_STATUS_FIFO/USE_SRL_FIFO.I_SYNC_FIFO/I_SRL_FIFO_RBU_F/DYNSHREG_F_I/in[13]
    SLICE_X4Y25          SRL16E                                       r  design_1_i/axi_dma_0/U0/I_PRMRY_DATAMOVER/GEN_S2MM_FULL.I_S2MM_FULL_WRAPPER/I_WR_STATUS_CNTLR/GEN_ENABLE_INDET_BTT.I_SF_DATA_CNTL_STATUS_FIFO/USE_SRL_FIFO.I_SYNC_FIFO/I_SRL_FIFO_RBU_F/DYNSHREG_F_I/INFERRED_GEN.data_reg[5][15]_srl6/D
  -------------------------------------------------------------------    -------------------

                         (clock clk_fpga_0 rise edge)
                                                      0.000     0.000 r  
    PS7_X0Y0             PS7                          0.000     0.000 r  design_1_i/processing_system7_0/inst/PS7_i/FCLKCLK[0]
                         net (fo=1, routed)           0.341     0.341    design_1_i/processing_system7_0/inst/FCLK_CLK_unbuffered[0]
    BUFGCTRL_X0Y0        BUFG (Prop_bufg_I_O)         0.029     0.370 r  design_1_i/processing_system7_0/inst/buffer_fclk_clk_0.FCLK_CLK_0_BUFG/O
                         net (fo=4816, routed)        0.837     1.207    design_1_i/axi_dma_0/U0/I_PRMRY_DATAMOVER/GEN_S2MM_FULL.I_S2MM_FULL_WRAPPER/I_WR_STATUS_CNTLR/GEN_ENABLE_INDET_BTT.I_SF_DATA_CNTL_STATUS_FIFO/USE_SRL_FIFO.I_SYNC_FIFO/I_SRL_FIFO_RBU_F/DYNSHREG_F_I/m_axi_s2mm_aclk
    SLICE_X4Y25          SRL16E                                       r  design_1_i/axi_dma_0/U0/I_PRMRY_DATAMOVER/GEN_S2MM_FULL.I_S2MM_FULL_WRAPPER/I_WR_STATUS_CNTLR/GEN_ENABLE_INDET_BTT.I_SF_DATA_CNTL_STATUS_FIFO/USE_SRL_FIFO.I_SYNC_FIFO/I_SRL_FIFO_RBU_F/DYNSHREG_F_I/INFERRED_GEN.data_reg[5][15]_srl6/CLK
                         clock pessimism             -0.262     0.945    
    SLICE_X4Y25          SRL16E (Hold_srl16e_CLK_D)
                                                      0.183     1.128    design_1_i/axi_dma_0/U0/I_PRMRY_DATAMOVER/GEN_S2MM_FULL.I_S2MM_FULL_WRAPPER/I_WR_STATUS_CNTLR/GEN_ENABLE_INDET_BTT.I_SF_DATA_CNTL_STATUS_FIFO/USE_SRL_FIFO.I_SYNC_FIFO/I_SRL_FIFO_RBU_F/DYNSHREG_F_I/INFERRED_GEN.data_reg[5][15]_srl6
  -------------------------------------------------------------------
                         required time                         -1.128    
                         arrival time                           1.195    
  -------------------------------------------------------------------
                         slack                                  0.067    

Slack (MET) :             0.073ns  (arrival time - required time)
  Source:                 design_1_i/axi_dma_0/U0/I_PRMRY_DATAMOVER/GEN_S2MM_FULL.I_S2MM_FULL_WRAPPER/GEN_INCLUDE_REALIGNER.I_S2MM_REALIGNER/GEN_INCLUDE_SCATTER.I_S2MM_SCATTER/I_MSSAI_SKID_BUF/sig_data_reg_out_reg[55]/C
                            (rising edge-triggered cell FDRE clocked by clk_fpga_0  {rise@0.000ns fall@5.000ns period=10.000ns})
  Destination:            design_1_i/axi_dma_0/U0/I_PRMRY_DATAMOVER/GEN_S2MM_FULL.I_S2MM_FULL_WRAPPER/GEN_ENABLE_INDET_BTT_SF.I_INDET_BTT/I_DATA_FIFO/BLK_MEM.I_SYNC_FIFOGEN_FIFO/xpm_fifo_instance.xpm_fifo_sync_inst/xpm_fifo_base_inst/gen_sdpram.xpm_memory_base_inst/gen_wr_a.gen_word_narrow.mem_reg_0/DIBDI[23]
                            (rising edge-triggered cell RAMB36E1 clocked by clk_fpga_0  {rise@0.000ns fall@5.000ns period=10.000ns})
  Path Group:             clk_fpga_0
  Path Type:              Hold (Min at Fast Process Corner)
  Requirement:            0.000ns  (clk_fpga_0 rise@0.000ns - clk_fpga_0 rise@0.000ns)
  Data Path Delay:        0.450ns  (logic 0.164ns (36.452%)  route 0.286ns (63.548%))
  Logic Levels:           0  
  Clock Path Skew:        0.080ns (DCD - SCD - CPR)
    Destination Clock Delay (DCD):    1.246ns
    Source Clock Delay      (SCD):    0.904ns
    Clock Pessimism Removal (CPR):    0.262ns

    Location             Delay type                Incr(ns)  Path(ns)    Netlist Resource(s)
  -------------------------------------------------------------------    -------------------
                         (clock clk_fpga_0 rise edge)
                                                      0.000     0.000 r  
    PS7_X0Y0             PS7                          0.000     0.000 r  design_1_i/processing_system7_0/inst/PS7_i/FCLKCLK[0]
                         net (fo=1, routed)           0.315     0.315    design_1_i/processing_system7_0/inst/FCLK_CLK_unbuffered[0]
    BUFGCTRL_X0Y0        BUFG (Prop_bufg_I_O)         0.026     0.341 r  design_1_i/processing_system7_0/inst/buffer_fclk_clk_0.FCLK_CLK_0_BUFG/O
                         net (fo=4816, routed)        0.563     0.904    design_1_i/axi_dma_0/U0/I_PRMRY_DATAMOVER/GEN_S2MM_FULL.I_S2MM_FULL_WRAPPER/GEN_INCLUDE_REALIGNER.I_S2MM_REALIGNER/GEN_INCLUDE_SCATTER.I_S2MM_SCATTER/I_MSSAI_SKID_BUF/m_axi_s2mm_aclk
    SLICE_X10Y12         FDRE                                         r  design_1_i/axi_dma_0/U0/I_PRMRY_DATAMOVER/GEN_S2MM_FULL.I_S2MM_FULL_WRAPPER/GEN_INCLUDE_REALIGNER.I_S2MM_REALIGNER/GEN_INCLUDE_SCATTER.I_S2MM_SCATTER/I_MSSAI_SKID_BUF/sig_data_reg_out_reg[55]/C
  -------------------------------------------------------------------    -------------------
    SLICE_X10Y12         FDRE (Prop_fdre_C_Q)         0.164     1.067 r  design_1_i/axi_dma_0/U0/I_PRMRY_DATAMOVER/GEN_S2MM_FULL.I_S2MM_FULL_WRAPPER/GEN_INCLUDE_REALIGNER.I_S2MM_REALIGNER/GEN_INCLUDE_SCATTER.I_S2MM_SCATTER/I_MSSAI_SKID_BUF/sig_data_reg_out_reg[55]/Q
                         net (fo=1, routed)           0.286     1.353    design_1_i/axi_dma_0/U0/I_PRMRY_DATAMOVER/GEN_S2MM_FULL.I_S2MM_FULL_WRAPPER/GEN_ENABLE_INDET_BTT_SF.I_INDET_BTT/I_DATA_FIFO/BLK_MEM.I_SYNC_FIFOGEN_FIFO/xpm_fifo_instance.xpm_fifo_sync_inst/xpm_fifo_base_inst/gen_sdpram.xpm_memory_base_inst/dina[55]
    RAMB36_X0Y1          RAMB36E1                                     r  design_1_i/axi_dma_0/U0/I_PRMRY_DATAMOVER/GEN_S2MM_FULL.I_S2MM_FULL_WRAPPER/GEN_ENABLE_INDET_BTT_SF.I_INDET_BTT/I_DATA_FIFO/BLK_MEM.I_SYNC_FIFOGEN_FIFO/xpm_fifo_instance.xpm_fifo_sync_inst/xpm_fifo_base_inst/gen_sdpram.xpm_memory_base_inst/gen_wr_a.gen_word_narrow.mem_reg_0/DIBDI[23]
  -------------------------------------------------------------------    -------------------

                         (clock clk_fpga_0 rise edge)
                                                      0.000     0.000 r  
    PS7_X0Y0             PS7                          0.000     0.000 r  design_1_i/processing_system7_0/inst/PS7_i/FCLKCLK[0]
                         net (fo=1, routed)           0.341     0.341    design_1_i/processing_system7_0/inst/FCLK_CLK_unbuffered[0]
    BUFGCTRL_X0Y0        BUFG (Prop_bufg_I_O)         0.029     0.370 r  design_1_i/processing_system7_0/inst/buffer_fclk_clk_0.FCLK_CLK_0_BUFG/O
                         net (fo=4816, routed)        0.876     1.246    design_1_i/axi_dma_0/U0/I_PRMRY_DATAMOVER/GEN_S2MM_FULL.I_S2MM_FULL_WRAPPER/GEN_ENABLE_INDET_BTT_SF.I_INDET_BTT/I_DATA_FIFO/BLK_MEM.I_SYNC_FIFOGEN_FIFO/xpm_fifo_instance.xpm_fifo_sync_inst/xpm_fifo_base_inst/gen_sdpram.xpm_memory_base_inst/clka
    RAMB36_X0Y1          RAMB36E1                                     r  design_1_i/axi_dma_0/U0/I_PRMRY_DATAMOVER/GEN_S2MM_FULL.I_S2MM_FULL_WRAPPER/GEN_ENABLE_INDET_BTT_SF.I_INDET_BTT/I_DATA_FIFO/BLK_MEM.I_SYNC_FIFOGEN_FIFO/xpm_fifo_instance.xpm_fifo_sync_inst/xpm_fifo_base_inst/gen_sdpram.xpm_memory_base_inst/gen_wr_a.gen_word_narrow.mem_reg_0/CLKBWRCLK
                         clock pessimism             -0.262     0.984    
    RAMB36_X0Y1          RAMB36E1 (Hold_ramb36e1_CLKBWRCLK_DIBDI[23])
                                                      0.296     1.280    design_1_i/axi_dma_0/U0/I_PRMRY_DATAMOVER/GEN_S2MM_FULL.I_S2MM_FULL_WRAPPER/GEN_ENABLE_INDET_BTT_SF.I_INDET_BTT/I_DATA_FIFO/BLK_MEM.I_SYNC_FIFOGEN_FIFO/xpm_fifo_instance.xpm_fifo_sync_inst/xpm_fifo_base_inst/gen_sdpram.xpm_memory_base_inst/gen_wr_a.gen_word_narrow.mem_reg_0
  -------------------------------------------------------------------
                         required time                         -1.280    
                         arrival time                           1.353    
  -------------------------------------------------------------------
                         slack                                  0.073    





Pulse Width Checks
--------------------------------------------------------------------------------------
Clock Name:         clk_fpga_0
Waveform(ns):       { 0.000 5.000 }
Period(ns):         10.000
Sources:            { design_1_i/processing_system7_0/inst/PS7_i/FCLKCLK[0] }

Check Type        Corner  Lib Pin             Reference Pin  Required(ns)  Actual(ns)  Slack(ns)  Location     Pin
Min Period        n/a     RAMB36E1/CLKARDCLK  n/a            2.944         10.000      7.056      RAMB36_X1Y1  design_1_i/axis_data_fifo_0/inst/gen_fifo.xpm_fifo_axis_inst/xpm_fifo_base_inst/gen_sdpram.xpm_memory_base_inst/gen_wr_a.gen_word_narrow.mem_reg_0/CLKARDCLK
Min Period        n/a     RAMB36E1/CLKARDCLK  n/a            2.944         10.000      7.056      RAMB36_X0Y2  design_1_i/axis_data_fifo_0/inst/gen_fifo.xpm_fifo_axis_inst/xpm_fifo_base_inst/gen_sdpram.xpm_memory_base_inst/gen_wr_a.gen_word_narrow.mem_reg_1/CLKARDCLK
Min Period        n/a     RAMB18E1/CLKARDCLK  n/a            2.944         10.000      7.056      RAMB18_X1Y4  design_1_i/axis_data_fifo_0/inst/gen_fifo.xpm_fifo_axis_inst/xpm_fifo_base_inst/gen_sdpram.xpm_memory_base_inst/gen_wr_a.gen_word_narrow.mem_reg_2/CLKARDCLK
Min Period        n/a     RAMB36E1/CLKARDCLK  n/a            2.576         10.000      7.424      RAMB36_X0Y1  design_1_i/axi_dma_0/U0/I_PRMRY_DATAMOVER/GEN_S2MM_FULL.I_S2MM_FULL_WRAPPER/GEN_ENABLE_INDET_BTT_SF.I_INDET_BTT/I_DATA_FIFO/BLK_MEM.I_SYNC_FIFOGEN_FIFO/xpm_fifo_instance.xpm_fifo_sync_inst/xpm_fifo_base_inst/gen_sdpram.xpm_memory_base_inst/gen_wr_a.gen_word_narrow.mem_reg_0/CLKARDCLK
Min Period        n/a     RAMB36E1/CLKBWRCLK  n/a            2.576         10.000      7.424      RAMB36_X0Y1  design_1_i/axi_dma_0/U0/I_PRMRY_DATAMOVER/GEN_S2MM_FULL.I_S2MM_FULL_WRAPPER/GEN_ENABLE_INDET_BTT_SF.I_INDET_BTT/I_DATA_FIFO/BLK_MEM.I_SYNC_FIFOGEN_FIFO/xpm_fifo_instance.xpm_fifo_sync_inst/xpm_fifo_base_inst/gen_sdpram.xpm_memory_base_inst/gen_wr_a.gen_word_narrow.mem_reg_0/CLKBWRCLK
Min Period        n/a     RAMB18E1/CLKARDCLK  n/a            2.576         10.000      7.424      RAMB18_X0Y0  design_1_i/axi_dma_0/U0/I_PRMRY_DATAMOVER/GEN_S2MM_FULL.I_S2MM_FULL_WRAPPER/GEN_ENABLE_INDET_BTT_SF.I_INDET_BTT/I_DATA_FIFO/BLK_MEM.I_SYNC_FIFOGEN_FIFO/xpm_fifo_instance.xpm_fifo_sync_inst/xpm_fifo_base_inst/gen_sdpram.xpm_memory_base_inst/gen_wr_a.gen_word_narrow.mem_reg_1/CLKARDCLK
Min Period        n/a     RAMB18E1/CLKBWRCLK  n/a            2.576         10.000      7.424      RAMB18_X0Y0  design_1_i/axi_dma_0/U0/I_PRMRY_DATAMOVER/GEN_S2MM_FULL.I_S2MM_FULL_WRAPPER/GEN_ENABLE_INDET_BTT_SF.I_INDET_BTT/I_DATA_FIFO/BLK_MEM.I_SYNC_FIFOGEN_FIFO/xpm_fifo_instance.xpm_fifo_sync_inst/xpm_fifo_base_inst/gen_sdpram.xpm_memory_base_inst/gen_wr_a.gen_word_narrow.mem_reg_1/CLKBWRCLK
Min Period        n/a     RAMB36E1/CLKBWRCLK  n/a            2.576         10.000      7.424      RAMB36_X1Y1  design_1_i/axis_data_fifo_0/inst/gen_fifo.xpm_fifo_axis_inst/xpm_fifo_base_inst/gen_sdpram.xpm_memory_base_inst/gen_wr_a.gen_word_narrow.mem_reg_0/CLKBWRCLK
Min Period        n/a     RAMB36E1/CLKBWRCLK  n/a            2.576         10.000      7.424      RAMB36_X0Y2  design_1_i/axis_data_fifo_0/inst/gen_fifo.xpm_fifo_axis_inst/xpm_fifo_base_inst/gen_sdpram.xpm_memory_base_inst/gen_wr_a.gen_word_narrow.mem_reg_1/CLKBWRCLK
Min Period        n/a     RAMB18E1/CLKBWRCLK  n/a            2.576         10.000      7.424      RAMB18_X1Y4  design_1_i/axis_data_fifo_0/inst/gen_fifo.xpm_fifo_axis_inst/xpm_fifo_base_inst/gen_sdpram.xpm_memory_base_inst/gen_wr_a.gen_word_narrow.mem_reg_2/CLKBWRCLK
Low Pulse Width   Slow    RAMD32/CLK          n/a            1.250         5.000       3.750      SLICE_X8Y16  design_1_i/axi_dma_0/U0/I_PRMRY_DATAMOVER/GEN_S2MM_FULL.I_S2MM_FULL_WRAPPER/GEN_ENABLE_INDET_BTT_SF.I_INDET_BTT/I_XD_FIFO/NON_BLK_MEM.I_SYNC_FIFOGEN_FIFO/xpm_fifo_instance.xpm_fifo_sync_inst/xpm_fifo_base_inst/gen_sdpram.xpm_memory_base_inst/gen_wr_a.gen_word_narrow.mem_reg_0_15_0_5/RAMA/CLK
Low Pulse Width   Fast    RAMD32/CLK          n/a            1.250         5.000       3.750      SLICE_X8Y16  design_1_i/axi_dma_0/U0/I_PRMRY_DATAMOVER/GEN_S2MM_FULL.I_S2MM_FULL_WRAPPER/GEN_ENABLE_INDET_BTT_SF.I_INDET_BTT/I_XD_FIFO/NON_BLK_MEM.I_SYNC_FIFOGEN_FIFO/xpm_fifo_instance.xpm_fifo_sync_inst/xpm_fifo_base_inst/gen_sdpram.xpm_memory_base_inst/gen_wr_a.gen_word_narrow.mem_reg_0_15_0_5/RAMA/CLK
Low Pulse Width   Slow    RAMD32/CLK          n/a            1.250         5.000       3.750      SLICE_X8Y16  design_1_i/axi_dma_0/U0/I_PRMRY_DATAMOVER/GEN_S2MM_FULL.I_S2MM_FULL_WRAPPER/GEN_ENABLE_INDET_BTT_SF.I_INDET_BTT/I_XD_FIFO/NON_BLK_MEM.I_SYNC_FIFOGEN_FIFO/xpm_fifo_instance.xpm_fifo_sync_inst/xpm_fifo_base_inst/gen_sdpram.xpm_memory_base_inst/gen_wr_a.gen_word_narrow.mem_reg_0_15_0_5/RAMA_D1/CLK
Low Pulse Width   Fast    RAMD32/CLK          n/a            1.250         5.000       3.750      SLICE_X8Y16  design_1_i/axi_dma_0/U0/I_PRMRY_DATAMOVER/GEN_S2MM_FULL.I_S2MM_FULL_WRAPPER/GEN_ENABLE_INDET_BTT_SF.I_INDET_BTT/I_XD_FIFO/NON_BLK_MEM.I_SYNC_FIFOGEN_FIFO/xpm_fifo_instance.xpm_fifo_sync_inst/xpm_fifo_base_inst/gen_sdpram.xpm_memory_base_inst/gen_wr_a.gen_word_narrow.mem_reg_0_15_0_5/RAMA_D1/CLK
Low Pulse Width   Slow    RAMD32/CLK          n/a            1.250         5.000       3.750      SLICE_X8Y16  design_1_i/axi_dma_0/U0/I_PRMRY_DATAMOVER/GEN_S2MM_FULL.I_S2MM_FULL_WRAPPER/GEN_ENABLE_INDET_BTT_SF.I_INDET_BTT/I_XD_FIFO/NON_BLK_MEM.I_SYNC_FIFOGEN_FIFO/xpm_fifo_instance.xpm_fifo_sync_inst/xpm_fifo_base_inst/gen_sdpram.xpm_memory_base_inst/gen_wr_a.gen_word_narrow.mem_reg_0_15_0_5/RAMB/CLK
Low Pulse Width   Fast    RAMD32/CLK          n/a            1.250         5.000       3.750      SLICE_X8Y16  design_1_i/axi_dma_0/U0/I_PRMRY_DATAMOVER/GEN_S2MM_FULL.I_S2MM_FULL_WRAPPER/GEN_ENABLE_INDET_BTT_SF.I_INDET_BTT/I_XD_FIFO/NON_BLK_MEM.I_SYNC_FIFOGEN_FIFO/xpm_fifo_instance.xpm_fifo_sync_inst/xpm_fifo_base_inst/gen_sdpram.xpm_memory_base_inst/gen_wr_a.gen_word_narrow.mem_reg_0_15_0_5/RAMB/CLK
Low Pulse Width   Slow    RAMD32/CLK          n/a            1.250         5.000       3.750      SLICE_X8Y16  design_1_i/axi_dma_0/U0/I_PRMRY_DATAMOVER/GEN_S2MM_FULL.I_S2MM_FULL_WRAPPER/GEN_ENABLE_INDET_BTT_SF.I_INDET_BTT/I_XD_FIFO/NON_BLK_MEM.I_SYNC_FIFOGEN_FIFO/xpm_fifo_instance.xpm_fifo_sync_inst/xpm_fifo_base_inst/gen_sdpram.xpm_memory_base_inst/gen_wr_a.gen_word_narrow.mem_reg_0_15_0_5/RAMB_D1/CLK
Low Pulse Width   Fast    RAMD32/CLK          n/a            1.250         5.000       3.750      SLICE_X8Y16  design_1_i/axi_dma_0/U0/I_PRMRY_DATAMOVER/GEN_S2MM_FULL.I_S2MM_FULL_WRAPPER/GEN_ENABLE_INDET_BTT_SF.I_INDET_BTT/I_XD_FIFO/NON_BLK_MEM.I_SYNC_FIFOGEN_FIFO/xpm_fifo_instance.xpm_fifo_sync_inst/xpm_fifo_base_inst/gen_sdpram.xpm_memory_base_inst/gen_wr_a.gen_word_narrow.mem_reg_0_15_0_5/RAMB_D1/CLK
Low Pulse Width   Slow    RAMD32/CLK          n/a            1.250         5.000       3.750      SLICE_X8Y16  design_1_i/axi_dma_0/U0/I_PRMRY_DATAMOVER/GEN_S2MM_FULL.I_S2MM_FULL_WRAPPER/GEN_ENABLE_INDET_BTT_SF.I_INDET_BTT/I_XD_FIFO/NON_BLK_MEM.I_SYNC_FIFOGEN_FIFO/xpm_fifo_instance.xpm_fifo_sync_inst/xpm_fifo_base_inst/gen_sdpram.xpm_memory_base_inst/gen_wr_a.gen_word_narrow.mem_reg_0_15_0_5/RAMC/CLK
Low Pulse Width   Fast    RAMD32/CLK          n/a            1.250         5.000       3.750      SLICE_X8Y16  design_1_i/axi_dma_0/U0/I_PRMRY_DATAMOVER/GEN_S2MM_FULL.I_S2MM_FULL_WRAPPER/GEN_ENABLE_INDET_BTT_SF.I_INDET_BTT/I_XD_FIFO/NON_BLK_MEM.I_SYNC_FIFOGEN_FIFO/xpm_fifo_instance.xpm_fifo_sync_inst/xpm_fifo_base_inst/gen_sdpram.xpm_memory_base_inst/gen_wr_a.gen_word_narrow.mem_reg_0_15_0_5/RAMC/CLK
High Pulse Width  Slow    RAMD32/CLK          n/a            1.250         5.000       3.750      SLICE_X8Y16  design_1_i/axi_dma_0/U0/I_PRMRY_DATAMOVER/GEN_S2MM_FULL.I_S2MM_FULL_WRAPPER/GEN_ENABLE_INDET_BTT_SF.I_INDET_BTT/I_XD_FIFO/NON_BLK_MEM.I_SYNC_FIFOGEN_FIFO/xpm_fifo_instance.xpm_fifo_sync_inst/xpm_fifo_base_inst/gen_sdpram.xpm_memory_base_inst/gen_wr_a.gen_word_narrow.mem_reg_0_15_0_5/RAMA/CLK
High Pulse Width  Fast    RAMD32/CLK          n/a            1.250         5.000       3.750      SLICE_X8Y16  design_1_i/axi_dma_0/U0/I_PRMRY_DATAMOVER/GEN_S2MM_FULL.I_S2MM_FULL_WRAPPER/GEN_ENABLE_INDET_BTT_SF.I_INDET_BTT/I_XD_FIFO/NON_BLK_MEM.I_SYNC_FIFOGEN_FIFO/xpm_fifo_instance.xpm_fifo_sync_inst/xpm_fifo_base_inst/gen_sdpram.xpm_memory_base_inst/gen_wr_a.gen_word_narrow.mem_reg_0_15_0_5/RAMA/CLK
High Pulse Width  Slow    RAMD32/CLK          n/a            1.250         5.000       3.750      SLICE_X8Y16  design_1_i/axi_dma_0/U0/I_PRMRY_DATAMOVER/GEN_S2MM_FULL.I_S2MM_FULL_WRAPPER/GEN_ENABLE_INDET_BTT_SF.I_INDET_BTT/I_XD_FIFO/NON_BLK_MEM.I_SYNC_FIFOGEN_FIFO/xpm_fifo_instance.xpm_fifo_sync_inst/xpm_fifo_base_inst/gen_sdpram.xpm_memory_base_inst/gen_wr_a.gen_word_narrow.mem_reg_0_15_0_5/RAMA_D1/CLK
High Pulse Width  Fast    RAMD32/CLK          n/a            1.250         5.000       3.750      SLICE_X8Y16  design_1_i/axi_dma_0/U0/I_PRMRY_DATAMOVER/GEN_S2MM_FULL.I_S2MM_FULL_WRAPPER/GEN_ENABLE_INDET_BTT_SF.I_INDET_BTT/I_XD_FIFO/NON_BLK_MEM.I_SYNC_FIFOGEN_FIFO/xpm_fifo_instance.xpm_fifo_sync_inst/xpm_fifo_base_inst/gen_sdpram.xpm_memory_base_inst/gen_wr_a.gen_word_narrow.mem_reg_0_15_0_5/RAMA_D1/CLK
High Pulse Width  Slow    RAMD32/CLK          n/a            1.250         5.000       3.750      SLICE_X8Y16  design_1_i/axi_dma_0/U0/I_PRMRY_DATAMOVER/GEN_S2MM_FULL.I_S2MM_FULL_WRAPPER/GEN_ENABLE_INDET_BTT_SF.I_INDET_BTT/I_XD_FIFO/NON_BLK_MEM.I_SYNC_FIFOGEN_FIFO/xpm_fifo_instance.xpm_fifo_sync_inst/xpm_fifo_base_inst/gen_sdpram.xpm_memory_base_inst/gen_wr_a.gen_word_narrow.mem_reg_0_15_0_5/RAMB/CLK
High Pulse Width  Fast    RAMD32/CLK          n/a            1.250         5.000       3.750      SLICE_X8Y16  design_1_i/axi_dma_0/U0/I_PRMRY_DATAMOVER/GEN_S2MM_FULL.I_S2MM_FULL_WRAPPER/GEN_ENABLE_INDET_BTT_SF.I_INDET_BTT/I_XD_FIFO/NON_BLK_MEM.I_SYNC_FIFOGEN_FIFO/xpm_fifo_instance.xpm_fifo_sync_inst/xpm_fifo_base_inst/gen_sdpram.xpm_memory_base_inst/gen_wr_a.gen_word_narrow.mem_reg_0_15_0_5/RAMB/CLK
High Pulse Width  Slow    RAMD32/CLK          n/a            1.250         5.000       3.750      SLICE_X8Y16  design_1_i/axi_dma_0/U0/I_PRMRY_DATAMOVER/GEN_S2MM_FULL.I_S2MM_FULL_WRAPPER/GEN_ENABLE_INDET_BTT_SF.I_INDET_BTT/I_XD_FIFO/NON_BLK_MEM.I_SYNC_FIFOGEN_FIFO/xpm_fifo_instance.xpm_fifo_sync_inst/xpm_fifo_base_inst/gen_sdpram.xpm_memory_base_inst/gen_wr_a.gen_word_narrow.mem_reg_0_15_0_5/RAMB_D1/CLK
High Pulse Width  Fast    RAMD32/CLK          n/a            1.250         5.000       3.750      SLICE_X8Y16  design_1_i/axi_dma_0/U0/I_PRMRY_DATAMOVER/GEN_S2MM_FULL.I_S2MM_FULL_WRAPPER/GEN_ENABLE_INDET_BTT_SF.I_INDET_BTT/I_XD_FIFO/NON_BLK_MEM.I_SYNC_FIFOGEN_FIFO/xpm_fifo_instance.xpm_fifo_sync_inst/xpm_fifo_base_inst/gen_sdpram.xpm_memory_base_inst/gen_wr_a.gen_word_narrow.mem_reg_0_15_0_5/RAMB_D1/CLK
High Pulse Width  Slow    RAMD32/CLK          n/a            1.250         5.000       3.750      SLICE_X8Y16  design_1_i/axi_dma_0/U0/I_PRMRY_DATAMOVER/GEN_S2MM_FULL.I_S2MM_FULL_WRAPPER/GEN_ENABLE_INDET_BTT_SF.I_INDET_BTT/I_XD_FIFO/NON_BLK_MEM.I_SYNC_FIFOGEN_FIFO/xpm_fifo_instance.xpm_fifo_sync_inst/xpm_fifo_base_inst/gen_sdpram.xpm_memory_base_inst/gen_wr_a.gen_word_narrow.mem_reg_0_15_0_5/RAMC/CLK
High Pulse Width  Fast    RAMD32/CLK          n/a            1.250         5.000       3.750      SLICE_X8Y16  design_1_i/axi_dma_0/U0/I_PRMRY_DATAMOVER/GEN_S2MM_FULL.I_S2MM_FULL_WRAPPER/GEN_ENABLE_INDET_BTT_SF.I_INDET_BTT/I_XD_FIFO/NON_BLK_MEM.I_SYNC_FIFOGEN_FIFO/xpm_fifo_instance.xpm_fifo_sync_inst/xpm_fifo_base_inst/gen_sdpram.xpm_memory_base_inst/gen_wr_a.gen_word_narrow.mem_reg_0_15_0_5/RAMC/CLK



---------------------------------------------------------------------------------------------------
Path Group:  **async_default**
From Clock:  clk_fpga_0
  To Clock:  clk_fpga_0

Setup :            0  Failing Endpoints,  Worst Slack        6.602ns,  Total Violation        0.000ns
Hold  :            0  Failing Endpoints,  Worst Slack        0.641ns,  Total Violation        0.000ns
---------------------------------------------------------------------------------------------------


Max Delay Paths
--------------------------------------------------------------------------------------
Slack (MET) :             6.602ns  (required time - arrival time)
  Source:                 <hidden>
                            (rising edge-triggered cell FDRE clocked by clk_fpga_0  {rise@0.000ns fall@5.000ns period=10.000ns})
  Destination:            <hidden>
                            (recovery check against rising-edge clock clk_fpga_0  {rise@0.000ns fall@5.000ns period=10.000ns})
  Path Group:             **async_default**
  Path Type:              Recovery (Max at Slow Process Corner)
  Requirement:            10.000ns  (clk_fpga_0 rise@10.000ns - clk_fpga_0 rise@0.000ns)
  Data Path Delay:        2.817ns  (logic 0.580ns (20.588%)  route 2.237ns (79.412%))
  Logic Levels:           1  (LUT3=1)
  Clock Path Skew:        -0.066ns (DCD - SCD + CPR)
    Destination Clock Delay (DCD):    2.740ns = ( 12.740 - 10.000 ) 
    Source Clock Delay      (SCD):    3.037ns
    Clock Pessimism Removal (CPR):    0.230ns
  Clock Uncertainty:      0.154ns  ((TSJ^2 + TIJ^2)^1/2 + DJ) / 2 + PE
    Total System Jitter     (TSJ):    0.071ns
    Total Input Jitter      (TIJ):    0.300ns
    Discrete Jitter          (DJ):    0.000ns
    Phase Error              (PE):    0.000ns

    Location             Delay type                Incr(ns)  Path(ns)    Netlist Resource(s)
  -------------------------------------------------------------------    -------------------
                         (clock clk_fpga_0 rise edge)
                                                      0.000     0.000 r  
    PS7_X0Y0             PS7                          0.000     0.000 r  design_1_i/processing_system7_0/inst/PS7_i/FCLKCLK[0]
                         net (fo=1, routed)           1.207     1.207    design_1_i/processing_system7_0/inst/FCLK_CLK_unbuffered[0]
    BUFGCTRL_X0Y0        BUFG (Prop_bufg_I_O)         0.101     1.308 r  design_1_i/processing_system7_0/inst/buffer_fclk_clk_0.FCLK_CLK_0_BUFG/O
                         net (fo=4816, routed)        1.729     3.037    <hidden>
    SLICE_X2Y0           FDRE                                         r  <hidden>
  -------------------------------------------------------------------    -------------------
    SLICE_X2Y0           FDRE (Prop_fdre_C_Q)         0.456     3.493 f  <hidden>
                         net (fo=2, routed)           1.272     4.765    <hidden>
    SLICE_X5Y2           LUT3 (Prop_lut3_I0_O)        0.124     4.889 f  <hidden>
                         net (fo=32, routed)          0.965     5.854    <hidden>
    SLICE_X0Y2           FDPE                                         f  <hidden>
  -------------------------------------------------------------------    -------------------

                         (clock clk_fpga_0 rise edge)
                                                     10.000    10.000 r  
    PS7_X0Y0             PS7                          0.000    10.000 r  design_1_i/processing_system7_0/inst/PS7_i/FCLKCLK[0]
                         net (fo=1, routed)           1.101    11.101    design_1_i/processing_system7_0/inst/FCLK_CLK_unbuffered[0]
    BUFGCTRL_X0Y0        BUFG (Prop_bufg_I_O)         0.091    11.192 r  design_1_i/processing_system7_0/inst/buffer_fclk_clk_0.FCLK_CLK_0_BUFG/O
                         net (fo=4816, routed)        1.548    12.740    <hidden>
    SLICE_X0Y2           FDPE                                         r  <hidden>
                         clock pessimism              0.230    12.971    
                         clock uncertainty           -0.154    12.817    
    SLICE_X0Y2           FDPE (Recov_fdpe_C_PRE)     -0.361    12.456    <hidden>
  -------------------------------------------------------------------
                         required time                         12.456    
                         arrival time                          -5.854    
  -------------------------------------------------------------------
                         slack                                  6.602    

Slack (MET) :             6.602ns  (required time - arrival time)
  Source:                 <hidden>
                            (rising edge-triggered cell FDRE clocked by clk_fpga_0  {rise@0.000ns fall@5.000ns period=10.000ns})
  Destination:            <hidden>
                            (recovery check against rising-edge clock clk_fpga_0  {rise@0.000ns fall@5.000ns period=10.000ns})
  Path Group:             **async_default**
  Path Type:              Recovery (Max at Slow Process Corner)
  Requirement:            10.000ns  (clk_fpga_0 rise@10.000ns - clk_fpga_0 rise@0.000ns)
  Data Path Delay:        2.817ns  (logic 0.580ns (20.588%)  route 2.237ns (79.412%))
  Logic Levels:           1  (LUT3=1)
  Clock Path Skew:        -0.066ns (DCD - SCD + CPR)
    Destination Clock Delay (DCD):    2.740ns = ( 12.740 - 10.000 ) 
    Source Clock Delay      (SCD):    3.037ns
    Clock Pessimism Removal (CPR):    0.230ns
  Clock Uncertainty:      0.154ns  ((TSJ^2 + TIJ^2)^1/2 + DJ) / 2 + PE
    Total System Jitter     (TSJ):    0.071ns
    Total Input Jitter      (TIJ):    0.300ns
    Discrete Jitter          (DJ):    0.000ns
    Phase Error              (PE):    0.000ns

    Location             Delay type                Incr(ns)  Path(ns)    Netlist Resource(s)
  -------------------------------------------------------------------    -------------------
                         (clock clk_fpga_0 rise edge)
                                                      0.000     0.000 r  
    PS7_X0Y0             PS7                          0.000     0.000 r  design_1_i/processing_system7_0/inst/PS7_i/FCLKCLK[0]
                         net (fo=1, routed)           1.207     1.207    design_1_i/processing_system7_0/inst/FCLK_CLK_unbuffered[0]
    BUFGCTRL_X0Y0        BUFG (Prop_bufg_I_O)         0.101     1.308 r  design_1_i/processing_system7_0/inst/buffer_fclk_clk_0.FCLK_CLK_0_BUFG/O
                         net (fo=4816, routed)        1.729     3.037    <hidden>
    SLICE_X2Y0           FDRE                                         r  <hidden>
  -------------------------------------------------------------------    -------------------
    SLICE_X2Y0           FDRE (Prop_fdre_C_Q)         0.456     3.493 f  <hidden>
                         net (fo=2, routed)           1.272     4.765    <hidden>
    SLICE_X5Y2           LUT3 (Prop_lut3_I0_O)        0.124     4.889 f  <hidden>
                         net (fo=32, routed)          0.965     5.854    <hidden>
    SLICE_X0Y2           FDPE                                         f  <hidden>
  -------------------------------------------------------------------    -------------------

                         (clock clk_fpga_0 rise edge)
                                                     10.000    10.000 r  
    PS7_X0Y0             PS7                          0.000    10.000 r  design_1_i/processing_system7_0/inst/PS7_i/FCLKCLK[0]
                         net (fo=1, routed)           1.101    11.101    design_1_i/processing_system7_0/inst/FCLK_CLK_unbuffered[0]
    BUFGCTRL_X0Y0        BUFG (Prop_bufg_I_O)         0.091    11.192 r  design_1_i/processing_system7_0/inst/buffer_fclk_clk_0.FCLK_CLK_0_BUFG/O
                         net (fo=4816, routed)        1.548    12.740    <hidden>
    SLICE_X0Y2           FDPE                                         r  <hidden>
                         clock pessimism              0.230    12.971    
                         clock uncertainty           -0.154    12.817    
    SLICE_X0Y2           FDPE (Recov_fdpe_C_PRE)     -0.361    12.456    <hidden>
  -------------------------------------------------------------------
                         required time                         12.456    
                         arrival time                          -5.854    
  -------------------------------------------------------------------
                         slack                                  6.602    

Slack (MET) :             6.602ns  (required time - arrival time)
  Source:                 <hidden>
                            (rising edge-triggered cell FDRE clocked by clk_fpga_0  {rise@0.000ns fall@5.000ns period=10.000ns})
  Destination:            <hidden>
                            (recovery check against rising-edge clock clk_fpga_0  {rise@0.000ns fall@5.000ns period=10.000ns})
  Path Group:             **async_default**
  Path Type:              Recovery (Max at Slow Process Corner)
  Requirement:            10.000ns  (clk_fpga_0 rise@10.000ns - clk_fpga_0 rise@0.000ns)
  Data Path Delay:        2.817ns  (logic 0.580ns (20.588%)  route 2.237ns (79.412%))
  Logic Levels:           1  (LUT3=1)
  Clock Path Skew:        -0.066ns (DCD - SCD + CPR)
    Destination Clock Delay (DCD):    2.740ns = ( 12.740 - 10.000 ) 
    Source Clock Delay      (SCD):    3.037ns
    Clock Pessimism Removal (CPR):    0.230ns
  Clock Uncertainty:      0.154ns  ((TSJ^2 + TIJ^2)^1/2 + DJ) / 2 + PE
    Total System Jitter     (TSJ):    0.071ns
    Total Input Jitter      (TIJ):    0.300ns
    Discrete Jitter          (DJ):    0.000ns
    Phase Error              (PE):    0.000ns

    Location             Delay type                Incr(ns)  Path(ns)    Netlist Resource(s)
  -------------------------------------------------------------------    -------------------
                         (clock clk_fpga_0 rise edge)
                                                      0.000     0.000 r  
    PS7_X0Y0             PS7                          0.000     0.000 r  design_1_i/processing_system7_0/inst/PS7_i/FCLKCLK[0]
                         net (fo=1, routed)           1.207     1.207    design_1_i/processing_system7_0/inst/FCLK_CLK_unbuffered[0]
    BUFGCTRL_X0Y0        BUFG (Prop_bufg_I_O)         0.101     1.308 r  design_1_i/processing_system7_0/inst/buffer_fclk_clk_0.FCLK_CLK_0_BUFG/O
                         net (fo=4816, routed)        1.729     3.037    <hidden>
    SLICE_X2Y0           FDRE                                         r  <hidden>
  -------------------------------------------------------------------    -------------------
    SLICE_X2Y0           FDRE (Prop_fdre_C_Q)         0.456     3.493 f  <hidden>
                         net (fo=2, routed)           1.272     4.765    <hidden>
    SLICE_X5Y2           LUT3 (Prop_lut3_I0_O)        0.124     4.889 f  <hidden>
                         net (fo=32, routed)          0.965     5.854    <hidden>
    SLICE_X0Y2           FDCE                                         f  <hidden>
  -------------------------------------------------------------------    -------------------

                         (clock clk_fpga_0 rise edge)
                                                     10.000    10.000 r  
    PS7_X0Y0             PS7                          0.000    10.000 r  design_1_i/processing_system7_0/inst/PS7_i/FCLKCLK[0]
                         net (fo=1, routed)           1.101    11.101    design_1_i/processing_system7_0/inst/FCLK_CLK_unbuffered[0]
    BUFGCTRL_X0Y0        BUFG (Prop_bufg_I_O)         0.091    11.192 r  design_1_i/processing_system7_0/inst/buffer_fclk_clk_0.FCLK_CLK_0_BUFG/O
                         net (fo=4816, routed)        1.548    12.740    <hidden>
    SLICE_X0Y2           FDCE                                         r  <hidden>
                         clock pessimism              0.230    12.971    
                         clock uncertainty           -0.154    12.817    
    SLICE_X0Y2           FDCE (Recov_fdce_C_CLR)     -0.361    12.456    <hidden>
  -------------------------------------------------------------------
                         required time                         12.456    
                         arrival time                          -5.854    
  -------------------------------------------------------------------
                         slack                                  6.602    

Slack (MET) :             6.644ns  (required time - arrival time)
  Source:                 <hidden>
                            (rising edge-triggered cell FDRE clocked by clk_fpga_0  {rise@0.000ns fall@5.000ns period=10.000ns})
  Destination:            <hidden>
                            (recovery check against rising-edge clock clk_fpga_0  {rise@0.000ns fall@5.000ns period=10.000ns})
  Path Group:             **async_default**
  Path Type:              Recovery (Max at Slow Process Corner)
  Requirement:            10.000ns  (clk_fpga_0 rise@10.000ns - clk_fpga_0 rise@0.000ns)
  Data Path Delay:        2.817ns  (logic 0.580ns (20.588%)  route 2.237ns (79.412%))
  Logic Levels:           1  (LUT3=1)
  Clock Path Skew:        -0.066ns (DCD - SCD + CPR)
    Destination Clock Delay (DCD):    2.740ns = ( 12.740 - 10.000 ) 
    Source Clock Delay      (SCD):    3.037ns
    Clock Pessimism Removal (CPR):    0.230ns
  Clock Uncertainty:      0.154ns  ((TSJ^2 + TIJ^2)^1/2 + DJ) / 2 + PE
    Total System Jitter     (TSJ):    0.071ns
    Total Input Jitter      (TIJ):    0.300ns
    Discrete Jitter          (DJ):    0.000ns
    Phase Error              (PE):    0.000ns

    Location             Delay type                Incr(ns)  Path(ns)    Netlist Resource(s)
  -------------------------------------------------------------------    -------------------
                         (clock clk_fpga_0 rise edge)
                                                      0.000     0.000 r  
    PS7_X0Y0             PS7                          0.000     0.000 r  design_1_i/processing_system7_0/inst/PS7_i/FCLKCLK[0]
                         net (fo=1, routed)           1.207     1.207    design_1_i/processing_system7_0/inst/FCLK_CLK_unbuffered[0]
    BUFGCTRL_X0Y0        BUFG (Prop_bufg_I_O)         0.101     1.308 r  design_1_i/processing_system7_0/inst/buffer_fclk_clk_0.FCLK_CLK_0_BUFG/O
                         net (fo=4816, routed)        1.729     3.037    <hidden>
    SLICE_X2Y0           FDRE                                         r  <hidden>
  -------------------------------------------------------------------    -------------------
    SLICE_X2Y0           FDRE (Prop_fdre_C_Q)         0.456     3.493 f  <hidden>
                         net (fo=2, routed)           1.272     4.765    <hidden>
    SLICE_X5Y2           LUT3 (Prop_lut3_I0_O)        0.124     4.889 f  <hidden>
                         net (fo=32, routed)          0.965     5.854    <hidden>
    SLICE_X0Y2           FDPE                                         f  <hidden>
  -------------------------------------------------------------------    -------------------

                         (clock clk_fpga_0 rise edge)
                                                     10.000    10.000 r  
    PS7_X0Y0             PS7                          0.000    10.000 r  design_1_i/processing_system7_0/inst/PS7_i/FCLKCLK[0]
                         net (fo=1, routed)           1.101    11.101    design_1_i/processing_system7_0/inst/FCLK_CLK_unbuffered[0]
    BUFGCTRL_X0Y0        BUFG (Prop_bufg_I_O)         0.091    11.192 r  design_1_i/processing_system7_0/inst/buffer_fclk_clk_0.FCLK_CLK_0_BUFG/O
                         net (fo=4816, routed)        1.548    12.740    <hidden>
    SLICE_X0Y2           FDPE                                         r  <hidden>
                         clock pessimism              0.230    12.971    
                         clock uncertainty           -0.154    12.817    
    SLICE_X0Y2           FDPE (Recov_fdpe_C_PRE)     -0.319    12.498    <hidden>
  -------------------------------------------------------------------
                         required time                         12.498    
                         arrival time                          -5.854    
  -------------------------------------------------------------------
                         slack                                  6.644    

Slack (MET) :             6.644ns  (required time - arrival time)
  Source:                 <hidden>
                            (rising edge-triggered cell FDRE clocked by clk_fpga_0  {rise@0.000ns fall@5.000ns period=10.000ns})
  Destination:            <hidden>
                            (recovery check against rising-edge clock clk_fpga_0  {rise@0.000ns fall@5.000ns period=10.000ns})
  Path Group:             **async_default**
  Path Type:              Recovery (Max at Slow Process Corner)
  Requirement:            10.000ns  (clk_fpga_0 rise@10.000ns - clk_fpga_0 rise@0.000ns)
  Data Path Delay:        2.817ns  (logic 0.580ns (20.588%)  route 2.237ns (79.412%))
  Logic Levels:           1  (LUT3=1)
  Clock Path Skew:        -0.066ns (DCD - SCD + CPR)
    Destination Clock Delay (DCD):    2.740ns = ( 12.740 - 10.000 ) 
    Source Clock Delay      (SCD):    3.037ns
    Clock Pessimism Removal (CPR):    0.230ns
  Clock Uncertainty:      0.154ns  ((TSJ^2 + TIJ^2)^1/2 + DJ) / 2 + PE
    Total System Jitter     (TSJ):    0.071ns
    Total Input Jitter      (TIJ):    0.300ns
    Discrete Jitter          (DJ):    0.000ns
    Phase Error              (PE):    0.000ns

    Location             Delay type                Incr(ns)  Path(ns)    Netlist Resource(s)
  -------------------------------------------------------------------    -------------------
                         (clock clk_fpga_0 rise edge)
                                                      0.000     0.000 r  
    PS7_X0Y0             PS7                          0.000     0.000 r  design_1_i/processing_system7_0/inst/PS7_i/FCLKCLK[0]
                         net (fo=1, routed)           1.207     1.207    design_1_i/processing_system7_0/inst/FCLK_CLK_unbuffered[0]
    BUFGCTRL_X0Y0        BUFG (Prop_bufg_I_O)         0.101     1.308 r  design_1_i/processing_system7_0/inst/buffer_fclk_clk_0.FCLK_CLK_0_BUFG/O
                         net (fo=4816, routed)        1.729     3.037    <hidden>
    SLICE_X2Y0           FDRE                                         r  <hidden>
  -------------------------------------------------------------------    -------------------
    SLICE_X2Y0           FDRE (Prop_fdre_C_Q)         0.456     3.493 f  <hidden>
                         net (fo=2, routed)           1.272     4.765    <hidden>
    SLICE_X5Y2           LUT3 (Prop_lut3_I0_O)        0.124     4.889 f  <hidden>
                         net (fo=32, routed)          0.965     5.854    <hidden>
    SLICE_X0Y2           FDPE                                         f  <hidden>
  -------------------------------------------------------------------    -------------------

                         (clock clk_fpga_0 rise edge)
                                                     10.000    10.000 r  
    PS7_X0Y0             PS7                          0.000    10.000 r  design_1_i/processing_system7_0/inst/PS7_i/FCLKCLK[0]
                         net (fo=1, routed)           1.101    11.101    design_1_i/processing_system7_0/inst/FCLK_CLK_unbuffered[0]
    BUFGCTRL_X0Y0        BUFG (Prop_bufg_I_O)         0.091    11.192 r  design_1_i/processing_system7_0/inst/buffer_fclk_clk_0.FCLK_CLK_0_BUFG/O
                         net (fo=4816, routed)        1.548    12.740    <hidden>
    SLICE_X0Y2           FDPE                                         r  <hidden>
                         clock pessimism              0.230    12.971    
                         clock uncertainty           -0.154    12.817    
    SLICE_X0Y2           FDPE (Recov_fdpe_C_PRE)     -0.319    12.498    <hidden>
  -------------------------------------------------------------------
                         required time                         12.498    
                         arrival time                          -5.854    
  -------------------------------------------------------------------
                         slack                                  6.644    

Slack (MET) :             6.644ns  (required time - arrival time)
  Source:                 <hidden>
                            (rising edge-triggered cell FDRE clocked by clk_fpga_0  {rise@0.000ns fall@5.000ns period=10.000ns})
  Destination:            <hidden>
                            (recovery check against rising-edge clock clk_fpga_0  {rise@0.000ns fall@5.000ns period=10.000ns})
  Path Group:             **async_default**
  Path Type:              Recovery (Max at Slow Process Corner)
  Requirement:            10.000ns  (clk_fpga_0 rise@10.000ns - clk_fpga_0 rise@0.000ns)
  Data Path Delay:        2.817ns  (logic 0.580ns (20.588%)  route 2.237ns (79.412%))
  Logic Levels:           1  (LUT3=1)
  Clock Path Skew:        -0.066ns (DCD - SCD + CPR)
    Destination Clock Delay (DCD):    2.740ns = ( 12.740 - 10.000 ) 
    Source Clock Delay      (SCD):    3.037ns
    Clock Pessimism Removal (CPR):    0.230ns
  Clock Uncertainty:      0.154ns  ((TSJ^2 + TIJ^2)^1/2 + DJ) / 2 + PE
    Total System Jitter     (TSJ):    0.071ns
    Total Input Jitter      (TIJ):    0.300ns
    Discrete Jitter          (DJ):    0.000ns
    Phase Error              (PE):    0.000ns

    Location             Delay type                Incr(ns)  Path(ns)    Netlist Resource(s)
  -------------------------------------------------------------------    -------------------
                         (clock clk_fpga_0 rise edge)
                                                      0.000     0.000 r  
    PS7_X0Y0             PS7                          0.000     0.000 r  design_1_i/processing_system7_0/inst/PS7_i/FCLKCLK[0]
                         net (fo=1, routed)           1.207     1.207    design_1_i/processing_system7_0/inst/FCLK_CLK_unbuffered[0]
    BUFGCTRL_X0Y0        BUFG (Prop_bufg_I_O)         0.101     1.308 r  design_1_i/processing_system7_0/inst/buffer_fclk_clk_0.FCLK_CLK_0_BUFG/O
                         net (fo=4816, routed)        1.729     3.037    <hidden>
    SLICE_X2Y0           FDRE                                         r  <hidden>
  -------------------------------------------------------------------    -------------------
    SLICE_X2Y0           FDRE (Prop_fdre_C_Q)         0.456     3.493 f  <hidden>
                         net (fo=2, routed)           1.272     4.765    <hidden>
    SLICE_X5Y2           LUT3 (Prop_lut3_I0_O)        0.124     4.889 f  <hidden>
                         net (fo=32, routed)          0.965     5.854    <hidden>
    SLICE_X0Y2           FDCE                                         f  <hidden>
  -------------------------------------------------------------------    -------------------

                         (clock clk_fpga_0 rise edge)
                                                     10.000    10.000 r  
    PS7_X0Y0             PS7                          0.000    10.000 r  design_1_i/processing_system7_0/inst/PS7_i/FCLKCLK[0]
                         net (fo=1, routed)           1.101    11.101    design_1_i/processing_system7_0/inst/FCLK_CLK_unbuffered[0]
    BUFGCTRL_X0Y0        BUFG (Prop_bufg_I_O)         0.091    11.192 r  design_1_i/processing_system7_0/inst/buffer_fclk_clk_0.FCLK_CLK_0_BUFG/O
                         net (fo=4816, routed)        1.548    12.740    <hidden>
    SLICE_X0Y2           FDCE                                         r  <hidden>
                         clock pessimism              0.230    12.971    
                         clock uncertainty           -0.154    12.817    
    SLICE_X0Y2           FDCE (Recov_fdce_C_CLR)     -0.319    12.498    <hidden>
  -------------------------------------------------------------------
                         required time                         12.498    
                         arrival time                          -5.854    
  -------------------------------------------------------------------
                         slack                                  6.644    

Slack (MET) :             6.644ns  (required time - arrival time)
  Source:                 <hidden>
                            (rising edge-triggered cell FDRE clocked by clk_fpga_0  {rise@0.000ns fall@5.000ns period=10.000ns})
  Destination:            <hidden>
                            (recovery check against rising-edge clock clk_fpga_0  {rise@0.000ns fall@5.000ns period=10.000ns})
  Path Group:             **async_default**
  Path Type:              Recovery (Max at Slow Process Corner)
  Requirement:            10.000ns  (clk_fpga_0 rise@10.000ns - clk_fpga_0 rise@0.000ns)
  Data Path Delay:        2.817ns  (logic 0.580ns (20.588%)  route 2.237ns (79.412%))
  Logic Levels:           1  (LUT3=1)
  Clock Path Skew:        -0.066ns (DCD - SCD + CPR)
    Destination Clock Delay (DCD):    2.740ns = ( 12.740 - 10.000 ) 
    Source Clock Delay      (SCD):    3.037ns
    Clock Pessimism Removal (CPR):    0.230ns
  Clock Uncertainty:      0.154ns  ((TSJ^2 + TIJ^2)^1/2 + DJ) / 2 + PE
    Total System Jitter     (TSJ):    0.071ns
    Total Input Jitter      (TIJ):    0.300ns
    Discrete Jitter          (DJ):    0.000ns
    Phase Error              (PE):    0.000ns

    Location             Delay type                Incr(ns)  Path(ns)    Netlist Resource(s)
  -------------------------------------------------------------------    -------------------
                         (clock clk_fpga_0 rise edge)
                                                      0.000     0.000 r  
    PS7_X0Y0             PS7                          0.000     0.000 r  design_1_i/processing_system7_0/inst/PS7_i/FCLKCLK[0]
                         net (fo=1, routed)           1.207     1.207    design_1_i/processing_system7_0/inst/FCLK_CLK_unbuffered[0]
    BUFGCTRL_X0Y0        BUFG (Prop_bufg_I_O)         0.101     1.308 r  design_1_i/processing_system7_0/inst/buffer_fclk_clk_0.FCLK_CLK_0_BUFG/O
                         net (fo=4816, routed)        1.729     3.037    <hidden>
    SLICE_X2Y0           FDRE                                         r  <hidden>
  -------------------------------------------------------------------    -------------------
    SLICE_X2Y0           FDRE (Prop_fdre_C_Q)         0.456     3.493 f  <hidden>
                         net (fo=2, routed)           1.272     4.765    <hidden>
    SLICE_X5Y2           LUT3 (Prop_lut3_I0_O)        0.124     4.889 f  <hidden>
                         net (fo=32, routed)          0.965     5.854    <hidden>
    SLICE_X0Y2           FDCE                                         f  <hidden>
  -------------------------------------------------------------------    -------------------

                         (clock clk_fpga_0 rise edge)
                                                     10.000    10.000 r  
    PS7_X0Y0             PS7                          0.000    10.000 r  design_1_i/processing_system7_0/inst/PS7_i/FCLKCLK[0]
                         net (fo=1, routed)           1.101    11.101    design_1_i/processing_system7_0/inst/FCLK_CLK_unbuffered[0]
    BUFGCTRL_X0Y0        BUFG (Prop_bufg_I_O)         0.091    11.192 r  design_1_i/processing_system7_0/inst/buffer_fclk_clk_0.FCLK_CLK_0_BUFG/O
                         net (fo=4816, routed)        1.548    12.740    <hidden>
    SLICE_X0Y2           FDCE                                         r  <hidden>
                         clock pessimism              0.230    12.971    
                         clock uncertainty           -0.154    12.817    
    SLICE_X0Y2           FDCE (Recov_fdce_C_CLR)     -0.319    12.498    <hidden>
  -------------------------------------------------------------------
                         required time                         12.498    
                         arrival time                          -5.854    
  -------------------------------------------------------------------
                         slack                                  6.644    

Slack (MET) :             6.675ns  (required time - arrival time)
  Source:                 <hidden>
                            (rising edge-triggered cell FDPE clocked by clk_fpga_0  {rise@0.000ns fall@5.000ns period=10.000ns})
  Destination:            <hidden>
                            (recovery check against rising-edge clock clk_fpga_0  {rise@0.000ns fall@5.000ns period=10.000ns})
  Path Group:             **async_default**
  Path Type:              Recovery (Max at Slow Process Corner)
  Requirement:            10.000ns  (clk_fpga_0 rise@10.000ns - clk_fpga_0 rise@0.000ns)
  Data Path Delay:        2.709ns  (logic 0.716ns (26.431%)  route 1.993ns (73.569%))
  Logic Levels:           1  (LUT3=1)
  Clock Path Skew:        -0.057ns (DCD - SCD + CPR)
    Destination Clock Delay (DCD):    2.744ns = ( 12.745 - 10.000 ) 
    Source Clock Delay      (SCD):    3.032ns
    Clock Pessimism Removal (CPR):    0.230ns
  Clock Uncertainty:      0.154ns  ((TSJ^2 + TIJ^2)^1/2 + DJ) / 2 + PE
    Total System Jitter     (TSJ):    0.071ns
    Total Input Jitter      (TIJ):    0.300ns
    Discrete Jitter          (DJ):    0.000ns
    Phase Error              (PE):    0.000ns

    Location             Delay type                Incr(ns)  Path(ns)    Netlist Resource(s)
  -------------------------------------------------------------------    -------------------
                         (clock clk_fpga_0 rise edge)
                                                      0.000     0.000 r  
    PS7_X0Y0             PS7                          0.000     0.000 r  design_1_i/processing_system7_0/inst/PS7_i/FCLKCLK[0]
                         net (fo=1, routed)           1.207     1.207    design_1_i/processing_system7_0/inst/FCLK_CLK_unbuffered[0]
    BUFGCTRL_X0Y0        BUFG (Prop_bufg_I_O)         0.101     1.308 r  design_1_i/processing_system7_0/inst/buffer_fclk_clk_0.FCLK_CLK_0_BUFG/O
                         net (fo=4816, routed)        1.724     3.032    <hidden>
    SLICE_X1Y1           FDPE                                         r  <hidden>
  -------------------------------------------------------------------    -------------------
    SLICE_X1Y1           FDPE (Prop_fdpe_C_Q)         0.419     3.451 f  <hidden>
                         net (fo=3, routed)           0.726     4.177    <hidden>
    SLICE_X2Y1           LUT3 (Prop_lut3_I2_O)        0.297     4.474 f  <hidden>
                         net (fo=32, routed)          1.267     5.741    <hidden>
    SLICE_X5Y1           FDCE                                         f  <hidden>
  -------------------------------------------------------------------    -------------------

                         (clock clk_fpga_0 rise edge)
                                                     10.000    10.000 r  
    PS7_X0Y0             PS7                          0.000    10.000 r  design_1_i/processing_system7_0/inst/PS7_i/FCLKCLK[0]
                         net (fo=1, routed)           1.101    11.101    design_1_i/processing_system7_0/inst/FCLK_CLK_unbuffered[0]
    BUFGCTRL_X0Y0        BUFG (Prop_bufg_I_O)         0.091    11.192 r  design_1_i/processing_system7_0/inst/buffer_fclk_clk_0.FCLK_CLK_0_BUFG/O
                         net (fo=4816, routed)        1.552    12.744    <hidden>
    SLICE_X5Y1           FDCE                                         r  <hidden>
                         clock pessimism              0.230    12.975    
                         clock uncertainty           -0.154    12.821    
    SLICE_X5Y1           FDCE (Recov_fdce_C_CLR)     -0.405    12.416    <hidden>
  -------------------------------------------------------------------
                         required time                         12.416    
                         arrival time                          -5.741    
  -------------------------------------------------------------------
                         slack                                  6.675    

Slack (MET) :             6.675ns  (required time - arrival time)
  Source:                 <hidden>
                            (rising edge-triggered cell FDPE clocked by clk_fpga_0  {rise@0.000ns fall@5.000ns period=10.000ns})
  Destination:            <hidden>
                            (recovery check against rising-edge clock clk_fpga_0  {rise@0.000ns fall@5.000ns period=10.000ns})
  Path Group:             **async_default**
  Path Type:              Recovery (Max at Slow Process Corner)
  Requirement:            10.000ns  (clk_fpga_0 rise@10.000ns - clk_fpga_0 rise@0.000ns)
  Data Path Delay:        2.709ns  (logic 0.716ns (26.431%)  route 1.993ns (73.569%))
  Logic Levels:           1  (LUT3=1)
  Clock Path Skew:        -0.057ns (DCD - SCD + CPR)
    Destination Clock Delay (DCD):    2.744ns = ( 12.745 - 10.000 ) 
    Source Clock Delay      (SCD):    3.032ns
    Clock Pessimism Removal (CPR):    0.230ns
  Clock Uncertainty:      0.154ns  ((TSJ^2 + TIJ^2)^1/2 + DJ) / 2 + PE
    Total System Jitter     (TSJ):    0.071ns
    Total Input Jitter      (TIJ):    0.300ns
    Discrete Jitter          (DJ):    0.000ns
    Phase Error              (PE):    0.000ns

    Location             Delay type                Incr(ns)  Path(ns)    Netlist Resource(s)
  -------------------------------------------------------------------    -------------------
                         (clock clk_fpga_0 rise edge)
                                                      0.000     0.000 r  
    PS7_X0Y0             PS7                          0.000     0.000 r  design_1_i/processing_system7_0/inst/PS7_i/FCLKCLK[0]
                         net (fo=1, routed)           1.207     1.207    design_1_i/processing_system7_0/inst/FCLK_CLK_unbuffered[0]
    BUFGCTRL_X0Y0        BUFG (Prop_bufg_I_O)         0.101     1.308 r  design_1_i/processing_system7_0/inst/buffer_fclk_clk_0.FCLK_CLK_0_BUFG/O
                         net (fo=4816, routed)        1.724     3.032    <hidden>
    SLICE_X1Y1           FDPE                                         r  <hidden>
  -------------------------------------------------------------------    -------------------
    SLICE_X1Y1           FDPE (Prop_fdpe_C_Q)         0.419     3.451 f  <hidden>
                         net (fo=3, routed)           0.726     4.177    <hidden>
    SLICE_X2Y1           LUT3 (Prop_lut3_I2_O)        0.297     4.474 f  <hidden>
                         net (fo=32, routed)          1.267     5.741    <hidden>
    SLICE_X5Y1           FDCE                                         f  <hidden>
  -------------------------------------------------------------------    -------------------

                         (clock clk_fpga_0 rise edge)
                                                     10.000    10.000 r  
    PS7_X0Y0             PS7                          0.000    10.000 r  design_1_i/processing_system7_0/inst/PS7_i/FCLKCLK[0]
                         net (fo=1, routed)           1.101    11.101    design_1_i/processing_system7_0/inst/FCLK_CLK_unbuffered[0]
    BUFGCTRL_X0Y0        BUFG (Prop_bufg_I_O)         0.091    11.192 r  design_1_i/processing_system7_0/inst/buffer_fclk_clk_0.FCLK_CLK_0_BUFG/O
                         net (fo=4816, routed)        1.552    12.744    <hidden>
    SLICE_X5Y1           FDCE                                         r  <hidden>
                         clock pessimism              0.230    12.975    
                         clock uncertainty           -0.154    12.821    
    SLICE_X5Y1           FDCE (Recov_fdce_C_CLR)     -0.405    12.416    <hidden>
  -------------------------------------------------------------------
                         required time                         12.416    
                         arrival time                          -5.741    
  -------------------------------------------------------------------
                         slack                                  6.675    

Slack (MET) :             6.675ns  (required time - arrival time)
  Source:                 <hidden>
                            (rising edge-triggered cell FDPE clocked by clk_fpga_0  {rise@0.000ns fall@5.000ns period=10.000ns})
  Destination:            <hidden>
                            (recovery check against rising-edge clock clk_fpga_0  {rise@0.000ns fall@5.000ns period=10.000ns})
  Path Group:             **async_default**
  Path Type:              Recovery (Max at Slow Process Corner)
  Requirement:            10.000ns  (clk_fpga_0 rise@10.000ns - clk_fpga_0 rise@0.000ns)
  Data Path Delay:        2.709ns  (logic 0.716ns (26.431%)  route 1.993ns (73.569%))
  Logic Levels:           1  (LUT3=1)
  Clock Path Skew:        -0.057ns (DCD - SCD + CPR)
    Destination Clock Delay (DCD):    2.744ns = ( 12.745 - 10.000 ) 
    Source Clock Delay      (SCD):    3.032ns
    Clock Pessimism Removal (CPR):    0.230ns
  Clock Uncertainty:      0.154ns  ((TSJ^2 + TIJ^2)^1/2 + DJ) / 2 + PE
    Total System Jitter     (TSJ):    0.071ns
    Total Input Jitter      (TIJ):    0.300ns
    Discrete Jitter          (DJ):    0.000ns
    Phase Error              (PE):    0.000ns

    Location             Delay type                Incr(ns)  Path(ns)    Netlist Resource(s)
  -------------------------------------------------------------------    -------------------
                         (clock clk_fpga_0 rise edge)
                                                      0.000     0.000 r  
    PS7_X0Y0             PS7                          0.000     0.000 r  design_1_i/processing_system7_0/inst/PS7_i/FCLKCLK[0]
                         net (fo=1, routed)           1.207     1.207    design_1_i/processing_system7_0/inst/FCLK_CLK_unbuffered[0]
    BUFGCTRL_X0Y0        BUFG (Prop_bufg_I_O)         0.101     1.308 r  design_1_i/processing_system7_0/inst/buffer_fclk_clk_0.FCLK_CLK_0_BUFG/O
                         net (fo=4816, routed)        1.724     3.032    <hidden>
    SLICE_X1Y1           FDPE                                         r  <hidden>
  -------------------------------------------------------------------    -------------------
    SLICE_X1Y1           FDPE (Prop_fdpe_C_Q)         0.419     3.451 f  <hidden>
                         net (fo=3, routed)           0.726     4.177    <hidden>
    SLICE_X2Y1           LUT3 (Prop_lut3_I2_O)        0.297     4.474 f  <hidden>
                         net (fo=32, routed)          1.267     5.741    <hidden>
    SLICE_X5Y1           FDCE                                         f  <hidden>
  -------------------------------------------------------------------    -------------------

                         (clock clk_fpga_0 rise edge)
                                                     10.000    10.000 r  
    PS7_X0Y0             PS7                          0.000    10.000 r  design_1_i/processing_system7_0/inst/PS7_i/FCLKCLK[0]
                         net (fo=1, routed)           1.101    11.101    design_1_i/processing_system7_0/inst/FCLK_CLK_unbuffered[0]
    BUFGCTRL_X0Y0        BUFG (Prop_bufg_I_O)         0.091    11.192 r  design_1_i/processing_system7_0/inst/buffer_fclk_clk_0.FCLK_CLK_0_BUFG/O
                         net (fo=4816, routed)        1.552    12.744    <hidden>
    SLICE_X5Y1           FDCE                                         r  <hidden>
                         clock pessimism              0.230    12.975    
                         clock uncertainty           -0.154    12.821    
    SLICE_X5Y1           FDCE (Recov_fdce_C_CLR)     -0.405    12.416    <hidden>
  -------------------------------------------------------------------
                         required time                         12.416    
                         arrival time                          -5.741    
  -------------------------------------------------------------------
                         slack                                  6.675    





Min Delay Paths
--------------------------------------------------------------------------------------
Slack (MET) :             0.641ns  (arrival time - required time)
  Source:                 <hidden>
                            (rising edge-triggered cell FDRE clocked by clk_fpga_0  {rise@0.000ns fall@5.000ns period=10.000ns})
  Destination:            <hidden>
                            (removal check against rising-edge clock clk_fpga_0  {rise@0.000ns fall@5.000ns period=10.000ns})
  Path Group:             **async_default**
  Path Type:              Removal (Min at Fast Process Corner)
  Requirement:            0.000ns  (clk_fpga_0 rise@0.000ns - clk_fpga_0 rise@0.000ns)
  Data Path Delay:        0.590ns  (logic 0.186ns (31.545%)  route 0.404ns (68.455%))
  Logic Levels:           1  (LUT3=1)
  Clock Path Skew:        0.016ns (DCD - SCD - CPR)
    Destination Clock Delay (DCD):    1.224ns
    Source Clock Delay      (SCD):    0.927ns
    Clock Pessimism Removal (CPR):    0.281ns

    Location             Delay type                Incr(ns)  Path(ns)    Netlist Resource(s)
  -------------------------------------------------------------------    -------------------
                         (clock clk_fpga_0 rise edge)
                                                      0.000     0.000 r  
    PS7_X0Y0             PS7                          0.000     0.000 r  design_1_i/processing_system7_0/inst/PS7_i/FCLKCLK[0]
                         net (fo=1, routed)           0.315     0.315    design_1_i/processing_system7_0/inst/FCLK_CLK_unbuffered[0]
    BUFGCTRL_X0Y0        BUFG (Prop_bufg_I_O)         0.026     0.341 r  design_1_i/processing_system7_0/inst/buffer_fclk_clk_0.FCLK_CLK_0_BUFG/O
                         net (fo=4816, routed)        0.586     0.927    <hidden>
    SLICE_X2Y0           FDRE                                         r  <hidden>
  -------------------------------------------------------------------    -------------------
    SLICE_X2Y0           FDRE (Prop_fdre_C_Q)         0.141     1.068 f  <hidden>
                         net (fo=2, routed)           0.226     1.294    <hidden>
    SLICE_X2Y1           LUT3 (Prop_lut3_I0_O)        0.045     1.339 f  <hidden>
                         net (fo=32, routed)          0.178     1.516    <hidden>
    SLICE_X4Y2           FDCE                                         f  <hidden>
  -------------------------------------------------------------------    -------------------

                         (clock clk_fpga_0 rise edge)
                                                      0.000     0.000 r  
    PS7_X0Y0             PS7                          0.000     0.000 r  design_1_i/processing_system7_0/inst/PS7_i/FCLKCLK[0]
                         net (fo=1, routed)           0.341     0.341    design_1_i/processing_system7_0/inst/FCLK_CLK_unbuffered[0]
    BUFGCTRL_X0Y0        BUFG (Prop_bufg_I_O)         0.029     0.370 r  design_1_i/processing_system7_0/inst/buffer_fclk_clk_0.FCLK_CLK_0_BUFG/O
                         net (fo=4816, routed)        0.854     1.224    <hidden>
    SLICE_X4Y2           FDCE                                         r  <hidden>
                         clock pessimism             -0.281     0.943    
    SLICE_X4Y2           FDCE (Remov_fdce_C_CLR)     -0.067     0.876    <hidden>
  -------------------------------------------------------------------
                         required time                         -0.876    
                         arrival time                           1.516    
  -------------------------------------------------------------------
                         slack                                  0.641    

Slack (MET) :             0.641ns  (arrival time - required time)
  Source:                 <hidden>
                            (rising edge-triggered cell FDRE clocked by clk_fpga_0  {rise@0.000ns fall@5.000ns period=10.000ns})
  Destination:            <hidden>
                            (removal check against rising-edge clock clk_fpga_0  {rise@0.000ns fall@5.000ns period=10.000ns})
  Path Group:             **async_default**
  Path Type:              Removal (Min at Fast Process Corner)
  Requirement:            0.000ns  (clk_fpga_0 rise@0.000ns - clk_fpga_0 rise@0.000ns)
  Data Path Delay:        0.590ns  (logic 0.186ns (31.545%)  route 0.404ns (68.455%))
  Logic Levels:           1  (LUT3=1)
  Clock Path Skew:        0.016ns (DCD - SCD - CPR)
    Destination Clock Delay (DCD):    1.224ns
    Source Clock Delay      (SCD):    0.927ns
    Clock Pessimism Removal (CPR):    0.281ns

    Location             Delay type                Incr(ns)  Path(ns)    Netlist Resource(s)
  -------------------------------------------------------------------    -------------------
                         (clock clk_fpga_0 rise edge)
                                                      0.000     0.000 r  
    PS7_X0Y0             PS7                          0.000     0.000 r  design_1_i/processing_system7_0/inst/PS7_i/FCLKCLK[0]
                         net (fo=1, routed)           0.315     0.315    design_1_i/processing_system7_0/inst/FCLK_CLK_unbuffered[0]
    BUFGCTRL_X0Y0        BUFG (Prop_bufg_I_O)         0.026     0.341 r  design_1_i/processing_system7_0/inst/buffer_fclk_clk_0.FCLK_CLK_0_BUFG/O
                         net (fo=4816, routed)        0.586     0.927    <hidden>
    SLICE_X2Y0           FDRE                                         r  <hidden>
  -------------------------------------------------------------------    -------------------
    SLICE_X2Y0           FDRE (Prop_fdre_C_Q)         0.141     1.068 f  <hidden>
                         net (fo=2, routed)           0.226     1.294    <hidden>
    SLICE_X2Y1           LUT3 (Prop_lut3_I0_O)        0.045     1.339 f  <hidden>
                         net (fo=32, routed)          0.178     1.516    <hidden>
    SLICE_X4Y2           FDCE                                         f  <hidden>
  -------------------------------------------------------------------    -------------------

                         (clock clk_fpga_0 rise edge)
                                                      0.000     0.000 r  
    PS7_X0Y0             PS7                          0.000     0.000 r  design_1_i/processing_system7_0/inst/PS7_i/FCLKCLK[0]
                         net (fo=1, routed)           0.341     0.341    design_1_i/processing_system7_0/inst/FCLK_CLK_unbuffered[0]
    BUFGCTRL_X0Y0        BUFG (Prop_bufg_I_O)         0.029     0.370 r  design_1_i/processing_system7_0/inst/buffer_fclk_clk_0.FCLK_CLK_0_BUFG/O
                         net (fo=4816, routed)        0.854     1.224    <hidden>
    SLICE_X4Y2           FDCE                                         r  <hidden>
                         clock pessimism             -0.281     0.943    
    SLICE_X4Y2           FDCE (Remov_fdce_C_CLR)     -0.067     0.876    <hidden>
  -------------------------------------------------------------------
                         required time                         -0.876    
                         arrival time                           1.516    
  -------------------------------------------------------------------
                         slack                                  0.641    

Slack (MET) :             0.645ns  (arrival time - required time)
  Source:                 <hidden>
                            (rising edge-triggered cell FDRE clocked by clk_fpga_0  {rise@0.000ns fall@5.000ns period=10.000ns})
  Destination:            <hidden>
                            (removal check against rising-edge clock clk_fpga_0  {rise@0.000ns fall@5.000ns period=10.000ns})
  Path Group:             **async_default**
  Path Type:              Removal (Min at Fast Process Corner)
  Requirement:            0.000ns  (clk_fpga_0 rise@0.000ns - clk_fpga_0 rise@0.000ns)
  Data Path Delay:        0.590ns  (logic 0.186ns (31.545%)  route 0.404ns (68.455%))
  Logic Levels:           1  (LUT3=1)
  Clock Path Skew:        0.016ns (DCD - SCD - CPR)
    Destination Clock Delay (DCD):    1.224ns
    Source Clock Delay      (SCD):    0.927ns
    Clock Pessimism Removal (CPR):    0.281ns

    Location             Delay type                Incr(ns)  Path(ns)    Netlist Resource(s)
  -------------------------------------------------------------------    -------------------
                         (clock clk_fpga_0 rise edge)
                                                      0.000     0.000 r  
    PS7_X0Y0             PS7                          0.000     0.000 r  design_1_i/processing_system7_0/inst/PS7_i/FCLKCLK[0]
                         net (fo=1, routed)           0.315     0.315    design_1_i/processing_system7_0/inst/FCLK_CLK_unbuffered[0]
    BUFGCTRL_X0Y0        BUFG (Prop_bufg_I_O)         0.026     0.341 r  design_1_i/processing_system7_0/inst/buffer_fclk_clk_0.FCLK_CLK_0_BUFG/O
                         net (fo=4816, routed)        0.586     0.927    <hidden>
    SLICE_X2Y0           FDRE                                         r  <hidden>
  -------------------------------------------------------------------    -------------------
    SLICE_X2Y0           FDRE (Prop_fdre_C_Q)         0.141     1.068 f  <hidden>
                         net (fo=2, routed)           0.226     1.294    <hidden>
    SLICE_X2Y1           LUT3 (Prop_lut3_I0_O)        0.045     1.339 f  <hidden>
                         net (fo=32, routed)          0.178     1.516    <hidden>
    SLICE_X4Y2           FDPE                                         f  <hidden>
  -------------------------------------------------------------------    -------------------

                         (clock clk_fpga_0 rise edge)
                                                      0.000     0.000 r  
    PS7_X0Y0             PS7                          0.000     0.000 r  design_1_i/processing_system7_0/inst/PS7_i/FCLKCLK[0]
                         net (fo=1, routed)           0.341     0.341    design_1_i/processing_system7_0/inst/FCLK_CLK_unbuffered[0]
    BUFGCTRL_X0Y0        BUFG (Prop_bufg_I_O)         0.029     0.370 r  design_1_i/processing_system7_0/inst/buffer_fclk_clk_0.FCLK_CLK_0_BUFG/O
                         net (fo=4816, routed)        0.854     1.224    <hidden>
    SLICE_X4Y2           FDPE                                         r  <hidden>
                         clock pessimism             -0.281     0.943    
    SLICE_X4Y2           FDPE (Remov_fdpe_C_PRE)     -0.071     0.872    <hidden>
  -------------------------------------------------------------------
                         required time                         -0.872    
                         arrival time                           1.516    
  -------------------------------------------------------------------
                         slack                                  0.645    

Slack (MET) :             0.645ns  (arrival time - required time)
  Source:                 <hidden>
                            (rising edge-triggered cell FDRE clocked by clk_fpga_0  {rise@0.000ns fall@5.000ns period=10.000ns})
  Destination:            <hidden>
                            (removal check against rising-edge clock clk_fpga_0  {rise@0.000ns fall@5.000ns period=10.000ns})
  Path Group:             **async_default**
  Path Type:              Removal (Min at Fast Process Corner)
  Requirement:            0.000ns  (clk_fpga_0 rise@0.000ns - clk_fpga_0 rise@0.000ns)
  Data Path Delay:        0.590ns  (logic 0.186ns (31.545%)  route 0.404ns (68.455%))
  Logic Levels:           1  (LUT3=1)
  Clock Path Skew:        0.016ns (DCD - SCD - CPR)
    Destination Clock Delay (DCD):    1.224ns
    Source Clock Delay      (SCD):    0.927ns
    Clock Pessimism Removal (CPR):    0.281ns

    Location             Delay type                Incr(ns)  Path(ns)    Netlist Resource(s)
  -------------------------------------------------------------------    -------------------
                         (clock clk_fpga_0 rise edge)
                                                      0.000     0.000 r  
    PS7_X0Y0             PS7                          0.000     0.000 r  design_1_i/processing_system7_0/inst/PS7_i/FCLKCLK[0]
                         net (fo=1, routed)           0.315     0.315    design_1_i/processing_system7_0/inst/FCLK_CLK_unbuffered[0]
    BUFGCTRL_X0Y0        BUFG (Prop_bufg_I_O)         0.026     0.341 r  design_1_i/processing_system7_0/inst/buffer_fclk_clk_0.FCLK_CLK_0_BUFG/O
                         net (fo=4816, routed)        0.586     0.927    <hidden>
    SLICE_X2Y0           FDRE                                         r  <hidden>
  -------------------------------------------------------------------    -------------------
    SLICE_X2Y0           FDRE (Prop_fdre_C_Q)         0.141     1.068 f  <hidden>
                         net (fo=2, routed)           0.226     1.294    <hidden>
    SLICE_X2Y1           LUT3 (Prop_lut3_I0_O)        0.045     1.339 f  <hidden>
                         net (fo=32, routed)          0.178     1.516    <hidden>
    SLICE_X4Y2           FDPE                                         f  <hidden>
  -------------------------------------------------------------------    -------------------

                         (clock clk_fpga_0 rise edge)
                                                      0.000     0.000 r  
    PS7_X0Y0             PS7                          0.000     0.000 r  design_1_i/processing_system7_0/inst/PS7_i/FCLKCLK[0]
                         net (fo=1, routed)           0.341     0.341    design_1_i/processing_system7_0/inst/FCLK_CLK_unbuffered[0]
    BUFGCTRL_X0Y0        BUFG (Prop_bufg_I_O)         0.029     0.370 r  design_1_i/processing_system7_0/inst/buffer_fclk_clk_0.FCLK_CLK_0_BUFG/O
                         net (fo=4816, routed)        0.854     1.224    <hidden>
    SLICE_X4Y2           FDPE                                         r  <hidden>
                         clock pessimism             -0.281     0.943    
    SLICE_X4Y2           FDPE (Remov_fdpe_C_PRE)     -0.071     0.872    <hidden>
  -------------------------------------------------------------------
                         required time                         -0.872    
                         arrival time                           1.516    
  -------------------------------------------------------------------
                         slack                                  0.645    

Slack (MET) :             0.666ns  (arrival time - required time)
  Source:                 <hidden>
                            (rising edge-triggered cell FDRE clocked by clk_fpga_0  {rise@0.000ns fall@5.000ns period=10.000ns})
  Destination:            <hidden>
                            (removal check against rising-edge clock clk_fpga_0  {rise@0.000ns fall@5.000ns period=10.000ns})
  Path Group:             **async_default**
  Path Type:              Removal (Min at Fast Process Corner)
  Requirement:            0.000ns  (clk_fpga_0 rise@0.000ns - clk_fpga_0 rise@0.000ns)
  Data Path Delay:        0.590ns  (logic 0.186ns (31.545%)  route 0.404ns (68.455%))
  Logic Levels:           1  (LUT3=1)
  Clock Path Skew:        0.016ns (DCD - SCD - CPR)
    Destination Clock Delay (DCD):    1.224ns
    Source Clock Delay      (SCD):    0.927ns
    Clock Pessimism Removal (CPR):    0.281ns

    Location             Delay type                Incr(ns)  Path(ns)    Netlist Resource(s)
  -------------------------------------------------------------------    -------------------
                         (clock clk_fpga_0 rise edge)
                                                      0.000     0.000 r  
    PS7_X0Y0             PS7                          0.000     0.000 r  design_1_i/processing_system7_0/inst/PS7_i/FCLKCLK[0]
                         net (fo=1, routed)           0.315     0.315    design_1_i/processing_system7_0/inst/FCLK_CLK_unbuffered[0]
    BUFGCTRL_X0Y0        BUFG (Prop_bufg_I_O)         0.026     0.341 r  design_1_i/processing_system7_0/inst/buffer_fclk_clk_0.FCLK_CLK_0_BUFG/O
                         net (fo=4816, routed)        0.586     0.927    <hidden>
    SLICE_X2Y0           FDRE                                         r  <hidden>
  -------------------------------------------------------------------    -------------------
    SLICE_X2Y0           FDRE (Prop_fdre_C_Q)         0.141     1.068 f  <hidden>
                         net (fo=2, routed)           0.226     1.294    <hidden>
    SLICE_X2Y1           LUT3 (Prop_lut3_I0_O)        0.045     1.339 f  <hidden>
                         net (fo=32, routed)          0.178     1.516    <hidden>
    SLICE_X5Y2           FDCE                                         f  <hidden>
  -------------------------------------------------------------------    -------------------

                         (clock clk_fpga_0 rise edge)
                                                      0.000     0.000 r  
    PS7_X0Y0             PS7                          0.000     0.000 r  design_1_i/processing_system7_0/inst/PS7_i/FCLKCLK[0]
                         net (fo=1, routed)           0.341     0.341    design_1_i/processing_system7_0/inst/FCLK_CLK_unbuffered[0]
    BUFGCTRL_X0Y0        BUFG (Prop_bufg_I_O)         0.029     0.370 r  design_1_i/processing_system7_0/inst/buffer_fclk_clk_0.FCLK_CLK_0_BUFG/O
                         net (fo=4816, routed)        0.854     1.224    <hidden>
    SLICE_X5Y2           FDCE                                         r  <hidden>
                         clock pessimism             -0.281     0.943    
    SLICE_X5Y2           FDCE (Remov_fdce_C_CLR)     -0.092     0.851    <hidden>
  -------------------------------------------------------------------
                         required time                         -0.851    
                         arrival time                           1.516    
  -------------------------------------------------------------------
                         slack                                  0.666    

Slack (MET) :             0.666ns  (arrival time - required time)
  Source:                 <hidden>
                            (rising edge-triggered cell FDRE clocked by clk_fpga_0  {rise@0.000ns fall@5.000ns period=10.000ns})
  Destination:            <hidden>
                            (removal check against rising-edge clock clk_fpga_0  {rise@0.000ns fall@5.000ns period=10.000ns})
  Path Group:             **async_default**
  Path Type:              Removal (Min at Fast Process Corner)
  Requirement:            0.000ns  (clk_fpga_0 rise@0.000ns - clk_fpga_0 rise@0.000ns)
  Data Path Delay:        0.590ns  (logic 0.186ns (31.545%)  route 0.404ns (68.455%))
  Logic Levels:           1  (LUT3=1)
  Clock Path Skew:        0.016ns (DCD - SCD - CPR)
    Destination Clock Delay (DCD):    1.224ns
    Source Clock Delay      (SCD):    0.927ns
    Clock Pessimism Removal (CPR):    0.281ns

    Location             Delay type                Incr(ns)  Path(ns)    Netlist Resource(s)
  -------------------------------------------------------------------    -------------------
                         (clock clk_fpga_0 rise edge)
                                                      0.000     0.000 r  
    PS7_X0Y0             PS7                          0.000     0.000 r  design_1_i/processing_system7_0/inst/PS7_i/FCLKCLK[0]
                         net (fo=1, routed)           0.315     0.315    design_1_i/processing_system7_0/inst/FCLK_CLK_unbuffered[0]
    BUFGCTRL_X0Y0        BUFG (Prop_bufg_I_O)         0.026     0.341 r  design_1_i/processing_system7_0/inst/buffer_fclk_clk_0.FCLK_CLK_0_BUFG/O
                         net (fo=4816, routed)        0.586     0.927    <hidden>
    SLICE_X2Y0           FDRE                                         r  <hidden>
  -------------------------------------------------------------------    -------------------
    SLICE_X2Y0           FDRE (Prop_fdre_C_Q)         0.141     1.068 f  <hidden>
                         net (fo=2, routed)           0.226     1.294    <hidden>
    SLICE_X2Y1           LUT3 (Prop_lut3_I0_O)        0.045     1.339 f  <hidden>
                         net (fo=32, routed)          0.178     1.516    <hidden>
    SLICE_X5Y2           FDCE                                         f  <hidden>
  -------------------------------------------------------------------    -------------------

                         (clock clk_fpga_0 rise edge)
                                                      0.000     0.000 r  
    PS7_X0Y0             PS7                          0.000     0.000 r  design_1_i/processing_system7_0/inst/PS7_i/FCLKCLK[0]
                         net (fo=1, routed)           0.341     0.341    design_1_i/processing_system7_0/inst/FCLK_CLK_unbuffered[0]
    BUFGCTRL_X0Y0        BUFG (Prop_bufg_I_O)         0.029     0.370 r  design_1_i/processing_system7_0/inst/buffer_fclk_clk_0.FCLK_CLK_0_BUFG/O
                         net (fo=4816, routed)        0.854     1.224    <hidden>
    SLICE_X5Y2           FDCE                                         r  <hidden>
                         clock pessimism             -0.281     0.943    
    SLICE_X5Y2           FDCE (Remov_fdce_C_CLR)     -0.092     0.851    <hidden>
  -------------------------------------------------------------------
                         required time                         -0.851    
                         arrival time                           1.516    
  -------------------------------------------------------------------
                         slack                                  0.666    

Slack (MET) :             0.666ns  (arrival time - required time)
  Source:                 <hidden>
                            (rising edge-triggered cell FDRE clocked by clk_fpga_0  {rise@0.000ns fall@5.000ns period=10.000ns})
  Destination:            <hidden>
                            (removal check against rising-edge clock clk_fpga_0  {rise@0.000ns fall@5.000ns period=10.000ns})
  Path Group:             **async_default**
  Path Type:              Removal (Min at Fast Process Corner)
  Requirement:            0.000ns  (clk_fpga_0 rise@0.000ns - clk_fpga_0 rise@0.000ns)
  Data Path Delay:        0.590ns  (logic 0.186ns (31.545%)  route 0.404ns (68.455%))
  Logic Levels:           1  (LUT3=1)
  Clock Path Skew:        0.016ns (DCD - SCD - CPR)
    Destination Clock Delay (DCD):    1.224ns
    Source Clock Delay      (SCD):    0.927ns
    Clock Pessimism Removal (CPR):    0.281ns

    Location             Delay type                Incr(ns)  Path(ns)    Netlist Resource(s)
  -------------------------------------------------------------------    -------------------
                         (clock clk_fpga_0 rise edge)
                                                      0.000     0.000 r  
    PS7_X0Y0             PS7                          0.000     0.000 r  design_1_i/processing_system7_0/inst/PS7_i/FCLKCLK[0]
                         net (fo=1, routed)           0.315     0.315    design_1_i/processing_system7_0/inst/FCLK_CLK_unbuffered[0]
    BUFGCTRL_X0Y0        BUFG (Prop_bufg_I_O)         0.026     0.341 r  design_1_i/processing_system7_0/inst/buffer_fclk_clk_0.FCLK_CLK_0_BUFG/O
                         net (fo=4816, routed)        0.586     0.927    <hidden>
    SLICE_X2Y0           FDRE                                         r  <hidden>
  -------------------------------------------------------------------    -------------------
    SLICE_X2Y0           FDRE (Prop_fdre_C_Q)         0.141     1.068 f  <hidden>
                         net (fo=2, routed)           0.226     1.294    <hidden>
    SLICE_X2Y1           LUT3 (Prop_lut3_I0_O)        0.045     1.339 f  <hidden>
                         net (fo=32, routed)          0.178     1.516    <hidden>
    SLICE_X5Y2           FDCE                                         f  <hidden>
  -------------------------------------------------------------------    -------------------

                         (clock clk_fpga_0 rise edge)
                                                      0.000     0.000 r  
    PS7_X0Y0             PS7                          0.000     0.000 r  design_1_i/processing_system7_0/inst/PS7_i/FCLKCLK[0]
                         net (fo=1, routed)           0.341     0.341    design_1_i/processing_system7_0/inst/FCLK_CLK_unbuffered[0]
    BUFGCTRL_X0Y0        BUFG (Prop_bufg_I_O)         0.029     0.370 r  design_1_i/processing_system7_0/inst/buffer_fclk_clk_0.FCLK_CLK_0_BUFG/O
                         net (fo=4816, routed)        0.854     1.224    <hidden>
    SLICE_X5Y2           FDCE                                         r  <hidden>
                         clock pessimism             -0.281     0.943    
    SLICE_X5Y2           FDCE (Remov_fdce_C_CLR)     -0.092     0.851    <hidden>
  -------------------------------------------------------------------
                         required time                         -0.851    
                         arrival time                           1.516    
  -------------------------------------------------------------------
                         slack                                  0.666    

Slack (MET) :             0.666ns  (arrival time - required time)
  Source:                 <hidden>
                            (rising edge-triggered cell FDRE clocked by clk_fpga_0  {rise@0.000ns fall@5.000ns period=10.000ns})
  Destination:            <hidden>
                            (removal check against rising-edge clock clk_fpga_0  {rise@0.000ns fall@5.000ns period=10.000ns})
  Path Group:             **async_default**
  Path Type:              Removal (Min at Fast Process Corner)
  Requirement:            0.000ns  (clk_fpga_0 rise@0.000ns - clk_fpga_0 rise@0.000ns)
  Data Path Delay:        0.590ns  (logic 0.186ns (31.545%)  route 0.404ns (68.455%))
  Logic Levels:           1  (LUT3=1)
  Clock Path Skew:        0.016ns (DCD - SCD - CPR)
    Destination Clock Delay (DCD):    1.224ns
    Source Clock Delay      (SCD):    0.927ns
    Clock Pessimism Removal (CPR):    0.281ns

    Location             Delay type                Incr(ns)  Path(ns)    Netlist Resource(s)
  -------------------------------------------------------------------    -------------------
                         (clock clk_fpga_0 rise edge)
                                                      0.000     0.000 r  
    PS7_X0Y0             PS7                          0.000     0.000 r  design_1_i/processing_system7_0/inst/PS7_i/FCLKCLK[0]
                         net (fo=1, routed)           0.315     0.315    design_1_i/processing_system7_0/inst/FCLK_CLK_unbuffered[0]
    BUFGCTRL_X0Y0        BUFG (Prop_bufg_I_O)         0.026     0.341 r  design_1_i/processing_system7_0/inst/buffer_fclk_clk_0.FCLK_CLK_0_BUFG/O
                         net (fo=4816, routed)        0.586     0.927    <hidden>
    SLICE_X2Y0           FDRE                                         r  <hidden>
  -------------------------------------------------------------------    -------------------
    SLICE_X2Y0           FDRE (Prop_fdre_C_Q)         0.141     1.068 f  <hidden>
                         net (fo=2, routed)           0.226     1.294    <hidden>
    SLICE_X2Y1           LUT3 (Prop_lut3_I0_O)        0.045     1.339 f  <hidden>
                         net (fo=32, routed)          0.178     1.516    <hidden>
    SLICE_X5Y2           FDCE                                         f  <hidden>
  -------------------------------------------------------------------    -------------------

                         (clock clk_fpga_0 rise edge)
                                                      0.000     0.000 r  
    PS7_X0Y0             PS7                          0.000     0.000 r  design_1_i/processing_system7_0/inst/PS7_i/FCLKCLK[0]
                         net (fo=1, routed)           0.341     0.341    design_1_i/processing_system7_0/inst/FCLK_CLK_unbuffered[0]
    BUFGCTRL_X0Y0        BUFG (Prop_bufg_I_O)         0.029     0.370 r  design_1_i/processing_system7_0/inst/buffer_fclk_clk_0.FCLK_CLK_0_BUFG/O
                         net (fo=4816, routed)        0.854     1.224    <hidden>
    SLICE_X5Y2           FDCE                                         r  <hidden>
                         clock pessimism             -0.281     0.943    
    SLICE_X5Y2           FDCE (Remov_fdce_C_CLR)     -0.092     0.851    <hidden>
  -------------------------------------------------------------------
                         required time                         -0.851    
                         arrival time                           1.516    
  -------------------------------------------------------------------
                         slack                                  0.666    

Slack (MET) :             0.666ns  (arrival time - required time)
  Source:                 <hidden>
                            (rising edge-triggered cell FDRE clocked by clk_fpga_0  {rise@0.000ns fall@5.000ns period=10.000ns})
  Destination:            <hidden>
                            (removal check against rising-edge clock clk_fpga_0  {rise@0.000ns fall@5.000ns period=10.000ns})
  Path Group:             **async_default**
  Path Type:              Removal (Min at Fast Process Corner)
  Requirement:            0.000ns  (clk_fpga_0 rise@0.000ns - clk_fpga_0 rise@0.000ns)
  Data Path Delay:        0.590ns  (logic 0.186ns (31.545%)  route 0.404ns (68.455%))
  Logic Levels:           1  (LUT3=1)
  Clock Path Skew:        0.016ns (DCD - SCD - CPR)
    Destination Clock Delay (DCD):    1.224ns
    Source Clock Delay      (SCD):    0.927ns
    Clock Pessimism Removal (CPR):    0.281ns

    Location             Delay type                Incr(ns)  Path(ns)    Netlist Resource(s)
  -------------------------------------------------------------------    -------------------
                         (clock clk_fpga_0 rise edge)
                                                      0.000     0.000 r  
    PS7_X0Y0             PS7                          0.000     0.000 r  design_1_i/processing_system7_0/inst/PS7_i/FCLKCLK[0]
                         net (fo=1, routed)           0.315     0.315    design_1_i/processing_system7_0/inst/FCLK_CLK_unbuffered[0]
    BUFGCTRL_X0Y0        BUFG (Prop_bufg_I_O)         0.026     0.341 r  design_1_i/processing_system7_0/inst/buffer_fclk_clk_0.FCLK_CLK_0_BUFG/O
                         net (fo=4816, routed)        0.586     0.927    <hidden>
    SLICE_X2Y0           FDRE                                         r  <hidden>
  -------------------------------------------------------------------    -------------------
    SLICE_X2Y0           FDRE (Prop_fdre_C_Q)         0.141     1.068 f  <hidden>
                         net (fo=2, routed)           0.226     1.294    <hidden>
    SLICE_X2Y1           LUT3 (Prop_lut3_I0_O)        0.045     1.339 f  <hidden>
                         net (fo=32, routed)          0.178     1.516    <hidden>
    SLICE_X5Y2           FDCE                                         f  <hidden>
  -------------------------------------------------------------------    -------------------

                         (clock clk_fpga_0 rise edge)
                                                      0.000     0.000 r  
    PS7_X0Y0             PS7                          0.000     0.000 r  design_1_i/processing_system7_0/inst/PS7_i/FCLKCLK[0]
                         net (fo=1, routed)           0.341     0.341    design_1_i/processing_system7_0/inst/FCLK_CLK_unbuffered[0]
    BUFGCTRL_X0Y0        BUFG (Prop_bufg_I_O)         0.029     0.370 r  design_1_i/processing_system7_0/inst/buffer_fclk_clk_0.FCLK_CLK_0_BUFG/O
                         net (fo=4816, routed)        0.854     1.224    <hidden>
    SLICE_X5Y2           FDCE                                         r  <hidden>
                         clock pessimism             -0.281     0.943    
    SLICE_X5Y2           FDCE (Remov_fdce_C_CLR)     -0.092     0.851    <hidden>
  -------------------------------------------------------------------
                         required time                         -0.851    
                         arrival time                           1.516    
  -------------------------------------------------------------------
                         slack                                  0.666    

Slack (MET) :             0.666ns  (arrival time - required time)
  Source:                 <hidden>
                            (rising edge-triggered cell FDRE clocked by clk_fpga_0  {rise@0.000ns fall@5.000ns period=10.000ns})
  Destination:            <hidden>
                            (removal check against rising-edge clock clk_fpga_0  {rise@0.000ns fall@5.000ns period=10.000ns})
  Path Group:             **async_default**
  Path Type:              Removal (Min at Fast Process Corner)
  Requirement:            0.000ns  (clk_fpga_0 rise@0.000ns - clk_fpga_0 rise@0.000ns)
  Data Path Delay:        0.590ns  (logic 0.186ns (31.545%)  route 0.404ns (68.455%))
  Logic Levels:           1  (LUT3=1)
  Clock Path Skew:        0.016ns (DCD - SCD - CPR)
    Destination Clock Delay (DCD):    1.224ns
    Source Clock Delay      (SCD):    0.927ns
    Clock Pessimism Removal (CPR):    0.281ns

    Location             Delay type                Incr(ns)  Path(ns)    Netlist Resource(s)
  -------------------------------------------------------------------    -------------------
                         (clock clk_fpga_0 rise edge)
                                                      0.000     0.000 r  
    PS7_X0Y0             PS7                          0.000     0.000 r  design_1_i/processing_system7_0/inst/PS7_i/FCLKCLK[0]
                         net (fo=1, routed)           0.315     0.315    design_1_i/processing_system7_0/inst/FCLK_CLK_unbuffered[0]
    BUFGCTRL_X0Y0        BUFG (Prop_bufg_I_O)         0.026     0.341 r  design_1_i/processing_system7_0/inst/buffer_fclk_clk_0.FCLK_CLK_0_BUFG/O
                         net (fo=4816, routed)        0.586     0.927    <hidden>
    SLICE_X2Y0           FDRE                                         r  <hidden>
  -------------------------------------------------------------------    -------------------
    SLICE_X2Y0           FDRE (Prop_fdre_C_Q)         0.141     1.068 f  <hidden>
                         net (fo=2, routed)           0.226     1.294    <hidden>
    SLICE_X2Y1           LUT3 (Prop_lut3_I0_O)        0.045     1.339 f  <hidden>
                         net (fo=32, routed)          0.178     1.516    <hidden>
    SLICE_X5Y2           FDCE                                         f  <hidden>
  -------------------------------------------------------------------    -------------------

                         (clock clk_fpga_0 rise edge)
                                                      0.000     0.000 r  
    PS7_X0Y0             PS7                          0.000     0.000 r  design_1_i/processing_system7_0/inst/PS7_i/FCLKCLK[0]
                         net (fo=1, routed)           0.341     0.341    design_1_i/processing_system7_0/inst/FCLK_CLK_unbuffered[0]
    BUFGCTRL_X0Y0        BUFG (Prop_bufg_I_O)         0.029     0.370 r  design_1_i/processing_system7_0/inst/buffer_fclk_clk_0.FCLK_CLK_0_BUFG/O
                         net (fo=4816, routed)        0.854     1.224    <hidden>
    SLICE_X5Y2           FDCE                                         r  <hidden>
                         clock pessimism             -0.281     0.943    
    SLICE_X5Y2           FDCE (Remov_fdce_C_CLR)     -0.092     0.851    <hidden>
  -------------------------------------------------------------------
                         required time                         -0.851    
                         arrival time                           1.516    
  -------------------------------------------------------------------
                         slack                                  0.666    





--------------------------------------------------------------------------------------
Path Group:  (none)
From Clock:  
  To Clock:  clk_fpga_0

Max Delay             1 Endpoint
Min Delay             1 Endpoint
--------------------------------------------------------------------------------------


Max Delay Paths
--------------------------------------------------------------------------------------
Slack:                    inf
  Source:                 design_1_i/processing_system7_0/inst/PS7_i/FCLKRESETN[0]
                            (internal pin)
  Destination:            design_1_i/rst_ps7_0_100M/U0/EXT_LPF/ACTIVE_LOW_EXT.ACT_LO_EXT/GENERATE_LEVEL_P_S_CDC.SINGLE_BIT.CROSS_PLEVEL_IN2SCNDRY_IN_cdc_to/D
                            (rising edge-triggered cell FDRE clocked by clk_fpga_0  {rise@0.000ns fall@5.000ns period=10.000ns})
  Path Group:             (none)
  Path Type:              Setup (Max at Slow Process Corner)
  Data Path Delay:        2.026ns  (logic 0.124ns (6.119%)  route 1.902ns (93.881%))
  Logic Levels:           1  (LUT1=1)
  Clock Uncertainty:      0.152ns  ((TSJ^2 + TIJ^2)^1/2 + DJ) / 2 + PE
    Total System Jitter     (TSJ):    0.050ns
    Total Input Jitter      (TIJ):    0.300ns
    Discrete Jitter          (DJ):    0.000ns
    Phase Error              (PE):    0.000ns
  Timing Exception:       False Path

    Location             Delay type                Incr(ns)  Path(ns)    Netlist Resource(s)
  -------------------------------------------------------------------    -------------------
    PS7_X0Y0             PS7                          0.000     0.000 f  design_1_i/processing_system7_0/inst/PS7_i/FCLKRESETN[0]
                         net (fo=1, routed)           1.470     1.470    design_1_i/rst_ps7_0_100M/U0/EXT_LPF/ACTIVE_LOW_EXT.ACT_LO_EXT/ext_reset_in
    SLICE_X17Y37         LUT1 (Prop_lut1_I0_O)        0.124     1.594 r  design_1_i/rst_ps7_0_100M/U0/EXT_LPF/ACTIVE_LOW_EXT.ACT_LO_EXT/GENERATE_LEVEL_P_S_CDC.SINGLE_BIT.CROSS_PLEVEL_IN2SCNDRY_IN_cdc_to_i_1/O
                         net (fo=1, routed)           0.433     2.026    design_1_i/rst_ps7_0_100M/U0/EXT_LPF/ACTIVE_LOW_EXT.ACT_LO_EXT/exr_d1
    SLICE_X17Y37         FDRE                                         r  design_1_i/rst_ps7_0_100M/U0/EXT_LPF/ACTIVE_LOW_EXT.ACT_LO_EXT/GENERATE_LEVEL_P_S_CDC.SINGLE_BIT.CROSS_PLEVEL_IN2SCNDRY_IN_cdc_to/D
  -------------------------------------------------------------------    -------------------

                         (clock clk_fpga_0 rise edge)
                                                      0.000     0.000 r  
    PS7_X0Y0             PS7                          0.000     0.000 r  design_1_i/processing_system7_0/inst/PS7_i/FCLKCLK[0]
                         net (fo=1, routed)           1.101     1.101    design_1_i/processing_system7_0/inst/FCLK_CLK_unbuffered[0]
    BUFGCTRL_X0Y0        BUFG (Prop_bufg_I_O)         0.091     1.192 r  design_1_i/processing_system7_0/inst/buffer_fclk_clk_0.FCLK_CLK_0_BUFG/O
                         net (fo=4816, routed)        1.496     2.688    design_1_i/rst_ps7_0_100M/U0/EXT_LPF/ACTIVE_LOW_EXT.ACT_LO_EXT/slowest_sync_clk
    SLICE_X17Y37         FDRE                                         r  design_1_i/rst_ps7_0_100M/U0/EXT_LPF/ACTIVE_LOW_EXT.ACT_LO_EXT/GENERATE_LEVEL_P_S_CDC.SINGLE_BIT.CROSS_PLEVEL_IN2SCNDRY_IN_cdc_to/C





Min Delay Paths
--------------------------------------------------------------------------------------
Slack:                    inf
  Source:                 design_1_i/processing_system7_0/inst/PS7_i/FCLKRESETN[0]
                            (internal pin)
  Destination:            design_1_i/rst_ps7_0_100M/U0/EXT_LPF/ACTIVE_LOW_EXT.ACT_LO_EXT/GENERATE_LEVEL_P_S_CDC.SINGLE_BIT.CROSS_PLEVEL_IN2SCNDRY_IN_cdc_to/D
                            (rising edge-triggered cell FDRE clocked by clk_fpga_0  {rise@0.000ns fall@5.000ns period=10.000ns})
  Path Group:             (none)
  Path Type:              Hold (Min at Fast Process Corner)
  Data Path Delay:        0.846ns  (logic 0.045ns (5.316%)  route 0.801ns (94.684%))
  Logic Levels:           1  (LUT1=1)
  Clock Uncertainty:      0.152ns  ((TSJ^2 + TIJ^2)^1/2 + DJ) / 2 + PE
    Total System Jitter     (TSJ):    0.050ns
    Total Input Jitter      (TIJ):    0.300ns
    Discrete Jitter          (DJ):    0.000ns
    Phase Error              (PE):    0.000ns
  Timing Exception:       False Path

    Location             Delay type                Incr(ns)  Path(ns)    Netlist Resource(s)
  -------------------------------------------------------------------    -------------------
    PS7_X0Y0             PS7                          0.000     0.000 f  design_1_i/processing_system7_0/inst/PS7_i/FCLKRESETN[0]
                         net (fo=1, routed)           0.667     0.667    design_1_i/rst_ps7_0_100M/U0/EXT_LPF/ACTIVE_LOW_EXT.ACT_LO_EXT/ext_reset_in
    SLICE_X17Y37         LUT1 (Prop_lut1_I0_O)        0.045     0.712 r  design_1_i/rst_ps7_0_100M/U0/EXT_LPF/ACTIVE_LOW_EXT.ACT_LO_EXT/GENERATE_LEVEL_P_S_CDC.SINGLE_BIT.CROSS_PLEVEL_IN2SCNDRY_IN_cdc_to_i_1/O
                         net (fo=1, routed)           0.135     0.846    design_1_i/rst_ps7_0_100M/U0/EXT_LPF/ACTIVE_LOW_EXT.ACT_LO_EXT/exr_d1
    SLICE_X17Y37         FDRE                                         r  design_1_i/rst_ps7_0_100M/U0/EXT_LPF/ACTIVE_LOW_EXT.ACT_LO_EXT/GENERATE_LEVEL_P_S_CDC.SINGLE_BIT.CROSS_PLEVEL_IN2SCNDRY_IN_cdc_to/D
  -------------------------------------------------------------------    -------------------

                         (clock clk_fpga_0 rise edge)
                                                      0.000     0.000 r  
    PS7_X0Y0             PS7                          0.000     0.000 r  design_1_i/processing_system7_0/inst/PS7_i/FCLKCLK[0]
                         net (fo=1, routed)           0.341     0.341    design_1_i/processing_system7_0/inst/FCLK_CLK_unbuffered[0]
    BUFGCTRL_X0Y0        BUFG (Prop_bufg_I_O)         0.029     0.370 r  design_1_i/processing_system7_0/inst/buffer_fclk_clk_0.FCLK_CLK_0_BUFG/O
                         net (fo=4816, routed)        0.827     1.197    design_1_i/rst_ps7_0_100M/U0/EXT_LPF/ACTIVE_LOW_EXT.ACT_LO_EXT/slowest_sync_clk
    SLICE_X17Y37         FDRE                                         r  design_1_i/rst_ps7_0_100M/U0/EXT_LPF/ACTIVE_LOW_EXT.ACT_LO_EXT/GENERATE_LEVEL_P_S_CDC.SINGLE_BIT.CROSS_PLEVEL_IN2SCNDRY_IN_cdc_to/C





--------------------------------------------------------------------------------------
Path Group:  (none)
From Clock:  clk_fpga_0
  To Clock:  clk_fpga_0

Max Delay            83 Endpoints
Min Delay            83 Endpoints
--------------------------------------------------------------------------------------


Max Delay Paths
--------------------------------------------------------------------------------------
Slack:                    inf
  Source:                 design_1_i/axi_smc/inst/clk_map/psr_aclk/U0/ACTIVE_LOW_BSR_OUT_DFF[0].FDRE_BSR_N/C
                            (rising edge-triggered cell FDRE clocked by clk_fpga_0  {rise@0.000ns fall@5.000ns period=10.000ns})
  Destination:            <hidden>
                            (recovery check against rising-edge clock clk_fpga_0  {rise@0.000ns fall@5.000ns period=10.000ns})
  Path Group:             (none)
  Path Type:              Recovery (Max at Slow Process Corner)
  Data Path Delay:        4.095ns  (logic 0.609ns (14.871%)  route 3.486ns (85.129%))
  Logic Levels:           1  (LUT1=1)
  Clock Path Skew:        -0.278ns (DCD - SCD + CPR)
    Destination Clock Delay (DCD):    2.701ns
    Source Clock Delay      (SCD):    2.979ns
    Clock Pessimism Removal (CPR):    0.000ns
  Clock Uncertainty:      0.154ns  ((TSJ^2 + TIJ^2)^1/2 + DJ) / 2 + PE
    Total System Jitter     (TSJ):    0.071ns
    Total Input Jitter      (TIJ):    0.300ns
    Discrete Jitter          (DJ):    0.000ns
    Phase Error              (PE):    0.000ns
  Timing Exception:       False Path

    Location             Delay type                Incr(ns)  Path(ns)    Netlist Resource(s)
  -------------------------------------------------------------------    -------------------
                         (clock clk_fpga_0 rise edge)
                                                      0.000     0.000 r  
    PS7_X0Y0             PS7                          0.000     0.000 r  design_1_i/processing_system7_0/inst/PS7_i/FCLKCLK[0]
                         net (fo=1, routed)           1.207     1.207    design_1_i/processing_system7_0/inst/FCLK_CLK_unbuffered[0]
    BUFGCTRL_X0Y0        BUFG (Prop_bufg_I_O)         0.101     1.308 r  design_1_i/processing_system7_0/inst/buffer_fclk_clk_0.FCLK_CLK_0_BUFG/O
                         net (fo=4816, routed)        1.671     2.979    design_1_i/axi_smc/inst/clk_map/psr_aclk/U0/aclk
    SLICE_X19Y38         FDRE                                         r  design_1_i/axi_smc/inst/clk_map/psr_aclk/U0/ACTIVE_LOW_BSR_OUT_DFF[0].FDRE_BSR_N/C
  -------------------------------------------------------------------    -------------------
    SLICE_X19Y38         FDRE (Prop_fdre_C_Q)         0.456     3.435 r  design_1_i/axi_smc/inst/clk_map/psr_aclk/U0/ACTIVE_LOW_BSR_OUT_DFF[0].FDRE_BSR_N/Q
                         net (fo=25, routed)          2.954     6.389    <hidden>
    SLICE_X12Y48         LUT1 (Prop_lut1_I0_O)        0.153     6.542 f  <hidden>
                         net (fo=3, routed)           0.532     7.074    <hidden>
    SLICE_X13Y48         FDCE                                         f  <hidden>
  -------------------------------------------------------------------    -------------------

                         (clock clk_fpga_0 rise edge)
                                                      0.000     0.000 r  
    PS7_X0Y0             PS7                          0.000     0.000 r  design_1_i/processing_system7_0/inst/PS7_i/FCLKCLK[0]
                         net (fo=1, routed)           1.101     1.101    design_1_i/processing_system7_0/inst/FCLK_CLK_unbuffered[0]
    BUFGCTRL_X0Y0        BUFG (Prop_bufg_I_O)         0.091     1.192 r  design_1_i/processing_system7_0/inst/buffer_fclk_clk_0.FCLK_CLK_0_BUFG/O
                         net (fo=4816, routed)        1.508     2.701    <hidden>
    SLICE_X13Y48         FDCE                                         r  <hidden>

Slack:                    inf
  Source:                 design_1_i/axi_smc/inst/clk_map/psr_aclk/U0/ACTIVE_LOW_BSR_OUT_DFF[0].FDRE_BSR_N/C
                            (rising edge-triggered cell FDRE clocked by clk_fpga_0  {rise@0.000ns fall@5.000ns period=10.000ns})
  Destination:            <hidden>
                            (recovery check against rising-edge clock clk_fpga_0  {rise@0.000ns fall@5.000ns period=10.000ns})
  Path Group:             (none)
  Path Type:              Recovery (Max at Slow Process Corner)
  Data Path Delay:        4.095ns  (logic 0.609ns (14.871%)  route 3.486ns (85.129%))
  Logic Levels:           1  (LUT1=1)
  Clock Path Skew:        -0.278ns (DCD - SCD + CPR)
    Destination Clock Delay (DCD):    2.701ns
    Source Clock Delay      (SCD):    2.979ns
    Clock Pessimism Removal (CPR):    0.000ns
  Clock Uncertainty:      0.154ns  ((TSJ^2 + TIJ^2)^1/2 + DJ) / 2 + PE
    Total System Jitter     (TSJ):    0.071ns
    Total Input Jitter      (TIJ):    0.300ns
    Discrete Jitter          (DJ):    0.000ns
    Phase Error              (PE):    0.000ns
  Timing Exception:       False Path

    Location             Delay type                Incr(ns)  Path(ns)    Netlist Resource(s)
  -------------------------------------------------------------------    -------------------
                         (clock clk_fpga_0 rise edge)
                                                      0.000     0.000 r  
    PS7_X0Y0             PS7                          0.000     0.000 r  design_1_i/processing_system7_0/inst/PS7_i/FCLKCLK[0]
                         net (fo=1, routed)           1.207     1.207    design_1_i/processing_system7_0/inst/FCLK_CLK_unbuffered[0]
    BUFGCTRL_X0Y0        BUFG (Prop_bufg_I_O)         0.101     1.308 r  design_1_i/processing_system7_0/inst/buffer_fclk_clk_0.FCLK_CLK_0_BUFG/O
                         net (fo=4816, routed)        1.671     2.979    design_1_i/axi_smc/inst/clk_map/psr_aclk/U0/aclk
    SLICE_X19Y38         FDRE                                         r  design_1_i/axi_smc/inst/clk_map/psr_aclk/U0/ACTIVE_LOW_BSR_OUT_DFF[0].FDRE_BSR_N/C
  -------------------------------------------------------------------    -------------------
    SLICE_X19Y38         FDRE (Prop_fdre_C_Q)         0.456     3.435 r  design_1_i/axi_smc/inst/clk_map/psr_aclk/U0/ACTIVE_LOW_BSR_OUT_DFF[0].FDRE_BSR_N/Q
                         net (fo=25, routed)          2.954     6.389    <hidden>
    SLICE_X12Y48         LUT1 (Prop_lut1_I0_O)        0.153     6.542 f  <hidden>
                         net (fo=3, routed)           0.532     7.074    <hidden>
    SLICE_X13Y48         FDCE                                         f  <hidden>
  -------------------------------------------------------------------    -------------------

                         (clock clk_fpga_0 rise edge)
                                                      0.000     0.000 r  
    PS7_X0Y0             PS7                          0.000     0.000 r  design_1_i/processing_system7_0/inst/PS7_i/FCLKCLK[0]
                         net (fo=1, routed)           1.101     1.101    design_1_i/processing_system7_0/inst/FCLK_CLK_unbuffered[0]
    BUFGCTRL_X0Y0        BUFG (Prop_bufg_I_O)         0.091     1.192 r  design_1_i/processing_system7_0/inst/buffer_fclk_clk_0.FCLK_CLK_0_BUFG/O
                         net (fo=4816, routed)        1.508     2.701    <hidden>
    SLICE_X13Y48         FDCE                                         r  <hidden>

Slack:                    inf
  Source:                 design_1_i/axi_smc/inst/clk_map/psr_aclk/U0/ACTIVE_LOW_BSR_OUT_DFF[0].FDRE_BSR_N/C
                            (rising edge-triggered cell FDRE clocked by clk_fpga_0  {rise@0.000ns fall@5.000ns period=10.000ns})
  Destination:            <hidden>
                            (recovery check against rising-edge clock clk_fpga_0  {rise@0.000ns fall@5.000ns period=10.000ns})
  Path Group:             (none)
  Path Type:              Recovery (Max at Slow Process Corner)
  Data Path Delay:        4.095ns  (logic 0.609ns (14.871%)  route 3.486ns (85.129%))
  Logic Levels:           1  (LUT1=1)
  Clock Path Skew:        -0.278ns (DCD - SCD + CPR)
    Destination Clock Delay (DCD):    2.701ns
    Source Clock Delay      (SCD):    2.979ns
    Clock Pessimism Removal (CPR):    0.000ns
  Clock Uncertainty:      0.154ns  ((TSJ^2 + TIJ^2)^1/2 + DJ) / 2 + PE
    Total System Jitter     (TSJ):    0.071ns
    Total Input Jitter      (TIJ):    0.300ns
    Discrete Jitter          (DJ):    0.000ns
    Phase Error              (PE):    0.000ns
  Timing Exception:       False Path

    Location             Delay type                Incr(ns)  Path(ns)    Netlist Resource(s)
  -------------------------------------------------------------------    -------------------
                         (clock clk_fpga_0 rise edge)
                                                      0.000     0.000 r  
    PS7_X0Y0             PS7                          0.000     0.000 r  design_1_i/processing_system7_0/inst/PS7_i/FCLKCLK[0]
                         net (fo=1, routed)           1.207     1.207    design_1_i/processing_system7_0/inst/FCLK_CLK_unbuffered[0]
    BUFGCTRL_X0Y0        BUFG (Prop_bufg_I_O)         0.101     1.308 r  design_1_i/processing_system7_0/inst/buffer_fclk_clk_0.FCLK_CLK_0_BUFG/O
                         net (fo=4816, routed)        1.671     2.979    design_1_i/axi_smc/inst/clk_map/psr_aclk/U0/aclk
    SLICE_X19Y38         FDRE                                         r  design_1_i/axi_smc/inst/clk_map/psr_aclk/U0/ACTIVE_LOW_BSR_OUT_DFF[0].FDRE_BSR_N/C
  -------------------------------------------------------------------    -------------------
    SLICE_X19Y38         FDRE (Prop_fdre_C_Q)         0.456     3.435 r  design_1_i/axi_smc/inst/clk_map/psr_aclk/U0/ACTIVE_LOW_BSR_OUT_DFF[0].FDRE_BSR_N/Q
                         net (fo=25, routed)          2.954     6.389    <hidden>
    SLICE_X12Y48         LUT1 (Prop_lut1_I0_O)        0.153     6.542 f  <hidden>
                         net (fo=3, routed)           0.532     7.074    <hidden>
    SLICE_X13Y48         FDCE                                         f  <hidden>
  -------------------------------------------------------------------    -------------------

                         (clock clk_fpga_0 rise edge)
                                                      0.000     0.000 r  
    PS7_X0Y0             PS7                          0.000     0.000 r  design_1_i/processing_system7_0/inst/PS7_i/FCLKCLK[0]
                         net (fo=1, routed)           1.101     1.101    design_1_i/processing_system7_0/inst/FCLK_CLK_unbuffered[0]
    BUFGCTRL_X0Y0        BUFG (Prop_bufg_I_O)         0.091     1.192 r  design_1_i/processing_system7_0/inst/buffer_fclk_clk_0.FCLK_CLK_0_BUFG/O
                         net (fo=4816, routed)        1.508     2.701    <hidden>
    SLICE_X13Y48         FDCE                                         r  <hidden>

Slack:                    inf
  Source:                 design_1_i/axi_smc/inst/clk_map/psr_aclk/U0/ACTIVE_LOW_BSR_OUT_DFF[0].FDRE_BSR_N/C
                            (rising edge-triggered cell FDRE clocked by clk_fpga_0  {rise@0.000ns fall@5.000ns period=10.000ns})
  Destination:            <hidden>
                            (recovery check against rising-edge clock clk_fpga_0  {rise@0.000ns fall@5.000ns period=10.000ns})
  Path Group:             (none)
  Path Type:              Recovery (Max at Slow Process Corner)
  Data Path Delay:        4.044ns  (logic 0.610ns (15.084%)  route 3.434ns (84.916%))
  Logic Levels:           1  (LUT1=1)
  Clock Path Skew:        -0.278ns (DCD - SCD + CPR)
    Destination Clock Delay (DCD):    2.701ns
    Source Clock Delay      (SCD):    2.979ns
    Clock Pessimism Removal (CPR):    0.000ns
  Clock Uncertainty:      0.154ns  ((TSJ^2 + TIJ^2)^1/2 + DJ) / 2 + PE
    Total System Jitter     (TSJ):    0.071ns
    Total Input Jitter      (TIJ):    0.300ns
    Discrete Jitter          (DJ):    0.000ns
    Phase Error              (PE):    0.000ns
  Timing Exception:       False Path

    Location             Delay type                Incr(ns)  Path(ns)    Netlist Resource(s)
  -------------------------------------------------------------------    -------------------
                         (clock clk_fpga_0 rise edge)
                                                      0.000     0.000 r  
    PS7_X0Y0             PS7                          0.000     0.000 r  design_1_i/processing_system7_0/inst/PS7_i/FCLKCLK[0]
                         net (fo=1, routed)           1.207     1.207    design_1_i/processing_system7_0/inst/FCLK_CLK_unbuffered[0]
    BUFGCTRL_X0Y0        BUFG (Prop_bufg_I_O)         0.101     1.308 r  design_1_i/processing_system7_0/inst/buffer_fclk_clk_0.FCLK_CLK_0_BUFG/O
                         net (fo=4816, routed)        1.671     2.979    design_1_i/axi_smc/inst/clk_map/psr_aclk/U0/aclk
    SLICE_X19Y38         FDRE                                         r  design_1_i/axi_smc/inst/clk_map/psr_aclk/U0/ACTIVE_LOW_BSR_OUT_DFF[0].FDRE_BSR_N/C
  -------------------------------------------------------------------    -------------------
    SLICE_X19Y38         FDRE (Prop_fdre_C_Q)         0.456     3.435 r  design_1_i/axi_smc/inst/clk_map/psr_aclk/U0/ACTIVE_LOW_BSR_OUT_DFF[0].FDRE_BSR_N/Q
                         net (fo=25, routed)          2.817     6.252    <hidden>
    SLICE_X11Y48         LUT1 (Prop_lut1_I0_O)        0.154     6.406 f  <hidden>
                         net (fo=3, routed)           0.617     7.023    <hidden>
    SLICE_X12Y48         FDCE                                         f  <hidden>
  -------------------------------------------------------------------    -------------------

                         (clock clk_fpga_0 rise edge)
                                                      0.000     0.000 r  
    PS7_X0Y0             PS7                          0.000     0.000 r  design_1_i/processing_system7_0/inst/PS7_i/FCLKCLK[0]
                         net (fo=1, routed)           1.101     1.101    design_1_i/processing_system7_0/inst/FCLK_CLK_unbuffered[0]
    BUFGCTRL_X0Y0        BUFG (Prop_bufg_I_O)         0.091     1.192 r  design_1_i/processing_system7_0/inst/buffer_fclk_clk_0.FCLK_CLK_0_BUFG/O
                         net (fo=4816, routed)        1.508     2.701    <hidden>
    SLICE_X12Y48         FDCE                                         r  <hidden>

Slack:                    inf
  Source:                 design_1_i/axi_smc/inst/clk_map/psr_aclk/U0/ACTIVE_LOW_BSR_OUT_DFF[0].FDRE_BSR_N/C
                            (rising edge-triggered cell FDRE clocked by clk_fpga_0  {rise@0.000ns fall@5.000ns period=10.000ns})
  Destination:            <hidden>
                            (recovery check against rising-edge clock clk_fpga_0  {rise@0.000ns fall@5.000ns period=10.000ns})
  Path Group:             (none)
  Path Type:              Recovery (Max at Slow Process Corner)
  Data Path Delay:        4.044ns  (logic 0.610ns (15.084%)  route 3.434ns (84.916%))
  Logic Levels:           1  (LUT1=1)
  Clock Path Skew:        -0.278ns (DCD - SCD + CPR)
    Destination Clock Delay (DCD):    2.701ns
    Source Clock Delay      (SCD):    2.979ns
    Clock Pessimism Removal (CPR):    0.000ns
  Clock Uncertainty:      0.154ns  ((TSJ^2 + TIJ^2)^1/2 + DJ) / 2 + PE
    Total System Jitter     (TSJ):    0.071ns
    Total Input Jitter      (TIJ):    0.300ns
    Discrete Jitter          (DJ):    0.000ns
    Phase Error              (PE):    0.000ns
  Timing Exception:       False Path

    Location             Delay type                Incr(ns)  Path(ns)    Netlist Resource(s)
  -------------------------------------------------------------------    -------------------
                         (clock clk_fpga_0 rise edge)
                                                      0.000     0.000 r  
    PS7_X0Y0             PS7                          0.000     0.000 r  design_1_i/processing_system7_0/inst/PS7_i/FCLKCLK[0]
                         net (fo=1, routed)           1.207     1.207    design_1_i/processing_system7_0/inst/FCLK_CLK_unbuffered[0]
    BUFGCTRL_X0Y0        BUFG (Prop_bufg_I_O)         0.101     1.308 r  design_1_i/processing_system7_0/inst/buffer_fclk_clk_0.FCLK_CLK_0_BUFG/O
                         net (fo=4816, routed)        1.671     2.979    design_1_i/axi_smc/inst/clk_map/psr_aclk/U0/aclk
    SLICE_X19Y38         FDRE                                         r  design_1_i/axi_smc/inst/clk_map/psr_aclk/U0/ACTIVE_LOW_BSR_OUT_DFF[0].FDRE_BSR_N/C
  -------------------------------------------------------------------    -------------------
    SLICE_X19Y38         FDRE (Prop_fdre_C_Q)         0.456     3.435 r  design_1_i/axi_smc/inst/clk_map/psr_aclk/U0/ACTIVE_LOW_BSR_OUT_DFF[0].FDRE_BSR_N/Q
                         net (fo=25, routed)          2.817     6.252    <hidden>
    SLICE_X11Y48         LUT1 (Prop_lut1_I0_O)        0.154     6.406 f  <hidden>
                         net (fo=3, routed)           0.617     7.023    <hidden>
    SLICE_X12Y48         FDCE                                         f  <hidden>
  -------------------------------------------------------------------    -------------------

                         (clock clk_fpga_0 rise edge)
                                                      0.000     0.000 r  
    PS7_X0Y0             PS7                          0.000     0.000 r  design_1_i/processing_system7_0/inst/PS7_i/FCLKCLK[0]
                         net (fo=1, routed)           1.101     1.101    design_1_i/processing_system7_0/inst/FCLK_CLK_unbuffered[0]
    BUFGCTRL_X0Y0        BUFG (Prop_bufg_I_O)         0.091     1.192 r  design_1_i/processing_system7_0/inst/buffer_fclk_clk_0.FCLK_CLK_0_BUFG/O
                         net (fo=4816, routed)        1.508     2.701    <hidden>
    SLICE_X12Y48         FDCE                                         r  <hidden>

Slack:                    inf
  Source:                 design_1_i/axi_smc/inst/clk_map/psr_aclk/U0/ACTIVE_LOW_BSR_OUT_DFF[0].FDRE_BSR_N/C
                            (rising edge-triggered cell FDRE clocked by clk_fpga_0  {rise@0.000ns fall@5.000ns period=10.000ns})
  Destination:            <hidden>
                            (recovery check against rising-edge clock clk_fpga_0  {rise@0.000ns fall@5.000ns period=10.000ns})
  Path Group:             (none)
  Path Type:              Recovery (Max at Slow Process Corner)
  Data Path Delay:        4.044ns  (logic 0.610ns (15.084%)  route 3.434ns (84.916%))
  Logic Levels:           1  (LUT1=1)
  Clock Path Skew:        -0.278ns (DCD - SCD + CPR)
    Destination Clock Delay (DCD):    2.701ns
    Source Clock Delay      (SCD):    2.979ns
    Clock Pessimism Removal (CPR):    0.000ns
  Clock Uncertainty:      0.154ns  ((TSJ^2 + TIJ^2)^1/2 + DJ) / 2 + PE
    Total System Jitter     (TSJ):    0.071ns
    Total Input Jitter      (TIJ):    0.300ns
    Discrete Jitter          (DJ):    0.000ns
    Phase Error              (PE):    0.000ns
  Timing Exception:       False Path

    Location             Delay type                Incr(ns)  Path(ns)    Netlist Resource(s)
  -------------------------------------------------------------------    -------------------
                         (clock clk_fpga_0 rise edge)
                                                      0.000     0.000 r  
    PS7_X0Y0             PS7                          0.000     0.000 r  design_1_i/processing_system7_0/inst/PS7_i/FCLKCLK[0]
                         net (fo=1, routed)           1.207     1.207    design_1_i/processing_system7_0/inst/FCLK_CLK_unbuffered[0]
    BUFGCTRL_X0Y0        BUFG (Prop_bufg_I_O)         0.101     1.308 r  design_1_i/processing_system7_0/inst/buffer_fclk_clk_0.FCLK_CLK_0_BUFG/O
                         net (fo=4816, routed)        1.671     2.979    design_1_i/axi_smc/inst/clk_map/psr_aclk/U0/aclk
    SLICE_X19Y38         FDRE                                         r  design_1_i/axi_smc/inst/clk_map/psr_aclk/U0/ACTIVE_LOW_BSR_OUT_DFF[0].FDRE_BSR_N/C
  -------------------------------------------------------------------    -------------------
    SLICE_X19Y38         FDRE (Prop_fdre_C_Q)         0.456     3.435 r  design_1_i/axi_smc/inst/clk_map/psr_aclk/U0/ACTIVE_LOW_BSR_OUT_DFF[0].FDRE_BSR_N/Q
                         net (fo=25, routed)          2.817     6.252    <hidden>
    SLICE_X11Y48         LUT1 (Prop_lut1_I0_O)        0.154     6.406 f  <hidden>
                         net (fo=3, routed)           0.617     7.023    <hidden>
    SLICE_X12Y48         FDCE                                         f  <hidden>
  -------------------------------------------------------------------    -------------------

                         (clock clk_fpga_0 rise edge)
                                                      0.000     0.000 r  
    PS7_X0Y0             PS7                          0.000     0.000 r  design_1_i/processing_system7_0/inst/PS7_i/FCLKCLK[0]
                         net (fo=1, routed)           1.101     1.101    design_1_i/processing_system7_0/inst/FCLK_CLK_unbuffered[0]
    BUFGCTRL_X0Y0        BUFG (Prop_bufg_I_O)         0.091     1.192 r  design_1_i/processing_system7_0/inst/buffer_fclk_clk_0.FCLK_CLK_0_BUFG/O
                         net (fo=4816, routed)        1.508     2.701    <hidden>
    SLICE_X12Y48         FDCE                                         r  <hidden>

Slack:                    inf
  Source:                 design_1_i/rst_ps7_0_100M/U0/ACTIVE_LOW_PR_OUT_DFF[0].FDRE_PER_N/C
                            (rising edge-triggered cell FDRE clocked by clk_fpga_0  {rise@0.000ns fall@5.000ns period=10.000ns})
  Destination:            <hidden>
                            (recovery check against rising-edge clock clk_fpga_0  {rise@0.000ns fall@5.000ns period=10.000ns})
  Path Group:             (none)
  Path Type:              Recovery (Max at Slow Process Corner)
  Data Path Delay:        4.029ns  (logic 0.580ns (14.397%)  route 3.449ns (85.603%))
  Logic Levels:           1  (LUT1=1)
  Clock Path Skew:        -0.229ns (DCD - SCD + CPR)
    Destination Clock Delay (DCD):    2.740ns
    Source Clock Delay      (SCD):    2.970ns
    Clock Pessimism Removal (CPR):    0.000ns
  Clock Uncertainty:      0.154ns  ((TSJ^2 + TIJ^2)^1/2 + DJ) / 2 + PE
    Total System Jitter     (TSJ):    0.071ns
    Total Input Jitter      (TIJ):    0.300ns
    Discrete Jitter          (DJ):    0.000ns
    Phase Error              (PE):    0.000ns
  Timing Exception:       False Path

    Location             Delay type                Incr(ns)  Path(ns)    Netlist Resource(s)
  -------------------------------------------------------------------    -------------------
                         (clock clk_fpga_0 rise edge)
                                                      0.000     0.000 r  
    PS7_X0Y0             PS7                          0.000     0.000 r  design_1_i/processing_system7_0/inst/PS7_i/FCLKCLK[0]
                         net (fo=1, routed)           1.207     1.207    design_1_i/processing_system7_0/inst/FCLK_CLK_unbuffered[0]
    BUFGCTRL_X0Y0        BUFG (Prop_bufg_I_O)         0.101     1.308 r  design_1_i/processing_system7_0/inst/buffer_fclk_clk_0.FCLK_CLK_0_BUFG/O
                         net (fo=4816, routed)        1.662     2.970    design_1_i/rst_ps7_0_100M/U0/slowest_sync_clk
    SLICE_X18Y30         FDRE                                         r  design_1_i/rst_ps7_0_100M/U0/ACTIVE_LOW_PR_OUT_DFF[0].FDRE_PER_N/C
  -------------------------------------------------------------------    -------------------
    SLICE_X18Y30         FDRE (Prop_fdre_C_Q)         0.456     3.426 r  design_1_i/rst_ps7_0_100M/U0/ACTIVE_LOW_PR_OUT_DFF[0].FDRE_PER_N/Q
                         net (fo=14, routed)          2.692     6.118    design_1_i/axi_mem_intercon/s00_couplers/auto_pc/inst/gen_axi4_axi3.axi3_conv_inst/USE_WRITE.write_addr_inst/USE_BURSTS.cmd_queue/inst/aresetn
    SLICE_X3Y6           LUT1 (Prop_lut1_I0_O)        0.124     6.242 f  design_1_i/axi_mem_intercon/s00_couplers/auto_pc/inst/gen_axi4_axi3.axi3_conv_inst/USE_WRITE.write_addr_inst/USE_BURSTS.cmd_queue/inst/S_AXI_AREADY_I_i_1/O
                         net (fo=119, routed)         0.756     6.999    <hidden>
    SLICE_X1Y1           FDPE                                         f  <hidden>
  -------------------------------------------------------------------    -------------------

                         (clock clk_fpga_0 rise edge)
                                                      0.000     0.000 r  
    PS7_X0Y0             PS7                          0.000     0.000 r  design_1_i/processing_system7_0/inst/PS7_i/FCLKCLK[0]
                         net (fo=1, routed)           1.101     1.101    design_1_i/processing_system7_0/inst/FCLK_CLK_unbuffered[0]
    BUFGCTRL_X0Y0        BUFG (Prop_bufg_I_O)         0.091     1.192 r  design_1_i/processing_system7_0/inst/buffer_fclk_clk_0.FCLK_CLK_0_BUFG/O
                         net (fo=4816, routed)        1.548     2.740    <hidden>
    SLICE_X1Y1           FDPE                                         r  <hidden>

Slack:                    inf
  Source:                 design_1_i/rst_ps7_0_100M/U0/ACTIVE_LOW_PR_OUT_DFF[0].FDRE_PER_N/C
                            (rising edge-triggered cell FDRE clocked by clk_fpga_0  {rise@0.000ns fall@5.000ns period=10.000ns})
  Destination:            <hidden>
                            (recovery check against rising-edge clock clk_fpga_0  {rise@0.000ns fall@5.000ns period=10.000ns})
  Path Group:             (none)
  Path Type:              Recovery (Max at Slow Process Corner)
  Data Path Delay:        4.029ns  (logic 0.580ns (14.397%)  route 3.449ns (85.603%))
  Logic Levels:           1  (LUT1=1)
  Clock Path Skew:        -0.229ns (DCD - SCD + CPR)
    Destination Clock Delay (DCD):    2.740ns
    Source Clock Delay      (SCD):    2.970ns
    Clock Pessimism Removal (CPR):    0.000ns
  Clock Uncertainty:      0.154ns  ((TSJ^2 + TIJ^2)^1/2 + DJ) / 2 + PE
    Total System Jitter     (TSJ):    0.071ns
    Total Input Jitter      (TIJ):    0.300ns
    Discrete Jitter          (DJ):    0.000ns
    Phase Error              (PE):    0.000ns
  Timing Exception:       False Path

    Location             Delay type                Incr(ns)  Path(ns)    Netlist Resource(s)
  -------------------------------------------------------------------    -------------------
                         (clock clk_fpga_0 rise edge)
                                                      0.000     0.000 r  
    PS7_X0Y0             PS7                          0.000     0.000 r  design_1_i/processing_system7_0/inst/PS7_i/FCLKCLK[0]
                         net (fo=1, routed)           1.207     1.207    design_1_i/processing_system7_0/inst/FCLK_CLK_unbuffered[0]
    BUFGCTRL_X0Y0        BUFG (Prop_bufg_I_O)         0.101     1.308 r  design_1_i/processing_system7_0/inst/buffer_fclk_clk_0.FCLK_CLK_0_BUFG/O
                         net (fo=4816, routed)        1.662     2.970    design_1_i/rst_ps7_0_100M/U0/slowest_sync_clk
    SLICE_X18Y30         FDRE                                         r  design_1_i/rst_ps7_0_100M/U0/ACTIVE_LOW_PR_OUT_DFF[0].FDRE_PER_N/C
  -------------------------------------------------------------------    -------------------
    SLICE_X18Y30         FDRE (Prop_fdre_C_Q)         0.456     3.426 r  design_1_i/rst_ps7_0_100M/U0/ACTIVE_LOW_PR_OUT_DFF[0].FDRE_PER_N/Q
                         net (fo=14, routed)          2.692     6.118    design_1_i/axi_mem_intercon/s00_couplers/auto_pc/inst/gen_axi4_axi3.axi3_conv_inst/USE_WRITE.write_addr_inst/USE_BURSTS.cmd_queue/inst/aresetn
    SLICE_X3Y6           LUT1 (Prop_lut1_I0_O)        0.124     6.242 f  design_1_i/axi_mem_intercon/s00_couplers/auto_pc/inst/gen_axi4_axi3.axi3_conv_inst/USE_WRITE.write_addr_inst/USE_BURSTS.cmd_queue/inst/S_AXI_AREADY_I_i_1/O
                         net (fo=119, routed)         0.756     6.999    <hidden>
    SLICE_X1Y1           FDPE                                         f  <hidden>
  -------------------------------------------------------------------    -------------------

                         (clock clk_fpga_0 rise edge)
                                                      0.000     0.000 r  
    PS7_X0Y0             PS7                          0.000     0.000 r  design_1_i/processing_system7_0/inst/PS7_i/FCLKCLK[0]
                         net (fo=1, routed)           1.101     1.101    design_1_i/processing_system7_0/inst/FCLK_CLK_unbuffered[0]
    BUFGCTRL_X0Y0        BUFG (Prop_bufg_I_O)         0.091     1.192 r  design_1_i/processing_system7_0/inst/buffer_fclk_clk_0.FCLK_CLK_0_BUFG/O
                         net (fo=4816, routed)        1.548     2.740    <hidden>
    SLICE_X1Y1           FDPE                                         r  <hidden>

Slack:                    inf
  Source:                 design_1_i/rst_ps7_0_100M/U0/ACTIVE_LOW_PR_OUT_DFF[0].FDRE_PER_N/C
                            (rising edge-triggered cell FDRE clocked by clk_fpga_0  {rise@0.000ns fall@5.000ns period=10.000ns})
  Destination:            <hidden>
                            (recovery check against rising-edge clock clk_fpga_0  {rise@0.000ns fall@5.000ns period=10.000ns})
  Path Group:             (none)
  Path Type:              Recovery (Max at Slow Process Corner)
  Data Path Delay:        4.029ns  (logic 0.580ns (14.397%)  route 3.449ns (85.603%))
  Logic Levels:           1  (LUT1=1)
  Clock Path Skew:        -0.229ns (DCD - SCD + CPR)
    Destination Clock Delay (DCD):    2.740ns
    Source Clock Delay      (SCD):    2.970ns
    Clock Pessimism Removal (CPR):    0.000ns
  Clock Uncertainty:      0.154ns  ((TSJ^2 + TIJ^2)^1/2 + DJ) / 2 + PE
    Total System Jitter     (TSJ):    0.071ns
    Total Input Jitter      (TIJ):    0.300ns
    Discrete Jitter          (DJ):    0.000ns
    Phase Error              (PE):    0.000ns
  Timing Exception:       False Path

    Location             Delay type                Incr(ns)  Path(ns)    Netlist Resource(s)
  -------------------------------------------------------------------    -------------------
                         (clock clk_fpga_0 rise edge)
                                                      0.000     0.000 r  
    PS7_X0Y0             PS7                          0.000     0.000 r  design_1_i/processing_system7_0/inst/PS7_i/FCLKCLK[0]
                         net (fo=1, routed)           1.207     1.207    design_1_i/processing_system7_0/inst/FCLK_CLK_unbuffered[0]
    BUFGCTRL_X0Y0        BUFG (Prop_bufg_I_O)         0.101     1.308 r  design_1_i/processing_system7_0/inst/buffer_fclk_clk_0.FCLK_CLK_0_BUFG/O
                         net (fo=4816, routed)        1.662     2.970    design_1_i/rst_ps7_0_100M/U0/slowest_sync_clk
    SLICE_X18Y30         FDRE                                         r  design_1_i/rst_ps7_0_100M/U0/ACTIVE_LOW_PR_OUT_DFF[0].FDRE_PER_N/C
  -------------------------------------------------------------------    -------------------
    SLICE_X18Y30         FDRE (Prop_fdre_C_Q)         0.456     3.426 r  design_1_i/rst_ps7_0_100M/U0/ACTIVE_LOW_PR_OUT_DFF[0].FDRE_PER_N/Q
                         net (fo=14, routed)          2.692     6.118    design_1_i/axi_mem_intercon/s00_couplers/auto_pc/inst/gen_axi4_axi3.axi3_conv_inst/USE_WRITE.write_addr_inst/USE_BURSTS.cmd_queue/inst/aresetn
    SLICE_X3Y6           LUT1 (Prop_lut1_I0_O)        0.124     6.242 f  design_1_i/axi_mem_intercon/s00_couplers/auto_pc/inst/gen_axi4_axi3.axi3_conv_inst/USE_WRITE.write_addr_inst/USE_BURSTS.cmd_queue/inst/S_AXI_AREADY_I_i_1/O
                         net (fo=119, routed)         0.756     6.999    <hidden>
    SLICE_X1Y1           FDPE                                         f  <hidden>
  -------------------------------------------------------------------    -------------------

                         (clock clk_fpga_0 rise edge)
                                                      0.000     0.000 r  
    PS7_X0Y0             PS7                          0.000     0.000 r  design_1_i/processing_system7_0/inst/PS7_i/FCLKCLK[0]
                         net (fo=1, routed)           1.101     1.101    design_1_i/processing_system7_0/inst/FCLK_CLK_unbuffered[0]
    BUFGCTRL_X0Y0        BUFG (Prop_bufg_I_O)         0.091     1.192 r  design_1_i/processing_system7_0/inst/buffer_fclk_clk_0.FCLK_CLK_0_BUFG/O
                         net (fo=4816, routed)        1.548     2.740    <hidden>
    SLICE_X1Y1           FDPE                                         r  <hidden>

Slack:                    inf
  Source:                 design_1_i/rst_ps7_0_100M/U0/ACTIVE_LOW_PR_OUT_DFF[0].FDRE_PER_N/C
                            (rising edge-triggered cell FDRE clocked by clk_fpga_0  {rise@0.000ns fall@5.000ns period=10.000ns})
  Destination:            <hidden>
                            (recovery check against rising-edge clock clk_fpga_0  {rise@0.000ns fall@5.000ns period=10.000ns})
  Path Group:             (none)
  Path Type:              Recovery (Max at Slow Process Corner)
  Data Path Delay:        4.029ns  (logic 0.580ns (14.397%)  route 3.449ns (85.603%))
  Logic Levels:           1  (LUT1=1)
  Clock Path Skew:        -0.229ns (DCD - SCD + CPR)
    Destination Clock Delay (DCD):    2.740ns
    Source Clock Delay      (SCD):    2.970ns
    Clock Pessimism Removal (CPR):    0.000ns
  Clock Uncertainty:      0.154ns  ((TSJ^2 + TIJ^2)^1/2 + DJ) / 2 + PE
    Total System Jitter     (TSJ):    0.071ns
    Total Input Jitter      (TIJ):    0.300ns
    Discrete Jitter          (DJ):    0.000ns
    Phase Error              (PE):    0.000ns
  Timing Exception:       False Path

    Location             Delay type                Incr(ns)  Path(ns)    Netlist Resource(s)
  -------------------------------------------------------------------    -------------------
                         (clock clk_fpga_0 rise edge)
                                                      0.000     0.000 r  
    PS7_X0Y0             PS7                          0.000     0.000 r  design_1_i/processing_system7_0/inst/PS7_i/FCLKCLK[0]
                         net (fo=1, routed)           1.207     1.207    design_1_i/processing_system7_0/inst/FCLK_CLK_unbuffered[0]
    BUFGCTRL_X0Y0        BUFG (Prop_bufg_I_O)         0.101     1.308 r  design_1_i/processing_system7_0/inst/buffer_fclk_clk_0.FCLK_CLK_0_BUFG/O
                         net (fo=4816, routed)        1.662     2.970    design_1_i/rst_ps7_0_100M/U0/slowest_sync_clk
    SLICE_X18Y30         FDRE                                         r  design_1_i/rst_ps7_0_100M/U0/ACTIVE_LOW_PR_OUT_DFF[0].FDRE_PER_N/C
  -------------------------------------------------------------------    -------------------
    SLICE_X18Y30         FDRE (Prop_fdre_C_Q)         0.456     3.426 r  design_1_i/rst_ps7_0_100M/U0/ACTIVE_LOW_PR_OUT_DFF[0].FDRE_PER_N/Q
                         net (fo=14, routed)          2.692     6.118    design_1_i/axi_mem_intercon/s00_couplers/auto_pc/inst/gen_axi4_axi3.axi3_conv_inst/USE_WRITE.write_addr_inst/USE_BURSTS.cmd_queue/inst/aresetn
    SLICE_X3Y6           LUT1 (Prop_lut1_I0_O)        0.124     6.242 f  design_1_i/axi_mem_intercon/s00_couplers/auto_pc/inst/gen_axi4_axi3.axi3_conv_inst/USE_WRITE.write_addr_inst/USE_BURSTS.cmd_queue/inst/S_AXI_AREADY_I_i_1/O
                         net (fo=119, routed)         0.756     6.999    <hidden>
    SLICE_X1Y1           FDPE                                         f  <hidden>
  -------------------------------------------------------------------    -------------------

                         (clock clk_fpga_0 rise edge)
                                                      0.000     0.000 r  
    PS7_X0Y0             PS7                          0.000     0.000 r  design_1_i/processing_system7_0/inst/PS7_i/FCLKCLK[0]
                         net (fo=1, routed)           1.101     1.101    design_1_i/processing_system7_0/inst/FCLK_CLK_unbuffered[0]
    BUFGCTRL_X0Y0        BUFG (Prop_bufg_I_O)         0.091     1.192 r  design_1_i/processing_system7_0/inst/buffer_fclk_clk_0.FCLK_CLK_0_BUFG/O
                         net (fo=4816, routed)        1.548     2.740    <hidden>
    SLICE_X1Y1           FDPE                                         r  <hidden>





Min Delay Paths
--------------------------------------------------------------------------------------
Slack:                    inf
  Source:                 design_1_i/axi_smc/inst/clk_map/psr_aclk/U0/ACTIVE_LOW_BSR_OUT_DFF[0].FDRE_BSR_N/C
                            (rising edge-triggered cell FDRE clocked by clk_fpga_0  {rise@0.000ns fall@5.000ns period=10.000ns})
  Destination:            <hidden>
                            (removal check against rising-edge clock clk_fpga_0  {rise@0.000ns fall@5.000ns period=10.000ns})
  Path Group:             (none)
  Path Type:              Removal (Min at Fast Process Corner)
  Data Path Delay:        0.618ns  (logic 0.186ns (30.090%)  route 0.432ns (69.910%))
  Logic Levels:           1  (LUT1=1)
  Clock Path Skew:        0.297ns (DCD - SCD - CPR)
    Destination Clock Delay (DCD):    1.199ns
    Source Clock Delay      (SCD):    0.902ns
    Clock Pessimism Removal (CPR):    -0.000ns
  Clock Uncertainty:      0.154ns  ((TSJ^2 + TIJ^2)^1/2 + DJ) / 2 + PE
    Total System Jitter     (TSJ):    0.071ns
    Total Input Jitter      (TIJ):    0.300ns
    Discrete Jitter          (DJ):    0.000ns
    Phase Error              (PE):    0.000ns
  Timing Exception:       False Path

    Location             Delay type                Incr(ns)  Path(ns)    Netlist Resource(s)
  -------------------------------------------------------------------    -------------------
                         (clock clk_fpga_0 rise edge)
                                                      0.000     0.000 r  
    PS7_X0Y0             PS7                          0.000     0.000 r  design_1_i/processing_system7_0/inst/PS7_i/FCLKCLK[0]
                         net (fo=1, routed)           0.315     0.315    design_1_i/processing_system7_0/inst/FCLK_CLK_unbuffered[0]
    BUFGCTRL_X0Y0        BUFG (Prop_bufg_I_O)         0.026     0.341 r  design_1_i/processing_system7_0/inst/buffer_fclk_clk_0.FCLK_CLK_0_BUFG/O
                         net (fo=4816, routed)        0.561     0.901    design_1_i/axi_smc/inst/clk_map/psr_aclk/U0/aclk
    SLICE_X19Y38         FDRE                                         r  design_1_i/axi_smc/inst/clk_map/psr_aclk/U0/ACTIVE_LOW_BSR_OUT_DFF[0].FDRE_BSR_N/C
  -------------------------------------------------------------------    -------------------
    SLICE_X19Y38         FDRE (Prop_fdre_C_Q)         0.141     1.043 r  design_1_i/axi_smc/inst/clk_map/psr_aclk/U0/ACTIVE_LOW_BSR_OUT_DFF[0].FDRE_BSR_N/Q
                         net (fo=25, routed)          0.201     1.244    <hidden>
    SLICE_X17Y39         LUT1 (Prop_lut1_I0_O)        0.045     1.289 f  <hidden>
                         net (fo=3, routed)           0.231     1.520    <hidden>
    SLICE_X17Y39         FDCE                                         f  <hidden>
  -------------------------------------------------------------------    -------------------

                         (clock clk_fpga_0 rise edge)
                                                      0.000     0.000 r  
    PS7_X0Y0             PS7                          0.000     0.000 r  design_1_i/processing_system7_0/inst/PS7_i/FCLKCLK[0]
                         net (fo=1, routed)           0.341     0.341    design_1_i/processing_system7_0/inst/FCLK_CLK_unbuffered[0]
    BUFGCTRL_X0Y0        BUFG (Prop_bufg_I_O)         0.029     0.370 r  design_1_i/processing_system7_0/inst/buffer_fclk_clk_0.FCLK_CLK_0_BUFG/O
                         net (fo=4816, routed)        0.829     1.199    <hidden>
    SLICE_X17Y39         FDCE                                         r  <hidden>

Slack:                    inf
  Source:                 design_1_i/axi_smc/inst/clk_map/psr_aclk/U0/ACTIVE_LOW_BSR_OUT_DFF[0].FDRE_BSR_N/C
                            (rising edge-triggered cell FDRE clocked by clk_fpga_0  {rise@0.000ns fall@5.000ns period=10.000ns})
  Destination:            <hidden>
                            (removal check against rising-edge clock clk_fpga_0  {rise@0.000ns fall@5.000ns period=10.000ns})
  Path Group:             (none)
  Path Type:              Removal (Min at Fast Process Corner)
  Data Path Delay:        0.618ns  (logic 0.186ns (30.090%)  route 0.432ns (69.910%))
  Logic Levels:           1  (LUT1=1)
  Clock Path Skew:        0.297ns (DCD - SCD - CPR)
    Destination Clock Delay (DCD):    1.199ns
    Source Clock Delay      (SCD):    0.902ns
    Clock Pessimism Removal (CPR):    -0.000ns
  Clock Uncertainty:      0.154ns  ((TSJ^2 + TIJ^2)^1/2 + DJ) / 2 + PE
    Total System Jitter     (TSJ):    0.071ns
    Total Input Jitter      (TIJ):    0.300ns
    Discrete Jitter          (DJ):    0.000ns
    Phase Error              (PE):    0.000ns
  Timing Exception:       False Path

    Location             Delay type                Incr(ns)  Path(ns)    Netlist Resource(s)
  -------------------------------------------------------------------    -------------------
                         (clock clk_fpga_0 rise edge)
                                                      0.000     0.000 r  
    PS7_X0Y0             PS7                          0.000     0.000 r  design_1_i/processing_system7_0/inst/PS7_i/FCLKCLK[0]
                         net (fo=1, routed)           0.315     0.315    design_1_i/processing_system7_0/inst/FCLK_CLK_unbuffered[0]
    BUFGCTRL_X0Y0        BUFG (Prop_bufg_I_O)         0.026     0.341 r  design_1_i/processing_system7_0/inst/buffer_fclk_clk_0.FCLK_CLK_0_BUFG/O
                         net (fo=4816, routed)        0.561     0.901    design_1_i/axi_smc/inst/clk_map/psr_aclk/U0/aclk
    SLICE_X19Y38         FDRE                                         r  design_1_i/axi_smc/inst/clk_map/psr_aclk/U0/ACTIVE_LOW_BSR_OUT_DFF[0].FDRE_BSR_N/C
  -------------------------------------------------------------------    -------------------
    SLICE_X19Y38         FDRE (Prop_fdre_C_Q)         0.141     1.043 r  design_1_i/axi_smc/inst/clk_map/psr_aclk/U0/ACTIVE_LOW_BSR_OUT_DFF[0].FDRE_BSR_N/Q
                         net (fo=25, routed)          0.201     1.244    <hidden>
    SLICE_X17Y39         LUT1 (Prop_lut1_I0_O)        0.045     1.289 f  <hidden>
                         net (fo=3, routed)           0.231     1.520    <hidden>
    SLICE_X17Y39         FDCE                                         f  <hidden>
  -------------------------------------------------------------------    -------------------

                         (clock clk_fpga_0 rise edge)
                                                      0.000     0.000 r  
    PS7_X0Y0             PS7                          0.000     0.000 r  design_1_i/processing_system7_0/inst/PS7_i/FCLKCLK[0]
                         net (fo=1, routed)           0.341     0.341    design_1_i/processing_system7_0/inst/FCLK_CLK_unbuffered[0]
    BUFGCTRL_X0Y0        BUFG (Prop_bufg_I_O)         0.029     0.370 r  design_1_i/processing_system7_0/inst/buffer_fclk_clk_0.FCLK_CLK_0_BUFG/O
                         net (fo=4816, routed)        0.829     1.199    <hidden>
    SLICE_X17Y39         FDCE                                         r  <hidden>

Slack:                    inf
  Source:                 design_1_i/axi_smc/inst/clk_map/psr_aclk/U0/ACTIVE_LOW_BSR_OUT_DFF[0].FDRE_BSR_N/C
                            (rising edge-triggered cell FDRE clocked by clk_fpga_0  {rise@0.000ns fall@5.000ns period=10.000ns})
  Destination:            <hidden>
                            (removal check against rising-edge clock clk_fpga_0  {rise@0.000ns fall@5.000ns period=10.000ns})
  Path Group:             (none)
  Path Type:              Removal (Min at Fast Process Corner)
  Data Path Delay:        0.618ns  (logic 0.186ns (30.090%)  route 0.432ns (69.910%))
  Logic Levels:           1  (LUT1=1)
  Clock Path Skew:        0.297ns (DCD - SCD - CPR)
    Destination Clock Delay (DCD):    1.199ns
    Source Clock Delay      (SCD):    0.902ns
    Clock Pessimism Removal (CPR):    -0.000ns
  Clock Uncertainty:      0.154ns  ((TSJ^2 + TIJ^2)^1/2 + DJ) / 2 + PE
    Total System Jitter     (TSJ):    0.071ns
    Total Input Jitter      (TIJ):    0.300ns
    Discrete Jitter          (DJ):    0.000ns
    Phase Error              (PE):    0.000ns
  Timing Exception:       False Path

    Location             Delay type                Incr(ns)  Path(ns)    Netlist Resource(s)
  -------------------------------------------------------------------    -------------------
                         (clock clk_fpga_0 rise edge)
                                                      0.000     0.000 r  
    PS7_X0Y0             PS7                          0.000     0.000 r  design_1_i/processing_system7_0/inst/PS7_i/FCLKCLK[0]
                         net (fo=1, routed)           0.315     0.315    design_1_i/processing_system7_0/inst/FCLK_CLK_unbuffered[0]
    BUFGCTRL_X0Y0        BUFG (Prop_bufg_I_O)         0.026     0.341 r  design_1_i/processing_system7_0/inst/buffer_fclk_clk_0.FCLK_CLK_0_BUFG/O
                         net (fo=4816, routed)        0.561     0.901    design_1_i/axi_smc/inst/clk_map/psr_aclk/U0/aclk
    SLICE_X19Y38         FDRE                                         r  design_1_i/axi_smc/inst/clk_map/psr_aclk/U0/ACTIVE_LOW_BSR_OUT_DFF[0].FDRE_BSR_N/C
  -------------------------------------------------------------------    -------------------
    SLICE_X19Y38         FDRE (Prop_fdre_C_Q)         0.141     1.043 r  design_1_i/axi_smc/inst/clk_map/psr_aclk/U0/ACTIVE_LOW_BSR_OUT_DFF[0].FDRE_BSR_N/Q
                         net (fo=25, routed)          0.201     1.244    <hidden>
    SLICE_X17Y39         LUT1 (Prop_lut1_I0_O)        0.045     1.289 f  <hidden>
                         net (fo=3, routed)           0.231     1.520    <hidden>
    SLICE_X17Y39         FDCE                                         f  <hidden>
  -------------------------------------------------------------------    -------------------

                         (clock clk_fpga_0 rise edge)
                                                      0.000     0.000 r  
    PS7_X0Y0             PS7                          0.000     0.000 r  design_1_i/processing_system7_0/inst/PS7_i/FCLKCLK[0]
                         net (fo=1, routed)           0.341     0.341    design_1_i/processing_system7_0/inst/FCLK_CLK_unbuffered[0]
    BUFGCTRL_X0Y0        BUFG (Prop_bufg_I_O)         0.029     0.370 r  design_1_i/processing_system7_0/inst/buffer_fclk_clk_0.FCLK_CLK_0_BUFG/O
                         net (fo=4816, routed)        0.829     1.199    <hidden>
    SLICE_X17Y39         FDCE                                         r  <hidden>

Slack:                    inf
  Source:                 design_1_i/axi_smc/inst/clk_map/psr_aclk/U0/ACTIVE_LOW_BSR_OUT_DFF[0].FDRE_BSR_N/C
                            (rising edge-triggered cell FDRE clocked by clk_fpga_0  {rise@0.000ns fall@5.000ns period=10.000ns})
  Destination:            <hidden>
                            (removal check against rising-edge clock clk_fpga_0  {rise@0.000ns fall@5.000ns period=10.000ns})
  Path Group:             (none)
  Path Type:              Removal (Min at Fast Process Corner)
  Data Path Delay:        0.618ns  (logic 0.192ns (31.047%)  route 0.426ns (68.953%))
  Logic Levels:           1  (LUT1=1)
  Clock Path Skew:        0.297ns (DCD - SCD - CPR)
    Destination Clock Delay (DCD):    1.199ns
    Source Clock Delay      (SCD):    0.902ns
    Clock Pessimism Removal (CPR):    -0.000ns
  Clock Uncertainty:      0.154ns  ((TSJ^2 + TIJ^2)^1/2 + DJ) / 2 + PE
    Total System Jitter     (TSJ):    0.071ns
    Total Input Jitter      (TIJ):    0.300ns
    Discrete Jitter          (DJ):    0.000ns
    Phase Error              (PE):    0.000ns
  Timing Exception:       False Path

    Location             Delay type                Incr(ns)  Path(ns)    Netlist Resource(s)
  -------------------------------------------------------------------    -------------------
                         (clock clk_fpga_0 rise edge)
                                                      0.000     0.000 r  
    PS7_X0Y0             PS7                          0.000     0.000 r  design_1_i/processing_system7_0/inst/PS7_i/FCLKCLK[0]
                         net (fo=1, routed)           0.315     0.315    design_1_i/processing_system7_0/inst/FCLK_CLK_unbuffered[0]
    BUFGCTRL_X0Y0        BUFG (Prop_bufg_I_O)         0.026     0.341 r  design_1_i/processing_system7_0/inst/buffer_fclk_clk_0.FCLK_CLK_0_BUFG/O
                         net (fo=4816, routed)        0.561     0.901    design_1_i/axi_smc/inst/clk_map/psr_aclk/U0/aclk
    SLICE_X19Y38         FDRE                                         r  design_1_i/axi_smc/inst/clk_map/psr_aclk/U0/ACTIVE_LOW_BSR_OUT_DFF[0].FDRE_BSR_N/C
  -------------------------------------------------------------------    -------------------
    SLICE_X19Y38         FDRE (Prop_fdre_C_Q)         0.141     1.043 r  design_1_i/axi_smc/inst/clk_map/psr_aclk/U0/ACTIVE_LOW_BSR_OUT_DFF[0].FDRE_BSR_N/Q
                         net (fo=25, routed)          0.201     1.244    <hidden>
    SLICE_X17Y39         LUT1 (Prop_lut1_I0_O)        0.051     1.295 f  <hidden>
                         net (fo=3, routed)           0.225     1.520    <hidden>
    SLICE_X18Y39         FDCE                                         f  <hidden>
  -------------------------------------------------------------------    -------------------

                         (clock clk_fpga_0 rise edge)
                                                      0.000     0.000 r  
    PS7_X0Y0             PS7                          0.000     0.000 r  design_1_i/processing_system7_0/inst/PS7_i/FCLKCLK[0]
                         net (fo=1, routed)           0.341     0.341    design_1_i/processing_system7_0/inst/FCLK_CLK_unbuffered[0]
    BUFGCTRL_X0Y0        BUFG (Prop_bufg_I_O)         0.029     0.370 r  design_1_i/processing_system7_0/inst/buffer_fclk_clk_0.FCLK_CLK_0_BUFG/O
                         net (fo=4816, routed)        0.829     1.199    <hidden>
    SLICE_X18Y39         FDCE                                         r  <hidden>

Slack:                    inf
  Source:                 design_1_i/axi_smc/inst/clk_map/psr_aclk/U0/ACTIVE_LOW_BSR_OUT_DFF[0].FDRE_BSR_N/C
                            (rising edge-triggered cell FDRE clocked by clk_fpga_0  {rise@0.000ns fall@5.000ns period=10.000ns})
  Destination:            <hidden>
                            (removal check against rising-edge clock clk_fpga_0  {rise@0.000ns fall@5.000ns period=10.000ns})
  Path Group:             (none)
  Path Type:              Removal (Min at Fast Process Corner)
  Data Path Delay:        0.618ns  (logic 0.192ns (31.047%)  route 0.426ns (68.953%))
  Logic Levels:           1  (LUT1=1)
  Clock Path Skew:        0.297ns (DCD - SCD - CPR)
    Destination Clock Delay (DCD):    1.199ns
    Source Clock Delay      (SCD):    0.902ns
    Clock Pessimism Removal (CPR):    -0.000ns
  Clock Uncertainty:      0.154ns  ((TSJ^2 + TIJ^2)^1/2 + DJ) / 2 + PE
    Total System Jitter     (TSJ):    0.071ns
    Total Input Jitter      (TIJ):    0.300ns
    Discrete Jitter          (DJ):    0.000ns
    Phase Error              (PE):    0.000ns
  Timing Exception:       False Path

    Location             Delay type                Incr(ns)  Path(ns)    Netlist Resource(s)
  -------------------------------------------------------------------    -------------------
                         (clock clk_fpga_0 rise edge)
                                                      0.000     0.000 r  
    PS7_X0Y0             PS7                          0.000     0.000 r  design_1_i/processing_system7_0/inst/PS7_i/FCLKCLK[0]
                         net (fo=1, routed)           0.315     0.315    design_1_i/processing_system7_0/inst/FCLK_CLK_unbuffered[0]
    BUFGCTRL_X0Y0        BUFG (Prop_bufg_I_O)         0.026     0.341 r  design_1_i/processing_system7_0/inst/buffer_fclk_clk_0.FCLK_CLK_0_BUFG/O
                         net (fo=4816, routed)        0.561     0.901    design_1_i/axi_smc/inst/clk_map/psr_aclk/U0/aclk
    SLICE_X19Y38         FDRE                                         r  design_1_i/axi_smc/inst/clk_map/psr_aclk/U0/ACTIVE_LOW_BSR_OUT_DFF[0].FDRE_BSR_N/C
  -------------------------------------------------------------------    -------------------
    SLICE_X19Y38         FDRE (Prop_fdre_C_Q)         0.141     1.043 r  design_1_i/axi_smc/inst/clk_map/psr_aclk/U0/ACTIVE_LOW_BSR_OUT_DFF[0].FDRE_BSR_N/Q
                         net (fo=25, routed)          0.201     1.244    <hidden>
    SLICE_X17Y39         LUT1 (Prop_lut1_I0_O)        0.051     1.295 f  <hidden>
                         net (fo=3, routed)           0.225     1.520    <hidden>
    SLICE_X18Y39         FDCE                                         f  <hidden>
  -------------------------------------------------------------------    -------------------

                         (clock clk_fpga_0 rise edge)
                                                      0.000     0.000 r  
    PS7_X0Y0             PS7                          0.000     0.000 r  design_1_i/processing_system7_0/inst/PS7_i/FCLKCLK[0]
                         net (fo=1, routed)           0.341     0.341    design_1_i/processing_system7_0/inst/FCLK_CLK_unbuffered[0]
    BUFGCTRL_X0Y0        BUFG (Prop_bufg_I_O)         0.029     0.370 r  design_1_i/processing_system7_0/inst/buffer_fclk_clk_0.FCLK_CLK_0_BUFG/O
                         net (fo=4816, routed)        0.829     1.199    <hidden>
    SLICE_X18Y39         FDCE                                         r  <hidden>

Slack:                    inf
  Source:                 design_1_i/axi_smc/inst/clk_map/psr_aclk/U0/ACTIVE_LOW_BSR_OUT_DFF[0].FDRE_BSR_N/C
                            (rising edge-triggered cell FDRE clocked by clk_fpga_0  {rise@0.000ns fall@5.000ns period=10.000ns})
  Destination:            <hidden>
                            (removal check against rising-edge clock clk_fpga_0  {rise@0.000ns fall@5.000ns period=10.000ns})
  Path Group:             (none)
  Path Type:              Removal (Min at Fast Process Corner)
  Data Path Delay:        0.618ns  (logic 0.192ns (31.047%)  route 0.426ns (68.953%))
  Logic Levels:           1  (LUT1=1)
  Clock Path Skew:        0.297ns (DCD - SCD - CPR)
    Destination Clock Delay (DCD):    1.199ns
    Source Clock Delay      (SCD):    0.902ns
    Clock Pessimism Removal (CPR):    -0.000ns
  Clock Uncertainty:      0.154ns  ((TSJ^2 + TIJ^2)^1/2 + DJ) / 2 + PE
    Total System Jitter     (TSJ):    0.071ns
    Total Input Jitter      (TIJ):    0.300ns
    Discrete Jitter          (DJ):    0.000ns
    Phase Error              (PE):    0.000ns
  Timing Exception:       False Path

    Location             Delay type                Incr(ns)  Path(ns)    Netlist Resource(s)
  -------------------------------------------------------------------    -------------------
                         (clock clk_fpga_0 rise edge)
                                                      0.000     0.000 r  
    PS7_X0Y0             PS7                          0.000     0.000 r  design_1_i/processing_system7_0/inst/PS7_i/FCLKCLK[0]
                         net (fo=1, routed)           0.315     0.315    design_1_i/processing_system7_0/inst/FCLK_CLK_unbuffered[0]
    BUFGCTRL_X0Y0        BUFG (Prop_bufg_I_O)         0.026     0.341 r  design_1_i/processing_system7_0/inst/buffer_fclk_clk_0.FCLK_CLK_0_BUFG/O
                         net (fo=4816, routed)        0.561     0.901    design_1_i/axi_smc/inst/clk_map/psr_aclk/U0/aclk
    SLICE_X19Y38         FDRE                                         r  design_1_i/axi_smc/inst/clk_map/psr_aclk/U0/ACTIVE_LOW_BSR_OUT_DFF[0].FDRE_BSR_N/C
  -------------------------------------------------------------------    -------------------
    SLICE_X19Y38         FDRE (Prop_fdre_C_Q)         0.141     1.043 r  design_1_i/axi_smc/inst/clk_map/psr_aclk/U0/ACTIVE_LOW_BSR_OUT_DFF[0].FDRE_BSR_N/Q
                         net (fo=25, routed)          0.201     1.244    <hidden>
    SLICE_X17Y39         LUT1 (Prop_lut1_I0_O)        0.051     1.295 f  <hidden>
                         net (fo=3, routed)           0.225     1.520    <hidden>
    SLICE_X18Y39         FDCE                                         f  <hidden>
  -------------------------------------------------------------------    -------------------

                         (clock clk_fpga_0 rise edge)
                                                      0.000     0.000 r  
    PS7_X0Y0             PS7                          0.000     0.000 r  design_1_i/processing_system7_0/inst/PS7_i/FCLKCLK[0]
                         net (fo=1, routed)           0.341     0.341    design_1_i/processing_system7_0/inst/FCLK_CLK_unbuffered[0]
    BUFGCTRL_X0Y0        BUFG (Prop_bufg_I_O)         0.029     0.370 r  design_1_i/processing_system7_0/inst/buffer_fclk_clk_0.FCLK_CLK_0_BUFG/O
                         net (fo=4816, routed)        0.829     1.199    <hidden>
    SLICE_X18Y39         FDCE                                         r  <hidden>

Slack:                    inf
  Source:                 design_1_i/rst_ps7_0_100M/U0/ACTIVE_LOW_PR_OUT_DFF[0].FDRE_PER_N/C
                            (rising edge-triggered cell FDRE clocked by clk_fpga_0  {rise@0.000ns fall@5.000ns period=10.000ns})
  Destination:            design_1_i/axi_smc/inst/clk_map/psr_aclk/U0/EXT_LPF/ACTIVE_LOW_AUX.ACT_LO_AUX/GENERATE_LEVEL_P_S_CDC.SINGLE_BIT.CROSS_PLEVEL_IN2SCNDRY_IN_cdc_to/D
                            (rising edge-triggered cell FDRE clocked by clk_fpga_0  {rise@0.000ns fall@5.000ns period=10.000ns})
  Path Group:             (none)
  Path Type:              Hold (Min at Fast Process Corner)
  Data Path Delay:        0.638ns  (logic 0.186ns (29.137%)  route 0.452ns (70.863%))
  Logic Levels:           1  (LUT1=1)
  Clock Path Skew:        0.299ns (DCD - SCD - CPR)
    Destination Clock Delay (DCD):    1.195ns
    Source Clock Delay      (SCD):    0.896ns
    Clock Pessimism Removal (CPR):    -0.000ns
  Clock Uncertainty:      0.154ns  ((TSJ^2 + TIJ^2)^1/2 + DJ) / 2 + PE
    Total System Jitter     (TSJ):    0.071ns
    Total Input Jitter      (TIJ):    0.300ns
    Discrete Jitter          (DJ):    0.000ns
    Phase Error              (PE):    0.000ns
  Timing Exception:       False Path

    Location             Delay type                Incr(ns)  Path(ns)    Netlist Resource(s)
  -------------------------------------------------------------------    -------------------
                         (clock clk_fpga_0 rise edge)
                                                      0.000     0.000 r  
    PS7_X0Y0             PS7                          0.000     0.000 r  design_1_i/processing_system7_0/inst/PS7_i/FCLKCLK[0]
                         net (fo=1, routed)           0.315     0.315    design_1_i/processing_system7_0/inst/FCLK_CLK_unbuffered[0]
    BUFGCTRL_X0Y0        BUFG (Prop_bufg_I_O)         0.026     0.341 r  design_1_i/processing_system7_0/inst/buffer_fclk_clk_0.FCLK_CLK_0_BUFG/O
                         net (fo=4816, routed)        0.555     0.896    design_1_i/rst_ps7_0_100M/U0/slowest_sync_clk
    SLICE_X18Y30         FDRE                                         r  design_1_i/rst_ps7_0_100M/U0/ACTIVE_LOW_PR_OUT_DFF[0].FDRE_PER_N/C
  -------------------------------------------------------------------    -------------------
    SLICE_X18Y30         FDRE (Prop_fdre_C_Q)         0.141     1.037 f  design_1_i/rst_ps7_0_100M/U0/ACTIVE_LOW_PR_OUT_DFF[0].FDRE_PER_N/Q
                         net (fo=14, routed)          0.452     1.489    design_1_i/axi_smc/inst/clk_map/psr_aclk/U0/EXT_LPF/ACTIVE_LOW_AUX.ACT_LO_AUX/aresetn
    SLICE_X20Y36         LUT1 (Prop_lut1_I0_O)        0.045     1.534 r  design_1_i/axi_smc/inst/clk_map/psr_aclk/U0/EXT_LPF/ACTIVE_LOW_AUX.ACT_LO_AUX/GENERATE_LEVEL_P_S_CDC.SINGLE_BIT.CROSS_PLEVEL_IN2SCNDRY_IN_cdc_to_i_1/O
                         net (fo=1, routed)           0.000     1.534    design_1_i/axi_smc/inst/clk_map/psr_aclk/U0/EXT_LPF/ACTIVE_LOW_AUX.ACT_LO_AUX/asr_d1
    SLICE_X20Y36         FDRE                                         r  design_1_i/axi_smc/inst/clk_map/psr_aclk/U0/EXT_LPF/ACTIVE_LOW_AUX.ACT_LO_AUX/GENERATE_LEVEL_P_S_CDC.SINGLE_BIT.CROSS_PLEVEL_IN2SCNDRY_IN_cdc_to/D
  -------------------------------------------------------------------    -------------------

                         (clock clk_fpga_0 rise edge)
                                                      0.000     0.000 r  
    PS7_X0Y0             PS7                          0.000     0.000 r  design_1_i/processing_system7_0/inst/PS7_i/FCLKCLK[0]
                         net (fo=1, routed)           0.341     0.341    design_1_i/processing_system7_0/inst/FCLK_CLK_unbuffered[0]
    BUFGCTRL_X0Y0        BUFG (Prop_bufg_I_O)         0.029     0.370 r  design_1_i/processing_system7_0/inst/buffer_fclk_clk_0.FCLK_CLK_0_BUFG/O
                         net (fo=4816, routed)        0.825     1.195    design_1_i/axi_smc/inst/clk_map/psr_aclk/U0/EXT_LPF/ACTIVE_LOW_AUX.ACT_LO_AUX/aclk
    SLICE_X20Y36         FDRE                                         r  design_1_i/axi_smc/inst/clk_map/psr_aclk/U0/EXT_LPF/ACTIVE_LOW_AUX.ACT_LO_AUX/GENERATE_LEVEL_P_S_CDC.SINGLE_BIT.CROSS_PLEVEL_IN2SCNDRY_IN_cdc_to/C

Slack:                    inf
  Source:                 design_1_i/axi_smc/inst/clk_map/psr_aclk/U0/ACTIVE_LOW_BSR_OUT_DFF[0].FDRE_BSR_N/C
                            (rising edge-triggered cell FDRE clocked by clk_fpga_0  {rise@0.000ns fall@5.000ns period=10.000ns})
  Destination:            <hidden>
                            (removal check against rising-edge clock clk_fpga_0  {rise@0.000ns fall@5.000ns period=10.000ns})
  Path Group:             (none)
  Path Type:              Removal (Min at Fast Process Corner)
  Data Path Delay:        0.664ns  (logic 0.185ns (27.842%)  route 0.479ns (72.158%))
  Logic Levels:           1  (LUT1=1)
  Clock Path Skew:        0.298ns (DCD - SCD - CPR)
    Destination Clock Delay (DCD):    1.200ns
    Source Clock Delay      (SCD):    0.902ns
    Clock Pessimism Removal (CPR):    -0.000ns
  Clock Uncertainty:      0.154ns  ((TSJ^2 + TIJ^2)^1/2 + DJ) / 2 + PE
    Total System Jitter     (TSJ):    0.071ns
    Total Input Jitter      (TIJ):    0.300ns
    Discrete Jitter          (DJ):    0.000ns
    Phase Error              (PE):    0.000ns
  Timing Exception:       False Path

    Location             Delay type                Incr(ns)  Path(ns)    Netlist Resource(s)
  -------------------------------------------------------------------    -------------------
                         (clock clk_fpga_0 rise edge)
                                                      0.000     0.000 r  
    PS7_X0Y0             PS7                          0.000     0.000 r  design_1_i/processing_system7_0/inst/PS7_i/FCLKCLK[0]
                         net (fo=1, routed)           0.315     0.315    design_1_i/processing_system7_0/inst/FCLK_CLK_unbuffered[0]
    BUFGCTRL_X0Y0        BUFG (Prop_bufg_I_O)         0.026     0.341 r  design_1_i/processing_system7_0/inst/buffer_fclk_clk_0.FCLK_CLK_0_BUFG/O
                         net (fo=4816, routed)        0.561     0.901    design_1_i/axi_smc/inst/clk_map/psr_aclk/U0/aclk
    SLICE_X19Y38         FDRE                                         r  design_1_i/axi_smc/inst/clk_map/psr_aclk/U0/ACTIVE_LOW_BSR_OUT_DFF[0].FDRE_BSR_N/C
  -------------------------------------------------------------------    -------------------
    SLICE_X19Y38         FDRE (Prop_fdre_C_Q)         0.141     1.043 r  design_1_i/axi_smc/inst/clk_map/psr_aclk/U0/ACTIVE_LOW_BSR_OUT_DFF[0].FDRE_BSR_N/Q
                         net (fo=25, routed)          0.298     1.341    <hidden>
    SLICE_X18Y40         LUT1 (Prop_lut1_I0_O)        0.044     1.385 f  <hidden>
                         net (fo=3, routed)           0.181     1.566    <hidden>
    SLICE_X18Y40         FDCE                                         f  <hidden>
  -------------------------------------------------------------------    -------------------

                         (clock clk_fpga_0 rise edge)
                                                      0.000     0.000 r  
    PS7_X0Y0             PS7                          0.000     0.000 r  design_1_i/processing_system7_0/inst/PS7_i/FCLKCLK[0]
                         net (fo=1, routed)           0.341     0.341    design_1_i/processing_system7_0/inst/FCLK_CLK_unbuffered[0]
    BUFGCTRL_X0Y0        BUFG (Prop_bufg_I_O)         0.029     0.370 r  design_1_i/processing_system7_0/inst/buffer_fclk_clk_0.FCLK_CLK_0_BUFG/O
                         net (fo=4816, routed)        0.830     1.200    <hidden>
    SLICE_X18Y40         FDCE                                         r  <hidden>

Slack:                    inf
  Source:                 design_1_i/axi_smc/inst/clk_map/psr_aclk/U0/ACTIVE_LOW_BSR_OUT_DFF[0].FDRE_BSR_N/C
                            (rising edge-triggered cell FDRE clocked by clk_fpga_0  {rise@0.000ns fall@5.000ns period=10.000ns})
  Destination:            <hidden>
                            (removal check against rising-edge clock clk_fpga_0  {rise@0.000ns fall@5.000ns period=10.000ns})
  Path Group:             (none)
  Path Type:              Removal (Min at Fast Process Corner)
  Data Path Delay:        0.664ns  (logic 0.185ns (27.842%)  route 0.479ns (72.158%))
  Logic Levels:           1  (LUT1=1)
  Clock Path Skew:        0.298ns (DCD - SCD - CPR)
    Destination Clock Delay (DCD):    1.200ns
    Source Clock Delay      (SCD):    0.902ns
    Clock Pessimism Removal (CPR):    -0.000ns
  Clock Uncertainty:      0.154ns  ((TSJ^2 + TIJ^2)^1/2 + DJ) / 2 + PE
    Total System Jitter     (TSJ):    0.071ns
    Total Input Jitter      (TIJ):    0.300ns
    Discrete Jitter          (DJ):    0.000ns
    Phase Error              (PE):    0.000ns
  Timing Exception:       False Path

    Location             Delay type                Incr(ns)  Path(ns)    Netlist Resource(s)
  -------------------------------------------------------------------    -------------------
                         (clock clk_fpga_0 rise edge)
                                                      0.000     0.000 r  
    PS7_X0Y0             PS7                          0.000     0.000 r  design_1_i/processing_system7_0/inst/PS7_i/FCLKCLK[0]
                         net (fo=1, routed)           0.315     0.315    design_1_i/processing_system7_0/inst/FCLK_CLK_unbuffered[0]
    BUFGCTRL_X0Y0        BUFG (Prop_bufg_I_O)         0.026     0.341 r  design_1_i/processing_system7_0/inst/buffer_fclk_clk_0.FCLK_CLK_0_BUFG/O
                         net (fo=4816, routed)        0.561     0.901    design_1_i/axi_smc/inst/clk_map/psr_aclk/U0/aclk
    SLICE_X19Y38         FDRE                                         r  design_1_i/axi_smc/inst/clk_map/psr_aclk/U0/ACTIVE_LOW_BSR_OUT_DFF[0].FDRE_BSR_N/C
  -------------------------------------------------------------------    -------------------
    SLICE_X19Y38         FDRE (Prop_fdre_C_Q)         0.141     1.043 r  design_1_i/axi_smc/inst/clk_map/psr_aclk/U0/ACTIVE_LOW_BSR_OUT_DFF[0].FDRE_BSR_N/Q
                         net (fo=25, routed)          0.298     1.341    <hidden>
    SLICE_X18Y40         LUT1 (Prop_lut1_I0_O)        0.044     1.385 f  <hidden>
                         net (fo=3, routed)           0.181     1.566    <hidden>
    SLICE_X18Y40         FDCE                                         f  <hidden>
  -------------------------------------------------------------------    -------------------

                         (clock clk_fpga_0 rise edge)
                                                      0.000     0.000 r  
    PS7_X0Y0             PS7                          0.000     0.000 r  design_1_i/processing_system7_0/inst/PS7_i/FCLKCLK[0]
                         net (fo=1, routed)           0.341     0.341    design_1_i/processing_system7_0/inst/FCLK_CLK_unbuffered[0]
    BUFGCTRL_X0Y0        BUFG (Prop_bufg_I_O)         0.029     0.370 r  design_1_i/processing_system7_0/inst/buffer_fclk_clk_0.FCLK_CLK_0_BUFG/O
                         net (fo=4816, routed)        0.830     1.200    <hidden>
    SLICE_X18Y40         FDCE                                         r  <hidden>

Slack:                    inf
  Source:                 design_1_i/axi_smc/inst/clk_map/psr_aclk/U0/ACTIVE_LOW_BSR_OUT_DFF[0].FDRE_BSR_N/C
                            (rising edge-triggered cell FDRE clocked by clk_fpga_0  {rise@0.000ns fall@5.000ns period=10.000ns})
  Destination:            <hidden>
                            (removal check against rising-edge clock clk_fpga_0  {rise@0.000ns fall@5.000ns period=10.000ns})
  Path Group:             (none)
  Path Type:              Removal (Min at Fast Process Corner)
  Data Path Delay:        0.664ns  (logic 0.185ns (27.842%)  route 0.479ns (72.158%))
  Logic Levels:           1  (LUT1=1)
  Clock Path Skew:        0.298ns (DCD - SCD - CPR)
    Destination Clock Delay (DCD):    1.200ns
    Source Clock Delay      (SCD):    0.902ns
    Clock Pessimism Removal (CPR):    -0.000ns
  Clock Uncertainty:      0.154ns  ((TSJ^2 + TIJ^2)^1/2 + DJ) / 2 + PE
    Total System Jitter     (TSJ):    0.071ns
    Total Input Jitter      (TIJ):    0.300ns
    Discrete Jitter          (DJ):    0.000ns
    Phase Error              (PE):    0.000ns
  Timing Exception:       False Path

    Location             Delay type                Incr(ns)  Path(ns)    Netlist Resource(s)
  -------------------------------------------------------------------    -------------------
                         (clock clk_fpga_0 rise edge)
                                                      0.000     0.000 r  
    PS7_X0Y0             PS7                          0.000     0.000 r  design_1_i/processing_system7_0/inst/PS7_i/FCLKCLK[0]
                         net (fo=1, routed)           0.315     0.315    design_1_i/processing_system7_0/inst/FCLK_CLK_unbuffered[0]
    BUFGCTRL_X0Y0        BUFG (Prop_bufg_I_O)         0.026     0.341 r  design_1_i/processing_system7_0/inst/buffer_fclk_clk_0.FCLK_CLK_0_BUFG/O
                         net (fo=4816, routed)        0.561     0.901    design_1_i/axi_smc/inst/clk_map/psr_aclk/U0/aclk
    SLICE_X19Y38         FDRE                                         r  design_1_i/axi_smc/inst/clk_map/psr_aclk/U0/ACTIVE_LOW_BSR_OUT_DFF[0].FDRE_BSR_N/C
  -------------------------------------------------------------------    -------------------
    SLICE_X19Y38         FDRE (Prop_fdre_C_Q)         0.141     1.043 r  design_1_i/axi_smc/inst/clk_map/psr_aclk/U0/ACTIVE_LOW_BSR_OUT_DFF[0].FDRE_BSR_N/Q
                         net (fo=25, routed)          0.298     1.341    <hidden>
    SLICE_X18Y40         LUT1 (Prop_lut1_I0_O)        0.044     1.385 f  <hidden>
                         net (fo=3, routed)           0.181     1.566    <hidden>
    SLICE_X18Y40         FDCE                                         f  <hidden>
  -------------------------------------------------------------------    -------------------

                         (clock clk_fpga_0 rise edge)
                                                      0.000     0.000 r  
    PS7_X0Y0             PS7                          0.000     0.000 r  design_1_i/processing_system7_0/inst/PS7_i/FCLKCLK[0]
                         net (fo=1, routed)           0.341     0.341    design_1_i/processing_system7_0/inst/FCLK_CLK_unbuffered[0]
    BUFGCTRL_X0Y0        BUFG (Prop_bufg_I_O)         0.029     0.370 r  design_1_i/processing_system7_0/inst/buffer_fclk_clk_0.FCLK_CLK_0_BUFG/O
                         net (fo=4816, routed)        0.830     1.200    <hidden>
    SLICE_X18Y40         FDCE                                         r  <hidden>





--------------------------------------------------------------------------------------
Path Group:  (none)
From Clock:  clk_fpga_0
  To Clock:  

Max Delay             2 Endpoints
Min Delay             2 Endpoints
--------------------------------------------------------------------------------------


Max Delay Paths
--------------------------------------------------------------------------------------
Slack:                    inf
  Source:                 design_1_i/AddCycle_Acquisition_0/U0/AddCycle_Acquisition_slave_lite_v1_0_S00_AXI_inst/u_acquisition_core/serial_clk_reg_reg/C
                            (rising edge-triggered cell FDRE clocked by clk_fpga_0  {rise@0.000ns fall@5.000ns period=10.000ns})
  Destination:            meas_clk_0
                            (output port)
  Path Group:             (none)
  Path Type:              Max at Slow Process Corner
  Data Path Delay:        7.448ns  (logic 4.130ns (55.453%)  route 3.318ns (44.547%))
  Logic Levels:           1  (OBUF=1)
  Clock Uncertainty:      0.152ns  ((TSJ^2 + TIJ^2)^1/2 + DJ) / 2 + PE
    Total System Jitter     (TSJ):    0.050ns
    Total Input Jitter      (TIJ):    0.300ns
    Discrete Jitter          (DJ):    0.000ns
    Phase Error              (PE):    0.000ns

    Location             Delay type                Incr(ns)  Path(ns)    Netlist Resource(s)
  -------------------------------------------------------------------    -------------------
                         (clock clk_fpga_0 rise edge)
                                                      0.000     0.000 r  
    PS7_X0Y0             PS7                          0.000     0.000 r  design_1_i/processing_system7_0/inst/PS7_i/FCLKCLK[0]
                         net (fo=1, routed)           1.207     1.207    design_1_i/processing_system7_0/inst/FCLK_CLK_unbuffered[0]
    BUFGCTRL_X0Y0        BUFG (Prop_bufg_I_O)         0.101     1.308 r  design_1_i/processing_system7_0/inst/buffer_fclk_clk_0.FCLK_CLK_0_BUFG/O
                         net (fo=4816, routed)        1.660     2.968    design_1_i/AddCycle_Acquisition_0/U0/AddCycle_Acquisition_slave_lite_v1_0_S00_AXI_inst/u_acquisition_core/s00_axi_aclk
    SLICE_X16Y28         FDRE                                         r  design_1_i/AddCycle_Acquisition_0/U0/AddCycle_Acquisition_slave_lite_v1_0_S00_AXI_inst/u_acquisition_core/serial_clk_reg_reg/C
  -------------------------------------------------------------------    -------------------
    SLICE_X16Y28         FDRE (Prop_fdre_C_Q)         0.518     3.486 r  design_1_i/AddCycle_Acquisition_0/U0/AddCycle_Acquisition_slave_lite_v1_0_S00_AXI_inst/u_acquisition_core/serial_clk_reg_reg/Q
                         net (fo=6, routed)           3.318     6.804    meas_clk_0_OBUF
    T10                  OBUF (Prop_obuf_I_O)         3.612    10.416 r  meas_clk_0_OBUF_inst/O
                         net (fo=0)                   0.000    10.416    meas_clk_0
    T10                                                               r  meas_clk_0 (OUT)
  -------------------------------------------------------------------    -------------------

Slack:                    inf
  Source:                 design_1_i/AddCycle_Acquisition_0/U0/AddCycle_Acquisition_slave_lite_v1_0_S00_AXI_inst/u_acquisition_core/conversion_reg_reg/C
                            (rising edge-triggered cell FDRE clocked by clk_fpga_0  {rise@0.000ns fall@5.000ns period=10.000ns})
  Destination:            conv_0
                            (output port)
  Path Group:             (none)
  Path Type:              Max at Slow Process Corner
  Data Path Delay:        7.039ns  (logic 4.084ns (58.020%)  route 2.955ns (41.980%))
  Logic Levels:           1  (OBUF=1)
  Clock Uncertainty:      0.152ns  ((TSJ^2 + TIJ^2)^1/2 + DJ) / 2 + PE
    Total System Jitter     (TSJ):    0.050ns
    Total Input Jitter      (TIJ):    0.300ns
    Discrete Jitter          (DJ):    0.000ns
    Phase Error              (PE):    0.000ns

    Location             Delay type                Incr(ns)  Path(ns)    Netlist Resource(s)
  -------------------------------------------------------------------    -------------------
                         (clock clk_fpga_0 rise edge)
                                                      0.000     0.000 r  
    PS7_X0Y0             PS7                          0.000     0.000 r  design_1_i/processing_system7_0/inst/PS7_i/FCLKCLK[0]
                         net (fo=1, routed)           1.207     1.207    design_1_i/processing_system7_0/inst/FCLK_CLK_unbuffered[0]
    BUFGCTRL_X0Y0        BUFG (Prop_bufg_I_O)         0.101     1.308 r  design_1_i/processing_system7_0/inst/buffer_fclk_clk_0.FCLK_CLK_0_BUFG/O
                         net (fo=4816, routed)        1.659     2.967    design_1_i/AddCycle_Acquisition_0/U0/AddCycle_Acquisition_slave_lite_v1_0_S00_AXI_inst/u_acquisition_core/s00_axi_aclk
    SLICE_X20Y28         FDRE                                         r  design_1_i/AddCycle_Acquisition_0/U0/AddCycle_Acquisition_slave_lite_v1_0_S00_AXI_inst/u_acquisition_core/conversion_reg_reg/C
  -------------------------------------------------------------------    -------------------
    SLICE_X20Y28         FDRE (Prop_fdre_C_Q)         0.518     3.485 r  design_1_i/AddCycle_Acquisition_0/U0/AddCycle_Acquisition_slave_lite_v1_0_S00_AXI_inst/u_acquisition_core/conversion_reg_reg/Q
                         net (fo=2, routed)           2.955     6.440    conv_0_OBUF
    T15                  OBUF (Prop_obuf_I_O)         3.566    10.006 r  conv_0_OBUF_inst/O
                         net (fo=0)                   0.000    10.006    conv_0
    T15                                                               r  conv_0 (OUT)
  -------------------------------------------------------------------    -------------------





Min Delay Paths
--------------------------------------------------------------------------------------
Slack:                    inf
  Source:                 design_1_i/AddCycle_Acquisition_0/U0/AddCycle_Acquisition_slave_lite_v1_0_S00_AXI_inst/u_acquisition_core/conversion_reg_reg/C
                            (rising edge-triggered cell FDRE clocked by clk_fpga_0  {rise@0.000ns fall@5.000ns period=10.000ns})
  Destination:            conv_0
                            (output port)
  Path Group:             (none)
  Path Type:              Min at Fast Process Corner
  Data Path Delay:        2.390ns  (logic 1.431ns (59.868%)  route 0.959ns (40.132%))
  Logic Levels:           1  (OBUF=1)
  Clock Uncertainty:      0.152ns  ((TSJ^2 + TIJ^2)^1/2 + DJ) / 2 + PE
    Total System Jitter     (TSJ):    0.050ns
    Total Input Jitter      (TIJ):    0.300ns
    Discrete Jitter          (DJ):    0.000ns
    Phase Error              (PE):    0.000ns

    Location             Delay type                Incr(ns)  Path(ns)    Netlist Resource(s)
  -------------------------------------------------------------------    -------------------
                         (clock clk_fpga_0 rise edge)
                                                      0.000     0.000 r  
    PS7_X0Y0             PS7                          0.000     0.000 r  design_1_i/processing_system7_0/inst/PS7_i/FCLKCLK[0]
                         net (fo=1, routed)           0.315     0.315    design_1_i/processing_system7_0/inst/FCLK_CLK_unbuffered[0]
    BUFGCTRL_X0Y0        BUFG (Prop_bufg_I_O)         0.026     0.341 r  design_1_i/processing_system7_0/inst/buffer_fclk_clk_0.FCLK_CLK_0_BUFG/O
                         net (fo=4816, routed)        0.550     0.891    design_1_i/AddCycle_Acquisition_0/U0/AddCycle_Acquisition_slave_lite_v1_0_S00_AXI_inst/u_acquisition_core/s00_axi_aclk
    SLICE_X20Y28         FDRE                                         r  design_1_i/AddCycle_Acquisition_0/U0/AddCycle_Acquisition_slave_lite_v1_0_S00_AXI_inst/u_acquisition_core/conversion_reg_reg/C
  -------------------------------------------------------------------    -------------------
    SLICE_X20Y28         FDRE (Prop_fdre_C_Q)         0.164     1.054 r  design_1_i/AddCycle_Acquisition_0/U0/AddCycle_Acquisition_slave_lite_v1_0_S00_AXI_inst/u_acquisition_core/conversion_reg_reg/Q
                         net (fo=2, routed)           0.959     2.014    conv_0_OBUF
    T15                  OBUF (Prop_obuf_I_O)         1.267     3.280 r  conv_0_OBUF_inst/O
                         net (fo=0)                   0.000     3.280    conv_0
    T15                                                               r  conv_0 (OUT)
  -------------------------------------------------------------------    -------------------

Slack:                    inf
  Source:                 design_1_i/AddCycle_Acquisition_0/U0/AddCycle_Acquisition_slave_lite_v1_0_S00_AXI_inst/u_acquisition_core/serial_clk_reg_reg/C
                            (rising edge-triggered cell FDRE clocked by clk_fpga_0  {rise@0.000ns fall@5.000ns period=10.000ns})
  Destination:            meas_clk_0
                            (output port)
  Path Group:             (none)
  Path Type:              Min at Fast Process Corner
  Data Path Delay:        2.616ns  (logic 1.476ns (56.429%)  route 1.140ns (43.571%))
  Logic Levels:           1  (OBUF=1)
  Clock Uncertainty:      0.152ns  ((TSJ^2 + TIJ^2)^1/2 + DJ) / 2 + PE
    Total System Jitter     (TSJ):    0.050ns
    Total Input Jitter      (TIJ):    0.300ns
    Discrete Jitter          (DJ):    0.000ns
    Phase Error              (PE):    0.000ns

    Location             Delay type                Incr(ns)  Path(ns)    Netlist Resource(s)
  -------------------------------------------------------------------    -------------------
                         (clock clk_fpga_0 rise edge)
                                                      0.000     0.000 r  
    PS7_X0Y0             PS7                          0.000     0.000 r  design_1_i/processing_system7_0/inst/PS7_i/FCLKCLK[0]
                         net (fo=1, routed)           0.315     0.315    design_1_i/processing_system7_0/inst/FCLK_CLK_unbuffered[0]
    BUFGCTRL_X0Y0        BUFG (Prop_bufg_I_O)         0.026     0.341 r  design_1_i/processing_system7_0/inst/buffer_fclk_clk_0.FCLK_CLK_0_BUFG/O
                         net (fo=4816, routed)        0.553     0.894    design_1_i/AddCycle_Acquisition_0/U0/AddCycle_Acquisition_slave_lite_v1_0_S00_AXI_inst/u_acquisition_core/s00_axi_aclk
    SLICE_X16Y28         FDRE                                         r  design_1_i/AddCycle_Acquisition_0/U0/AddCycle_Acquisition_slave_lite_v1_0_S00_AXI_inst/u_acquisition_core/serial_clk_reg_reg/C
  -------------------------------------------------------------------    -------------------
    SLICE_X16Y28         FDRE (Prop_fdre_C_Q)         0.164     1.058 r  design_1_i/AddCycle_Acquisition_0/U0/AddCycle_Acquisition_slave_lite_v1_0_S00_AXI_inst/u_acquisition_core/serial_clk_reg_reg/Q
                         net (fo=6, routed)           1.140     2.197    meas_clk_0_OBUF
    T10                  OBUF (Prop_obuf_I_O)         1.312     3.510 r  meas_clk_0_OBUF_inst/O
                         net (fo=0)                   0.000     3.510    meas_clk_0
    T10                                                               r  meas_clk_0 (OUT)
  -------------------------------------------------------------------    -------------------





--------------------------------------------------------------------------------------
Path Group:  (none)
From Clock:  
  To Clock:  clk_fpga_0

Max Delay            26 Endpoints
Min Delay            26 Endpoints
--------------------------------------------------------------------------------------


Max Delay Paths
--------------------------------------------------------------------------------------
Slack:                    inf
  Source:                 card_data_0[9]
                            (input port)
  Destination:            design_1_i/AddCycle_Acquisition_0/U0/AddCycle_Acquisition_slave_lite_v1_0_S00_AXI_inst/u_acquisition_core/shift_reg_reg[9][0]/D
                            (rising edge-triggered cell FDRE clocked by clk_fpga_0  {rise@0.000ns fall@5.000ns period=10.000ns})
  Path Group:             (none)
  Path Type:              Setup (Max at Slow Process Corner)
  Data Path Delay:        5.500ns  (logic 1.599ns (29.077%)  route 3.900ns (70.923%))
  Logic Levels:           2  (IBUF=1 LUT3=1)
  Clock Path Skew:        2.672ns (DCD - SCD + CPR)
    Destination Clock Delay (DCD):    2.672ns
    Source Clock Delay      (SCD):    0.000ns
    Clock Pessimism Removal (CPR):    0.000ns
  Clock Uncertainty:      0.152ns  ((TSJ^2 + TIJ^2)^1/2 + DJ) / 2 + PE
    Total System Jitter     (TSJ):    0.050ns
    Total Input Jitter      (TIJ):    0.300ns
    Discrete Jitter          (DJ):    0.000ns
    Phase Error              (PE):    0.000ns

    Location             Delay type                Incr(ns)  Path(ns)    Netlist Resource(s)
  -------------------------------------------------------------------    -------------------
    D20                                               0.000     0.000 r  card_data_0[9] (IN)
                         net (fo=0)                   0.000     0.000    card_data_0[9]
    D20                  IBUF (Prop_ibuf_I_O)         1.475     1.475 r  card_data_0_IBUF[9]_inst/O
                         net (fo=1, routed)           3.900     5.376    design_1_i/AddCycle_Acquisition_0/U0/AddCycle_Acquisition_slave_lite_v1_0_S00_AXI_inst/u_acquisition_core/card_data[9]
    SLICE_X25Y23         LUT3 (Prop_lut3_I2_O)        0.124     5.500 r  design_1_i/AddCycle_Acquisition_0/U0/AddCycle_Acquisition_slave_lite_v1_0_S00_AXI_inst/u_acquisition_core/shift_reg[9][0]_i_1/O
                         net (fo=1, routed)           0.000     5.500    design_1_i/AddCycle_Acquisition_0/U0/AddCycle_Acquisition_slave_lite_v1_0_S00_AXI_inst/u_acquisition_core/shift_reg[9]_9[0]
    SLICE_X25Y23         FDRE                                         r  design_1_i/AddCycle_Acquisition_0/U0/AddCycle_Acquisition_slave_lite_v1_0_S00_AXI_inst/u_acquisition_core/shift_reg_reg[9][0]/D
  -------------------------------------------------------------------    -------------------

                         (clock clk_fpga_0 rise edge)
                                                      0.000     0.000 r  
    PS7_X0Y0             PS7                          0.000     0.000 r  design_1_i/processing_system7_0/inst/PS7_i/FCLKCLK[0]
                         net (fo=1, routed)           1.101     1.101    design_1_i/processing_system7_0/inst/FCLK_CLK_unbuffered[0]
    BUFGCTRL_X0Y0        BUFG (Prop_bufg_I_O)         0.091     1.192 r  design_1_i/processing_system7_0/inst/buffer_fclk_clk_0.FCLK_CLK_0_BUFG/O
                         net (fo=4816, routed)        1.480     2.672    design_1_i/AddCycle_Acquisition_0/U0/AddCycle_Acquisition_slave_lite_v1_0_S00_AXI_inst/u_acquisition_core/s00_axi_aclk
    SLICE_X25Y23         FDRE                                         r  design_1_i/AddCycle_Acquisition_0/U0/AddCycle_Acquisition_slave_lite_v1_0_S00_AXI_inst/u_acquisition_core/shift_reg_reg[9][0]/C

Slack:                    inf
  Source:                 card_data_0[25]
                            (input port)
  Destination:            design_1_i/AddCycle_Acquisition_0/U0/AddCycle_Acquisition_slave_lite_v1_0_S00_AXI_inst/u_acquisition_core/shift_reg_reg[25][0]/D
                            (rising edge-triggered cell FDRE clocked by clk_fpga_0  {rise@0.000ns fall@5.000ns period=10.000ns})
  Path Group:             (none)
  Path Type:              Setup (Max at Slow Process Corner)
  Data Path Delay:        4.939ns  (logic 1.660ns (33.612%)  route 3.279ns (66.388%))
  Logic Levels:           2  (IBUF=1 LUT3=1)
  Clock Path Skew:        2.674ns (DCD - SCD + CPR)
    Destination Clock Delay (DCD):    2.674ns
    Source Clock Delay      (SCD):    0.000ns
    Clock Pessimism Removal (CPR):    0.000ns
  Clock Uncertainty:      0.152ns  ((TSJ^2 + TIJ^2)^1/2 + DJ) / 2 + PE
    Total System Jitter     (TSJ):    0.050ns
    Total Input Jitter      (TIJ):    0.300ns
    Discrete Jitter          (DJ):    0.000ns
    Phase Error              (PE):    0.000ns

    Location             Delay type                Incr(ns)  Path(ns)    Netlist Resource(s)
  -------------------------------------------------------------------    -------------------
    M20                                               0.000     0.000 r  card_data_0[25] (IN)
                         net (fo=0)                   0.000     0.000    card_data_0[25]
    M20                  IBUF (Prop_ibuf_I_O)         1.536     1.536 r  card_data_0_IBUF[25]_inst/O
                         net (fo=1, routed)           3.279     4.815    design_1_i/AddCycle_Acquisition_0/U0/AddCycle_Acquisition_slave_lite_v1_0_S00_AXI_inst/u_acquisition_core/card_data[25]
    SLICE_X29Y24         LUT3 (Prop_lut3_I2_O)        0.124     4.939 r  design_1_i/AddCycle_Acquisition_0/U0/AddCycle_Acquisition_slave_lite_v1_0_S00_AXI_inst/u_acquisition_core/shift_reg[25][0]_i_1/O
                         net (fo=1, routed)           0.000     4.939    design_1_i/AddCycle_Acquisition_0/U0/AddCycle_Acquisition_slave_lite_v1_0_S00_AXI_inst/u_acquisition_core/shift_reg[25]_25[0]
    SLICE_X29Y24         FDRE                                         r  design_1_i/AddCycle_Acquisition_0/U0/AddCycle_Acquisition_slave_lite_v1_0_S00_AXI_inst/u_acquisition_core/shift_reg_reg[25][0]/D
  -------------------------------------------------------------------    -------------------

                         (clock clk_fpga_0 rise edge)
                                                      0.000     0.000 r  
    PS7_X0Y0             PS7                          0.000     0.000 r  design_1_i/processing_system7_0/inst/PS7_i/FCLKCLK[0]
                         net (fo=1, routed)           1.101     1.101    design_1_i/processing_system7_0/inst/FCLK_CLK_unbuffered[0]
    BUFGCTRL_X0Y0        BUFG (Prop_bufg_I_O)         0.091     1.192 r  design_1_i/processing_system7_0/inst/buffer_fclk_clk_0.FCLK_CLK_0_BUFG/O
                         net (fo=4816, routed)        1.482     2.674    design_1_i/AddCycle_Acquisition_0/U0/AddCycle_Acquisition_slave_lite_v1_0_S00_AXI_inst/u_acquisition_core/s00_axi_aclk
    SLICE_X29Y24         FDRE                                         r  design_1_i/AddCycle_Acquisition_0/U0/AddCycle_Acquisition_slave_lite_v1_0_S00_AXI_inst/u_acquisition_core/shift_reg_reg[25][0]/C

Slack:                    inf
  Source:                 card_data_0[18]
                            (input port)
  Destination:            design_1_i/AddCycle_Acquisition_0/U0/AddCycle_Acquisition_slave_lite_v1_0_S00_AXI_inst/u_acquisition_core/shift_reg_reg[18][0]/D
                            (rising edge-triggered cell FDRE clocked by clk_fpga_0  {rise@0.000ns fall@5.000ns period=10.000ns})
  Path Group:             (none)
  Path Type:              Setup (Max at Slow Process Corner)
  Data Path Delay:        4.813ns  (logic 1.579ns (32.817%)  route 3.233ns (67.183%))
  Logic Levels:           2  (IBUF=1 LUT3=1)
  Clock Path Skew:        2.676ns (DCD - SCD + CPR)
    Destination Clock Delay (DCD):    2.676ns
    Source Clock Delay      (SCD):    0.000ns
    Clock Pessimism Removal (CPR):    0.000ns
  Clock Uncertainty:      0.152ns  ((TSJ^2 + TIJ^2)^1/2 + DJ) / 2 + PE
    Total System Jitter     (TSJ):    0.050ns
    Total Input Jitter      (TIJ):    0.300ns
    Discrete Jitter          (DJ):    0.000ns
    Phase Error              (PE):    0.000ns

    Location             Delay type                Incr(ns)  Path(ns)    Netlist Resource(s)
  -------------------------------------------------------------------    -------------------
    E17                                               0.000     0.000 r  card_data_0[18] (IN)
                         net (fo=0)                   0.000     0.000    card_data_0[18]
    E17                  IBUF (Prop_ibuf_I_O)         1.455     1.455 r  card_data_0_IBUF[18]_inst/O
                         net (fo=1, routed)           3.233     4.689    design_1_i/AddCycle_Acquisition_0/U0/AddCycle_Acquisition_slave_lite_v1_0_S00_AXI_inst/u_acquisition_core/card_data[18]
    SLICE_X30Y23         LUT3 (Prop_lut3_I2_O)        0.124     4.813 r  design_1_i/AddCycle_Acquisition_0/U0/AddCycle_Acquisition_slave_lite_v1_0_S00_AXI_inst/u_acquisition_core/shift_reg[18][0]_i_1/O
                         net (fo=1, routed)           0.000     4.813    design_1_i/AddCycle_Acquisition_0/U0/AddCycle_Acquisition_slave_lite_v1_0_S00_AXI_inst/u_acquisition_core/shift_reg[18]_18[0]
    SLICE_X30Y23         FDRE                                         r  design_1_i/AddCycle_Acquisition_0/U0/AddCycle_Acquisition_slave_lite_v1_0_S00_AXI_inst/u_acquisition_core/shift_reg_reg[18][0]/D
  -------------------------------------------------------------------    -------------------

                         (clock clk_fpga_0 rise edge)
                                                      0.000     0.000 r  
    PS7_X0Y0             PS7                          0.000     0.000 r  design_1_i/processing_system7_0/inst/PS7_i/FCLKCLK[0]
                         net (fo=1, routed)           1.101     1.101    design_1_i/processing_system7_0/inst/FCLK_CLK_unbuffered[0]
    BUFGCTRL_X0Y0        BUFG (Prop_bufg_I_O)         0.091     1.192 r  design_1_i/processing_system7_0/inst/buffer_fclk_clk_0.FCLK_CLK_0_BUFG/O
                         net (fo=4816, routed)        1.484     2.676    design_1_i/AddCycle_Acquisition_0/U0/AddCycle_Acquisition_slave_lite_v1_0_S00_AXI_inst/u_acquisition_core/s00_axi_aclk
    SLICE_X30Y23         FDRE                                         r  design_1_i/AddCycle_Acquisition_0/U0/AddCycle_Acquisition_slave_lite_v1_0_S00_AXI_inst/u_acquisition_core/shift_reg_reg[18][0]/C

Slack:                    inf
  Source:                 card_data_0[19]
                            (input port)
  Destination:            design_1_i/AddCycle_Acquisition_0/U0/AddCycle_Acquisition_slave_lite_v1_0_S00_AXI_inst/u_acquisition_core/shift_reg_reg[19][0]/D
                            (rising edge-triggered cell FDRE clocked by clk_fpga_0  {rise@0.000ns fall@5.000ns period=10.000ns})
  Path Group:             (none)
  Path Type:              Setup (Max at Slow Process Corner)
  Data Path Delay:        4.789ns  (logic 1.579ns (32.972%)  route 3.210ns (67.028%))
  Logic Levels:           2  (IBUF=1 LUT3=1)
  Clock Path Skew:        2.676ns (DCD - SCD + CPR)
    Destination Clock Delay (DCD):    2.676ns
    Source Clock Delay      (SCD):    0.000ns
    Clock Pessimism Removal (CPR):    0.000ns
  Clock Uncertainty:      0.152ns  ((TSJ^2 + TIJ^2)^1/2 + DJ) / 2 + PE
    Total System Jitter     (TSJ):    0.050ns
    Total Input Jitter      (TIJ):    0.300ns
    Discrete Jitter          (DJ):    0.000ns
    Phase Error              (PE):    0.000ns

    Location             Delay type                Incr(ns)  Path(ns)    Netlist Resource(s)
  -------------------------------------------------------------------    -------------------
    D18                                               0.000     0.000 r  card_data_0[19] (IN)
                         net (fo=0)                   0.000     0.000    card_data_0[19]
    D18                  IBUF (Prop_ibuf_I_O)         1.455     1.455 r  card_data_0_IBUF[19]_inst/O
                         net (fo=1, routed)           3.210     4.665    design_1_i/AddCycle_Acquisition_0/U0/AddCycle_Acquisition_slave_lite_v1_0_S00_AXI_inst/u_acquisition_core/card_data[19]
    SLICE_X31Y23         LUT3 (Prop_lut3_I2_O)        0.124     4.789 r  design_1_i/AddCycle_Acquisition_0/U0/AddCycle_Acquisition_slave_lite_v1_0_S00_AXI_inst/u_acquisition_core/shift_reg[19][0]_i_1/O
                         net (fo=1, routed)           0.000     4.789    design_1_i/AddCycle_Acquisition_0/U0/AddCycle_Acquisition_slave_lite_v1_0_S00_AXI_inst/u_acquisition_core/shift_reg[19]_19[0]
    SLICE_X31Y23         FDRE                                         r  design_1_i/AddCycle_Acquisition_0/U0/AddCycle_Acquisition_slave_lite_v1_0_S00_AXI_inst/u_acquisition_core/shift_reg_reg[19][0]/D
  -------------------------------------------------------------------    -------------------

                         (clock clk_fpga_0 rise edge)
                                                      0.000     0.000 r  
    PS7_X0Y0             PS7                          0.000     0.000 r  design_1_i/processing_system7_0/inst/PS7_i/FCLKCLK[0]
                         net (fo=1, routed)           1.101     1.101    design_1_i/processing_system7_0/inst/FCLK_CLK_unbuffered[0]
    BUFGCTRL_X0Y0        BUFG (Prop_bufg_I_O)         0.091     1.192 r  design_1_i/processing_system7_0/inst/buffer_fclk_clk_0.FCLK_CLK_0_BUFG/O
                         net (fo=4816, routed)        1.484     2.676    design_1_i/AddCycle_Acquisition_0/U0/AddCycle_Acquisition_slave_lite_v1_0_S00_AXI_inst/u_acquisition_core/s00_axi_aclk
    SLICE_X31Y23         FDRE                                         r  design_1_i/AddCycle_Acquisition_0/U0/AddCycle_Acquisition_slave_lite_v1_0_S00_AXI_inst/u_acquisition_core/shift_reg_reg[19][0]/C

Slack:                    inf
  Source:                 card_data_0[11]
                            (input port)
  Destination:            design_1_i/AddCycle_Acquisition_0/U0/AddCycle_Acquisition_slave_lite_v1_0_S00_AXI_inst/u_acquisition_core/shift_reg_reg[11][0]/D
                            (rising edge-triggered cell FDRE clocked by clk_fpga_0  {rise@0.000ns fall@5.000ns period=10.000ns})
  Path Group:             (none)
  Path Type:              Setup (Max at Slow Process Corner)
  Data Path Delay:        4.756ns  (logic 1.591ns (33.449%)  route 3.165ns (66.551%))
  Logic Levels:           2  (IBUF=1 LUT3=1)
  Clock Path Skew:        2.670ns (DCD - SCD + CPR)
    Destination Clock Delay (DCD):    2.670ns
    Source Clock Delay      (SCD):    0.000ns
    Clock Pessimism Removal (CPR):    0.000ns
  Clock Uncertainty:      0.152ns  ((TSJ^2 + TIJ^2)^1/2 + DJ) / 2 + PE
    Total System Jitter     (TSJ):    0.050ns
    Total Input Jitter      (TIJ):    0.300ns
    Discrete Jitter          (DJ):    0.000ns
    Phase Error              (PE):    0.000ns

    Location             Delay type                Incr(ns)  Path(ns)    Netlist Resource(s)
  -------------------------------------------------------------------    -------------------
    F20                                               0.000     0.000 r  card_data_0[11] (IN)
                         net (fo=0)                   0.000     0.000    card_data_0[11]
    F20                  IBUF (Prop_ibuf_I_O)         1.467     1.467 r  card_data_0_IBUF[11]_inst/O
                         net (fo=1, routed)           3.165     4.632    design_1_i/AddCycle_Acquisition_0/U0/AddCycle_Acquisition_slave_lite_v1_0_S00_AXI_inst/u_acquisition_core/card_data[11]
    SLICE_X25Y24         LUT3 (Prop_lut3_I2_O)        0.124     4.756 r  design_1_i/AddCycle_Acquisition_0/U0/AddCycle_Acquisition_slave_lite_v1_0_S00_AXI_inst/u_acquisition_core/shift_reg[11][0]_i_1/O
                         net (fo=1, routed)           0.000     4.756    design_1_i/AddCycle_Acquisition_0/U0/AddCycle_Acquisition_slave_lite_v1_0_S00_AXI_inst/u_acquisition_core/shift_reg[11]_11[0]
    SLICE_X25Y24         FDRE                                         r  design_1_i/AddCycle_Acquisition_0/U0/AddCycle_Acquisition_slave_lite_v1_0_S00_AXI_inst/u_acquisition_core/shift_reg_reg[11][0]/D
  -------------------------------------------------------------------    -------------------

                         (clock clk_fpga_0 rise edge)
                                                      0.000     0.000 r  
    PS7_X0Y0             PS7                          0.000     0.000 r  design_1_i/processing_system7_0/inst/PS7_i/FCLKCLK[0]
                         net (fo=1, routed)           1.101     1.101    design_1_i/processing_system7_0/inst/FCLK_CLK_unbuffered[0]
    BUFGCTRL_X0Y0        BUFG (Prop_bufg_I_O)         0.091     1.192 r  design_1_i/processing_system7_0/inst/buffer_fclk_clk_0.FCLK_CLK_0_BUFG/O
                         net (fo=4816, routed)        1.478     2.670    design_1_i/AddCycle_Acquisition_0/U0/AddCycle_Acquisition_slave_lite_v1_0_S00_AXI_inst/u_acquisition_core/s00_axi_aclk
    SLICE_X25Y24         FDRE                                         r  design_1_i/AddCycle_Acquisition_0/U0/AddCycle_Acquisition_slave_lite_v1_0_S00_AXI_inst/u_acquisition_core/shift_reg_reg[11][0]/C

Slack:                    inf
  Source:                 card_data_0[8]
                            (input port)
  Destination:            design_1_i/AddCycle_Acquisition_0/U0/AddCycle_Acquisition_slave_lite_v1_0_S00_AXI_inst/u_acquisition_core/shift_reg_reg[8][0]/D
                            (rising edge-triggered cell FDRE clocked by clk_fpga_0  {rise@0.000ns fall@5.000ns period=10.000ns})
  Path Group:             (none)
  Path Type:              Setup (Max at Slow Process Corner)
  Data Path Delay:        4.727ns  (logic 1.586ns (33.542%)  route 3.142ns (66.458%))
  Logic Levels:           2  (IBUF=1 LUT3=1)
  Clock Path Skew:        2.672ns (DCD - SCD + CPR)
    Destination Clock Delay (DCD):    2.672ns
    Source Clock Delay      (SCD):    0.000ns
    Clock Pessimism Removal (CPR):    0.000ns
  Clock Uncertainty:      0.152ns  ((TSJ^2 + TIJ^2)^1/2 + DJ) / 2 + PE
    Total System Jitter     (TSJ):    0.050ns
    Total Input Jitter      (TIJ):    0.300ns
    Discrete Jitter          (DJ):    0.000ns
    Phase Error              (PE):    0.000ns

    Location             Delay type                Incr(ns)  Path(ns)    Netlist Resource(s)
  -------------------------------------------------------------------    -------------------
    G18                                               0.000     0.000 r  card_data_0[8] (IN)
                         net (fo=0)                   0.000     0.000    card_data_0[8]
    G18                  IBUF (Prop_ibuf_I_O)         1.462     1.462 r  card_data_0_IBUF[8]_inst/O
                         net (fo=1, routed)           3.142     4.603    design_1_i/AddCycle_Acquisition_0/U0/AddCycle_Acquisition_slave_lite_v1_0_S00_AXI_inst/u_acquisition_core/card_data[8]
    SLICE_X25Y23         LUT3 (Prop_lut3_I2_O)        0.124     4.727 r  design_1_i/AddCycle_Acquisition_0/U0/AddCycle_Acquisition_slave_lite_v1_0_S00_AXI_inst/u_acquisition_core/shift_reg[8][0]_i_1/O
                         net (fo=1, routed)           0.000     4.727    design_1_i/AddCycle_Acquisition_0/U0/AddCycle_Acquisition_slave_lite_v1_0_S00_AXI_inst/u_acquisition_core/shift_reg[8]_8[0]
    SLICE_X25Y23         FDRE                                         r  design_1_i/AddCycle_Acquisition_0/U0/AddCycle_Acquisition_slave_lite_v1_0_S00_AXI_inst/u_acquisition_core/shift_reg_reg[8][0]/D
  -------------------------------------------------------------------    -------------------

                         (clock clk_fpga_0 rise edge)
                                                      0.000     0.000 r  
    PS7_X0Y0             PS7                          0.000     0.000 r  design_1_i/processing_system7_0/inst/PS7_i/FCLKCLK[0]
                         net (fo=1, routed)           1.101     1.101    design_1_i/processing_system7_0/inst/FCLK_CLK_unbuffered[0]
    BUFGCTRL_X0Y0        BUFG (Prop_bufg_I_O)         0.091     1.192 r  design_1_i/processing_system7_0/inst/buffer_fclk_clk_0.FCLK_CLK_0_BUFG/O
                         net (fo=4816, routed)        1.480     2.672    design_1_i/AddCycle_Acquisition_0/U0/AddCycle_Acquisition_slave_lite_v1_0_S00_AXI_inst/u_acquisition_core/s00_axi_aclk
    SLICE_X25Y23         FDRE                                         r  design_1_i/AddCycle_Acquisition_0/U0/AddCycle_Acquisition_slave_lite_v1_0_S00_AXI_inst/u_acquisition_core/shift_reg_reg[8][0]/C

Slack:                    inf
  Source:                 card_data_0[20]
                            (input port)
  Destination:            design_1_i/AddCycle_Acquisition_0/U0/AddCycle_Acquisition_slave_lite_v1_0_S00_AXI_inst/u_acquisition_core/shift_reg_reg[20][0]/D
                            (rising edge-triggered cell FDRE clocked by clk_fpga_0  {rise@0.000ns fall@5.000ns period=10.000ns})
  Path Group:             (none)
  Path Type:              Setup (Max at Slow Process Corner)
  Data Path Delay:        4.641ns  (logic 1.576ns (33.966%)  route 3.065ns (66.034%))
  Logic Levels:           2  (IBUF=1 LUT3=1)
  Clock Path Skew:        2.674ns (DCD - SCD + CPR)
    Destination Clock Delay (DCD):    2.674ns
    Source Clock Delay      (SCD):    0.000ns
    Clock Pessimism Removal (CPR):    0.000ns
  Clock Uncertainty:      0.152ns  ((TSJ^2 + TIJ^2)^1/2 + DJ) / 2 + PE
    Total System Jitter     (TSJ):    0.050ns
    Total Input Jitter      (TIJ):    0.300ns
    Discrete Jitter          (DJ):    0.000ns
    Phase Error              (PE):    0.000ns

    Location             Delay type                Incr(ns)  Path(ns)    Netlist Resource(s)
  -------------------------------------------------------------------    -------------------
    G15                                               0.000     0.000 r  card_data_0[20] (IN)
                         net (fo=0)                   0.000     0.000    card_data_0[20]
    G15                  IBUF (Prop_ibuf_I_O)         1.452     1.452 r  card_data_0_IBUF[20]_inst/O
                         net (fo=1, routed)           3.065     4.517    design_1_i/AddCycle_Acquisition_0/U0/AddCycle_Acquisition_slave_lite_v1_0_S00_AXI_inst/u_acquisition_core/card_data[20]
    SLICE_X31Y24         LUT3 (Prop_lut3_I2_O)        0.124     4.641 r  design_1_i/AddCycle_Acquisition_0/U0/AddCycle_Acquisition_slave_lite_v1_0_S00_AXI_inst/u_acquisition_core/shift_reg[20][0]_i_1/O
                         net (fo=1, routed)           0.000     4.641    design_1_i/AddCycle_Acquisition_0/U0/AddCycle_Acquisition_slave_lite_v1_0_S00_AXI_inst/u_acquisition_core/shift_reg[20]_20[0]
    SLICE_X31Y24         FDRE                                         r  design_1_i/AddCycle_Acquisition_0/U0/AddCycle_Acquisition_slave_lite_v1_0_S00_AXI_inst/u_acquisition_core/shift_reg_reg[20][0]/D
  -------------------------------------------------------------------    -------------------

                         (clock clk_fpga_0 rise edge)
                                                      0.000     0.000 r  
    PS7_X0Y0             PS7                          0.000     0.000 r  design_1_i/processing_system7_0/inst/PS7_i/FCLKCLK[0]
                         net (fo=1, routed)           1.101     1.101    design_1_i/processing_system7_0/inst/FCLK_CLK_unbuffered[0]
    BUFGCTRL_X0Y0        BUFG (Prop_bufg_I_O)         0.091     1.192 r  design_1_i/processing_system7_0/inst/buffer_fclk_clk_0.FCLK_CLK_0_BUFG/O
                         net (fo=4816, routed)        1.482     2.674    design_1_i/AddCycle_Acquisition_0/U0/AddCycle_Acquisition_slave_lite_v1_0_S00_AXI_inst/u_acquisition_core/s00_axi_aclk
    SLICE_X31Y24         FDRE                                         r  design_1_i/AddCycle_Acquisition_0/U0/AddCycle_Acquisition_slave_lite_v1_0_S00_AXI_inst/u_acquisition_core/shift_reg_reg[20][0]/C

Slack:                    inf
  Source:                 card_data_0[10]
                            (input port)
  Destination:            design_1_i/AddCycle_Acquisition_0/U0/AddCycle_Acquisition_slave_lite_v1_0_S00_AXI_inst/u_acquisition_core/shift_reg_reg[10][0]/D
                            (rising edge-triggered cell FDRE clocked by clk_fpga_0  {rise@0.000ns fall@5.000ns period=10.000ns})
  Path Group:             (none)
  Path Type:              Setup (Max at Slow Process Corner)
  Data Path Delay:        4.624ns  (logic 1.599ns (34.584%)  route 3.025ns (65.416%))
  Logic Levels:           2  (IBUF=1 LUT3=1)
  Clock Path Skew:        2.673ns (DCD - SCD + CPR)
    Destination Clock Delay (DCD):    2.673ns
    Source Clock Delay      (SCD):    0.000ns
    Clock Pessimism Removal (CPR):    0.000ns
  Clock Uncertainty:      0.152ns  ((TSJ^2 + TIJ^2)^1/2 + DJ) / 2 + PE
    Total System Jitter     (TSJ):    0.050ns
    Total Input Jitter      (TIJ):    0.300ns
    Discrete Jitter          (DJ):    0.000ns
    Phase Error              (PE):    0.000ns

    Location             Delay type                Incr(ns)  Path(ns)    Netlist Resource(s)
  -------------------------------------------------------------------    -------------------
    H18                                               0.000     0.000 r  card_data_0[10] (IN)
                         net (fo=0)                   0.000     0.000    card_data_0[10]
    H18                  IBUF (Prop_ibuf_I_O)         1.475     1.475 r  card_data_0_IBUF[10]_inst/O
                         net (fo=1, routed)           3.025     4.500    design_1_i/AddCycle_Acquisition_0/U0/AddCycle_Acquisition_slave_lite_v1_0_S00_AXI_inst/u_acquisition_core/card_data[10]
    SLICE_X25Y22         LUT3 (Prop_lut3_I2_O)        0.124     4.624 r  design_1_i/AddCycle_Acquisition_0/U0/AddCycle_Acquisition_slave_lite_v1_0_S00_AXI_inst/u_acquisition_core/shift_reg[10][0]_i_1/O
                         net (fo=1, routed)           0.000     4.624    design_1_i/AddCycle_Acquisition_0/U0/AddCycle_Acquisition_slave_lite_v1_0_S00_AXI_inst/u_acquisition_core/shift_reg[10]_10[0]
    SLICE_X25Y22         FDRE                                         r  design_1_i/AddCycle_Acquisition_0/U0/AddCycle_Acquisition_slave_lite_v1_0_S00_AXI_inst/u_acquisition_core/shift_reg_reg[10][0]/D
  -------------------------------------------------------------------    -------------------

                         (clock clk_fpga_0 rise edge)
                                                      0.000     0.000 r  
    PS7_X0Y0             PS7                          0.000     0.000 r  design_1_i/processing_system7_0/inst/PS7_i/FCLKCLK[0]
                         net (fo=1, routed)           1.101     1.101    design_1_i/processing_system7_0/inst/FCLK_CLK_unbuffered[0]
    BUFGCTRL_X0Y0        BUFG (Prop_bufg_I_O)         0.091     1.192 r  design_1_i/processing_system7_0/inst/buffer_fclk_clk_0.FCLK_CLK_0_BUFG/O
                         net (fo=4816, routed)        1.481     2.673    design_1_i/AddCycle_Acquisition_0/U0/AddCycle_Acquisition_slave_lite_v1_0_S00_AXI_inst/u_acquisition_core/s00_axi_aclk
    SLICE_X25Y22         FDRE                                         r  design_1_i/AddCycle_Acquisition_0/U0/AddCycle_Acquisition_slave_lite_v1_0_S00_AXI_inst/u_acquisition_core/shift_reg_reg[10][0]/C

Slack:                    inf
  Source:                 card_data_0[12]
                            (input port)
  Destination:            design_1_i/AddCycle_Acquisition_0/U0/AddCycle_Acquisition_slave_lite_v1_0_S00_AXI_inst/u_acquisition_core/shift_reg_reg[12][0]/D
                            (rising edge-triggered cell FDRE clocked by clk_fpga_0  {rise@0.000ns fall@5.000ns period=10.000ns})
  Path Group:             (none)
  Path Type:              Setup (Max at Slow Process Corner)
  Data Path Delay:        4.581ns  (logic 1.589ns (34.694%)  route 2.992ns (65.306%))
  Logic Levels:           2  (IBUF=1 LUT3=1)
  Clock Path Skew:        2.672ns (DCD - SCD + CPR)
    Destination Clock Delay (DCD):    2.672ns
    Source Clock Delay      (SCD):    0.000ns
    Clock Pessimism Removal (CPR):    0.000ns
  Clock Uncertainty:      0.152ns  ((TSJ^2 + TIJ^2)^1/2 + DJ) / 2 + PE
    Total System Jitter     (TSJ):    0.050ns
    Total Input Jitter      (TIJ):    0.300ns
    Discrete Jitter          (DJ):    0.000ns
    Phase Error              (PE):    0.000ns

    Location             Delay type                Incr(ns)  Path(ns)    Netlist Resource(s)
  -------------------------------------------------------------------    -------------------
    G20                                               0.000     0.000 r  card_data_0[12] (IN)
                         net (fo=0)                   0.000     0.000    card_data_0[12]
    G20                  IBUF (Prop_ibuf_I_O)         1.465     1.465 r  card_data_0_IBUF[12]_inst/O
                         net (fo=1, routed)           2.992     4.457    design_1_i/AddCycle_Acquisition_0/U0/AddCycle_Acquisition_slave_lite_v1_0_S00_AXI_inst/u_acquisition_core/card_data[12]
    SLICE_X24Y23         LUT3 (Prop_lut3_I2_O)        0.124     4.581 r  design_1_i/AddCycle_Acquisition_0/U0/AddCycle_Acquisition_slave_lite_v1_0_S00_AXI_inst/u_acquisition_core/shift_reg[12][0]_i_1/O
                         net (fo=1, routed)           0.000     4.581    design_1_i/AddCycle_Acquisition_0/U0/AddCycle_Acquisition_slave_lite_v1_0_S00_AXI_inst/u_acquisition_core/shift_reg[12]_12[0]
    SLICE_X24Y23         FDRE                                         r  design_1_i/AddCycle_Acquisition_0/U0/AddCycle_Acquisition_slave_lite_v1_0_S00_AXI_inst/u_acquisition_core/shift_reg_reg[12][0]/D
  -------------------------------------------------------------------    -------------------

                         (clock clk_fpga_0 rise edge)
                                                      0.000     0.000 r  
    PS7_X0Y0             PS7                          0.000     0.000 r  design_1_i/processing_system7_0/inst/PS7_i/FCLKCLK[0]
                         net (fo=1, routed)           1.101     1.101    design_1_i/processing_system7_0/inst/FCLK_CLK_unbuffered[0]
    BUFGCTRL_X0Y0        BUFG (Prop_bufg_I_O)         0.091     1.192 r  design_1_i/processing_system7_0/inst/buffer_fclk_clk_0.FCLK_CLK_0_BUFG/O
                         net (fo=4816, routed)        1.480     2.672    design_1_i/AddCycle_Acquisition_0/U0/AddCycle_Acquisition_slave_lite_v1_0_S00_AXI_inst/u_acquisition_core/s00_axi_aclk
    SLICE_X24Y23         FDRE                                         r  design_1_i/AddCycle_Acquisition_0/U0/AddCycle_Acquisition_slave_lite_v1_0_S00_AXI_inst/u_acquisition_core/shift_reg_reg[12][0]/C

Slack:                    inf
  Source:                 card_data_0[23]
                            (input port)
  Destination:            design_1_i/AddCycle_Acquisition_0/U0/AddCycle_Acquisition_slave_lite_v1_0_S00_AXI_inst/u_acquisition_core/shift_reg_reg[23][0]/D
                            (rising edge-triggered cell FDRE clocked by clk_fpga_0  {rise@0.000ns fall@5.000ns period=10.000ns})
  Path Group:             (none)
  Path Type:              Setup (Max at Slow Process Corner)
  Data Path Delay:        4.474ns  (logic 1.615ns (36.099%)  route 2.859ns (63.901%))
  Logic Levels:           2  (IBUF=1 LUT3=1)
  Clock Path Skew:        2.674ns (DCD - SCD + CPR)
    Destination Clock Delay (DCD):    2.674ns
    Source Clock Delay      (SCD):    0.000ns
    Clock Pessimism Removal (CPR):    0.000ns
  Clock Uncertainty:      0.152ns  ((TSJ^2 + TIJ^2)^1/2 + DJ) / 2 + PE
    Total System Jitter     (TSJ):    0.050ns
    Total Input Jitter      (TIJ):    0.300ns
    Discrete Jitter          (DJ):    0.000ns
    Phase Error              (PE):    0.000ns

    Location             Delay type                Incr(ns)  Path(ns)    Netlist Resource(s)
  -------------------------------------------------------------------    -------------------
    J19                                               0.000     0.000 r  card_data_0[23] (IN)
                         net (fo=0)                   0.000     0.000    card_data_0[23]
    J19                  IBUF (Prop_ibuf_I_O)         1.491     1.491 r  card_data_0_IBUF[23]_inst/O
                         net (fo=1, routed)           2.859     4.350    design_1_i/AddCycle_Acquisition_0/U0/AddCycle_Acquisition_slave_lite_v1_0_S00_AXI_inst/u_acquisition_core/card_data[23]
    SLICE_X30Y24         LUT3 (Prop_lut3_I2_O)        0.124     4.474 r  design_1_i/AddCycle_Acquisition_0/U0/AddCycle_Acquisition_slave_lite_v1_0_S00_AXI_inst/u_acquisition_core/shift_reg[23][0]_i_1/O
                         net (fo=1, routed)           0.000     4.474    design_1_i/AddCycle_Acquisition_0/U0/AddCycle_Acquisition_slave_lite_v1_0_S00_AXI_inst/u_acquisition_core/shift_reg[23]_23[0]
    SLICE_X30Y24         FDRE                                         r  design_1_i/AddCycle_Acquisition_0/U0/AddCycle_Acquisition_slave_lite_v1_0_S00_AXI_inst/u_acquisition_core/shift_reg_reg[23][0]/D
  -------------------------------------------------------------------    -------------------

                         (clock clk_fpga_0 rise edge)
                                                      0.000     0.000 r  
    PS7_X0Y0             PS7                          0.000     0.000 r  design_1_i/processing_system7_0/inst/PS7_i/FCLKCLK[0]
                         net (fo=1, routed)           1.101     1.101    design_1_i/processing_system7_0/inst/FCLK_CLK_unbuffered[0]
    BUFGCTRL_X0Y0        BUFG (Prop_bufg_I_O)         0.091     1.192 r  design_1_i/processing_system7_0/inst/buffer_fclk_clk_0.FCLK_CLK_0_BUFG/O
                         net (fo=4816, routed)        1.482     2.674    design_1_i/AddCycle_Acquisition_0/U0/AddCycle_Acquisition_slave_lite_v1_0_S00_AXI_inst/u_acquisition_core/s00_axi_aclk
    SLICE_X30Y24         FDRE                                         r  design_1_i/AddCycle_Acquisition_0/U0/AddCycle_Acquisition_slave_lite_v1_0_S00_AXI_inst/u_acquisition_core/shift_reg_reg[23][0]/C





Min Delay Paths
--------------------------------------------------------------------------------------
Slack:                    inf
  Source:                 card_data_0[16]
                            (input port)
  Destination:            design_1_i/AddCycle_Acquisition_0/U0/AddCycle_Acquisition_slave_lite_v1_0_S00_AXI_inst/u_acquisition_core/shift_reg_reg[16][0]/D
                            (rising edge-triggered cell FDRE clocked by clk_fpga_0  {rise@0.000ns fall@5.000ns period=10.000ns})
  Path Group:             (none)
  Path Type:              Hold (Min at Fast Process Corner)
  Data Path Delay:        1.090ns  (logic 0.284ns (26.085%)  route 0.806ns (73.915%))
  Logic Levels:           2  (IBUF=1 LUT3=1)
  Clock Path Skew:        1.186ns (DCD - SCD - CPR)
    Destination Clock Delay (DCD):    1.186ns
    Source Clock Delay      (SCD):    0.000ns
    Clock Pessimism Removal (CPR):    -0.000ns

    Location             Delay type                Incr(ns)  Path(ns)    Netlist Resource(s)
  -------------------------------------------------------------------    -------------------
    W19                                               0.000     0.000 r  card_data_0[16] (IN)
                         net (fo=0)                   0.000     0.000    card_data_0[16]
    W19                  IBUF (Prop_ibuf_I_O)         0.239     0.239 r  card_data_0_IBUF[16]_inst/O
                         net (fo=1, routed)           0.806     1.045    design_1_i/AddCycle_Acquisition_0/U0/AddCycle_Acquisition_slave_lite_v1_0_S00_AXI_inst/u_acquisition_core/card_data[16]
    SLICE_X31Y23         LUT3 (Prop_lut3_I2_O)        0.045     1.090 r  design_1_i/AddCycle_Acquisition_0/U0/AddCycle_Acquisition_slave_lite_v1_0_S00_AXI_inst/u_acquisition_core/shift_reg[16][0]_i_1/O
                         net (fo=1, routed)           0.000     1.090    design_1_i/AddCycle_Acquisition_0/U0/AddCycle_Acquisition_slave_lite_v1_0_S00_AXI_inst/u_acquisition_core/shift_reg[16]_16[0]
    SLICE_X31Y23         FDRE                                         r  design_1_i/AddCycle_Acquisition_0/U0/AddCycle_Acquisition_slave_lite_v1_0_S00_AXI_inst/u_acquisition_core/shift_reg_reg[16][0]/D
  -------------------------------------------------------------------    -------------------

                         (clock clk_fpga_0 rise edge)
                                                      0.000     0.000 r  
    PS7_X0Y0             PS7                          0.000     0.000 r  design_1_i/processing_system7_0/inst/PS7_i/FCLKCLK[0]
                         net (fo=1, routed)           0.341     0.341    design_1_i/processing_system7_0/inst/FCLK_CLK_unbuffered[0]
    BUFGCTRL_X0Y0        BUFG (Prop_bufg_I_O)         0.029     0.370 r  design_1_i/processing_system7_0/inst/buffer_fclk_clk_0.FCLK_CLK_0_BUFG/O
                         net (fo=4816, routed)        0.816     1.186    design_1_i/AddCycle_Acquisition_0/U0/AddCycle_Acquisition_slave_lite_v1_0_S00_AXI_inst/u_acquisition_core/s00_axi_aclk
    SLICE_X31Y23         FDRE                                         r  design_1_i/AddCycle_Acquisition_0/U0/AddCycle_Acquisition_slave_lite_v1_0_S00_AXI_inst/u_acquisition_core/shift_reg_reg[16][0]/C

Slack:                    inf
  Source:                 card_data_0[13]
                            (input port)
  Destination:            design_1_i/AddCycle_Acquisition_0/U0/AddCycle_Acquisition_slave_lite_v1_0_S00_AXI_inst/u_acquisition_core/shift_reg_reg[13][0]/D
                            (rising edge-triggered cell FDRE clocked by clk_fpga_0  {rise@0.000ns fall@5.000ns period=10.000ns})
  Path Group:             (none)
  Path Type:              Hold (Min at Fast Process Corner)
  Data Path Delay:        1.105ns  (logic 0.260ns (23.527%)  route 0.845ns (76.473%))
  Logic Levels:           2  (IBUF=1 LUT3=1)
  Clock Path Skew:        1.192ns (DCD - SCD - CPR)
    Destination Clock Delay (DCD):    1.192ns
    Source Clock Delay      (SCD):    0.000ns
    Clock Pessimism Removal (CPR):    -0.000ns

    Location             Delay type                Incr(ns)  Path(ns)    Netlist Resource(s)
  -------------------------------------------------------------------    -------------------
    R17                                               0.000     0.000 r  card_data_0[13] (IN)
                         net (fo=0)                   0.000     0.000    card_data_0[13]
    R17                  IBUF (Prop_ibuf_I_O)         0.215     0.215 r  card_data_0_IBUF[13]_inst/O
                         net (fo=1, routed)           0.845     1.060    design_1_i/AddCycle_Acquisition_0/U0/AddCycle_Acquisition_slave_lite_v1_0_S00_AXI_inst/u_acquisition_core/card_data[13]
    SLICE_X25Y15         LUT3 (Prop_lut3_I2_O)        0.045     1.105 r  design_1_i/AddCycle_Acquisition_0/U0/AddCycle_Acquisition_slave_lite_v1_0_S00_AXI_inst/u_acquisition_core/shift_reg[13][0]_i_1/O
                         net (fo=1, routed)           0.000     1.105    design_1_i/AddCycle_Acquisition_0/U0/AddCycle_Acquisition_slave_lite_v1_0_S00_AXI_inst/u_acquisition_core/shift_reg[13]_13[0]
    SLICE_X25Y15         FDRE                                         r  design_1_i/AddCycle_Acquisition_0/U0/AddCycle_Acquisition_slave_lite_v1_0_S00_AXI_inst/u_acquisition_core/shift_reg_reg[13][0]/D
  -------------------------------------------------------------------    -------------------

                         (clock clk_fpga_0 rise edge)
                                                      0.000     0.000 r  
    PS7_X0Y0             PS7                          0.000     0.000 r  design_1_i/processing_system7_0/inst/PS7_i/FCLKCLK[0]
                         net (fo=1, routed)           0.341     0.341    design_1_i/processing_system7_0/inst/FCLK_CLK_unbuffered[0]
    BUFGCTRL_X0Y0        BUFG (Prop_bufg_I_O)         0.029     0.370 r  design_1_i/processing_system7_0/inst/buffer_fclk_clk_0.FCLK_CLK_0_BUFG/O
                         net (fo=4816, routed)        0.822     1.192    design_1_i/AddCycle_Acquisition_0/U0/AddCycle_Acquisition_slave_lite_v1_0_S00_AXI_inst/u_acquisition_core/s00_axi_aclk
    SLICE_X25Y15         FDRE                                         r  design_1_i/AddCycle_Acquisition_0/U0/AddCycle_Acquisition_slave_lite_v1_0_S00_AXI_inst/u_acquisition_core/shift_reg_reg[13][0]/C

Slack:                    inf
  Source:                 card_data_0[3]
                            (input port)
  Destination:            design_1_i/AddCycle_Acquisition_0/U0/AddCycle_Acquisition_slave_lite_v1_0_S00_AXI_inst/u_acquisition_core/shift_reg_reg[3][0]/D
                            (rising edge-triggered cell FDRE clocked by clk_fpga_0  {rise@0.000ns fall@5.000ns period=10.000ns})
  Path Group:             (none)
  Path Type:              Hold (Min at Fast Process Corner)
  Data Path Delay:        1.138ns  (logic 0.289ns (25.395%)  route 0.849ns (74.605%))
  Logic Levels:           2  (IBUF=1 LUT3=1)
  Clock Path Skew:        1.186ns (DCD - SCD - CPR)
    Destination Clock Delay (DCD):    1.186ns
    Source Clock Delay      (SCD):    0.000ns
    Clock Pessimism Removal (CPR):    -0.000ns

    Location             Delay type                Incr(ns)  Path(ns)    Netlist Resource(s)
  -------------------------------------------------------------------    -------------------
    W16                                               0.000     0.000 r  card_data_0[3] (IN)
                         net (fo=0)                   0.000     0.000    card_data_0[3]
    W16                  IBUF (Prop_ibuf_I_O)         0.244     0.244 r  card_data_0_IBUF[3]_inst/O
                         net (fo=1, routed)           0.849     1.093    design_1_i/AddCycle_Acquisition_0/U0/AddCycle_Acquisition_slave_lite_v1_0_S00_AXI_inst/u_acquisition_core/card_data[3]
    SLICE_X23Y21         LUT3 (Prop_lut3_I2_O)        0.045     1.138 r  design_1_i/AddCycle_Acquisition_0/U0/AddCycle_Acquisition_slave_lite_v1_0_S00_AXI_inst/u_acquisition_core/shift_reg[3][0]_i_1/O
                         net (fo=1, routed)           0.000     1.138    design_1_i/AddCycle_Acquisition_0/U0/AddCycle_Acquisition_slave_lite_v1_0_S00_AXI_inst/u_acquisition_core/shift_reg[3]_3[0]
    SLICE_X23Y21         FDRE                                         r  design_1_i/AddCycle_Acquisition_0/U0/AddCycle_Acquisition_slave_lite_v1_0_S00_AXI_inst/u_acquisition_core/shift_reg_reg[3][0]/D
  -------------------------------------------------------------------    -------------------

                         (clock clk_fpga_0 rise edge)
                                                      0.000     0.000 r  
    PS7_X0Y0             PS7                          0.000     0.000 r  design_1_i/processing_system7_0/inst/PS7_i/FCLKCLK[0]
                         net (fo=1, routed)           0.341     0.341    design_1_i/processing_system7_0/inst/FCLK_CLK_unbuffered[0]
    BUFGCTRL_X0Y0        BUFG (Prop_bufg_I_O)         0.029     0.370 r  design_1_i/processing_system7_0/inst/buffer_fclk_clk_0.FCLK_CLK_0_BUFG/O
                         net (fo=4816, routed)        0.816     1.186    design_1_i/AddCycle_Acquisition_0/U0/AddCycle_Acquisition_slave_lite_v1_0_S00_AXI_inst/u_acquisition_core/s00_axi_aclk
    SLICE_X23Y21         FDRE                                         r  design_1_i/AddCycle_Acquisition_0/U0/AddCycle_Acquisition_slave_lite_v1_0_S00_AXI_inst/u_acquisition_core/shift_reg_reg[3][0]/C

Slack:                    inf
  Source:                 card_data_0[15]
                            (input port)
  Destination:            design_1_i/AddCycle_Acquisition_0/U0/AddCycle_Acquisition_slave_lite_v1_0_S00_AXI_inst/u_acquisition_core/shift_reg_reg[15][0]/D
                            (rising edge-triggered cell FDRE clocked by clk_fpga_0  {rise@0.000ns fall@5.000ns period=10.000ns})
  Path Group:             (none)
  Path Type:              Hold (Min at Fast Process Corner)
  Data Path Delay:        1.202ns  (logic 0.337ns (28.065%)  route 0.865ns (71.935%))
  Logic Levels:           2  (IBUF=1 LUT3=1)
  Clock Path Skew:        1.185ns (DCD - SCD - CPR)
    Destination Clock Delay (DCD):    1.185ns
    Source Clock Delay      (SCD):    0.000ns
    Clock Pessimism Removal (CPR):    -0.000ns

    Location             Delay type                Incr(ns)  Path(ns)    Netlist Resource(s)
  -------------------------------------------------------------------    -------------------
    U17                                               0.000     0.000 r  card_data_0[15] (IN)
                         net (fo=0)                   0.000     0.000    card_data_0[15]
    U17                  IBUF (Prop_ibuf_I_O)         0.292     0.292 r  card_data_0_IBUF[15]_inst/O
                         net (fo=1, routed)           0.865     1.157    design_1_i/AddCycle_Acquisition_0/U0/AddCycle_Acquisition_slave_lite_v1_0_S00_AXI_inst/u_acquisition_core/card_data[15]
    SLICE_X27Y24         LUT3 (Prop_lut3_I2_O)        0.045     1.202 r  design_1_i/AddCycle_Acquisition_0/U0/AddCycle_Acquisition_slave_lite_v1_0_S00_AXI_inst/u_acquisition_core/shift_reg[15][0]_i_1/O
                         net (fo=1, routed)           0.000     1.202    design_1_i/AddCycle_Acquisition_0/U0/AddCycle_Acquisition_slave_lite_v1_0_S00_AXI_inst/u_acquisition_core/shift_reg[15]_15[0]
    SLICE_X27Y24         FDRE                                         r  design_1_i/AddCycle_Acquisition_0/U0/AddCycle_Acquisition_slave_lite_v1_0_S00_AXI_inst/u_acquisition_core/shift_reg_reg[15][0]/D
  -------------------------------------------------------------------    -------------------

                         (clock clk_fpga_0 rise edge)
                                                      0.000     0.000 r  
    PS7_X0Y0             PS7                          0.000     0.000 r  design_1_i/processing_system7_0/inst/PS7_i/FCLKCLK[0]
                         net (fo=1, routed)           0.341     0.341    design_1_i/processing_system7_0/inst/FCLK_CLK_unbuffered[0]
    BUFGCTRL_X0Y0        BUFG (Prop_bufg_I_O)         0.029     0.370 r  design_1_i/processing_system7_0/inst/buffer_fclk_clk_0.FCLK_CLK_0_BUFG/O
                         net (fo=4816, routed)        0.815     1.185    design_1_i/AddCycle_Acquisition_0/U0/AddCycle_Acquisition_slave_lite_v1_0_S00_AXI_inst/u_acquisition_core/s00_axi_aclk
    SLICE_X27Y24         FDRE                                         r  design_1_i/AddCycle_Acquisition_0/U0/AddCycle_Acquisition_slave_lite_v1_0_S00_AXI_inst/u_acquisition_core/shift_reg_reg[15][0]/C

Slack:                    inf
  Source:                 card_data_0[14]
                            (input port)
  Destination:            design_1_i/AddCycle_Acquisition_0/U0/AddCycle_Acquisition_slave_lite_v1_0_S00_AXI_inst/u_acquisition_core/shift_reg_reg[14][0]/D
                            (rising edge-triggered cell FDRE clocked by clk_fpga_0  {rise@0.000ns fall@5.000ns period=10.000ns})
  Path Group:             (none)
  Path Type:              Hold (Min at Fast Process Corner)
  Data Path Delay:        1.235ns  (logic 0.272ns (22.017%)  route 0.963ns (77.983%))
  Logic Levels:           2  (IBUF=1 LUT3=1)
  Clock Path Skew:        1.191ns (DCD - SCD - CPR)
    Destination Clock Delay (DCD):    1.191ns
    Source Clock Delay      (SCD):    0.000ns
    Clock Pessimism Removal (CPR):    -0.000ns

    Location             Delay type                Incr(ns)  Path(ns)    Netlist Resource(s)
  -------------------------------------------------------------------    -------------------
    R18                                               0.000     0.000 r  card_data_0[14] (IN)
                         net (fo=0)                   0.000     0.000    card_data_0[14]
    R18                  IBUF (Prop_ibuf_I_O)         0.227     0.227 r  card_data_0_IBUF[14]_inst/O
                         net (fo=1, routed)           0.963     1.190    design_1_i/AddCycle_Acquisition_0/U0/AddCycle_Acquisition_slave_lite_v1_0_S00_AXI_inst/u_acquisition_core/card_data[14]
    SLICE_X25Y16         LUT3 (Prop_lut3_I2_O)        0.045     1.235 r  design_1_i/AddCycle_Acquisition_0/U0/AddCycle_Acquisition_slave_lite_v1_0_S00_AXI_inst/u_acquisition_core/shift_reg[14][0]_i_1/O
                         net (fo=1, routed)           0.000     1.235    design_1_i/AddCycle_Acquisition_0/U0/AddCycle_Acquisition_slave_lite_v1_0_S00_AXI_inst/u_acquisition_core/shift_reg[14]_14[0]
    SLICE_X25Y16         FDRE                                         r  design_1_i/AddCycle_Acquisition_0/U0/AddCycle_Acquisition_slave_lite_v1_0_S00_AXI_inst/u_acquisition_core/shift_reg_reg[14][0]/D
  -------------------------------------------------------------------    -------------------

                         (clock clk_fpga_0 rise edge)
                                                      0.000     0.000 r  
    PS7_X0Y0             PS7                          0.000     0.000 r  design_1_i/processing_system7_0/inst/PS7_i/FCLKCLK[0]
                         net (fo=1, routed)           0.341     0.341    design_1_i/processing_system7_0/inst/FCLK_CLK_unbuffered[0]
    BUFGCTRL_X0Y0        BUFG (Prop_bufg_I_O)         0.029     0.370 r  design_1_i/processing_system7_0/inst/buffer_fclk_clk_0.FCLK_CLK_0_BUFG/O
                         net (fo=4816, routed)        0.821     1.191    design_1_i/AddCycle_Acquisition_0/U0/AddCycle_Acquisition_slave_lite_v1_0_S00_AXI_inst/u_acquisition_core/s00_axi_aclk
    SLICE_X25Y16         FDRE                                         r  design_1_i/AddCycle_Acquisition_0/U0/AddCycle_Acquisition_slave_lite_v1_0_S00_AXI_inst/u_acquisition_core/shift_reg_reg[14][0]/C

Slack:                    inf
  Source:                 card_data_0[2]
                            (input port)
  Destination:            design_1_i/AddCycle_Acquisition_0/U0/AddCycle_Acquisition_slave_lite_v1_0_S00_AXI_inst/u_acquisition_core/shift_reg_reg[2][0]/D
                            (rising edge-triggered cell FDRE clocked by clk_fpga_0  {rise@0.000ns fall@5.000ns period=10.000ns})
  Path Group:             (none)
  Path Type:              Hold (Min at Fast Process Corner)
  Data Path Delay:        1.253ns  (logic 0.285ns (22.752%)  route 0.968ns (77.248%))
  Logic Levels:           2  (IBUF=1 LUT3=1)
  Clock Path Skew:        1.185ns (DCD - SCD - CPR)
    Destination Clock Delay (DCD):    1.185ns
    Source Clock Delay      (SCD):    0.000ns
    Clock Pessimism Removal (CPR):    -0.000ns

    Location             Delay type                Incr(ns)  Path(ns)    Netlist Resource(s)
  -------------------------------------------------------------------    -------------------
    V18                                               0.000     0.000 r  card_data_0[2] (IN)
                         net (fo=0)                   0.000     0.000    card_data_0[2]
    V18                  IBUF (Prop_ibuf_I_O)         0.240     0.240 r  card_data_0_IBUF[2]_inst/O
                         net (fo=1, routed)           0.968     1.208    design_1_i/AddCycle_Acquisition_0/U0/AddCycle_Acquisition_slave_lite_v1_0_S00_AXI_inst/u_acquisition_core/card_data[2]
    SLICE_X23Y22         LUT3 (Prop_lut3_I2_O)        0.045     1.253 r  design_1_i/AddCycle_Acquisition_0/U0/AddCycle_Acquisition_slave_lite_v1_0_S00_AXI_inst/u_acquisition_core/shift_reg[2][0]_i_1/O
                         net (fo=1, routed)           0.000     1.253    design_1_i/AddCycle_Acquisition_0/U0/AddCycle_Acquisition_slave_lite_v1_0_S00_AXI_inst/u_acquisition_core/shift_reg[2]_2[0]
    SLICE_X23Y22         FDRE                                         r  design_1_i/AddCycle_Acquisition_0/U0/AddCycle_Acquisition_slave_lite_v1_0_S00_AXI_inst/u_acquisition_core/shift_reg_reg[2][0]/D
  -------------------------------------------------------------------    -------------------

                         (clock clk_fpga_0 rise edge)
                                                      0.000     0.000 r  
    PS7_X0Y0             PS7                          0.000     0.000 r  design_1_i/processing_system7_0/inst/PS7_i/FCLKCLK[0]
                         net (fo=1, routed)           0.341     0.341    design_1_i/processing_system7_0/inst/FCLK_CLK_unbuffered[0]
    BUFGCTRL_X0Y0        BUFG (Prop_bufg_I_O)         0.029     0.370 r  design_1_i/processing_system7_0/inst/buffer_fclk_clk_0.FCLK_CLK_0_BUFG/O
                         net (fo=4816, routed)        0.815     1.185    design_1_i/AddCycle_Acquisition_0/U0/AddCycle_Acquisition_slave_lite_v1_0_S00_AXI_inst/u_acquisition_core/s00_axi_aclk
    SLICE_X23Y22         FDRE                                         r  design_1_i/AddCycle_Acquisition_0/U0/AddCycle_Acquisition_slave_lite_v1_0_S00_AXI_inst/u_acquisition_core/shift_reg_reg[2][0]/C

Slack:                    inf
  Source:                 card_data_0[22]
                            (input port)
  Destination:            design_1_i/AddCycle_Acquisition_0/U0/AddCycle_Acquisition_slave_lite_v1_0_S00_AXI_inst/u_acquisition_core/shift_reg_reg[22][0]/D
                            (rising edge-triggered cell FDRE clocked by clk_fpga_0  {rise@0.000ns fall@5.000ns period=10.000ns})
  Path Group:             (none)
  Path Type:              Hold (Min at Fast Process Corner)
  Data Path Delay:        1.264ns  (logic 0.279ns (22.095%)  route 0.985ns (77.905%))
  Logic Levels:           2  (IBUF=1 LUT3=1)
  Clock Path Skew:        1.185ns (DCD - SCD - CPR)
    Destination Clock Delay (DCD):    1.185ns
    Source Clock Delay      (SCD):    0.000ns
    Clock Pessimism Removal (CPR):    -0.000ns

    Location             Delay type                Incr(ns)  Path(ns)    Netlist Resource(s)
  -------------------------------------------------------------------    -------------------
    J16                                               0.000     0.000 r  card_data_0[22] (IN)
                         net (fo=0)                   0.000     0.000    card_data_0[22]
    J16                  IBUF (Prop_ibuf_I_O)         0.234     0.234 r  card_data_0_IBUF[22]_inst/O
                         net (fo=1, routed)           0.985     1.219    design_1_i/AddCycle_Acquisition_0/U0/AddCycle_Acquisition_slave_lite_v1_0_S00_AXI_inst/u_acquisition_core/card_data[22]
    SLICE_X31Y24         LUT3 (Prop_lut3_I2_O)        0.045     1.264 r  design_1_i/AddCycle_Acquisition_0/U0/AddCycle_Acquisition_slave_lite_v1_0_S00_AXI_inst/u_acquisition_core/shift_reg[22][0]_i_1/O
                         net (fo=1, routed)           0.000     1.264    design_1_i/AddCycle_Acquisition_0/U0/AddCycle_Acquisition_slave_lite_v1_0_S00_AXI_inst/u_acquisition_core/shift_reg[22]_22[0]
    SLICE_X31Y24         FDRE                                         r  design_1_i/AddCycle_Acquisition_0/U0/AddCycle_Acquisition_slave_lite_v1_0_S00_AXI_inst/u_acquisition_core/shift_reg_reg[22][0]/D
  -------------------------------------------------------------------    -------------------

                         (clock clk_fpga_0 rise edge)
                                                      0.000     0.000 r  
    PS7_X0Y0             PS7                          0.000     0.000 r  design_1_i/processing_system7_0/inst/PS7_i/FCLKCLK[0]
                         net (fo=1, routed)           0.341     0.341    design_1_i/processing_system7_0/inst/FCLK_CLK_unbuffered[0]
    BUFGCTRL_X0Y0        BUFG (Prop_bufg_I_O)         0.029     0.370 r  design_1_i/processing_system7_0/inst/buffer_fclk_clk_0.FCLK_CLK_0_BUFG/O
                         net (fo=4816, routed)        0.815     1.185    design_1_i/AddCycle_Acquisition_0/U0/AddCycle_Acquisition_slave_lite_v1_0_S00_AXI_inst/u_acquisition_core/s00_axi_aclk
    SLICE_X31Y24         FDRE                                         r  design_1_i/AddCycle_Acquisition_0/U0/AddCycle_Acquisition_slave_lite_v1_0_S00_AXI_inst/u_acquisition_core/shift_reg_reg[22][0]/C

Slack:                    inf
  Source:                 card_data_0[4]
                            (input port)
  Destination:            design_1_i/AddCycle_Acquisition_0/U0/AddCycle_Acquisition_slave_lite_v1_0_S00_AXI_inst/u_acquisition_core/shift_reg_reg[4][0]/D
                            (rising edge-triggered cell FDRE clocked by clk_fpga_0  {rise@0.000ns fall@5.000ns period=10.000ns})
  Path Group:             (none)
  Path Type:              Hold (Min at Fast Process Corner)
  Data Path Delay:        1.279ns  (logic 0.369ns (28.869%)  route 0.910ns (71.131%))
  Logic Levels:           2  (IBUF=1 LUT3=1)
  Clock Path Skew:        1.185ns (DCD - SCD - CPR)
    Destination Clock Delay (DCD):    1.185ns
    Source Clock Delay      (SCD):    0.000ns
    Clock Pessimism Removal (CPR):    -0.000ns

    Location             Delay type                Incr(ns)  Path(ns)    Netlist Resource(s)
  -------------------------------------------------------------------    -------------------
    U15                                               0.000     0.000 r  card_data_0[4] (IN)
                         net (fo=0)                   0.000     0.000    card_data_0[4]
    U15                  IBUF (Prop_ibuf_I_O)         0.324     0.324 r  card_data_0_IBUF[4]_inst/O
                         net (fo=1, routed)           0.910     1.234    design_1_i/AddCycle_Acquisition_0/U0/AddCycle_Acquisition_slave_lite_v1_0_S00_AXI_inst/u_acquisition_core/card_data[4]
    SLICE_X23Y22         LUT3 (Prop_lut3_I2_O)        0.045     1.279 r  design_1_i/AddCycle_Acquisition_0/U0/AddCycle_Acquisition_slave_lite_v1_0_S00_AXI_inst/u_acquisition_core/shift_reg[4][0]_i_1/O
                         net (fo=1, routed)           0.000     1.279    design_1_i/AddCycle_Acquisition_0/U0/AddCycle_Acquisition_slave_lite_v1_0_S00_AXI_inst/u_acquisition_core/shift_reg[4]_4[0]
    SLICE_X23Y22         FDRE                                         r  design_1_i/AddCycle_Acquisition_0/U0/AddCycle_Acquisition_slave_lite_v1_0_S00_AXI_inst/u_acquisition_core/shift_reg_reg[4][0]/D
  -------------------------------------------------------------------    -------------------

                         (clock clk_fpga_0 rise edge)
                                                      0.000     0.000 r  
    PS7_X0Y0             PS7                          0.000     0.000 r  design_1_i/processing_system7_0/inst/PS7_i/FCLKCLK[0]
                         net (fo=1, routed)           0.341     0.341    design_1_i/processing_system7_0/inst/FCLK_CLK_unbuffered[0]
    BUFGCTRL_X0Y0        BUFG (Prop_bufg_I_O)         0.029     0.370 r  design_1_i/processing_system7_0/inst/buffer_fclk_clk_0.FCLK_CLK_0_BUFG/O
                         net (fo=4816, routed)        0.815     1.185    design_1_i/AddCycle_Acquisition_0/U0/AddCycle_Acquisition_slave_lite_v1_0_S00_AXI_inst/u_acquisition_core/s00_axi_aclk
    SLICE_X23Y22         FDRE                                         r  design_1_i/AddCycle_Acquisition_0/U0/AddCycle_Acquisition_slave_lite_v1_0_S00_AXI_inst/u_acquisition_core/shift_reg_reg[4][0]/C

Slack:                    inf
  Source:                 card_data_0[21]
                            (input port)
  Destination:            design_1_i/AddCycle_Acquisition_0/U0/AddCycle_Acquisition_slave_lite_v1_0_S00_AXI_inst/u_acquisition_core/shift_reg_reg[21][0]/D
                            (rising edge-triggered cell FDRE clocked by clk_fpga_0  {rise@0.000ns fall@5.000ns period=10.000ns})
  Path Group:             (none)
  Path Type:              Hold (Min at Fast Process Corner)
  Data Path Delay:        1.329ns  (logic 0.272ns (20.440%)  route 1.057ns (79.560%))
  Logic Levels:           2  (IBUF=1 LUT3=1)
  Clock Path Skew:        1.185ns (DCD - SCD - CPR)
    Destination Clock Delay (DCD):    1.185ns
    Source Clock Delay      (SCD):    0.000ns
    Clock Pessimism Removal (CPR):    -0.000ns

    Location             Delay type                Incr(ns)  Path(ns)    Netlist Resource(s)
  -------------------------------------------------------------------    -------------------
    H17                                               0.000     0.000 r  card_data_0[21] (IN)
                         net (fo=0)                   0.000     0.000    card_data_0[21]
    H17                  IBUF (Prop_ibuf_I_O)         0.227     0.227 r  card_data_0_IBUF[21]_inst/O
                         net (fo=1, routed)           1.057     1.284    design_1_i/AddCycle_Acquisition_0/U0/AddCycle_Acquisition_slave_lite_v1_0_S00_AXI_inst/u_acquisition_core/card_data[21]
    SLICE_X31Y24         LUT3 (Prop_lut3_I2_O)        0.045     1.329 r  design_1_i/AddCycle_Acquisition_0/U0/AddCycle_Acquisition_slave_lite_v1_0_S00_AXI_inst/u_acquisition_core/shift_reg[21][0]_i_1/O
                         net (fo=1, routed)           0.000     1.329    design_1_i/AddCycle_Acquisition_0/U0/AddCycle_Acquisition_slave_lite_v1_0_S00_AXI_inst/u_acquisition_core/shift_reg[21]_21[0]
    SLICE_X31Y24         FDRE                                         r  design_1_i/AddCycle_Acquisition_0/U0/AddCycle_Acquisition_slave_lite_v1_0_S00_AXI_inst/u_acquisition_core/shift_reg_reg[21][0]/D
  -------------------------------------------------------------------    -------------------

                         (clock clk_fpga_0 rise edge)
                                                      0.000     0.000 r  
    PS7_X0Y0             PS7                          0.000     0.000 r  design_1_i/processing_system7_0/inst/PS7_i/FCLKCLK[0]
                         net (fo=1, routed)           0.341     0.341    design_1_i/processing_system7_0/inst/FCLK_CLK_unbuffered[0]
    BUFGCTRL_X0Y0        BUFG (Prop_bufg_I_O)         0.029     0.370 r  design_1_i/processing_system7_0/inst/buffer_fclk_clk_0.FCLK_CLK_0_BUFG/O
                         net (fo=4816, routed)        0.815     1.185    design_1_i/AddCycle_Acquisition_0/U0/AddCycle_Acquisition_slave_lite_v1_0_S00_AXI_inst/u_acquisition_core/s00_axi_aclk
    SLICE_X31Y24         FDRE                                         r  design_1_i/AddCycle_Acquisition_0/U0/AddCycle_Acquisition_slave_lite_v1_0_S00_AXI_inst/u_acquisition_core/shift_reg_reg[21][0]/C

Slack:                    inf
  Source:                 card_data_0[0]
                            (input port)
  Destination:            design_1_i/AddCycle_Acquisition_0/U0/AddCycle_Acquisition_slave_lite_v1_0_S00_AXI_inst/u_acquisition_core/shift_reg_reg[0][0]/D
                            (rising edge-triggered cell FDRE clocked by clk_fpga_0  {rise@0.000ns fall@5.000ns period=10.000ns})
  Path Group:             (none)
  Path Type:              Hold (Min at Fast Process Corner)
  Data Path Delay:        1.337ns  (logic 0.304ns (22.762%)  route 1.032ns (77.238%))
  Logic Levels:           2  (IBUF=1 LUT3=1)
  Clock Path Skew:        1.186ns (DCD - SCD - CPR)
    Destination Clock Delay (DCD):    1.186ns
    Source Clock Delay      (SCD):    0.000ns
    Clock Pessimism Removal (CPR):    -0.000ns

    Location             Delay type                Incr(ns)  Path(ns)    Netlist Resource(s)
  -------------------------------------------------------------------    -------------------
    Y19                                               0.000     0.000 r  card_data_0[0] (IN)
                         net (fo=0)                   0.000     0.000    card_data_0[0]
    Y19                  IBUF (Prop_ibuf_I_O)         0.259     0.259 r  card_data_0_IBUF[0]_inst/O
                         net (fo=1, routed)           1.032     1.292    design_1_i/AddCycle_Acquisition_0/U0/AddCycle_Acquisition_slave_lite_v1_0_S00_AXI_inst/u_acquisition_core/card_data[0]
    SLICE_X23Y21         LUT3 (Prop_lut3_I2_O)        0.045     1.337 r  design_1_i/AddCycle_Acquisition_0/U0/AddCycle_Acquisition_slave_lite_v1_0_S00_AXI_inst/u_acquisition_core/shift_reg[0][0]_i_1/O
                         net (fo=1, routed)           0.000     1.337    design_1_i/AddCycle_Acquisition_0/U0/AddCycle_Acquisition_slave_lite_v1_0_S00_AXI_inst/u_acquisition_core/shift_reg[0]_0[0]
    SLICE_X23Y21         FDRE                                         r  design_1_i/AddCycle_Acquisition_0/U0/AddCycle_Acquisition_slave_lite_v1_0_S00_AXI_inst/u_acquisition_core/shift_reg_reg[0][0]/D
  -------------------------------------------------------------------    -------------------

                         (clock clk_fpga_0 rise edge)
                                                      0.000     0.000 r  
    PS7_X0Y0             PS7                          0.000     0.000 r  design_1_i/processing_system7_0/inst/PS7_i/FCLKCLK[0]
                         net (fo=1, routed)           0.341     0.341    design_1_i/processing_system7_0/inst/FCLK_CLK_unbuffered[0]
    BUFGCTRL_X0Y0        BUFG (Prop_bufg_I_O)         0.029     0.370 r  design_1_i/processing_system7_0/inst/buffer_fclk_clk_0.FCLK_CLK_0_BUFG/O
                         net (fo=4816, routed)        0.816     1.186    design_1_i/AddCycle_Acquisition_0/U0/AddCycle_Acquisition_slave_lite_v1_0_S00_AXI_inst/u_acquisition_core/s00_axi_aclk
    SLICE_X23Y21         FDRE                                         r  design_1_i/AddCycle_Acquisition_0/U0/AddCycle_Acquisition_slave_lite_v1_0_S00_AXI_inst/u_acquisition_core/shift_reg_reg[0][0]/C





