TRACE::2026-08-17.20:28:19::SCWPlatform::Trying to open the hw design at C:/Users/tillkorsmeier/Desktop/MA/Z7-Nano/ParEIS-MSX/SW/HW_Export_V1/hw/HW_Export_V1.xsa
TRACE::2026-08-17.20:28:19::SCWPlatform::DSA given C:/Users/tillkorsmeier/Desktop/MA/Z7-Nano/ParEIS-MSX/SW/HW_Export_V1/hw/HW_Export_V1.xsa
TRACE::2026-08-17.20:28:19::SCWPlatform::DSA absoulate path C:/Users/tillkorsmeier/Desktop/MA/Z7-Nano/ParEIS-MSX/SW/HW_Export_V1/hw/HW_Export_V1.xsa
TRACE::2026-08-17.20:28:19::SCWPlatform::DSA directory C:/Users/tillkorsmeier/Desktop/MA/Z7-Nano/ParEIS-MSX/SW/HW_Export_V1/hw
TRACE::2026-08-17.20:28:19::SCWPlatform:: Platform Path C:/Users/tillkorsmeier/Desktop/MA/Z7-Nano/ParEIS-MSX/SW/HW_Export_V1/hw/HW_Export_V1.xsa
TRACE::2026-08-17.20:28:19::SCWPlatform:: Unique name xilinx:::0.0
TRACE::2026-08-17.20:28:19::SCWPlatform::Do not have an existing db opened. 
TRACE::2026-08-17.20:28:22::SCWPlatform::Opened new HwDB with name design_1_wrapper_0
TRACE::2026-08-17.20:28:22::SCWWriter::formatted JSON is {
	"platformName":	"HW_Export_V1",
	"sprVersion":	"2.0",
	"mode":	"gui",
	"dsaType":	"Fixed",
	"platformDesc":	"HW_Export_V1",
	"platHandOff":	"<platformDir>.xsa",
	"platIntHandOff":	"<platformDir>/hw/HW_Export_V1.xsa",
	"deviceType":	"zynq",
	"platIsPrebuiltAutogen":	"false",
	"platIsNoBootBsp":	"false",
	"hasFsblMakeHasChanges":	"false",
	"hasPmufwMakeHasChanges":	"false",
	"platPreBuiltFlag":	false,
	"platformSamplesDir":	""
}
TRACE::2026-08-17.20:28:22::SCWWriter::formatted JSON is {
	"platformName":	"HW_Export_V1",
	"sprVersion":	"2.0",
	"mode":	"gui",
	"dsaType":	"Fixed",
	"platformDesc":	"HW_Export_V1",
	"platHandOff":	"<platformDir>.xsa",
	"platIntHandOff":	"<platformDir>/hw/HW_Export_V1.xsa",
	"deviceType":	"zynq",
	"platIsPrebuiltAutogen":	"false",
	"platIsNoBootBsp":	"false",
	"hasFsblMakeHasChanges":	"false",
	"hasPmufwMakeHasChanges":	"false",
	"platPreBuiltFlag":	false,
	"platformSamplesDir":	"",
	"platActiveSys":	"HW_Export_V1",
	"systems":	[{
			"systemName":	"HW_Export_V1",
			"systemDesc":	"HW_Export_V1",
			"sysIsBootAutoGen":	"true",
			"systemDispName":	"HW_Export_V1"
		}]
}
TRACE::2026-08-17.20:28:22::SCWPlatform::Boot application domains not present, creating them
TRACE::2026-08-17.20:28:22::SCWDomain::checking for install qemu data   : 
TRACE::2026-08-17.20:28:22::SCWDomain:: Using the QEMU Data from install at  : C:/Xilinx/Vitis/Vitis/2024.2/data/emulation/platforms/zynq/sw/a9_standalone/qemu/
TRACE::2026-08-17.20:28:22::SCWDomain:: Using the QEMU args  from install at  : C:/Xilinx/Vitis/Vitis/2024.2/data/emulation/platforms/zynq/sw/a9_standalone/qemu/qemu_args.txt
TRACE::2026-08-17.20:28:22::SCWPlatform::Trying to open the hw design at C:/Users/tillkorsmeier/Desktop/MA/Z7-Nano/ParEIS-MSX/SW/HW_Export_V1/hw/HW_Export_V1.xsa
TRACE::2026-08-17.20:28:22::SCWPlatform::DSA given C:/Users/tillkorsmeier/Desktop/MA/Z7-Nano/ParEIS-MSX/SW/HW_Export_V1/hw/HW_Export_V1.xsa
TRACE::2026-08-17.20:28:22::SCWPlatform::DSA absoulate path C:/Users/tillkorsmeier/Desktop/MA/Z7-Nano/ParEIS-MSX/SW/HW_Export_V1/hw/HW_Export_V1.xsa
TRACE::2026-08-17.20:28:22::SCWPlatform::DSA directory C:/Users/tillkorsmeier/Desktop/MA/Z7-Nano/ParEIS-MSX/SW/HW_Export_V1/hw
TRACE::2026-08-17.20:28:22::SCWPlatform:: Platform Path C:/Users/tillkorsmeier/Desktop/MA/Z7-Nano/ParEIS-MSX/SW/HW_Export_V1/hw/HW_Export_V1.xsa
TRACE::2026-08-17.20:28:22::SCWPlatform:: Unique name xilinx:::0.0
TRACE::2026-08-17.20:28:22::SCWPlatform::Trying to set the existing hwdb with name design_1_wrapper_0
TRACE::2026-08-17.20:28:22::SCWPlatform::Opened existing hwdb design_1_wrapper_0
TRACE::2026-08-17.20:28:22::SCWPlatform::Found the Hw Db part of the input DSA
TRACE::2026-08-17.20:28:22::SCWPlatform::Trying to open the hw design at C:/Users/tillkorsmeier/Desktop/MA/Z7-Nano/ParEIS-MSX/SW/HW_Export_V1/hw/HW_Export_V1.xsa
TRACE::2026-08-17.20:28:22::SCWPlatform::DSA given C:/Users/tillkorsmeier/Desktop/MA/Z7-Nano/ParEIS-MSX/SW/HW_Export_V1/hw/HW_Export_V1.xsa
TRACE::2026-08-17.20:28:22::SCWPlatform::DSA absoulate path C:/Users/tillkorsmeier/Desktop/MA/Z7-Nano/ParEIS-MSX/SW/HW_Export_V1/hw/HW_Export_V1.xsa
TRACE::2026-08-17.20:28:22::SCWPlatform::DSA directory C:/Users/tillkorsmeier/Desktop/MA/Z7-Nano/ParEIS-MSX/SW/HW_Export_V1/hw
TRACE::2026-08-17.20:28:22::SCWPlatform:: Platform Path C:/Users/tillkorsmeier/Desktop/MA/Z7-Nano/ParEIS-MSX/SW/HW_Export_V1/hw/HW_Export_V1.xsa
TRACE::2026-08-17.20:28:22::SCWPlatform:: Unique name xilinx:::0.0
TRACE::2026-08-17.20:28:22::SCWPlatform::Trying to set the existing hwdb with name design_1_wrapper_0
TRACE::2026-08-17.20:28:22::SCWPlatform::Opened existing hwdb design_1_wrapper_0
TRACE::2026-08-17.20:28:22::SCWPlatform::Found the Hw Db part of the input DSA
TRACE::2026-08-17.20:28:22::SCWPlatform::Trying to open the hw design at C:/Users/tillkorsmeier/Desktop/MA/Z7-Nano/ParEIS-MSX/SW/HW_Export_V1/hw/HW_Export_V1.xsa
TRACE::2026-08-17.20:28:22::SCWPlatform::DSA given C:/Users/tillkorsmeier/Desktop/MA/Z7-Nano/ParEIS-MSX/SW/HW_Export_V1/hw/HW_Export_V1.xsa
TRACE::2026-08-17.20:28:22::SCWPlatform::DSA absoulate path C:/Users/tillkorsmeier/Desktop/MA/Z7-Nano/ParEIS-MSX/SW/HW_Export_V1/hw/HW_Export_V1.xsa
TRACE::2026-08-17.20:28:22::SCWPlatform::DSA directory C:/Users/tillkorsmeier/Desktop/MA/Z7-Nano/ParEIS-MSX/SW/HW_Export_V1/hw
TRACE::2026-08-17.20:28:22::SCWPlatform:: Platform Path C:/Users/tillkorsmeier/Desktop/MA/Z7-Nano/ParEIS-MSX/SW/HW_Export_V1/hw/HW_Export_V1.xsa
TRACE::2026-08-17.20:28:22::SCWPlatform:: Unique name xilinx:::0.0
TRACE::2026-08-17.20:28:22::SCWPlatform::Trying to set the existing hwdb with name design_1_wrapper_0
TRACE::2026-08-17.20:28:22::SCWPlatform::Opened existing hwdb design_1_wrapper_0
TRACE::2026-08-17.20:28:22::SCWPlatform::Found the Hw Db part of the input DSA
TRACE::2026-08-17.20:28:22::SCWPlatform::Boot application domain added for zynq_fsbl
TRACE::2026-08-17.20:28:22::SCWPlatform::Generating the sources  .
TRACE::2026-08-17.20:28:22::SCWBDomain::Generating boot domain sources.
TRACE::2026-08-17.20:28:22::SCWBDomain:: Generating the zynq_fsbl Application.
TRACE::2026-08-17.20:28:22::SCWPlatform::Trying to open the hw design at C:/Users/tillkorsmeier/Desktop/MA/Z7-Nano/ParEIS-MSX/SW/HW_Export_V1/hw/HW_Export_V1.xsa
TRACE::2026-08-17.20:28:22::SCWPlatform::DSA given C:/Users/tillkorsmeier/Desktop/MA/Z7-Nano/ParEIS-MSX/SW/HW_Export_V1/hw/HW_Export_V1.xsa
TRACE::2026-08-17.20:28:22::SCWPlatform::DSA absoulate path C:/Users/tillkorsmeier/Desktop/MA/Z7-Nano/ParEIS-MSX/SW/HW_Export_V1/hw/HW_Export_V1.xsa
TRACE::2026-08-17.20:28:22::SCWPlatform::DSA directory C:/Users/tillkorsmeier/Desktop/MA/Z7-Nano/ParEIS-MSX/SW/HW_Export_V1/hw
TRACE::2026-08-17.20:28:22::SCWPlatform:: Platform Path C:/Users/tillkorsmeier/Desktop/MA/Z7-Nano/ParEIS-MSX/SW/HW_Export_V1/hw/HW_Export_V1.xsa
TRACE::2026-08-17.20:28:22::SCWPlatform:: Unique name xilinx:::0.0
TRACE::2026-08-17.20:28:22::SCWPlatform::Trying to set the existing hwdb with name design_1_wrapper_0
TRACE::2026-08-17.20:28:22::SCWPlatform::Opened existing hwdb design_1_wrapper_0
TRACE::2026-08-17.20:28:22::SCWPlatform::Found the Hw Db part of the input DSA
TRACE::2026-08-17.20:28:22::SCWMssOS::Checking the sw design at  C:/Users/tillkorsmeier/Desktop/MA/Z7-Nano/ParEIS-MSX/SW/HW_Export_V1/zynq_fsbl/zynq_fsbl_bsp/system.mss
TRACE::2026-08-17.20:28:22::SCWMssOS::DEBUG:  swdes dump  
TRACE::2026-08-17.20:28:22::SCWMssOS::No sw design opened at  C:/Users/tillkorsmeier/Desktop/MA/Z7-Nano/ParEIS-MSX/SW/HW_Export_V1/zynq_fsbl/zynq_fsbl_bsp/system.mss
TRACE::2026-08-17.20:28:22::SCWMssOS::mss does not exists at C:/Users/tillkorsmeier/Desktop/MA/Z7-Nano/ParEIS-MSX/SW/HW_Export_V1/zynq_fsbl/zynq_fsbl_bsp/system.mss
TRACE::2026-08-17.20:28:22::SCWMssOS::Creating sw design at  C:/Users/tillkorsmeier/Desktop/MA/Z7-Nano/ParEIS-MSX/SW/HW_Export_V1/zynq_fsbl/zynq_fsbl_bsp/system.mss
TRACE::2026-08-17.20:28:22::SCWMssOS::Adding the swdes entry, created swdb C:/Users/tillkorsmeier/Desktop/MA/Z7-Nano/ParEIS-MSX/SW/HW_Export_V1/zynq_fsbl/zynq_fsbl_bsp/system.mss with des name C:/Users/tillkorsmeier/Desktop/MA/Z7-Nano/ParEIS-MSX/SW/HW_Export_V1/zynq_fsbl/zynq_fsbl_bsp/system.mss
TRACE::2026-08-17.20:28:22::SCWMssOS::updating the scw layer changes to swdes at   C:/Users/tillkorsmeier/Desktop/MA/Z7-Nano/ParEIS-MSX/SW/HW_Export_V1/zynq_fsbl/zynq_fsbl_bsp/system.mss
TRACE::2026-08-17.20:28:22::SCWMssOS::Writing mss at C:/Users/tillkorsmeier/Desktop/MA/Z7-Nano/ParEIS-MSX/SW/HW_Export_V1/zynq_fsbl/zynq_fsbl_bsp/system.mss
TRACE::2026-08-17.20:28:22::SCWMssOS::Completed writing the mss file at C:/Users/tillkorsmeier/Desktop/MA/Z7-Nano/ParEIS-MSX/SW/HW_Export_V1/zynq_fsbl/zynq_fsbl_bsp
TRACE::2026-08-17.20:28:22::SCWMssOS::Picking up changes from newly written mss file into SCW Layer. 
TRACE::2026-08-17.20:28:22::SCWMssOS::Updated the changes from newly written mss file into SCW Layer. 
TRACE::2026-08-17.20:28:22::SCWBDomain::Completed writing the mss file at C:/Users/tillkorsmeier/Desktop/MA/Z7-Nano/ParEIS-MSX/SW/HW_Export_V1/zynq_fsbl/zynq_fsbl_bsp
TRACE::2026-08-17.20:28:30::SCWPlatform::Generating sources Done.
TRACE::2026-08-17.20:28:30::SCWPlatform::Trying to open the hw design at C:/Users/tillkorsmeier/Desktop/MA/Z7-Nano/ParEIS-MSX/SW/HW_Export_V1/hw/HW_Export_V1.xsa
TRACE::2026-08-17.20:28:30::SCWPlatform::DSA given C:/Users/tillkorsmeier/Desktop/MA/Z7-Nano/ParEIS-MSX/SW/HW_Export_V1/hw/HW_Export_V1.xsa
TRACE::2026-08-17.20:28:30::SCWPlatform::DSA absoulate path C:/Users/tillkorsmeier/Desktop/MA/Z7-Nano/ParEIS-MSX/SW/HW_Export_V1/hw/HW_Export_V1.xsa
TRACE::2026-08-17.20:28:30::SCWPlatform::DSA directory C:/Users/tillkorsmeier/Desktop/MA/Z7-Nano/ParEIS-MSX/SW/HW_Export_V1/hw
TRACE::2026-08-17.20:28:30::SCWPlatform:: Platform Path C:/Users/tillkorsmeier/Desktop/MA/Z7-Nano/ParEIS-MSX/SW/HW_Export_V1/hw/HW_Export_V1.xsa
TRACE::2026-08-17.20:28:30::SCWPlatform:: Unique name xilinx:::0.0
TRACE::2026-08-17.20:28:30::SCWPlatform::Trying to set the existing hwdb with name design_1_wrapper_0
TRACE::2026-08-17.20:28:30::SCWPlatform::Opened existing hwdb design_1_wrapper_0
TRACE::2026-08-17.20:28:30::SCWPlatform::Found the Hw Db part of the input DSA
TRACE::2026-08-17.20:28:30::SCWMssOS::Checking the sw design at  C:/Users/tillkorsmeier/Desktop/MA/Z7-Nano/ParEIS-MSX/SW/HW_Export_V1/zynq_fsbl/zynq_fsbl_bsp/system.mss
TRACE::2026-08-17.20:28:30::SCWMssOS::DEBUG:  swdes dump  
TRACE::2026-08-17.20:28:30::SCWMssOS::No sw design opened at  C:/Users/tillkorsmeier/Desktop/MA/Z7-Nano/ParEIS-MSX/SW/HW_Export_V1/zynq_fsbl/zynq_fsbl_bsp/system.mss
TRACE::2026-08-17.20:28:30::SCWMssOS::mss exists loading the mss file  C:/Users/tillkorsmeier/Desktop/MA/Z7-Nano/ParEIS-MSX/SW/HW_Export_V1/zynq_fsbl/zynq_fsbl_bsp/system.mss
TRACE::2026-08-17.20:28:30::SCWMssOS::Opened the sw design from mss  C:/Users/tillkorsmeier/Desktop/MA/Z7-Nano/ParEIS-MSX/SW/HW_Export_V1/zynq_fsbl/zynq_fsbl_bsp/system.mss
TRACE::2026-08-17.20:28:30::SCWMssOS::Adding the swdes entry C:/Users/tillkorsmeier/Desktop/MA/Z7-Nano/ParEIS-MSX/SW/HW_Export_V1/zynq_fsbl/zynq_fsbl_bsp/system.mss with des name system
TRACE::2026-08-17.20:28:30::SCWMssOS::updating the scw layer about changes
TRACE::2026-08-17.20:28:31::SCWMssOS::Opened the sw design.  C:/Users/tillkorsmeier/Desktop/MA/Z7-Nano/ParEIS-MSX/SW/HW_Export_V1/zynq_fsbl/zynq_fsbl_bsp/system.mss
TRACE::2026-08-17.20:28:31::SCWMssOS::Saving the mss changes C:/Users/tillkorsmeier/Desktop/MA/Z7-Nano/ParEIS-MSX/SW/HW_Export_V1/zynq_fsbl/zynq_fsbl_bsp/system.mss
TRACE::2026-08-17.20:28:31::SCWMssOS::Found a swdesign opened with the mssfile.
TRACE::2026-08-17.20:28:31::SCWMssOS::Completed writemss as part of save.
TRACE::2026-08-17.20:28:31::SCWMssOS::Commit changes completed.
TRACE::2026-08-17.20:28:31::SCWPlatform::Trying to open the hw design at C:/Users/tillkorsmeier/Desktop/MA/Z7-Nano/ParEIS-MSX/SW/HW_Export_V1/hw/HW_Export_V1.xsa
TRACE::2026-08-17.20:28:31::SCWPlatform::DSA given C:/Users/tillkorsmeier/Desktop/MA/Z7-Nano/ParEIS-MSX/SW/HW_Export_V1/hw/HW_Export_V1.xsa
TRACE::2026-08-17.20:28:31::SCWPlatform::DSA absoulate path C:/Users/tillkorsmeier/Desktop/MA/Z7-Nano/ParEIS-MSX/SW/HW_Export_V1/hw/HW_Export_V1.xsa
TRACE::2026-08-17.20:28:31::SCWPlatform::DSA directory C:/Users/tillkorsmeier/Desktop/MA/Z7-Nano/ParEIS-MSX/SW/HW_Export_V1/hw
TRACE::2026-08-17.20:28:31::SCWPlatform:: Platform Path C:/Users/tillkorsmeier/Desktop/MA/Z7-Nano/ParEIS-MSX/SW/HW_Export_V1/hw/HW_Export_V1.xsa
TRACE::2026-08-17.20:28:31::SCWPlatform:: Unique name xilinx:::0.0
TRACE::2026-08-17.20:28:31::SCWPlatform::Trying to set the existing hwdb with name design_1_wrapper_0
TRACE::2026-08-17.20:28:31::SCWPlatform::Opened existing hwdb design_1_wrapper_0
TRACE::2026-08-17.20:28:31::SCWPlatform::Found the Hw Db part of the input DSA
TRACE::2026-08-17.20:28:31::SCWMssOS::Checking the sw design at  C:/Users/tillkorsmeier/Desktop/MA/Z7-Nano/ParEIS-MSX/SW/HW_Export_V1/zynq_fsbl/zynq_fsbl_bsp/system.mss
TRACE::2026-08-17.20:28:31::SCWMssOS::DEBUG:  swdes dump  C:/Users/tillkorsmeier/Desktop/MA/Z7-Nano/ParEIS-MSX/SW/HW_Export_V1/zynq_fsbl/zynq_fsbl_bsp/system.mss|system||

TRACE::2026-08-17.20:28:31::SCWMssOS::Sw design exists and opened at  C:/Users/tillkorsmeier/Desktop/MA/Z7-Nano/ParEIS-MSX/SW/HW_Export_V1/zynq_fsbl/zynq_fsbl_bsp/system.mss
TRACE::2026-08-17.20:28:31::SCWPlatform::Trying to open the hw design at C:/Users/tillkorsmeier/Desktop/MA/Z7-Nano/ParEIS-MSX/SW/HW_Export_V1/hw/HW_Export_V1.xsa
TRACE::2026-08-17.20:28:31::SCWPlatform::DSA given C:/Users/tillkorsmeier/Desktop/MA/Z7-Nano/ParEIS-MSX/SW/HW_Export_V1/hw/HW_Export_V1.xsa
TRACE::2026-08-17.20:28:31::SCWPlatform::DSA absoulate path C:/Users/tillkorsmeier/Desktop/MA/Z7-Nano/ParEIS-MSX/SW/HW_Export_V1/hw/HW_Export_V1.xsa
TRACE::2026-08-17.20:28:31::SCWPlatform::DSA directory C:/Users/tillkorsmeier/Desktop/MA/Z7-Nano/ParEIS-MSX/SW/HW_Export_V1/hw
TRACE::2026-08-17.20:28:31::SCWPlatform:: Platform Path C:/Users/tillkorsmeier/Desktop/MA/Z7-Nano/ParEIS-MSX/SW/HW_Export_V1/hw/HW_Export_V1.xsa
TRACE::2026-08-17.20:28:31::SCWPlatform:: Unique name xilinx:::0.0
TRACE::2026-08-17.20:28:31::SCWPlatform::Trying to set the existing hwdb with name design_1_wrapper_0
TRACE::2026-08-17.20:28:31::SCWPlatform::Opened existing hwdb design_1_wrapper_0
TRACE::2026-08-17.20:28:31::SCWPlatform::Found the Hw Db part of the input DSA
TRACE::2026-08-17.20:28:31::SCWMssOS::Checking the sw design at  C:/Users/tillkorsmeier/Desktop/MA/Z7-Nano/ParEIS-MSX/SW/HW_Export_V1/zynq_fsbl/zynq_fsbl_bsp/system.mss
TRACE::2026-08-17.20:28:31::SCWMssOS::DEBUG:  swdes dump  C:/Users/tillkorsmeier/Desktop/MA/Z7-Nano/ParEIS-MSX/SW/HW_Export_V1/zynq_fsbl/zynq_fsbl_bsp/system.mss|system||

TRACE::2026-08-17.20:28:31::SCWMssOS::Sw design exists and opened at  C:/Users/tillkorsmeier/Desktop/MA/Z7-Nano/ParEIS-MSX/SW/HW_Export_V1/zynq_fsbl/zynq_fsbl_bsp/system.mss
TRACE::2026-08-17.20:28:31::SCWPlatform::Trying to open the hw design at C:/Users/tillkorsmeier/Desktop/MA/Z7-Nano/ParEIS-MSX/SW/HW_Export_V1/hw/HW_Export_V1.xsa
TRACE::2026-08-17.20:28:31::SCWPlatform::DSA given C:/Users/tillkorsmeier/Desktop/MA/Z7-Nano/ParEIS-MSX/SW/HW_Export_V1/hw/HW_Export_V1.xsa
TRACE::2026-08-17.20:28:31::SCWPlatform::DSA absoulate path C:/Users/tillkorsmeier/Desktop/MA/Z7-Nano/ParEIS-MSX/SW/HW_Export_V1/hw/HW_Export_V1.xsa
TRACE::2026-08-17.20:28:31::SCWPlatform::DSA directory C:/Users/tillkorsmeier/Desktop/MA/Z7-Nano/ParEIS-MSX/SW/HW_Export_V1/hw
TRACE::2026-08-17.20:28:31::SCWPlatform:: Platform Path C:/Users/tillkorsmeier/Desktop/MA/Z7-Nano/ParEIS-MSX/SW/HW_Export_V1/hw/HW_Export_V1.xsa
TRACE::2026-08-17.20:28:31::SCWPlatform:: Unique name xilinx:::0.0
TRACE::2026-08-17.20:28:31::SCWPlatform::Trying to set the existing hwdb with name design_1_wrapper_0
TRACE::2026-08-17.20:28:31::SCWPlatform::Opened existing hwdb design_1_wrapper_0
TRACE::2026-08-17.20:28:31::SCWPlatform::Found the Hw Db part of the input DSA
TRACE::2026-08-17.20:28:31::SCWMssOS::Checking the sw design at  C:/Users/tillkorsmeier/Desktop/MA/Z7-Nano/ParEIS-MSX/SW/HW_Export_V1/zynq_fsbl/zynq_fsbl_bsp/system.mss
TRACE::2026-08-17.20:28:31::SCWMssOS::DEBUG:  swdes dump  C:/Users/tillkorsmeier/Desktop/MA/Z7-Nano/ParEIS-MSX/SW/HW_Export_V1/zynq_fsbl/zynq_fsbl_bsp/system.mss|system||

TRACE::2026-08-17.20:28:31::SCWMssOS::Sw design exists and opened at  C:/Users/tillkorsmeier/Desktop/MA/Z7-Nano/ParEIS-MSX/SW/HW_Export_V1/zynq_fsbl/zynq_fsbl_bsp/system.mss
TRACE::2026-08-17.20:28:31::SCWWriter::formatted JSON is {
	"platformName":	"HW_Export_V1",
	"sprVersion":	"2.0",
	"mode":	"gui",
	"dsaType":	"Fixed",
	"platformDesc":	"HW_Export_V1",
	"platHandOff":	"<platformDir>.xsa",
	"platIntHandOff":	"<platformDir>/hw/HW_Export_V1.xsa",
	"deviceType":	"zynq",
	"platIsPrebuiltAutogen":	"false",
	"platIsNoBootBsp":	"false",
	"platFsblTarget":	"ps7_cortexa9_0",
	"hasFsblMakeHasChanges":	"false",
	"hasPmufwMakeHasChanges":	"false",
	"fsblExtraCompilerFlags":	"-MMD -MP       -mcpu=cortex-a9 -mfpu=vfpv3 -mfloat-abi=hard ",
	"platPreBuiltFlag":	false,
	"platformSamplesDir":	"",
	"platActiveSys":	"HW_Export_V1",
	"systems":	[{
			"systemName":	"HW_Export_V1",
			"systemDesc":	"HW_Export_V1",
			"sysIsBootAutoGen":	"true",
			"systemDispName":	"HW_Export_V1",
			"sysActiveDom":	"zynq_fsbl",
			"sysDefaultDom":	"",
			"domains":	[{
					"domainName":	"zynq_fsbl",
					"domainDispName":	"zynq_fsbl",
					"domainDesc":	"FSBL Application BSP - Auto Generated.",
					"processors":	"ps7_cortexa9_0",
					"os":	"standalone",
					"sdxOs":	"standalone",
					"debugEnable":	"",
					"domRuntimes":	["cpp"],
					"swRepo":	"",
					"mssOsVer":	"9.2",
					"mssFile":	"",
					"md5Digest":	"eb13c396dfacc0d4cf82f9f4d1da7be6",
					"compatibleApp":	"zynq_fsbl",
					"domType":	"bootDomain",
					"arch":	"32-bit",
					"appSettings":	{
						"appCompilerFlags":	"",
						"appLinkerFlags":	""
					},
					"addedLibs":	["xilffs:5.3", "xilrsa:1.8"],
					"libOptions":	{
						"libsContainingOptions":	[]
					},
					"prebuiltLibs":	{
						"prebuiltIncPath":	[],
						"prebuiltLibPath":	[]
					},
					"isolation":	{
					}
				}]
		}]
}
TRACE::2026-08-17.20:28:31::SCWMssOS::Saving the mss changes C:/Users/tillkorsmeier/Desktop/MA/Z7-Nano/ParEIS-MSX/SW/HW_Export_V1/zynq_fsbl/zynq_fsbl_bsp/system.mss
TRACE::2026-08-17.20:28:31::SCWMssOS::Found a swdesign opened with the mssfile.
TRACE::2026-08-17.20:28:31::SCWMssOS::Completed writemss as part of save.
TRACE::2026-08-17.20:28:31::SCWMssOS::Commit changes completed.
TRACE::2026-08-17.20:28:31::SCWPlatform::Trying to open the hw design at C:/Users/tillkorsmeier/Desktop/MA/Z7-Nano/ParEIS-MSX/SW/HW_Export_V1/hw/HW_Export_V1.xsa
TRACE::2026-08-17.20:28:31::SCWPlatform::DSA given C:/Users/tillkorsmeier/Desktop/MA/Z7-Nano/ParEIS-MSX/SW/HW_Export_V1/hw/HW_Export_V1.xsa
TRACE::2026-08-17.20:28:31::SCWPlatform::DSA absoulate path C:/Users/tillkorsmeier/Desktop/MA/Z7-Nano/ParEIS-MSX/SW/HW_Export_V1/hw/HW_Export_V1.xsa
TRACE::2026-08-17.20:28:31::SCWPlatform::DSA directory C:/Users/tillkorsmeier/Desktop/MA/Z7-Nano/ParEIS-MSX/SW/HW_Export_V1/hw
TRACE::2026-08-17.20:28:31::SCWPlatform:: Platform Path C:/Users/tillkorsmeier/Desktop/MA/Z7-Nano/ParEIS-MSX/SW/HW_Export_V1/hw/HW_Export_V1.xsa
TRACE::2026-08-17.20:28:31::SCWPlatform:: Unique name xilinx:::0.0
TRACE::2026-08-17.20:28:31::SCWPlatform::Trying to set the existing hwdb with name design_1_wrapper_0
TRACE::2026-08-17.20:28:31::SCWPlatform::Opened existing hwdb design_1_wrapper_0
TRACE::2026-08-17.20:28:31::SCWPlatform::Found the Hw Db part of the input DSA
TRACE::2026-08-17.20:28:31::SCWMssOS::Checking the sw design at  C:/Users/tillkorsmeier/Desktop/MA/Z7-Nano/ParEIS-MSX/SW/HW_Export_V1/zynq_fsbl/zynq_fsbl_bsp/system.mss
TRACE::2026-08-17.20:28:31::SCWMssOS::DEBUG:  swdes dump  C:/Users/tillkorsmeier/Desktop/MA/Z7-Nano/ParEIS-MSX/SW/HW_Export_V1/zynq_fsbl/zynq_fsbl_bsp/system.mss|system||

TRACE::2026-08-17.20:28:31::SCWMssOS::Sw design exists and opened at  C:/Users/tillkorsmeier/Desktop/MA/Z7-Nano/ParEIS-MSX/SW/HW_Export_V1/zynq_fsbl/zynq_fsbl_bsp/system.mss
TRACE::2026-08-17.20:28:31::SCWPlatform::Trying to open the hw design at C:/Users/tillkorsmeier/Desktop/MA/Z7-Nano/ParEIS-MSX/SW/HW_Export_V1/hw/HW_Export_V1.xsa
TRACE::2026-08-17.20:28:31::SCWPlatform::DSA given C:/Users/tillkorsmeier/Desktop/MA/Z7-Nano/ParEIS-MSX/SW/HW_Export_V1/hw/HW_Export_V1.xsa
TRACE::2026-08-17.20:28:31::SCWPlatform::DSA absoulate path C:/Users/tillkorsmeier/Desktop/MA/Z7-Nano/ParEIS-MSX/SW/HW_Export_V1/hw/HW_Export_V1.xsa
TRACE::2026-08-17.20:28:31::SCWPlatform::DSA directory C:/Users/tillkorsmeier/Desktop/MA/Z7-Nano/ParEIS-MSX/SW/HW_Export_V1/hw
TRACE::2026-08-17.20:28:31::SCWPlatform:: Platform Path C:/Users/tillkorsmeier/Desktop/MA/Z7-Nano/ParEIS-MSX/SW/HW_Export_V1/hw/HW_Export_V1.xsa
TRACE::2026-08-17.20:28:31::SCWPlatform:: Unique name xilinx:::0.0
TRACE::2026-08-17.20:28:31::SCWPlatform::Trying to set the existing hwdb with name design_1_wrapper_0
TRACE::2026-08-17.20:28:31::SCWPlatform::Opened existing hwdb design_1_wrapper_0
TRACE::2026-08-17.20:28:31::SCWPlatform::Found the Hw Db part of the input DSA
TRACE::2026-08-17.20:28:31::SCWMssOS::Checking the sw design at  C:/Users/tillkorsmeier/Desktop/MA/Z7-Nano/ParEIS-MSX/SW/HW_Export_V1/zynq_fsbl/zynq_fsbl_bsp/system.mss
TRACE::2026-08-17.20:28:31::SCWMssOS::DEBUG:  swdes dump  C:/Users/tillkorsmeier/Desktop/MA/Z7-Nano/ParEIS-MSX/SW/HW_Export_V1/zynq_fsbl/zynq_fsbl_bsp/system.mss|system||

TRACE::2026-08-17.20:28:31::SCWMssOS::Sw design exists and opened at  C:/Users/tillkorsmeier/Desktop/MA/Z7-Nano/ParEIS-MSX/SW/HW_Export_V1/zynq_fsbl/zynq_fsbl_bsp/system.mss
TRACE::2026-08-17.20:28:31::SCWPlatform::Trying to open the hw design at C:/Users/tillkorsmeier/Desktop/MA/Z7-Nano/ParEIS-MSX/SW/HW_Export_V1/hw/HW_Export_V1.xsa
TRACE::2026-08-17.20:28:31::SCWPlatform::DSA given C:/Users/tillkorsmeier/Desktop/MA/Z7-Nano/ParEIS-MSX/SW/HW_Export_V1/hw/HW_Export_V1.xsa
TRACE::2026-08-17.20:28:31::SCWPlatform::DSA absoulate path C:/Users/tillkorsmeier/Desktop/MA/Z7-Nano/ParEIS-MSX/SW/HW_Export_V1/hw/HW_Export_V1.xsa
TRACE::2026-08-17.20:28:31::SCWPlatform::DSA directory C:/Users/tillkorsmeier/Desktop/MA/Z7-Nano/ParEIS-MSX/SW/HW_Export_V1/hw
TRACE::2026-08-17.20:28:31::SCWPlatform:: Platform Path C:/Users/tillkorsmeier/Desktop/MA/Z7-Nano/ParEIS-MSX/SW/HW_Export_V1/hw/HW_Export_V1.xsa
TRACE::2026-08-17.20:28:31::SCWPlatform:: Unique name xilinx:::0.0
TRACE::2026-08-17.20:28:31::SCWPlatform::Trying to set the existing hwdb with name design_1_wrapper_0
TRACE::2026-08-17.20:28:31::SCWPlatform::Opened existing hwdb design_1_wrapper_0
TRACE::2026-08-17.20:28:31::SCWPlatform::Found the Hw Db part of the input DSA
TRACE::2026-08-17.20:28:31::SCWMssOS::Checking the sw design at  C:/Users/tillkorsmeier/Desktop/MA/Z7-Nano/ParEIS-MSX/SW/HW_Export_V1/zynq_fsbl/zynq_fsbl_bsp/system.mss
TRACE::2026-08-17.20:28:31::SCWMssOS::DEBUG:  swdes dump  C:/Users/tillkorsmeier/Desktop/MA/Z7-Nano/ParEIS-MSX/SW/HW_Export_V1/zynq_fsbl/zynq_fsbl_bsp/system.mss|system||

TRACE::2026-08-17.20:28:31::SCWMssOS::Sw design exists and opened at  C:/Users/tillkorsmeier/Desktop/MA/Z7-Nano/ParEIS-MSX/SW/HW_Export_V1/zynq_fsbl/zynq_fsbl_bsp/system.mss
TRACE::2026-08-17.20:28:31::SCWWriter::formatted JSON is {
	"platformName":	"HW_Export_V1",
	"sprVersion":	"2.0",
	"mode":	"gui",
	"dsaType":	"Fixed",
	"platformDesc":	"HW_Export_V1",
	"platHandOff":	"<platformDir>.xsa",
	"platIntHandOff":	"<platformDir>/hw/HW_Export_V1.xsa",
	"deviceType":	"zynq",
	"platIsPrebuiltAutogen":	"false",
	"platIsNoBootBsp":	"false",
	"platFsblTarget":	"ps7_cortexa9_0",
	"hasFsblMakeHasChanges":	"false",
	"hasPmufwMakeHasChanges":	"false",
	"fsblExtraCompilerFlags":	"-MMD -MP       -mcpu=cortex-a9 -mfpu=vfpv3 -mfloat-abi=hard ",
	"platPreBuiltFlag":	false,
	"platformSamplesDir":	"",
	"platActiveSys":	"HW_Export_V1",
	"systems":	[{
			"systemName":	"HW_Export_V1",
			"systemDesc":	"HW_Export_V1",
			"sysIsBootAutoGen":	"true",
			"systemDispName":	"HW_Export_V1",
			"sysActiveDom":	"zynq_fsbl",
			"sysDefaultDom":	"",
			"domains":	[{
					"domainName":	"zynq_fsbl",
					"domainDispName":	"zynq_fsbl",
					"domainDesc":	"FSBL Application BSP - Auto Generated.",
					"processors":	"ps7_cortexa9_0",
					"os":	"standalone",
					"sdxOs":	"standalone",
					"debugEnable":	"",
					"domRuntimes":	["cpp"],
					"swRepo":	"",
					"mssOsVer":	"9.2",
					"mssFile":	"",
					"md5Digest":	"eb13c396dfacc0d4cf82f9f4d1da7be6",
					"compatibleApp":	"zynq_fsbl",
					"domType":	"bootDomain",
					"arch":	"32-bit",
					"appSettings":	{
						"appCompilerFlags":	"",
						"appLinkerFlags":	""
					},
					"addedLibs":	["xilffs:5.3", "xilrsa:1.8"],
					"libOptions":	{
						"libsContainingOptions":	[]
					},
					"prebuiltLibs":	{
						"prebuiltIncPath":	[],
						"prebuiltLibPath":	[]
					},
					"isolation":	{
					}
				}]
		}]
}
TRACE::2026-08-17.20:28:31::SCWPlatform::Trying to open the hw design at C:/Users/tillkorsmeier/Desktop/MA/Z7-Nano/ParEIS-MSX/SW/HW_Export_V1/hw/HW_Export_V1.xsa
TRACE::2026-08-17.20:28:31::SCWPlatform::DSA given C:/Users/tillkorsmeier/Desktop/MA/Z7-Nano/ParEIS-MSX/SW/HW_Export_V1/hw/HW_Export_V1.xsa
TRACE::2026-08-17.20:28:31::SCWPlatform::DSA absoulate path C:/Users/tillkorsmeier/Desktop/MA/Z7-Nano/ParEIS-MSX/SW/HW_Export_V1/hw/HW_Export_V1.xsa
TRACE::2026-08-17.20:28:31::SCWPlatform::DSA directory C:/Users/tillkorsmeier/Desktop/MA/Z7-Nano/ParEIS-MSX/SW/HW_Export_V1/hw
TRACE::2026-08-17.20:28:31::SCWPlatform:: Platform Path C:/Users/tillkorsmeier/Desktop/MA/Z7-Nano/ParEIS-MSX/SW/HW_Export_V1/hw/HW_Export_V1.xsa
TRACE::2026-08-17.20:28:31::SCWPlatform:: Unique name xilinx:::0.0
TRACE::2026-08-17.20:28:31::SCWPlatform::Trying to set the existing hwdb with name design_1_wrapper_0
TRACE::2026-08-17.20:28:31::SCWPlatform::Opened existing hwdb design_1_wrapper_0
TRACE::2026-08-17.20:28:31::SCWPlatform::Found the Hw Db part of the input DSA
TRACE::2026-08-17.20:28:31::SCWDomain::checking for install qemu data   : 
TRACE::2026-08-17.20:28:31::SCWDomain:: Using the QEMU Data from install at  : C:/Xilinx/Vitis/Vitis/2024.2/data/emulation/platforms/zynq/sw/a9_standalone/qemu/
TRACE::2026-08-17.20:28:31::SCWDomain:: Using the QEMU args  from install at  : C:/Xilinx/Vitis/Vitis/2024.2/data/emulation/platforms/zynq/sw/a9_standalone/qemu/qemu_args.txt
TRACE::2026-08-17.20:28:31::SCWPlatform::Trying to open the hw design at C:/Users/tillkorsmeier/Desktop/MA/Z7-Nano/ParEIS-MSX/SW/HW_Export_V1/hw/HW_Export_V1.xsa
TRACE::2026-08-17.20:28:31::SCWPlatform::DSA given C:/Users/tillkorsmeier/Desktop/MA/Z7-Nano/ParEIS-MSX/SW/HW_Export_V1/hw/HW_Export_V1.xsa
TRACE::2026-08-17.20:28:31::SCWPlatform::DSA absoulate path C:/Users/tillkorsmeier/Desktop/MA/Z7-Nano/ParEIS-MSX/SW/HW_Export_V1/hw/HW_Export_V1.xsa
TRACE::2026-08-17.20:28:31::SCWPlatform::DSA directory C:/Users/tillkorsmeier/Desktop/MA/Z7-Nano/ParEIS-MSX/SW/HW_Export_V1/hw
TRACE::2026-08-17.20:28:31::SCWPlatform:: Platform Path C:/Users/tillkorsmeier/Desktop/MA/Z7-Nano/ParEIS-MSX/SW/HW_Export_V1/hw/HW_Export_V1.xsa
TRACE::2026-08-17.20:28:31::SCWPlatform:: Unique name xilinx:::0.0
TRACE::2026-08-17.20:28:31::SCWPlatform::Trying to set the existing hwdb with name design_1_wrapper_0
TRACE::2026-08-17.20:28:31::SCWPlatform::Opened existing hwdb design_1_wrapper_0
TRACE::2026-08-17.20:28:31::SCWPlatform::Found the Hw Db part of the input DSA
TRACE::2026-08-17.20:28:31::SCWPlatform::Trying to open the hw design at C:/Users/tillkorsmeier/Desktop/MA/Z7-Nano/ParEIS-MSX/SW/HW_Export_V1/hw/HW_Export_V1.xsa
TRACE::2026-08-17.20:28:31::SCWPlatform::DSA given C:/Users/tillkorsmeier/Desktop/MA/Z7-Nano/ParEIS-MSX/SW/HW_Export_V1/hw/HW_Export_V1.xsa
TRACE::2026-08-17.20:28:31::SCWPlatform::DSA absoulate path C:/Users/tillkorsmeier/Desktop/MA/Z7-Nano/ParEIS-MSX/SW/HW_Export_V1/hw/HW_Export_V1.xsa
TRACE::2026-08-17.20:28:31::SCWPlatform::DSA directory C:/Users/tillkorsmeier/Desktop/MA/Z7-Nano/ParEIS-MSX/SW/HW_Export_V1/hw
TRACE::2026-08-17.20:28:31::SCWPlatform:: Platform Path C:/Users/tillkorsmeier/Desktop/MA/Z7-Nano/ParEIS-MSX/SW/HW_Export_V1/hw/HW_Export_V1.xsa
TRACE::2026-08-17.20:28:31::SCWPlatform:: Unique name xilinx:::0.0
TRACE::2026-08-17.20:28:31::SCWPlatform::Trying to set the existing hwdb with name design_1_wrapper_0
TRACE::2026-08-17.20:28:31::SCWPlatform::Opened existing hwdb design_1_wrapper_0
TRACE::2026-08-17.20:28:31::SCWPlatform::Found the Hw Db part of the input DSA
TRACE::2026-08-17.20:28:31::SCWDomain::Qemu Directory name is changed from "" to "qemu"
TRACE::2026-08-17.20:28:31::SCWPlatform::Trying to open the hw design at C:/Users/tillkorsmeier/Desktop/MA/Z7-Nano/ParEIS-MSX/SW/HW_Export_V1/hw/HW_Export_V1.xsa
TRACE::2026-08-17.20:28:31::SCWPlatform::DSA given C:/Users/tillkorsmeier/Desktop/MA/Z7-Nano/ParEIS-MSX/SW/HW_Export_V1/hw/HW_Export_V1.xsa
TRACE::2026-08-17.20:28:31::SCWPlatform::DSA absoulate path C:/Users/tillkorsmeier/Desktop/MA/Z7-Nano/ParEIS-MSX/SW/HW_Export_V1/hw/HW_Export_V1.xsa
TRACE::2026-08-17.20:28:31::SCWPlatform::DSA directory C:/Users/tillkorsmeier/Desktop/MA/Z7-Nano/ParEIS-MSX/SW/HW_Export_V1/hw
TRACE::2026-08-17.20:28:31::SCWPlatform:: Platform Path C:/Users/tillkorsmeier/Desktop/MA/Z7-Nano/ParEIS-MSX/SW/HW_Export_V1/hw/HW_Export_V1.xsa
TRACE::2026-08-17.20:28:31::SCWPlatform:: Unique name xilinx:::0.0
TRACE::2026-08-17.20:28:31::SCWPlatform::Trying to set the existing hwdb with name design_1_wrapper_0
TRACE::2026-08-17.20:28:31::SCWPlatform::Opened existing hwdb design_1_wrapper_0
TRACE::2026-08-17.20:28:31::SCWPlatform::Found the Hw Db part of the input DSA
TRACE::2026-08-17.20:28:31::SCWMssOS::Checking the sw design at  C:/Users/tillkorsmeier/Desktop/MA/Z7-Nano/ParEIS-MSX/SW/HW_Export_V1/ps7_cortexa9_0/standalone_ps7_cortexa9_0/bsp/system.mss
TRACE::2026-08-17.20:28:31::SCWMssOS::DEBUG:  swdes dump  C:/Users/tillkorsmeier/Desktop/MA/Z7-Nano/ParEIS-MSX/SW/HW_Export_V1/zynq_fsbl/zynq_fsbl_bsp/system.mss|system||

TRACE::2026-08-17.20:28:31::SCWMssOS::No sw design opened at  C:/Users/tillkorsmeier/Desktop/MA/Z7-Nano/ParEIS-MSX/SW/HW_Export_V1/ps7_cortexa9_0/standalone_ps7_cortexa9_0/bsp/system.mss
TRACE::2026-08-17.20:28:31::SCWMssOS::mss does not exists at C:/Users/tillkorsmeier/Desktop/MA/Z7-Nano/ParEIS-MSX/SW/HW_Export_V1/ps7_cortexa9_0/standalone_ps7_cortexa9_0/bsp/system.mss
TRACE::2026-08-17.20:28:31::SCWMssOS::Creating sw design at  C:/Users/tillkorsmeier/Desktop/MA/Z7-Nano/ParEIS-MSX/SW/HW_Export_V1/ps7_cortexa9_0/standalone_ps7_cortexa9_0/bsp/system.mss
TRACE::2026-08-17.20:28:31::SCWMssOS::Adding the swdes entry, created swdb C:/Users/tillkorsmeier/Desktop/MA/Z7-Nano/ParEIS-MSX/SW/HW_Export_V1/ps7_cortexa9_0/standalone_ps7_cortexa9_0/bsp/system.mss with des name C:/Users/tillkorsmeier/Desktop/MA/Z7-Nano/ParEIS-MSX/SW/HW_Export_V1/ps7_cortexa9_0/standalone_ps7_cortexa9_0/bsp/system.mss
TRACE::2026-08-17.20:28:31::SCWMssOS::updating the scw layer changes to swdes at   C:/Users/tillkorsmeier/Desktop/MA/Z7-Nano/ParEIS-MSX/SW/HW_Export_V1/ps7_cortexa9_0/standalone_ps7_cortexa9_0/bsp/system.mss
TRACE::2026-08-17.20:28:31::SCWMssOS::Writing mss at C:/Users/tillkorsmeier/Desktop/MA/Z7-Nano/ParEIS-MSX/SW/HW_Export_V1/ps7_cortexa9_0/standalone_ps7_cortexa9_0/bsp/system.mss
TRACE::2026-08-17.20:28:31::SCWMssOS::Completed writing the mss file at C:/Users/tillkorsmeier/Desktop/MA/Z7-Nano/ParEIS-MSX/SW/HW_Export_V1/ps7_cortexa9_0/standalone_ps7_cortexa9_0/bsp
TRACE::2026-08-17.20:28:31::SCWMssOS::Picking up changes from newly written mss file into SCW Layer. 
TRACE::2026-08-17.20:28:31::SCWMssOS::Updated the changes from newly written mss file into SCW Layer. 
TRACE::2026-08-17.20:28:31::SCWMssOS::Completed writing the mss file at C:/Users/tillkorsmeier/Desktop/MA/Z7-Nano/ParEIS-MSX/SW/HW_Export_V1/ps7_cortexa9_0/standalone_ps7_cortexa9_0/bsp
TRACE::2026-08-17.20:28:31::SCWMssOS::Forcing BSP Sources regeneration.
TRACE::2026-08-17.20:28:33::SCWMssOS::Saving the mss changes C:/Users/tillkorsmeier/Desktop/MA/Z7-Nano/ParEIS-MSX/SW/HW_Export_V1/zynq_fsbl/zynq_fsbl_bsp/system.mss
TRACE::2026-08-17.20:28:33::SCWMssOS::Found a swdesign opened with the mssfile.
TRACE::2026-08-17.20:28:33::SCWMssOS::Completed writemss as part of save.
TRACE::2026-08-17.20:28:33::SCWMssOS::Commit changes completed.
TRACE::2026-08-17.20:28:33::SCWMssOS::Saving the mss changes C:/Users/tillkorsmeier/Desktop/MA/Z7-Nano/ParEIS-MSX/SW/HW_Export_V1/ps7_cortexa9_0/standalone_ps7_cortexa9_0/bsp/system.mss
TRACE::2026-08-17.20:28:33::SCWMssOS::Adding the swdes entry, mss present, able to open swdb C:/Users/tillkorsmeier/Desktop/MA/Z7-Nano/ParEIS-MSX/SW/HW_Export_V1/ps7_cortexa9_0/standalone_ps7_cortexa9_0/bsp/system.mss with des name system_0
TRACE::2026-08-17.20:28:33::SCWMssOS::Writing the mss file completed C:/Users/tillkorsmeier/Desktop/MA/Z7-Nano/ParEIS-MSX/SW/HW_Export_V1/ps7_cortexa9_0/standalone_ps7_cortexa9_0/bsp/system.mss
TRACE::2026-08-17.20:28:33::SCWMssOS::Commit changes completed.
TRACE::2026-08-17.20:28:33::SCWPlatform::Trying to open the hw design at C:/Users/tillkorsmeier/Desktop/MA/Z7-Nano/ParEIS-MSX/SW/HW_Export_V1/hw/HW_Export_V1.xsa
TRACE::2026-08-17.20:28:33::SCWPlatform::DSA given C:/Users/tillkorsmeier/Desktop/MA/Z7-Nano/ParEIS-MSX/SW/HW_Export_V1/hw/HW_Export_V1.xsa
TRACE::2026-08-17.20:28:33::SCWPlatform::DSA absoulate path C:/Users/tillkorsmeier/Desktop/MA/Z7-Nano/ParEIS-MSX/SW/HW_Export_V1/hw/HW_Export_V1.xsa
TRACE::2026-08-17.20:28:33::SCWPlatform::DSA directory C:/Users/tillkorsmeier/Desktop/MA/Z7-Nano/ParEIS-MSX/SW/HW_Export_V1/hw
TRACE::2026-08-17.20:28:33::SCWPlatform:: Platform Path C:/Users/tillkorsmeier/Desktop/MA/Z7-Nano/ParEIS-MSX/SW/HW_Export_V1/hw/HW_Export_V1.xsa
TRACE::2026-08-17.20:28:33::SCWPlatform:: Unique name xilinx:::0.0
TRACE::2026-08-17.20:28:33::SCWPlatform::Trying to set the existing hwdb with name design_1_wrapper_0
TRACE::2026-08-17.20:28:33::SCWPlatform::Opened existing hwdb design_1_wrapper_0
TRACE::2026-08-17.20:28:33::SCWPlatform::Found the Hw Db part of the input DSA
TRACE::2026-08-17.20:28:33::SCWMssOS::Checking the sw design at  C:/Users/tillkorsmeier/Desktop/MA/Z7-Nano/ParEIS-MSX/SW/HW_Export_V1/zynq_fsbl/zynq_fsbl_bsp/system.mss
TRACE::2026-08-17.20:28:33::SCWMssOS::DEBUG:  swdes dump  C:/Users/tillkorsmeier/Desktop/MA/Z7-Nano/ParEIS-MSX/SW/HW_Export_V1/ps7_cortexa9_0/standalone_ps7_cortexa9_0/bsp/system.mss|system_0||
C:/Users/tillkorsmeier/Desktop/MA/Z7-Nano/ParEIS-MSX/SW/HW_Export_V1/zynq_fsbl/zynq_fsbl_bsp/system.mss|system||

TRACE::2026-08-17.20:28:33::SCWMssOS::Sw design exists and opened at  C:/Users/tillkorsmeier/Desktop/MA/Z7-Nano/ParEIS-MSX/SW/HW_Export_V1/zynq_fsbl/zynq_fsbl_bsp/system.mss
TRACE::2026-08-17.20:28:33::SCWPlatform::Trying to open the hw design at C:/Users/tillkorsmeier/Desktop/MA/Z7-Nano/ParEIS-MSX/SW/HW_Export_V1/hw/HW_Export_V1.xsa
TRACE::2026-08-17.20:28:33::SCWPlatform::DSA given C:/Users/tillkorsmeier/Desktop/MA/Z7-Nano/ParEIS-MSX/SW/HW_Export_V1/hw/HW_Export_V1.xsa
TRACE::2026-08-17.20:28:33::SCWPlatform::DSA absoulate path C:/Users/tillkorsmeier/Desktop/MA/Z7-Nano/ParEIS-MSX/SW/HW_Export_V1/hw/HW_Export_V1.xsa
TRACE::2026-08-17.20:28:33::SCWPlatform::DSA directory C:/Users/tillkorsmeier/Desktop/MA/Z7-Nano/ParEIS-MSX/SW/HW_Export_V1/hw
TRACE::2026-08-17.20:28:33::SCWPlatform:: Platform Path C:/Users/tillkorsmeier/Desktop/MA/Z7-Nano/ParEIS-MSX/SW/HW_Export_V1/hw/HW_Export_V1.xsa
TRACE::2026-08-17.20:28:33::SCWPlatform:: Unique name xilinx:::0.0
TRACE::2026-08-17.20:28:33::SCWPlatform::Trying to set the existing hwdb with name design_1_wrapper_0
TRACE::2026-08-17.20:28:33::SCWPlatform::Opened existing hwdb design_1_wrapper_0
TRACE::2026-08-17.20:28:33::SCWPlatform::Found the Hw Db part of the input DSA
TRACE::2026-08-17.20:28:33::SCWMssOS::Checking the sw design at  C:/Users/tillkorsmeier/Desktop/MA/Z7-Nano/ParEIS-MSX/SW/HW_Export_V1/zynq_fsbl/zynq_fsbl_bsp/system.mss
TRACE::2026-08-17.20:28:33::SCWMssOS::DEBUG:  swdes dump  C:/Users/tillkorsmeier/Desktop/MA/Z7-Nano/ParEIS-MSX/SW/HW_Export_V1/ps7_cortexa9_0/standalone_ps7_cortexa9_0/bsp/system.mss|system_0||
C:/Users/tillkorsmeier/Desktop/MA/Z7-Nano/ParEIS-MSX/SW/HW_Export_V1/zynq_fsbl/zynq_fsbl_bsp/system.mss|system||

TRACE::2026-08-17.20:28:33::SCWMssOS::Sw design exists and opened at  C:/Users/tillkorsmeier/Desktop/MA/Z7-Nano/ParEIS-MSX/SW/HW_Export_V1/zynq_fsbl/zynq_fsbl_bsp/system.mss
TRACE::2026-08-17.20:28:33::SCWPlatform::Trying to open the hw design at C:/Users/tillkorsmeier/Desktop/MA/Z7-Nano/ParEIS-MSX/SW/HW_Export_V1/hw/HW_Export_V1.xsa
TRACE::2026-08-17.20:28:33::SCWPlatform::DSA given C:/Users/tillkorsmeier/Desktop/MA/Z7-Nano/ParEIS-MSX/SW/HW_Export_V1/hw/HW_Export_V1.xsa
TRACE::2026-08-17.20:28:33::SCWPlatform::DSA absoulate path C:/Users/tillkorsmeier/Desktop/MA/Z7-Nano/ParEIS-MSX/SW/HW_Export_V1/hw/HW_Export_V1.xsa
TRACE::2026-08-17.20:28:33::SCWPlatform::DSA directory C:/Users/tillkorsmeier/Desktop/MA/Z7-Nano/ParEIS-MSX/SW/HW_Export_V1/hw
TRACE::2026-08-17.20:28:33::SCWPlatform:: Platform Path C:/Users/tillkorsmeier/Desktop/MA/Z7-Nano/ParEIS-MSX/SW/HW_Export_V1/hw/HW_Export_V1.xsa
TRACE::2026-08-17.20:28:33::SCWPlatform:: Unique name xilinx:::0.0
TRACE::2026-08-17.20:28:33::SCWPlatform::Trying to set the existing hwdb with name design_1_wrapper_0
TRACE::2026-08-17.20:28:33::SCWPlatform::Opened existing hwdb design_1_wrapper_0
TRACE::2026-08-17.20:28:33::SCWPlatform::Found the Hw Db part of the input DSA
TRACE::2026-08-17.20:28:33::SCWMssOS::Checking the sw design at  C:/Users/tillkorsmeier/Desktop/MA/Z7-Nano/ParEIS-MSX/SW/HW_Export_V1/zynq_fsbl/zynq_fsbl_bsp/system.mss
TRACE::2026-08-17.20:28:33::SCWMssOS::DEBUG:  swdes dump  C:/Users/tillkorsmeier/Desktop/MA/Z7-Nano/ParEIS-MSX/SW/HW_Export_V1/ps7_cortexa9_0/standalone_ps7_cortexa9_0/bsp/system.mss|system_0||
C:/Users/tillkorsmeier/Desktop/MA/Z7-Nano/ParEIS-MSX/SW/HW_Export_V1/zynq_fsbl/zynq_fsbl_bsp/system.mss|system||

TRACE::2026-08-17.20:28:33::SCWMssOS::Sw design exists and opened at  C:/Users/tillkorsmeier/Desktop/MA/Z7-Nano/ParEIS-MSX/SW/HW_Export_V1/zynq_fsbl/zynq_fsbl_bsp/system.mss
TRACE::2026-08-17.20:28:33::SCWPlatform::Trying to open the hw design at C:/Users/tillkorsmeier/Desktop/MA/Z7-Nano/ParEIS-MSX/SW/HW_Export_V1/hw/HW_Export_V1.xsa
TRACE::2026-08-17.20:28:33::SCWPlatform::DSA given C:/Users/tillkorsmeier/Desktop/MA/Z7-Nano/ParEIS-MSX/SW/HW_Export_V1/hw/HW_Export_V1.xsa
TRACE::2026-08-17.20:28:33::SCWPlatform::DSA absoulate path C:/Users/tillkorsmeier/Desktop/MA/Z7-Nano/ParEIS-MSX/SW/HW_Export_V1/hw/HW_Export_V1.xsa
TRACE::2026-08-17.20:28:33::SCWPlatform::DSA directory C:/Users/tillkorsmeier/Desktop/MA/Z7-Nano/ParEIS-MSX/SW/HW_Export_V1/hw
TRACE::2026-08-17.20:28:33::SCWPlatform:: Platform Path C:/Users/tillkorsmeier/Desktop/MA/Z7-Nano/ParEIS-MSX/SW/HW_Export_V1/hw/HW_Export_V1.xsa
TRACE::2026-08-17.20:28:33::SCWPlatform:: Unique name xilinx:::0.0
TRACE::2026-08-17.20:28:33::SCWPlatform::Trying to set the existing hwdb with name design_1_wrapper_0
TRACE::2026-08-17.20:28:33::SCWPlatform::Opened existing hwdb design_1_wrapper_0
TRACE::2026-08-17.20:28:33::SCWPlatform::Found the Hw Db part of the input DSA
TRACE::2026-08-17.20:28:33::SCWMssOS::Checking the sw design at  C:/Users/tillkorsmeier/Desktop/MA/Z7-Nano/ParEIS-MSX/SW/HW_Export_V1/ps7_cortexa9_0/standalone_ps7_cortexa9_0/bsp/system.mss
TRACE::2026-08-17.20:28:33::SCWMssOS::DEBUG:  swdes dump  C:/Users/tillkorsmeier/Desktop/MA/Z7-Nano/ParEIS-MSX/SW/HW_Export_V1/ps7_cortexa9_0/standalone_ps7_cortexa9_0/bsp/system.mss|system_0||
C:/Users/tillkorsmeier/Desktop/MA/Z7-Nano/ParEIS-MSX/SW/HW_Export_V1/zynq_fsbl/zynq_fsbl_bsp/system.mss|system||

TRACE::2026-08-17.20:28:33::SCWMssOS::Sw design exists and opened at  C:/Users/tillkorsmeier/Desktop/MA/Z7-Nano/ParEIS-MSX/SW/HW_Export_V1/ps7_cortexa9_0/standalone_ps7_cortexa9_0/bsp/system.mss
TRACE::2026-08-17.20:28:33::SCWPlatform::Trying to open the hw design at C:/Users/tillkorsmeier/Desktop/MA/Z7-Nano/ParEIS-MSX/SW/HW_Export_V1/hw/HW_Export_V1.xsa
TRACE::2026-08-17.20:28:33::SCWPlatform::DSA given C:/Users/tillkorsmeier/Desktop/MA/Z7-Nano/ParEIS-MSX/SW/HW_Export_V1/hw/HW_Export_V1.xsa
TRACE::2026-08-17.20:28:33::SCWPlatform::DSA absoulate path C:/Users/tillkorsmeier/Desktop/MA/Z7-Nano/ParEIS-MSX/SW/HW_Export_V1/hw/HW_Export_V1.xsa
TRACE::2026-08-17.20:28:33::SCWPlatform::DSA directory C:/Users/tillkorsmeier/Desktop/MA/Z7-Nano/ParEIS-MSX/SW/HW_Export_V1/hw
TRACE::2026-08-17.20:28:33::SCWPlatform:: Platform Path C:/Users/tillkorsmeier/Desktop/MA/Z7-Nano/ParEIS-MSX/SW/HW_Export_V1/hw/HW_Export_V1.xsa
TRACE::2026-08-17.20:28:33::SCWPlatform:: Unique name xilinx:::0.0
TRACE::2026-08-17.20:28:33::SCWPlatform::Trying to set the existing hwdb with name design_1_wrapper_0
TRACE::2026-08-17.20:28:33::SCWPlatform::Opened existing hwdb design_1_wrapper_0
TRACE::2026-08-17.20:28:33::SCWPlatform::Found the Hw Db part of the input DSA
TRACE::2026-08-17.20:28:33::SCWMssOS::Checking the sw design at  C:/Users/tillkorsmeier/Desktop/MA/Z7-Nano/ParEIS-MSX/SW/HW_Export_V1/ps7_cortexa9_0/standalone_ps7_cortexa9_0/bsp/system.mss
TRACE::2026-08-17.20:28:33::SCWMssOS::DEBUG:  swdes dump  C:/Users/tillkorsmeier/Desktop/MA/Z7-Nano/ParEIS-MSX/SW/HW_Export_V1/ps7_cortexa9_0/standalone_ps7_cortexa9_0/bsp/system.mss|system_0||
C:/Users/tillkorsmeier/Desktop/MA/Z7-Nano/ParEIS-MSX/SW/HW_Export_V1/zynq_fsbl/zynq_fsbl_bsp/system.mss|system||

TRACE::2026-08-17.20:28:33::SCWMssOS::Sw design exists and opened at  C:/Users/tillkorsmeier/Desktop/MA/Z7-Nano/ParEIS-MSX/SW/HW_Export_V1/ps7_cortexa9_0/standalone_ps7_cortexa9_0/bsp/system.mss
TRACE::2026-08-17.20:28:33::SCWPlatform::Trying to open the hw design at C:/Users/tillkorsmeier/Desktop/MA/Z7-Nano/ParEIS-MSX/SW/HW_Export_V1/hw/HW_Export_V1.xsa
TRACE::2026-08-17.20:28:33::SCWPlatform::DSA given C:/Users/tillkorsmeier/Desktop/MA/Z7-Nano/ParEIS-MSX/SW/HW_Export_V1/hw/HW_Export_V1.xsa
TRACE::2026-08-17.20:28:33::SCWPlatform::DSA absoulate path C:/Users/tillkorsmeier/Desktop/MA/Z7-Nano/ParEIS-MSX/SW/HW_Export_V1/hw/HW_Export_V1.xsa
TRACE::2026-08-17.20:28:33::SCWPlatform::DSA directory C:/Users/tillkorsmeier/Desktop/MA/Z7-Nano/ParEIS-MSX/SW/HW_Export_V1/hw
TRACE::2026-08-17.20:28:33::SCWPlatform:: Platform Path C:/Users/tillkorsmeier/Desktop/MA/Z7-Nano/ParEIS-MSX/SW/HW_Export_V1/hw/HW_Export_V1.xsa
TRACE::2026-08-17.20:28:33::SCWPlatform:: Unique name xilinx:::0.0
TRACE::2026-08-17.20:28:33::SCWPlatform::Trying to set the existing hwdb with name design_1_wrapper_0
TRACE::2026-08-17.20:28:33::SCWPlatform::Opened existing hwdb design_1_wrapper_0
TRACE::2026-08-17.20:28:33::SCWPlatform::Found the Hw Db part of the input DSA
TRACE::2026-08-17.20:28:33::SCWMssOS::Checking the sw design at  C:/Users/tillkorsmeier/Desktop/MA/Z7-Nano/ParEIS-MSX/SW/HW_Export_V1/ps7_cortexa9_0/standalone_ps7_cortexa9_0/bsp/system.mss
TRACE::2026-08-17.20:28:33::SCWMssOS::DEBUG:  swdes dump  C:/Users/tillkorsmeier/Desktop/MA/Z7-Nano/ParEIS-MSX/SW/HW_Export_V1/ps7_cortexa9_0/standalone_ps7_cortexa9_0/bsp/system.mss|system_0||
C:/Users/tillkorsmeier/Desktop/MA/Z7-Nano/ParEIS-MSX/SW/HW_Export_V1/zynq_fsbl/zynq_fsbl_bsp/system.mss|system||

TRACE::2026-08-17.20:28:33::SCWMssOS::Sw design exists and opened at  C:/Users/tillkorsmeier/Desktop/MA/Z7-Nano/ParEIS-MSX/SW/HW_Export_V1/ps7_cortexa9_0/standalone_ps7_cortexa9_0/bsp/system.mss
TRACE::2026-08-17.20:28:33::SCWWriter::formatted JSON is {
	"platformName":	"HW_Export_V1",
	"sprVersion":	"2.0",
	"mode":	"gui",
	"dsaType":	"Fixed",
	"platformDesc":	"HW_Export_V1",
	"platHandOff":	"<platformDir>.xsa",
	"platIntHandOff":	"<platformDir>/hw/HW_Export_V1.xsa",
	"deviceType":	"zynq",
	"platIsPrebuiltAutogen":	"false",
	"platIsNoBootBsp":	"false",
	"platFsblTarget":	"ps7_cortexa9_0",
	"hasFsblMakeHasChanges":	"false",
	"hasPmufwMakeHasChanges":	"false",
	"fsblExtraCompilerFlags":	"-MMD -MP       -mcpu=cortex-a9 -mfpu=vfpv3 -mfloat-abi=hard ",
	"platPreBuiltFlag":	false,
	"platformSamplesDir":	"",
	"platActiveSys":	"HW_Export_V1",
	"systems":	[{
			"systemName":	"HW_Export_V1",
			"systemDesc":	"HW_Export_V1",
			"sysIsBootAutoGen":	"true",
			"systemDispName":	"HW_Export_V1",
			"sysActiveDom":	"standalone_ps7_cortexa9_0",
			"sysDefaultDom":	"standalone_ps7_cortexa9_0",
			"domains":	[{
					"domainName":	"zynq_fsbl",
					"domainDispName":	"zynq_fsbl",
					"domainDesc":	"FSBL Application BSP - Auto Generated.",
					"processors":	"ps7_cortexa9_0",
					"os":	"standalone",
					"sdxOs":	"standalone",
					"debugEnable":	"",
					"domRuntimes":	["cpp"],
					"swRepo":	"",
					"mssOsVer":	"9.2",
					"mssFile":	"",
					"md5Digest":	"eb13c396dfacc0d4cf82f9f4d1da7be6",
					"compatibleApp":	"zynq_fsbl",
					"domType":	"bootDomain",
					"arch":	"32-bit",
					"appSettings":	{
						"appCompilerFlags":	"",
						"appLinkerFlags":	""
					},
					"addedLibs":	["xilffs:5.3", "xilrsa:1.8"],
					"libOptions":	{
						"libsContainingOptions":	[]
					},
					"prebuiltLibs":	{
						"prebuiltIncPath":	[],
						"prebuiltLibPath":	[]
					},
					"isolation":	{
					}
				}, {
					"domainName":	"standalone_ps7_cortexa9_0",
					"domainDispName":	"standalone_ps7_cortexa9_0",
					"domainDesc":	"standalone_ps7_cortexa9_0",
					"processors":	"ps7_cortexa9_0",
					"os":	"standalone",
					"sdxOs":	"standalone",
					"qemuArgs":	"<platformDir>/resources/HW_Export_V1/standalone_ps7_cortexa9_0/qemu_args.txt",
					"qemuData":	"<platformDir>/resources/HW_Export_V1/standalone_ps7_cortexa9_0/qemu",
					"debugEnable":	"False",
					"domRuntimes":	["cpp"],
					"swRepo":	"",
					"mssOsVer":	"9.2",
					"mssFile":	"",
					"md5Digest":	"1bf2491101bc5b23d21c48713d3e1118",
					"compatibleApp":	"empty_application",
					"domType":	"mssDomain",
					"arch":	"32-bit",
					"appSettings":	{
						"appCompilerFlags":	"",
						"appLinkerFlags":	""
					},
					"addedLibs":	[],
					"libOptions":	{
						"libsContainingOptions":	[]
					},
					"prebuiltLibs":	{
						"prebuiltIncPath":	[],
						"prebuiltLibPath":	[]
					},
					"isolation":	{
					}
				}]
		}]
}
LOG::2026-08-17.20:28:33::SCWPlatform::Started generating the artifacts platform HW_Export_V1
TRACE::2026-08-17.20:28:33::SCWPlatform::Sanity checking of platform is completed
LOG::2026-08-17.20:28:33::SCWPlatform::Started generating the artifacts for system configuration HW_Export_V1
LOG::2026-08-17.20:28:33::SCWSystem::Checking the domain zynq_fsbl
LOG::2026-08-17.20:28:33::SCWSystem::Doing application build for :  zynq_fsbl
TRACE::2026-08-17.20:28:33::SCWBDomain::Not a forced makefile updation, No changes are present. 
TRACE::2026-08-17.20:28:33::SCWDomain::Skipping the build for domain :  zynq_fsbl
LOG::2026-08-17.20:28:33::SCWSystem::Checking the domain standalone_ps7_cortexa9_0
LOG::2026-08-17.20:28:33::SCWSystem::Not a boot domain 
LOG::2026-08-17.20:28:33::SCWSystem::Started Processing the domain standalone_ps7_cortexa9_0
TRACE::2026-08-17.20:28:33::SCWDomain::Generating domain artifcats
TRACE::2026-08-17.20:28:33::SCWMssOS::Generating standalone artifcats
TRACE::2026-08-17.20:28:33::SCWMssOS::Copying the qemu file from  C:/Users/tillkorsmeier/Desktop/MA/Z7-Nano/ParEIS-MSX/SW/HW_Export_V1/resources/HW_Export_V1/standalone_ps7_cortexa9_0/qemu_args.txt To C:/Users/tillkorsmeier/Desktop/MA/Z7-Nano/ParEIS-MSX/SW/HW_Export_V1/export/HW_Export_V1/sw/HW_Export_V1/qemu/
TRACE::2026-08-17.20:28:33::SCWMssOS::Copying the qemu file from  C:/Users/tillkorsmeier/Desktop/MA/Z7-Nano/ParEIS-MSX/SW/HW_Export_V1/resources/HW_Export_V1/standalone_ps7_cortexa9_0/qemu_args.txt To C:/Users/tillkorsmeier/Desktop/MA/Z7-Nano/ParEIS-MSX/SW/HW_Export_V1/export/HW_Export_V1/sw/HW_Export_V1/standalone_ps7_cortexa9_0/qemu/
TRACE::2026-08-17.20:28:33::SCWMssOS:: Copying the user libraries. 
TRACE::2026-08-17.20:28:33::SCWPlatform::Trying to open the hw design at C:/Users/tillkorsmeier/Desktop/MA/Z7-Nano/ParEIS-MSX/SW/HW_Export_V1/hw/HW_Export_V1.xsa
TRACE::2026-08-17.20:28:33::SCWPlatform::DSA given C:/Users/tillkorsmeier/Desktop/MA/Z7-Nano/ParEIS-MSX/SW/HW_Export_V1/hw/HW_Export_V1.xsa
TRACE::2026-08-17.20:28:33::SCWPlatform::DSA absoulate path C:/Users/tillkorsmeier/Desktop/MA/Z7-Nano/ParEIS-MSX/SW/HW_Export_V1/hw/HW_Export_V1.xsa
TRACE::2026-08-17.20:28:33::SCWPlatform::DSA directory C:/Users/tillkorsmeier/Desktop/MA/Z7-Nano/ParEIS-MSX/SW/HW_Export_V1/hw
TRACE::2026-08-17.20:28:33::SCWPlatform:: Platform Path C:/Users/tillkorsmeier/Desktop/MA/Z7-Nano/ParEIS-MSX/SW/HW_Export_V1/hw/HW_Export_V1.xsa
TRACE::2026-08-17.20:28:33::SCWPlatform:: Unique name xilinx:::0.0
TRACE::2026-08-17.20:28:33::SCWPlatform::Trying to set the existing hwdb with name design_1_wrapper_0
TRACE::2026-08-17.20:28:33::SCWPlatform::Opened existing hwdb design_1_wrapper_0
TRACE::2026-08-17.20:28:33::SCWPlatform::Found the Hw Db part of the input DSA
TRACE::2026-08-17.20:28:33::SCWMssOS::Checking the sw design at  C:/Users/tillkorsmeier/Desktop/MA/Z7-Nano/ParEIS-MSX/SW/HW_Export_V1/ps7_cortexa9_0/standalone_ps7_cortexa9_0/bsp/system.mss
TRACE::2026-08-17.20:28:33::SCWMssOS::DEBUG:  swdes dump  C:/Users/tillkorsmeier/Desktop/MA/Z7-Nano/ParEIS-MSX/SW/HW_Export_V1/ps7_cortexa9_0/standalone_ps7_cortexa9_0/bsp/system.mss|system_0||
C:/Users/tillkorsmeier/Desktop/MA/Z7-Nano/ParEIS-MSX/SW/HW_Export_V1/zynq_fsbl/zynq_fsbl_bsp/system.mss|system||

TRACE::2026-08-17.20:28:33::SCWMssOS::Sw design exists and opened at  C:/Users/tillkorsmeier/Desktop/MA/Z7-Nano/ParEIS-MSX/SW/HW_Export_V1/ps7_cortexa9_0/standalone_ps7_cortexa9_0/bsp/system.mss
TRACE::2026-08-17.20:28:33::SCWMssOS::Completed writing the mss file at C:/Users/tillkorsmeier/Desktop/MA/Z7-Nano/ParEIS-MSX/SW/HW_Export_V1/ps7_cortexa9_0/standalone_ps7_cortexa9_0/bsp
TRACE::2026-08-17.20:28:33::SCWMssOS::Mss edits present, copying mssfile into export location C:/Users/tillkorsmeier/Desktop/MA/Z7-Nano/ParEIS-MSX/SW/HW_Export_V1/ps7_cortexa9_0/standalone_ps7_cortexa9_0/bsp/system.mss
TRACE::2026-08-17.20:28:33::SCWMssOS::bsp generated is upto date with the mss file. Skipping bsp generation.
TRACE::2026-08-17.20:28:33::SCWMssOS::BSP is already built. skipping the bsp build ... 
TRACE::2026-08-17.20:28:33::SCWDomain::Skipping the build for domain :  standalone_ps7_cortexa9_0
TRACE::2026-08-17.20:28:33::SCWMssOS::skipping the bsp build ... 
TRACE::2026-08-17.20:28:33::SCWMssOS::Copying to export directory.
TRACE::2026-08-17.20:28:33::SCWMssOS:: Checking if to create the Supporting Applications
TRACE::2026-08-17.20:28:33::SCWMssOS:: No Linux domain exists, trying to generate FSBL 
TRACE::2026-08-17.20:28:33::SCWMssOS:: Completed Standalone Artifacts creation 
LOG::2026-08-17.20:28:33::SCWSystem::Completed Processing the domain standalone_ps7_cortexa9_0
LOG::2026-08-17.20:28:33::SCWSystem::Completed Processing the sysconfig HW_Export_V1
LOG::2026-08-17.20:28:33::SCWPlatform::Completed generating the artifacts for system configuration HW_Export_V1
TRACE::2026-08-17.20:28:33::SCWPlatform::Started preparing the platform 
TRACE::2026-08-17.20:28:33::SCWSystem::Writing the bif file for system config HW_Export_V1
TRACE::2026-08-17.20:28:33::SCWSystem::dir created 
TRACE::2026-08-17.20:28:33::SCWSystem::Writing the bif 
TRACE::2026-08-17.20:28:33::SCWPlatform::Started writing the spfm file 
TRACE::2026-08-17.20:28:33::SCWPlatform::Started writing the xpfm file 
TRACE::2026-08-17.20:28:33::SCWPlatform::Completed generating the platform
TRACE::2026-08-17.20:28:33::SCWMssOS::Saving the mss changes C:/Users/tillkorsmeier/Desktop/MA/Z7-Nano/ParEIS-MSX/SW/HW_Export_V1/zynq_fsbl/zynq_fsbl_bsp/system.mss
TRACE::2026-08-17.20:28:33::SCWMssOS::Found a swdesign opened with the mssfile.
TRACE::2026-08-17.20:28:33::SCWMssOS::Completed writemss as part of save.
TRACE::2026-08-17.20:28:33::SCWMssOS::Commit changes completed.
TRACE::2026-08-17.20:28:33::SCWMssOS::Saving the mss changes C:/Users/tillkorsmeier/Desktop/MA/Z7-Nano/ParEIS-MSX/SW/HW_Export_V1/ps7_cortexa9_0/standalone_ps7_cortexa9_0/bsp/system.mss
TRACE::2026-08-17.20:28:33::SCWMssOS::Found a swdesign opened with the mssfile.
TRACE::2026-08-17.20:28:33::SCWMssOS::Completed writemss as part of save.
TRACE::2026-08-17.20:28:33::SCWMssOS::Commit changes completed.
TRACE::2026-08-17.20:28:33::SCWPlatform::Trying to open the hw design at C:/Users/tillkorsmeier/Desktop/MA/Z7-Nano/ParEIS-MSX/SW/HW_Export_V1/hw/HW_Export_V1.xsa
TRACE::2026-08-17.20:28:33::SCWPlatform::DSA given C:/Users/tillkorsmeier/Desktop/MA/Z7-Nano/ParEIS-MSX/SW/HW_Export_V1/hw/HW_Export_V1.xsa
TRACE::2026-08-17.20:28:33::SCWPlatform::DSA absoulate path C:/Users/tillkorsmeier/Desktop/MA/Z7-Nano/ParEIS-MSX/SW/HW_Export_V1/hw/HW_Export_V1.xsa
TRACE::2026-08-17.20:28:33::SCWPlatform::DSA directory C:/Users/tillkorsmeier/Desktop/MA/Z7-Nano/ParEIS-MSX/SW/HW_Export_V1/hw
TRACE::2026-08-17.20:28:33::SCWPlatform:: Platform Path C:/Users/tillkorsmeier/Desktop/MA/Z7-Nano/ParEIS-MSX/SW/HW_Export_V1/hw/HW_Export_V1.xsa
TRACE::2026-08-17.20:28:33::SCWPlatform:: Unique name xilinx:::0.0
TRACE::2026-08-17.20:28:33::SCWPlatform::Trying to set the existing hwdb with name design_1_wrapper_0
TRACE::2026-08-17.20:28:33::SCWPlatform::Opened existing hwdb design_1_wrapper_0
TRACE::2026-08-17.20:28:33::SCWPlatform::Found the Hw Db part of the input DSA
TRACE::2026-08-17.20:28:33::SCWMssOS::Checking the sw design at  C:/Users/tillkorsmeier/Desktop/MA/Z7-Nano/ParEIS-MSX/SW/HW_Export_V1/zynq_fsbl/zynq_fsbl_bsp/system.mss
TRACE::2026-08-17.20:28:33::SCWMssOS::DEBUG:  swdes dump  C:/Users/tillkorsmeier/Desktop/MA/Z7-Nano/ParEIS-MSX/SW/HW_Export_V1/ps7_cortexa9_0/standalone_ps7_cortexa9_0/bsp/system.mss|system_0||
C:/Users/tillkorsmeier/Desktop/MA/Z7-Nano/ParEIS-MSX/SW/HW_Export_V1/zynq_fsbl/zynq_fsbl_bsp/system.mss|system||

TRACE::2026-08-17.20:28:33::SCWMssOS::Sw design exists and opened at  C:/Users/tillkorsmeier/Desktop/MA/Z7-Nano/ParEIS-MSX/SW/HW_Export_V1/zynq_fsbl/zynq_fsbl_bsp/system.mss
TRACE::2026-08-17.20:28:33::SCWPlatform::Trying to open the hw design at C:/Users/tillkorsmeier/Desktop/MA/Z7-Nano/ParEIS-MSX/SW/HW_Export_V1/hw/HW_Export_V1.xsa
TRACE::2026-08-17.20:28:33::SCWPlatform::DSA given C:/Users/tillkorsmeier/Desktop/MA/Z7-Nano/ParEIS-MSX/SW/HW_Export_V1/hw/HW_Export_V1.xsa
TRACE::2026-08-17.20:28:33::SCWPlatform::DSA absoulate path C:/Users/tillkorsmeier/Desktop/MA/Z7-Nano/ParEIS-MSX/SW/HW_Export_V1/hw/HW_Export_V1.xsa
TRACE::2026-08-17.20:28:33::SCWPlatform::DSA directory C:/Users/tillkorsmeier/Desktop/MA/Z7-Nano/ParEIS-MSX/SW/HW_Export_V1/hw
TRACE::2026-08-17.20:28:33::SCWPlatform:: Platform Path C:/Users/tillkorsmeier/Desktop/MA/Z7-Nano/ParEIS-MSX/SW/HW_Export_V1/hw/HW_Export_V1.xsa
TRACE::2026-08-17.20:28:33::SCWPlatform:: Unique name xilinx:::0.0
TRACE::2026-08-17.20:28:33::SCWPlatform::Trying to set the existing hwdb with name design_1_wrapper_0
TRACE::2026-08-17.20:28:33::SCWPlatform::Opened existing hwdb design_1_wrapper_0
TRACE::2026-08-17.20:28:33::SCWPlatform::Found the Hw Db part of the input DSA
TRACE::2026-08-17.20:28:33::SCWMssOS::Checking the sw design at  C:/Users/tillkorsmeier/Desktop/MA/Z7-Nano/ParEIS-MSX/SW/HW_Export_V1/zynq_fsbl/zynq_fsbl_bsp/system.mss
TRACE::2026-08-17.20:28:33::SCWMssOS::DEBUG:  swdes dump  C:/Users/tillkorsmeier/Desktop/MA/Z7-Nano/ParEIS-MSX/SW/HW_Export_V1/ps7_cortexa9_0/standalone_ps7_cortexa9_0/bsp/system.mss|system_0||
C:/Users/tillkorsmeier/Desktop/MA/Z7-Nano/ParEIS-MSX/SW/HW_Export_V1/zynq_fsbl/zynq_fsbl_bsp/system.mss|system||

TRACE::2026-08-17.20:28:33::SCWMssOS::Sw design exists and opened at  C:/Users/tillkorsmeier/Desktop/MA/Z7-Nano/ParEIS-MSX/SW/HW_Export_V1/zynq_fsbl/zynq_fsbl_bsp/system.mss
TRACE::2026-08-17.20:28:33::SCWPlatform::Trying to open the hw design at C:/Users/tillkorsmeier/Desktop/MA/Z7-Nano/ParEIS-MSX/SW/HW_Export_V1/hw/HW_Export_V1.xsa
TRACE::2026-08-17.20:28:33::SCWPlatform::DSA given C:/Users/tillkorsmeier/Desktop/MA/Z7-Nano/ParEIS-MSX/SW/HW_Export_V1/hw/HW_Export_V1.xsa
TRACE::2026-08-17.20:28:33::SCWPlatform::DSA absoulate path C:/Users/tillkorsmeier/Desktop/MA/Z7-Nano/ParEIS-MSX/SW/HW_Export_V1/hw/HW_Export_V1.xsa
TRACE::2026-08-17.20:28:33::SCWPlatform::DSA directory C:/Users/tillkorsmeier/Desktop/MA/Z7-Nano/ParEIS-MSX/SW/HW_Export_V1/hw
TRACE::2026-08-17.20:28:33::SCWPlatform:: Platform Path C:/Users/tillkorsmeier/Desktop/MA/Z7-Nano/ParEIS-MSX/SW/HW_Export_V1/hw/HW_Export_V1.xsa
TRACE::2026-08-17.20:28:33::SCWPlatform:: Unique name xilinx:::0.0
TRACE::2026-08-17.20:28:33::SCWPlatform::Trying to set the existing hwdb with name design_1_wrapper_0
TRACE::2026-08-17.20:28:33::SCWPlatform::Opened existing hwdb design_1_wrapper_0
TRACE::2026-08-17.20:28:33::SCWPlatform::Found the Hw Db part of the input DSA
TRACE::2026-08-17.20:28:33::SCWMssOS::Checking the sw design at  C:/Users/tillkorsmeier/Desktop/MA/Z7-Nano/ParEIS-MSX/SW/HW_Export_V1/zynq_fsbl/zynq_fsbl_bsp/system.mss
TRACE::2026-08-17.20:28:33::SCWMssOS::DEBUG:  swdes dump  C:/Users/tillkorsmeier/Desktop/MA/Z7-Nano/ParEIS-MSX/SW/HW_Export_V1/ps7_cortexa9_0/standalone_ps7_cortexa9_0/bsp/system.mss|system_0||
C:/Users/tillkorsmeier/Desktop/MA/Z7-Nano/ParEIS-MSX/SW/HW_Export_V1/zynq_fsbl/zynq_fsbl_bsp/system.mss|system||

TRACE::2026-08-17.20:28:33::SCWMssOS::Sw design exists and opened at  C:/Users/tillkorsmeier/Desktop/MA/Z7-Nano/ParEIS-MSX/SW/HW_Export_V1/zynq_fsbl/zynq_fsbl_bsp/system.mss
TRACE::2026-08-17.20:28:33::SCWPlatform::Trying to open the hw design at C:/Users/tillkorsmeier/Desktop/MA/Z7-Nano/ParEIS-MSX/SW/HW_Export_V1/hw/HW_Export_V1.xsa
TRACE::2026-08-17.20:28:33::SCWPlatform::DSA given C:/Users/tillkorsmeier/Desktop/MA/Z7-Nano/ParEIS-MSX/SW/HW_Export_V1/hw/HW_Export_V1.xsa
TRACE::2026-08-17.20:28:33::SCWPlatform::DSA absoulate path C:/Users/tillkorsmeier/Desktop/MA/Z7-Nano/ParEIS-MSX/SW/HW_Export_V1/hw/HW_Export_V1.xsa
TRACE::2026-08-17.20:28:33::SCWPlatform::DSA directory C:/Users/tillkorsmeier/Desktop/MA/Z7-Nano/ParEIS-MSX/SW/HW_Export_V1/hw
TRACE::2026-08-17.20:28:33::SCWPlatform:: Platform Path C:/Users/tillkorsmeier/Desktop/MA/Z7-Nano/ParEIS-MSX/SW/HW_Export_V1/hw/HW_Export_V1.xsa
TRACE::2026-08-17.20:28:33::SCWPlatform:: Unique name xilinx:::0.0
TRACE::2026-08-17.20:28:33::SCWPlatform::Trying to set the existing hwdb with name design_1_wrapper_0
TRACE::2026-08-17.20:28:33::SCWPlatform::Opened existing hwdb design_1_wrapper_0
TRACE::2026-08-17.20:28:33::SCWPlatform::Found the Hw Db part of the input DSA
TRACE::2026-08-17.20:28:33::SCWMssOS::Checking the sw design at  C:/Users/tillkorsmeier/Desktop/MA/Z7-Nano/ParEIS-MSX/SW/HW_Export_V1/ps7_cortexa9_0/standalone_ps7_cortexa9_0/bsp/system.mss
TRACE::2026-08-17.20:28:33::SCWMssOS::DEBUG:  swdes dump  C:/Users/tillkorsmeier/Desktop/MA/Z7-Nano/ParEIS-MSX/SW/HW_Export_V1/ps7_cortexa9_0/standalone_ps7_cortexa9_0/bsp/system.mss|system_0||
C:/Users/tillkorsmeier/Desktop/MA/Z7-Nano/ParEIS-MSX/SW/HW_Export_V1/zynq_fsbl/zynq_fsbl_bsp/system.mss|system||

TRACE::2026-08-17.20:28:33::SCWMssOS::Sw design exists and opened at  C:/Users/tillkorsmeier/Desktop/MA/Z7-Nano/ParEIS-MSX/SW/HW_Export_V1/ps7_cortexa9_0/standalone_ps7_cortexa9_0/bsp/system.mss
TRACE::2026-08-17.20:28:33::SCWPlatform::Trying to open the hw design at C:/Users/tillkorsmeier/Desktop/MA/Z7-Nano/ParEIS-MSX/SW/HW_Export_V1/hw/HW_Export_V1.xsa
TRACE::2026-08-17.20:28:33::SCWPlatform::DSA given C:/Users/tillkorsmeier/Desktop/MA/Z7-Nano/ParEIS-MSX/SW/HW_Export_V1/hw/HW_Export_V1.xsa
TRACE::2026-08-17.20:28:33::SCWPlatform::DSA absoulate path C:/Users/tillkorsmeier/Desktop/MA/Z7-Nano/ParEIS-MSX/SW/HW_Export_V1/hw/HW_Export_V1.xsa
TRACE::2026-08-17.20:28:33::SCWPlatform::DSA directory C:/Users/tillkorsmeier/Desktop/MA/Z7-Nano/ParEIS-MSX/SW/HW_Export_V1/hw
TRACE::2026-08-17.20:28:33::SCWPlatform:: Platform Path C:/Users/tillkorsmeier/Desktop/MA/Z7-Nano/ParEIS-MSX/SW/HW_Export_V1/hw/HW_Export_V1.xsa
TRACE::2026-08-17.20:28:33::SCWPlatform:: Unique name xilinx:::0.0
TRACE::2026-08-17.20:28:33::SCWPlatform::Trying to set the existing hwdb with name design_1_wrapper_0
TRACE::2026-08-17.20:28:33::SCWPlatform::Opened existing hwdb design_1_wrapper_0
TRACE::2026-08-17.20:28:33::SCWPlatform::Found the Hw Db part of the input DSA
TRACE::2026-08-17.20:28:33::SCWMssOS::Checking the sw design at  C:/Users/tillkorsmeier/Desktop/MA/Z7-Nano/ParEIS-MSX/SW/HW_Export_V1/ps7_cortexa9_0/standalone_ps7_cortexa9_0/bsp/system.mss
TRACE::2026-08-17.20:28:33::SCWMssOS::DEBUG:  swdes dump  C:/Users/tillkorsmeier/Desktop/MA/Z7-Nano/ParEIS-MSX/SW/HW_Export_V1/ps7_cortexa9_0/standalone_ps7_cortexa9_0/bsp/system.mss|system_0||
C:/Users/tillkorsmeier/Desktop/MA/Z7-Nano/ParEIS-MSX/SW/HW_Export_V1/zynq_fsbl/zynq_fsbl_bsp/system.mss|system||

TRACE::2026-08-17.20:28:33::SCWMssOS::Sw design exists and opened at  C:/Users/tillkorsmeier/Desktop/MA/Z7-Nano/ParEIS-MSX/SW/HW_Export_V1/ps7_cortexa9_0/standalone_ps7_cortexa9_0/bsp/system.mss
TRACE::2026-08-17.20:28:33::SCWPlatform::Trying to open the hw design at C:/Users/tillkorsmeier/Desktop/MA/Z7-Nano/ParEIS-MSX/SW/HW_Export_V1/hw/HW_Export_V1.xsa
TRACE::2026-08-17.20:28:33::SCWPlatform::DSA given C:/Users/tillkorsmeier/Desktop/MA/Z7-Nano/ParEIS-MSX/SW/HW_Export_V1/hw/HW_Export_V1.xsa
TRACE::2026-08-17.20:28:33::SCWPlatform::DSA absoulate path C:/Users/tillkorsmeier/Desktop/MA/Z7-Nano/ParEIS-MSX/SW/HW_Export_V1/hw/HW_Export_V1.xsa
TRACE::2026-08-17.20:28:33::SCWPlatform::DSA directory C:/Users/tillkorsmeier/Desktop/MA/Z7-Nano/ParEIS-MSX/SW/HW_Export_V1/hw
TRACE::2026-08-17.20:28:33::SCWPlatform:: Platform Path C:/Users/tillkorsmeier/Desktop/MA/Z7-Nano/ParEIS-MSX/SW/HW_Export_V1/hw/HW_Export_V1.xsa
TRACE::2026-08-17.20:28:33::SCWPlatform:: Unique name xilinx:::0.0
TRACE::2026-08-17.20:28:33::SCWPlatform::Trying to set the existing hwdb with name design_1_wrapper_0
TRACE::2026-08-17.20:28:33::SCWPlatform::Opened existing hwdb design_1_wrapper_0
TRACE::2026-08-17.20:28:33::SCWPlatform::Found the Hw Db part of the input DSA
TRACE::2026-08-17.20:28:33::SCWMssOS::Checking the sw design at  C:/Users/tillkorsmeier/Desktop/MA/Z7-Nano/ParEIS-MSX/SW/HW_Export_V1/ps7_cortexa9_0/standalone_ps7_cortexa9_0/bsp/system.mss
TRACE::2026-08-17.20:28:33::SCWMssOS::DEBUG:  swdes dump  C:/Users/tillkorsmeier/Desktop/MA/Z7-Nano/ParEIS-MSX/SW/HW_Export_V1/ps7_cortexa9_0/standalone_ps7_cortexa9_0/bsp/system.mss|system_0||
C:/Users/tillkorsmeier/Desktop/MA/Z7-Nano/ParEIS-MSX/SW/HW_Export_V1/zynq_fsbl/zynq_fsbl_bsp/system.mss|system||

TRACE::2026-08-17.20:28:33::SCWMssOS::Sw design exists and opened at  C:/Users/tillkorsmeier/Desktop/MA/Z7-Nano/ParEIS-MSX/SW/HW_Export_V1/ps7_cortexa9_0/standalone_ps7_cortexa9_0/bsp/system.mss
TRACE::2026-08-17.20:28:33::SCWWriter::formatted JSON is {
	"platformName":	"HW_Export_V1",
	"sprVersion":	"2.0",
	"mode":	"gui",
	"dsaType":	"Fixed",
	"platformDesc":	"HW_Export_V1",
	"platHandOff":	"<platformDir>.xsa",
	"platIntHandOff":	"<platformDir>/hw/HW_Export_V1.xsa",
	"deviceType":	"zynq",
	"platIsPrebuiltAutogen":	"false",
	"platIsNoBootBsp":	"false",
	"platFsblTarget":	"ps7_cortexa9_0",
	"hasFsblMakeHasChanges":	"false",
	"hasPmufwMakeHasChanges":	"false",
	"fsblExtraCompilerFlags":	"-MMD -MP       -mcpu=cortex-a9 -mfpu=vfpv3 -mfloat-abi=hard ",
	"platPreBuiltFlag":	false,
	"platformSamplesDir":	"",
	"platActiveSys":	"HW_Export_V1",
	"systems":	[{
			"systemName":	"HW_Export_V1",
			"systemDesc":	"HW_Export_V1",
			"sysIsBootAutoGen":	"true",
			"systemDispName":	"HW_Export_V1",
			"sysActiveDom":	"standalone_ps7_cortexa9_0",
			"sysDefaultDom":	"standalone_ps7_cortexa9_0",
			"domains":	[{
					"domainName":	"zynq_fsbl",
					"domainDispName":	"zynq_fsbl",
					"domainDesc":	"FSBL Application BSP - Auto Generated.",
					"processors":	"ps7_cortexa9_0",
					"os":	"standalone",
					"sdxOs":	"standalone",
					"debugEnable":	"",
					"domRuntimes":	["cpp"],
					"swRepo":	"",
					"mssOsVer":	"9.2",
					"mssFile":	"",
					"md5Digest":	"eb13c396dfacc0d4cf82f9f4d1da7be6",
					"compatibleApp":	"zynq_fsbl",
					"domType":	"bootDomain",
					"arch":	"32-bit",
					"appSettings":	{
						"appCompilerFlags":	"",
						"appLinkerFlags":	""
					},
					"addedLibs":	["xilffs:5.3", "xilrsa:1.8"],
					"libOptions":	{
						"libsContainingOptions":	[]
					},
					"prebuiltLibs":	{
						"prebuiltIncPath":	[],
						"prebuiltLibPath":	[]
					},
					"isolation":	{
					}
				}, {
					"domainName":	"standalone_ps7_cortexa9_0",
					"domainDispName":	"standalone_ps7_cortexa9_0",
					"domainDesc":	"standalone_ps7_cortexa9_0",
					"processors":	"ps7_cortexa9_0",
					"os":	"standalone",
					"sdxOs":	"standalone",
					"qemuArgs":	"<platformDir>/resources/HW_Export_V1/standalone_ps7_cortexa9_0/qemu_args.txt",
					"qemuData":	"<platformDir>/resources/HW_Export_V1/standalone_ps7_cortexa9_0/qemu",
					"debugEnable":	"False",
					"domRuntimes":	["cpp"],
					"swRepo":	"",
					"mssOsVer":	"9.2",
					"mssFile":	"",
					"md5Digest":	"1bf2491101bc5b23d21c48713d3e1118",
					"compatibleApp":	"empty_application",
					"domType":	"mssDomain",
					"arch":	"32-bit",
					"appSettings":	{
						"appCompilerFlags":	"",
						"appLinkerFlags":	""
					},
					"addedLibs":	[],
					"libOptions":	{
						"libsContainingOptions":	[]
					},
					"prebuiltLibs":	{
						"prebuiltIncPath":	[],
						"prebuiltLibPath":	[]
					},
					"isolation":	{
					}
				}]
		}]
}
KEYINFO::2026-08-17.20:28:33::SCWPlatform::updated the xpfm file.
TRACE::2026-08-17.20:28:33::SCWPlatform::Trying to open the hw design at C:/Users/tillkorsmeier/Desktop/MA/Z7-Nano/ParEIS-MSX/SW/HW_Export_V1/hw/HW_Export_V1.xsa
TRACE::2026-08-17.20:28:33::SCWPlatform::DSA given C:/Users/tillkorsmeier/Desktop/MA/Z7-Nano/ParEIS-MSX/SW/HW_Export_V1/hw/HW_Export_V1.xsa
TRACE::2026-08-17.20:28:33::SCWPlatform::DSA absoulate path C:/Users/tillkorsmeier/Desktop/MA/Z7-Nano/ParEIS-MSX/SW/HW_Export_V1/hw/HW_Export_V1.xsa
TRACE::2026-08-17.20:28:33::SCWPlatform::DSA directory C:/Users/tillkorsmeier/Desktop/MA/Z7-Nano/ParEIS-MSX/SW/HW_Export_V1/hw
TRACE::2026-08-17.20:28:33::SCWPlatform:: Platform Path C:/Users/tillkorsmeier/Desktop/MA/Z7-Nano/ParEIS-MSX/SW/HW_Export_V1/hw/HW_Export_V1.xsa
TRACE::2026-08-17.20:28:33::SCWPlatform:: Unique name xilinx:::0.0
TRACE::2026-08-17.20:28:33::SCWPlatform::Trying to set the existing hwdb with name design_1_wrapper_0
TRACE::2026-08-17.20:28:33::SCWPlatform::Opened existing hwdb design_1_wrapper_0
TRACE::2026-08-17.20:28:33::SCWPlatform::Found the Hw Db part of the input DSA
TRACE::2026-08-17.20:28:33::SCWMssOS::Checking the sw design at  C:/Users/tillkorsmeier/Desktop/MA/Z7-Nano/ParEIS-MSX/SW/HW_Export_V1/ps7_cortexa9_0/standalone_ps7_cortexa9_0/bsp/system.mss
TRACE::2026-08-17.20:28:33::SCWMssOS::DEBUG:  swdes dump  C:/Users/tillkorsmeier/Desktop/MA/Z7-Nano/ParEIS-MSX/SW/HW_Export_V1/ps7_cortexa9_0/standalone_ps7_cortexa9_0/bsp/system.mss|system_0||
C:/Users/tillkorsmeier/Desktop/MA/Z7-Nano/ParEIS-MSX/SW/HW_Export_V1/zynq_fsbl/zynq_fsbl_bsp/system.mss|system||

TRACE::2026-08-17.20:28:33::SCWMssOS::Sw design exists and opened at  C:/Users/tillkorsmeier/Desktop/MA/Z7-Nano/ParEIS-MSX/SW/HW_Export_V1/ps7_cortexa9_0/standalone_ps7_cortexa9_0/bsp/system.mss
TRACE::2026-08-17.20:28:33::SCWMssOS::Saving the mss changes C:/Users/tillkorsmeier/Desktop/MA/Z7-Nano/ParEIS-MSX/SW/HW_Export_V1/zynq_fsbl/zynq_fsbl_bsp/system.mss
TRACE::2026-08-17.20:28:33::SCWMssOS::Found a swdesign opened with the mssfile.
TRACE::2026-08-17.20:28:33::SCWMssOS::Completed writemss as part of save.
TRACE::2026-08-17.20:28:33::SCWMssOS::Commit changes completed.
TRACE::2026-08-17.20:28:33::SCWMssOS::Saving the mss changes C:/Users/tillkorsmeier/Desktop/MA/Z7-Nano/ParEIS-MSX/SW/HW_Export_V1/ps7_cortexa9_0/standalone_ps7_cortexa9_0/bsp/system.mss
TRACE::2026-08-17.20:28:33::SCWMssOS::Found a swdesign opened with the mssfile.
TRACE::2026-08-17.20:28:33::SCWMssOS::Completed writemss as part of save.
TRACE::2026-08-17.20:28:33::SCWMssOS::Commit changes completed.
TRACE::2026-08-17.20:28:33::SCWPlatform::Trying to open the hw design at C:/Users/tillkorsmeier/Desktop/MA/Z7-Nano/ParEIS-MSX/SW/HW_Export_V1/hw/HW_Export_V1.xsa
TRACE::2026-08-17.20:28:33::SCWPlatform::DSA given C:/Users/tillkorsmeier/Desktop/MA/Z7-Nano/ParEIS-MSX/SW/HW_Export_V1/hw/HW_Export_V1.xsa
TRACE::2026-08-17.20:28:33::SCWPlatform::DSA absoulate path C:/Users/tillkorsmeier/Desktop/MA/Z7-Nano/ParEIS-MSX/SW/HW_Export_V1/hw/HW_Export_V1.xsa
TRACE::2026-08-17.20:28:33::SCWPlatform::DSA directory C:/Users/tillkorsmeier/Desktop/MA/Z7-Nano/ParEIS-MSX/SW/HW_Export_V1/hw
TRACE::2026-08-17.20:28:33::SCWPlatform:: Platform Path C:/Users/tillkorsmeier/Desktop/MA/Z7-Nano/ParEIS-MSX/SW/HW_Export_V1/hw/HW_Export_V1.xsa
TRACE::2026-08-17.20:28:33::SCWPlatform:: Unique name xilinx:::0.0
TRACE::2026-08-17.20:28:33::SCWPlatform::Trying to set the existing hwdb with name design_1_wrapper_0
TRACE::2026-08-17.20:28:33::SCWPlatform::Opened existing hwdb design_1_wrapper_0
TRACE::2026-08-17.20:28:33::SCWPlatform::Found the Hw Db part of the input DSA
TRACE::2026-08-17.20:28:33::SCWMssOS::Checking the sw design at  C:/Users/tillkorsmeier/Desktop/MA/Z7-Nano/ParEIS-MSX/SW/HW_Export_V1/zynq_fsbl/zynq_fsbl_bsp/system.mss
TRACE::2026-08-17.20:28:33::SCWMssOS::DEBUG:  swdes dump  C:/Users/tillkorsmeier/Desktop/MA/Z7-Nano/ParEIS-MSX/SW/HW_Export_V1/ps7_cortexa9_0/standalone_ps7_cortexa9_0/bsp/system.mss|system_0||
C:/Users/tillkorsmeier/Desktop/MA/Z7-Nano/ParEIS-MSX/SW/HW_Export_V1/zynq_fsbl/zynq_fsbl_bsp/system.mss|system||

TRACE::2026-08-17.20:28:33::SCWMssOS::Sw design exists and opened at  C:/Users/tillkorsmeier/Desktop/MA/Z7-Nano/ParEIS-MSX/SW/HW_Export_V1/zynq_fsbl/zynq_fsbl_bsp/system.mss
TRACE::2026-08-17.20:28:33::SCWPlatform::Trying to open the hw design at C:/Users/tillkorsmeier/Desktop/MA/Z7-Nano/ParEIS-MSX/SW/HW_Export_V1/hw/HW_Export_V1.xsa
TRACE::2026-08-17.20:28:33::SCWPlatform::DSA given C:/Users/tillkorsmeier/Desktop/MA/Z7-Nano/ParEIS-MSX/SW/HW_Export_V1/hw/HW_Export_V1.xsa
TRACE::2026-08-17.20:28:33::SCWPlatform::DSA absoulate path C:/Users/tillkorsmeier/Desktop/MA/Z7-Nano/ParEIS-MSX/SW/HW_Export_V1/hw/HW_Export_V1.xsa
TRACE::2026-08-17.20:28:33::SCWPlatform::DSA directory C:/Users/tillkorsmeier/Desktop/MA/Z7-Nano/ParEIS-MSX/SW/HW_Export_V1/hw
TRACE::2026-08-17.20:28:33::SCWPlatform:: Platform Path C:/Users/tillkorsmeier/Desktop/MA/Z7-Nano/ParEIS-MSX/SW/HW_Export_V1/hw/HW_Export_V1.xsa
TRACE::2026-08-17.20:28:33::SCWPlatform:: Unique name xilinx:::0.0
TRACE::2026-08-17.20:28:33::SCWPlatform::Trying to set the existing hwdb with name design_1_wrapper_0
TRACE::2026-08-17.20:28:33::SCWPlatform::Opened existing hwdb design_1_wrapper_0
TRACE::2026-08-17.20:28:33::SCWPlatform::Found the Hw Db part of the input DSA
TRACE::2026-08-17.20:28:33::SCWMssOS::Checking the sw design at  C:/Users/tillkorsmeier/Desktop/MA/Z7-Nano/ParEIS-MSX/SW/HW_Export_V1/zynq_fsbl/zynq_fsbl_bsp/system.mss
TRACE::2026-08-17.20:28:33::SCWMssOS::DEBUG:  swdes dump  C:/Users/tillkorsmeier/Desktop/MA/Z7-Nano/ParEIS-MSX/SW/HW_Export_V1/ps7_cortexa9_0/standalone_ps7_cortexa9_0/bsp/system.mss|system_0||
C:/Users/tillkorsmeier/Desktop/MA/Z7-Nano/ParEIS-MSX/SW/HW_Export_V1/zynq_fsbl/zynq_fsbl_bsp/system.mss|system||

TRACE::2026-08-17.20:28:33::SCWMssOS::Sw design exists and opened at  C:/Users/tillkorsmeier/Desktop/MA/Z7-Nano/ParEIS-MSX/SW/HW_Export_V1/zynq_fsbl/zynq_fsbl_bsp/system.mss
TRACE::2026-08-17.20:28:33::SCWPlatform::Trying to open the hw design at C:/Users/tillkorsmeier/Desktop/MA/Z7-Nano/ParEIS-MSX/SW/HW_Export_V1/hw/HW_Export_V1.xsa
TRACE::2026-08-17.20:28:33::SCWPlatform::DSA given C:/Users/tillkorsmeier/Desktop/MA/Z7-Nano/ParEIS-MSX/SW/HW_Export_V1/hw/HW_Export_V1.xsa
TRACE::2026-08-17.20:28:33::SCWPlatform::DSA absoulate path C:/Users/tillkorsmeier/Desktop/MA/Z7-Nano/ParEIS-MSX/SW/HW_Export_V1/hw/HW_Export_V1.xsa
TRACE::2026-08-17.20:28:33::SCWPlatform::DSA directory C:/Users/tillkorsmeier/Desktop/MA/Z7-Nano/ParEIS-MSX/SW/HW_Export_V1/hw
TRACE::2026-08-17.20:28:33::SCWPlatform:: Platform Path C:/Users/tillkorsmeier/Desktop/MA/Z7-Nano/ParEIS-MSX/SW/HW_Export_V1/hw/HW_Export_V1.xsa
TRACE::2026-08-17.20:28:33::SCWPlatform:: Unique name xilinx:::0.0
TRACE::2026-08-17.20:28:33::SCWPlatform::Trying to set the existing hwdb with name design_1_wrapper_0
TRACE::2026-08-17.20:28:33::SCWPlatform::Opened existing hwdb design_1_wrapper_0
TRACE::2026-08-17.20:28:33::SCWPlatform::Found the Hw Db part of the input DSA
TRACE::2026-08-17.20:28:33::SCWMssOS::Checking the sw design at  C:/Users/tillkorsmeier/Desktop/MA/Z7-Nano/ParEIS-MSX/SW/HW_Export_V1/zynq_fsbl/zynq_fsbl_bsp/system.mss
TRACE::2026-08-17.20:28:33::SCWMssOS::DEBUG:  swdes dump  C:/Users/tillkorsmeier/Desktop/MA/Z7-Nano/ParEIS-MSX/SW/HW_Export_V1/ps7_cortexa9_0/standalone_ps7_cortexa9_0/bsp/system.mss|system_0||
C:/Users/tillkorsmeier/Desktop/MA/Z7-Nano/ParEIS-MSX/SW/HW_Export_V1/zynq_fsbl/zynq_fsbl_bsp/system.mss|system||

TRACE::2026-08-17.20:28:33::SCWMssOS::Sw design exists and opened at  C:/Users/tillkorsmeier/Desktop/MA/Z7-Nano/ParEIS-MSX/SW/HW_Export_V1/zynq_fsbl/zynq_fsbl_bsp/system.mss
TRACE::2026-08-17.20:28:33::SCWPlatform::Trying to open the hw design at C:/Users/tillkorsmeier/Desktop/MA/Z7-Nano/ParEIS-MSX/SW/HW_Export_V1/hw/HW_Export_V1.xsa
TRACE::2026-08-17.20:28:33::SCWPlatform::DSA given C:/Users/tillkorsmeier/Desktop/MA/Z7-Nano/ParEIS-MSX/SW/HW_Export_V1/hw/HW_Export_V1.xsa
TRACE::2026-08-17.20:28:33::SCWPlatform::DSA absoulate path C:/Users/tillkorsmeier/Desktop/MA/Z7-Nano/ParEIS-MSX/SW/HW_Export_V1/hw/HW_Export_V1.xsa
TRACE::2026-08-17.20:28:33::SCWPlatform::DSA directory C:/Users/tillkorsmeier/Desktop/MA/Z7-Nano/ParEIS-MSX/SW/HW_Export_V1/hw
TRACE::2026-08-17.20:28:33::SCWPlatform:: Platform Path C:/Users/tillkorsmeier/Desktop/MA/Z7-Nano/ParEIS-MSX/SW/HW_Export_V1/hw/HW_Export_V1.xsa
TRACE::2026-08-17.20:28:33::SCWPlatform:: Unique name xilinx:::0.0
TRACE::2026-08-17.20:28:33::SCWPlatform::Trying to set the existing hwdb with name design_1_wrapper_0
TRACE::2026-08-17.20:28:33::SCWPlatform::Opened existing hwdb design_1_wrapper_0
TRACE::2026-08-17.20:28:33::SCWPlatform::Found the Hw Db part of the input DSA
TRACE::2026-08-17.20:28:33::SCWMssOS::Checking the sw design at  C:/Users/tillkorsmeier/Desktop/MA/Z7-Nano/ParEIS-MSX/SW/HW_Export_V1/ps7_cortexa9_0/standalone_ps7_cortexa9_0/bsp/system.mss
TRACE::2026-08-17.20:28:33::SCWMssOS::DEBUG:  swdes dump  C:/Users/tillkorsmeier/Desktop/MA/Z7-Nano/ParEIS-MSX/SW/HW_Export_V1/ps7_cortexa9_0/standalone_ps7_cortexa9_0/bsp/system.mss|system_0||
C:/Users/tillkorsmeier/Desktop/MA/Z7-Nano/ParEIS-MSX/SW/HW_Export_V1/zynq_fsbl/zynq_fsbl_bsp/system.mss|system||

TRACE::2026-08-17.20:28:33::SCWMssOS::Sw design exists and opened at  C:/Users/tillkorsmeier/Desktop/MA/Z7-Nano/ParEIS-MSX/SW/HW_Export_V1/ps7_cortexa9_0/standalone_ps7_cortexa9_0/bsp/system.mss
TRACE::2026-08-17.20:28:33::SCWPlatform::Trying to open the hw design at C:/Users/tillkorsmeier/Desktop/MA/Z7-Nano/ParEIS-MSX/SW/HW_Export_V1/hw/HW_Export_V1.xsa
TRACE::2026-08-17.20:28:33::SCWPlatform::DSA given C:/Users/tillkorsmeier/Desktop/MA/Z7-Nano/ParEIS-MSX/SW/HW_Export_V1/hw/HW_Export_V1.xsa
TRACE::2026-08-17.20:28:33::SCWPlatform::DSA absoulate path C:/Users/tillkorsmeier/Desktop/MA/Z7-Nano/ParEIS-MSX/SW/HW_Export_V1/hw/HW_Export_V1.xsa
TRACE::2026-08-17.20:28:33::SCWPlatform::DSA directory C:/Users/tillkorsmeier/Desktop/MA/Z7-Nano/ParEIS-MSX/SW/HW_Export_V1/hw
TRACE::2026-08-17.20:28:33::SCWPlatform:: Platform Path C:/Users/tillkorsmeier/Desktop/MA/Z7-Nano/ParEIS-MSX/SW/HW_Export_V1/hw/HW_Export_V1.xsa
TRACE::2026-08-17.20:28:33::SCWPlatform:: Unique name xilinx:::0.0
TRACE::2026-08-17.20:28:33::SCWPlatform::Trying to set the existing hwdb with name design_1_wrapper_0
TRACE::2026-08-17.20:28:33::SCWPlatform::Opened existing hwdb design_1_wrapper_0
TRACE::2026-08-17.20:28:33::SCWPlatform::Found the Hw Db part of the input DSA
TRACE::2026-08-17.20:28:33::SCWMssOS::Checking the sw design at  C:/Users/tillkorsmeier/Desktop/MA/Z7-Nano/ParEIS-MSX/SW/HW_Export_V1/ps7_cortexa9_0/standalone_ps7_cortexa9_0/bsp/system.mss
TRACE::2026-08-17.20:28:33::SCWMssOS::DEBUG:  swdes dump  C:/Users/tillkorsmeier/Desktop/MA/Z7-Nano/ParEIS-MSX/SW/HW_Export_V1/ps7_cortexa9_0/standalone_ps7_cortexa9_0/bsp/system.mss|system_0||
C:/Users/tillkorsmeier/Desktop/MA/Z7-Nano/ParEIS-MSX/SW/HW_Export_V1/zynq_fsbl/zynq_fsbl_bsp/system.mss|system||

TRACE::2026-08-17.20:28:33::SCWMssOS::Sw design exists and opened at  C:/Users/tillkorsmeier/Desktop/MA/Z7-Nano/ParEIS-MSX/SW/HW_Export_V1/ps7_cortexa9_0/standalone_ps7_cortexa9_0/bsp/system.mss
TRACE::2026-08-17.20:28:33::SCWPlatform::Trying to open the hw design at C:/Users/tillkorsmeier/Desktop/MA/Z7-Nano/ParEIS-MSX/SW/HW_Export_V1/hw/HW_Export_V1.xsa
TRACE::2026-08-17.20:28:33::SCWPlatform::DSA given C:/Users/tillkorsmeier/Desktop/MA/Z7-Nano/ParEIS-MSX/SW/HW_Export_V1/hw/HW_Export_V1.xsa
TRACE::2026-08-17.20:28:33::SCWPlatform::DSA absoulate path C:/Users/tillkorsmeier/Desktop/MA/Z7-Nano/ParEIS-MSX/SW/HW_Export_V1/hw/HW_Export_V1.xsa
TRACE::2026-08-17.20:28:33::SCWPlatform::DSA directory C:/Users/tillkorsmeier/Desktop/MA/Z7-Nano/ParEIS-MSX/SW/HW_Export_V1/hw
TRACE::2026-08-17.20:28:33::SCWPlatform:: Platform Path C:/Users/tillkorsmeier/Desktop/MA/Z7-Nano/ParEIS-MSX/SW/HW_Export_V1/hw/HW_Export_V1.xsa
TRACE::2026-08-17.20:28:33::SCWPlatform:: Unique name xilinx:::0.0
TRACE::2026-08-17.20:28:33::SCWPlatform::Trying to set the existing hwdb with name design_1_wrapper_0
TRACE::2026-08-17.20:28:33::SCWPlatform::Opened existing hwdb design_1_wrapper_0
TRACE::2026-08-17.20:28:33::SCWPlatform::Found the Hw Db part of the input DSA
TRACE::2026-08-17.20:28:33::SCWMssOS::Checking the sw design at  C:/Users/tillkorsmeier/Desktop/MA/Z7-Nano/ParEIS-MSX/SW/HW_Export_V1/ps7_cortexa9_0/standalone_ps7_cortexa9_0/bsp/system.mss
TRACE::2026-08-17.20:28:33::SCWMssOS::DEBUG:  swdes dump  C:/Users/tillkorsmeier/Desktop/MA/Z7-Nano/ParEIS-MSX/SW/HW_Export_V1/ps7_cortexa9_0/standalone_ps7_cortexa9_0/bsp/system.mss|system_0||
C:/Users/tillkorsmeier/Desktop/MA/Z7-Nano/ParEIS-MSX/SW/HW_Export_V1/zynq_fsbl/zynq_fsbl_bsp/system.mss|system||

TRACE::2026-08-17.20:28:33::SCWMssOS::Sw design exists and opened at  C:/Users/tillkorsmeier/Desktop/MA/Z7-Nano/ParEIS-MSX/SW/HW_Export_V1/ps7_cortexa9_0/standalone_ps7_cortexa9_0/bsp/system.mss
TRACE::2026-08-17.20:28:33::SCWWriter::formatted JSON is {
	"platformName":	"HW_Export_V1",
	"sprVersion":	"2.0",
	"mode":	"gui",
	"dsaType":	"Fixed",
	"platformDesc":	"HW_Export_V1",
	"platHandOff":	"<platformDir>.xsa",
	"platIntHandOff":	"<platformDir>/hw/HW_Export_V1.xsa",
	"deviceType":	"zynq",
	"platIsPrebuiltAutogen":	"false",
	"platIsNoBootBsp":	"false",
	"platFsblTarget":	"ps7_cortexa9_0",
	"hasFsblMakeHasChanges":	"false",
	"hasPmufwMakeHasChanges":	"false",
	"fsblExtraCompilerFlags":	"-MMD -MP       -mcpu=cortex-a9 -mfpu=vfpv3 -mfloat-abi=hard ",
	"platPreBuiltFlag":	false,
	"platformSamplesDir":	"",
	"platActiveSys":	"HW_Export_V1",
	"systems":	[{
			"systemName":	"HW_Export_V1",
			"systemDesc":	"HW_Export_V1",
			"sysIsBootAutoGen":	"true",
			"systemDispName":	"HW_Export_V1",
			"sysActiveDom":	"standalone_ps7_cortexa9_0",
			"sysDefaultDom":	"standalone_ps7_cortexa9_0",
			"domains":	[{
					"domainName":	"zynq_fsbl",
					"domainDispName":	"zynq_fsbl",
					"domainDesc":	"FSBL Application BSP - Auto Generated.",
					"processors":	"ps7_cortexa9_0",
					"os":	"standalone",
					"sdxOs":	"standalone",
					"debugEnable":	"",
					"domRuntimes":	["cpp"],
					"swRepo":	"",
					"mssOsVer":	"9.2",
					"mssFile":	"",
					"md5Digest":	"eb13c396dfacc0d4cf82f9f4d1da7be6",
					"compatibleApp":	"zynq_fsbl",
					"domType":	"bootDomain",
					"arch":	"32-bit",
					"appSettings":	{
						"appCompilerFlags":	"",
						"appLinkerFlags":	""
					},
					"addedLibs":	["xilffs:5.3", "xilrsa:1.8"],
					"libOptions":	{
						"libsContainingOptions":	[]
					},
					"prebuiltLibs":	{
						"prebuiltIncPath":	[],
						"prebuiltLibPath":	[]
					},
					"isolation":	{
					}
				}, {
					"domainName":	"standalone_ps7_cortexa9_0",
					"domainDispName":	"standalone_ps7_cortexa9_0",
					"domainDesc":	"standalone_ps7_cortexa9_0",
					"processors":	"ps7_cortexa9_0",
					"os":	"standalone",
					"sdxOs":	"standalone",
					"qemuArgs":	"<platformDir>/resources/HW_Export_V1/standalone_ps7_cortexa9_0/qemu_args.txt",
					"qemuData":	"<platformDir>/resources/HW_Export_V1/standalone_ps7_cortexa9_0/qemu",
					"debugEnable":	"False",
					"domRuntimes":	["cpp"],
					"swRepo":	"",
					"mssOsVer":	"9.2",
					"mssFile":	"",
					"md5Digest":	"1bf2491101bc5b23d21c48713d3e1118",
					"compatibleApp":	"empty_application",
					"domType":	"mssDomain",
					"arch":	"32-bit",
					"appSettings":	{
						"appCompilerFlags":	"",
						"appLinkerFlags":	""
					},
					"addedLibs":	[],
					"libOptions":	{
						"libsContainingOptions":	[]
					},
					"prebuiltLibs":	{
						"prebuiltIncPath":	[],
						"prebuiltLibPath":	[]
					},
					"isolation":	{
					}
				}]
		}]
}
TRACE::2026-08-17.20:28:33::SCWPlatform::Trying to open the hw design at C:/Users/tillkorsmeier/Desktop/MA/Z7-Nano/ParEIS-MSX/SW/HW_Export_V1/hw/HW_Export_V1.xsa
TRACE::2026-08-17.20:28:33::SCWPlatform::DSA given C:/Users/tillkorsmeier/Desktop/MA/Z7-Nano/ParEIS-MSX/SW/HW_Export_V1/hw/HW_Export_V1.xsa
TRACE::2026-08-17.20:28:33::SCWPlatform::DSA absoulate path C:/Users/tillkorsmeier/Desktop/MA/Z7-Nano/ParEIS-MSX/SW/HW_Export_V1/hw/HW_Export_V1.xsa
TRACE::2026-08-17.20:28:33::SCWPlatform::DSA directory C:/Users/tillkorsmeier/Desktop/MA/Z7-Nano/ParEIS-MSX/SW/HW_Export_V1/hw
TRACE::2026-08-17.20:28:33::SCWPlatform:: Platform Path C:/Users/tillkorsmeier/Desktop/MA/Z7-Nano/ParEIS-MSX/SW/HW_Export_V1/hw/HW_Export_V1.xsa
TRACE::2026-08-17.20:28:33::SCWPlatform:: Unique name xilinx:::0.0
TRACE::2026-08-17.20:28:33::SCWPlatform::Trying to set the existing hwdb with name design_1_wrapper_0
TRACE::2026-08-17.20:28:33::SCWPlatform::Opened existing hwdb design_1_wrapper_0
TRACE::2026-08-17.20:28:33::SCWPlatform::Found the Hw Db part of the input DSA
TRACE::2026-08-17.20:28:33::SCWMssOS::Checking the sw design at  C:/Users/tillkorsmeier/Desktop/MA/Z7-Nano/ParEIS-MSX/SW/HW_Export_V1/ps7_cortexa9_0/standalone_ps7_cortexa9_0/bsp/system.mss
TRACE::2026-08-17.20:28:33::SCWMssOS::DEBUG:  swdes dump  C:/Users/tillkorsmeier/Desktop/MA/Z7-Nano/ParEIS-MSX/SW/HW_Export_V1/ps7_cortexa9_0/standalone_ps7_cortexa9_0/bsp/system.mss|system_0||
C:/Users/tillkorsmeier/Desktop/MA/Z7-Nano/ParEIS-MSX/SW/HW_Export_V1/zynq_fsbl/zynq_fsbl_bsp/system.mss|system||

TRACE::2026-08-17.20:28:33::SCWMssOS::Sw design exists and opened at  C:/Users/tillkorsmeier/Desktop/MA/Z7-Nano/ParEIS-MSX/SW/HW_Export_V1/ps7_cortexa9_0/standalone_ps7_cortexa9_0/bsp/system.mss
TRACE::2026-08-17.20:28:33::SCWPlatform::Trying to open the hw design at C:/Users/tillkorsmeier/Desktop/MA/Z7-Nano/ParEIS-MSX/SW/HW_Export_V1/hw/HW_Export_V1.xsa
TRACE::2026-08-17.20:28:33::SCWPlatform::DSA given C:/Users/tillkorsmeier/Desktop/MA/Z7-Nano/ParEIS-MSX/SW/HW_Export_V1/hw/HW_Export_V1.xsa
TRACE::2026-08-17.20:28:33::SCWPlatform::DSA absoulate path C:/Users/tillkorsmeier/Desktop/MA/Z7-Nano/ParEIS-MSX/SW/HW_Export_V1/hw/HW_Export_V1.xsa
TRACE::2026-08-17.20:28:33::SCWPlatform::DSA directory C:/Users/tillkorsmeier/Desktop/MA/Z7-Nano/ParEIS-MSX/SW/HW_Export_V1/hw
TRACE::2026-08-17.20:28:33::SCWPlatform:: Platform Path C:/Users/tillkorsmeier/Desktop/MA/Z7-Nano/ParEIS-MSX/SW/HW_Export_V1/hw/HW_Export_V1.xsa
TRACE::2026-08-17.20:28:33::SCWPlatform:: Unique name xilinx:::0.0
TRACE::2026-08-17.20:28:33::SCWPlatform::Trying to set the existing hwdb with name design_1_wrapper_0
TRACE::2026-08-17.20:28:33::SCWPlatform::Opened existing hwdb design_1_wrapper_0
TRACE::2026-08-17.20:28:33::SCWPlatform::Found the Hw Db part of the input DSA
TRACE::2026-08-17.20:28:33::SCWMssOS::Checking the sw design at  C:/Users/tillkorsmeier/Desktop/MA/Z7-Nano/ParEIS-MSX/SW/HW_Export_V1/ps7_cortexa9_0/standalone_ps7_cortexa9_0/bsp/system.mss
TRACE::2026-08-17.20:28:33::SCWMssOS::DEBUG:  swdes dump  C:/Users/tillkorsmeier/Desktop/MA/Z7-Nano/ParEIS-MSX/SW/HW_Export_V1/ps7_cortexa9_0/standalone_ps7_cortexa9_0/bsp/system.mss|system_0||
C:/Users/tillkorsmeier/Desktop/MA/Z7-Nano/ParEIS-MSX/SW/HW_Export_V1/zynq_fsbl/zynq_fsbl_bsp/system.mss|system||

TRACE::2026-08-17.20:28:33::SCWMssOS::Sw design exists and opened at  C:/Users/tillkorsmeier/Desktop/MA/Z7-Nano/ParEIS-MSX/SW/HW_Export_V1/ps7_cortexa9_0/standalone_ps7_cortexa9_0/bsp/system.mss
TRACE::2026-08-17.20:28:33::SCWMssOS::Saving the mss changes C:/Users/tillkorsmeier/Desktop/MA/Z7-Nano/ParEIS-MSX/SW/HW_Export_V1/zynq_fsbl/zynq_fsbl_bsp/system.mss
TRACE::2026-08-17.20:28:33::SCWMssOS::Found a swdesign opened with the mssfile.
TRACE::2026-08-17.20:28:33::SCWMssOS::Completed writemss as part of save.
TRACE::2026-08-17.20:28:33::SCWMssOS::Commit changes completed.
TRACE::2026-08-17.20:28:33::SCWMssOS::Saving the mss changes C:/Users/tillkorsmeier/Desktop/MA/Z7-Nano/ParEIS-MSX/SW/HW_Export_V1/ps7_cortexa9_0/standalone_ps7_cortexa9_0/bsp/system.mss
TRACE::2026-08-17.20:28:33::SCWMssOS::Found a swdesign opened with the mssfile.
TRACE::2026-08-17.20:28:33::SCWMssOS::Completed writemss as part of save.
TRACE::2026-08-17.20:28:33::SCWMssOS::Commit changes completed.
TRACE::2026-08-17.20:28:33::SCWPlatform::Trying to open the hw design at C:/Users/tillkorsmeier/Desktop/MA/Z7-Nano/ParEIS-MSX/SW/HW_Export_V1/hw/HW_Export_V1.xsa
TRACE::2026-08-17.20:28:33::SCWPlatform::DSA given C:/Users/tillkorsmeier/Desktop/MA/Z7-Nano/ParEIS-MSX/SW/HW_Export_V1/hw/HW_Export_V1.xsa
TRACE::2026-08-17.20:28:33::SCWPlatform::DSA absoulate path C:/Users/tillkorsmeier/Desktop/MA/Z7-Nano/ParEIS-MSX/SW/HW_Export_V1/hw/HW_Export_V1.xsa
TRACE::2026-08-17.20:28:33::SCWPlatform::DSA directory C:/Users/tillkorsmeier/Desktop/MA/Z7-Nano/ParEIS-MSX/SW/HW_Export_V1/hw
TRACE::2026-08-17.20:28:33::SCWPlatform:: Platform Path C:/Users/tillkorsmeier/Desktop/MA/Z7-Nano/ParEIS-MSX/SW/HW_Export_V1/hw/HW_Export_V1.xsa
TRACE::2026-08-17.20:28:33::SCWPlatform:: Unique name xilinx:::0.0
TRACE::2026-08-17.20:28:33::SCWPlatform::Trying to set the existing hwdb with name design_1_wrapper_0
TRACE::2026-08-17.20:28:33::SCWPlatform::Opened existing hwdb design_1_wrapper_0
TRACE::2026-08-17.20:28:33::SCWPlatform::Found the Hw Db part of the input DSA
TRACE::2026-08-17.20:28:33::SCWMssOS::Checking the sw design at  C:/Users/tillkorsmeier/Desktop/MA/Z7-Nano/ParEIS-MSX/SW/HW_Export_V1/zynq_fsbl/zynq_fsbl_bsp/system.mss
TRACE::2026-08-17.20:28:33::SCWMssOS::DEBUG:  swdes dump  C:/Users/tillkorsmeier/Desktop/MA/Z7-Nano/ParEIS-MSX/SW/HW_Export_V1/ps7_cortexa9_0/standalone_ps7_cortexa9_0/bsp/system.mss|system_0||
C:/Users/tillkorsmeier/Desktop/MA/Z7-Nano/ParEIS-MSX/SW/HW_Export_V1/zynq_fsbl/zynq_fsbl_bsp/system.mss|system||

TRACE::2026-08-17.20:28:33::SCWMssOS::Sw design exists and opened at  C:/Users/tillkorsmeier/Desktop/MA/Z7-Nano/ParEIS-MSX/SW/HW_Export_V1/zynq_fsbl/zynq_fsbl_bsp/system.mss
TRACE::2026-08-17.20:28:33::SCWPlatform::Trying to open the hw design at C:/Users/tillkorsmeier/Desktop/MA/Z7-Nano/ParEIS-MSX/SW/HW_Export_V1/hw/HW_Export_V1.xsa
TRACE::2026-08-17.20:28:33::SCWPlatform::DSA given C:/Users/tillkorsmeier/Desktop/MA/Z7-Nano/ParEIS-MSX/SW/HW_Export_V1/hw/HW_Export_V1.xsa
TRACE::2026-08-17.20:28:33::SCWPlatform::DSA absoulate path C:/Users/tillkorsmeier/Desktop/MA/Z7-Nano/ParEIS-MSX/SW/HW_Export_V1/hw/HW_Export_V1.xsa
TRACE::2026-08-17.20:28:33::SCWPlatform::DSA directory C:/Users/tillkorsmeier/Desktop/MA/Z7-Nano/ParEIS-MSX/SW/HW_Export_V1/hw
TRACE::2026-08-17.20:28:33::SCWPlatform:: Platform Path C:/Users/tillkorsmeier/Desktop/MA/Z7-Nano/ParEIS-MSX/SW/HW_Export_V1/hw/HW_Export_V1.xsa
TRACE::2026-08-17.20:28:33::SCWPlatform:: Unique name xilinx:::0.0
TRACE::2026-08-17.20:28:33::SCWPlatform::Trying to set the existing hwdb with name design_1_wrapper_0
TRACE::2026-08-17.20:28:33::SCWPlatform::Opened existing hwdb design_1_wrapper_0
TRACE::2026-08-17.20:28:33::SCWPlatform::Found the Hw Db part of the input DSA
TRACE::2026-08-17.20:28:33::SCWMssOS::Checking the sw design at  C:/Users/tillkorsmeier/Desktop/MA/Z7-Nano/ParEIS-MSX/SW/HW_Export_V1/zynq_fsbl/zynq_fsbl_bsp/system.mss
TRACE::2026-08-17.20:28:33::SCWMssOS::DEBUG:  swdes dump  C:/Users/tillkorsmeier/Desktop/MA/Z7-Nano/ParEIS-MSX/SW/HW_Export_V1/ps7_cortexa9_0/standalone_ps7_cortexa9_0/bsp/system.mss|system_0||
C:/Users/tillkorsmeier/Desktop/MA/Z7-Nano/ParEIS-MSX/SW/HW_Export_V1/zynq_fsbl/zynq_fsbl_bsp/system.mss|system||

TRACE::2026-08-17.20:28:33::SCWMssOS::Sw design exists and opened at  C:/Users/tillkorsmeier/Desktop/MA/Z7-Nano/ParEIS-MSX/SW/HW_Export_V1/zynq_fsbl/zynq_fsbl_bsp/system.mss
TRACE::2026-08-17.20:28:33::SCWPlatform::Trying to open the hw design at C:/Users/tillkorsmeier/Desktop/MA/Z7-Nano/ParEIS-MSX/SW/HW_Export_V1/hw/HW_Export_V1.xsa
TRACE::2026-08-17.20:28:33::SCWPlatform::DSA given C:/Users/tillkorsmeier/Desktop/MA/Z7-Nano/ParEIS-MSX/SW/HW_Export_V1/hw/HW_Export_V1.xsa
TRACE::2026-08-17.20:28:33::SCWPlatform::DSA absoulate path C:/Users/tillkorsmeier/Desktop/MA/Z7-Nano/ParEIS-MSX/SW/HW_Export_V1/hw/HW_Export_V1.xsa
TRACE::2026-08-17.20:28:33::SCWPlatform::DSA directory C:/Users/tillkorsmeier/Desktop/MA/Z7-Nano/ParEIS-MSX/SW/HW_Export_V1/hw
TRACE::2026-08-17.20:28:33::SCWPlatform:: Platform Path C:/Users/tillkorsmeier/Desktop/MA/Z7-Nano/ParEIS-MSX/SW/HW_Export_V1/hw/HW_Export_V1.xsa
TRACE::2026-08-17.20:28:33::SCWPlatform:: Unique name xilinx:::0.0
TRACE::2026-08-17.20:28:33::SCWPlatform::Trying to set the existing hwdb with name design_1_wrapper_0
TRACE::2026-08-17.20:28:33::SCWPlatform::Opened existing hwdb design_1_wrapper_0
TRACE::2026-08-17.20:28:33::SCWPlatform::Found the Hw Db part of the input DSA
TRACE::2026-08-17.20:28:33::SCWMssOS::Checking the sw design at  C:/Users/tillkorsmeier/Desktop/MA/Z7-Nano/ParEIS-MSX/SW/HW_Export_V1/zynq_fsbl/zynq_fsbl_bsp/system.mss
TRACE::2026-08-17.20:28:33::SCWMssOS::DEBUG:  swdes dump  C:/Users/tillkorsmeier/Desktop/MA/Z7-Nano/ParEIS-MSX/SW/HW_Export_V1/ps7_cortexa9_0/standalone_ps7_cortexa9_0/bsp/system.mss|system_0||
C:/Users/tillkorsmeier/Desktop/MA/Z7-Nano/ParEIS-MSX/SW/HW_Export_V1/zynq_fsbl/zynq_fsbl_bsp/system.mss|system||

TRACE::2026-08-17.20:28:33::SCWMssOS::Sw design exists and opened at  C:/Users/tillkorsmeier/Desktop/MA/Z7-Nano/ParEIS-MSX/SW/HW_Export_V1/zynq_fsbl/zynq_fsbl_bsp/system.mss
TRACE::2026-08-17.20:28:33::SCWPlatform::Trying to open the hw design at C:/Users/tillkorsmeier/Desktop/MA/Z7-Nano/ParEIS-MSX/SW/HW_Export_V1/hw/HW_Export_V1.xsa
TRACE::2026-08-17.20:28:33::SCWPlatform::DSA given C:/Users/tillkorsmeier/Desktop/MA/Z7-Nano/ParEIS-MSX/SW/HW_Export_V1/hw/HW_Export_V1.xsa
TRACE::2026-08-17.20:28:33::SCWPlatform::DSA absoulate path C:/Users/tillkorsmeier/Desktop/MA/Z7-Nano/ParEIS-MSX/SW/HW_Export_V1/hw/HW_Export_V1.xsa
TRACE::2026-08-17.20:28:33::SCWPlatform::DSA directory C:/Users/tillkorsmeier/Desktop/MA/Z7-Nano/ParEIS-MSX/SW/HW_Export_V1/hw
TRACE::2026-08-17.20:28:33::SCWPlatform:: Platform Path C:/Users/tillkorsmeier/Desktop/MA/Z7-Nano/ParEIS-MSX/SW/HW_Export_V1/hw/HW_Export_V1.xsa
TRACE::2026-08-17.20:28:33::SCWPlatform:: Unique name xilinx:::0.0
TRACE::2026-08-17.20:28:33::SCWPlatform::Trying to set the existing hwdb with name design_1_wrapper_0
TRACE::2026-08-17.20:28:33::SCWPlatform::Opened existing hwdb design_1_wrapper_0
TRACE::2026-08-17.20:28:33::SCWPlatform::Found the Hw Db part of the input DSA
TRACE::2026-08-17.20:28:33::SCWMssOS::Checking the sw design at  C:/Users/tillkorsmeier/Desktop/MA/Z7-Nano/ParEIS-MSX/SW/HW_Export_V1/ps7_cortexa9_0/standalone_ps7_cortexa9_0/bsp/system.mss
TRACE::2026-08-17.20:28:33::SCWMssOS::DEBUG:  swdes dump  C:/Users/tillkorsmeier/Desktop/MA/Z7-Nano/ParEIS-MSX/SW/HW_Export_V1/ps7_cortexa9_0/standalone_ps7_cortexa9_0/bsp/system.mss|system_0||
C:/Users/tillkorsmeier/Desktop/MA/Z7-Nano/ParEIS-MSX/SW/HW_Export_V1/zynq_fsbl/zynq_fsbl_bsp/system.mss|system||

TRACE::2026-08-17.20:28:33::SCWMssOS::Sw design exists and opened at  C:/Users/tillkorsmeier/Desktop/MA/Z7-Nano/ParEIS-MSX/SW/HW_Export_V1/ps7_cortexa9_0/standalone_ps7_cortexa9_0/bsp/system.mss
TRACE::2026-08-17.20:28:33::SCWPlatform::Trying to open the hw design at C:/Users/tillkorsmeier/Desktop/MA/Z7-Nano/ParEIS-MSX/SW/HW_Export_V1/hw/HW_Export_V1.xsa
TRACE::2026-08-17.20:28:33::SCWPlatform::DSA given C:/Users/tillkorsmeier/Desktop/MA/Z7-Nano/ParEIS-MSX/SW/HW_Export_V1/hw/HW_Export_V1.xsa
TRACE::2026-08-17.20:28:33::SCWPlatform::DSA absoulate path C:/Users/tillkorsmeier/Desktop/MA/Z7-Nano/ParEIS-MSX/SW/HW_Export_V1/hw/HW_Export_V1.xsa
TRACE::2026-08-17.20:28:33::SCWPlatform::DSA directory C:/Users/tillkorsmeier/Desktop/MA/Z7-Nano/ParEIS-MSX/SW/HW_Export_V1/hw
TRACE::2026-08-17.20:28:33::SCWPlatform:: Platform Path C:/Users/tillkorsmeier/Desktop/MA/Z7-Nano/ParEIS-MSX/SW/HW_Export_V1/hw/HW_Export_V1.xsa
TRACE::2026-08-17.20:28:33::SCWPlatform:: Unique name xilinx:::0.0
TRACE::2026-08-17.20:28:33::SCWPlatform::Trying to set the existing hwdb with name design_1_wrapper_0
TRACE::2026-08-17.20:28:33::SCWPlatform::Opened existing hwdb design_1_wrapper_0
TRACE::2026-08-17.20:28:33::SCWPlatform::Found the Hw Db part of the input DSA
TRACE::2026-08-17.20:28:33::SCWMssOS::Checking the sw design at  C:/Users/tillkorsmeier/Desktop/MA/Z7-Nano/ParEIS-MSX/SW/HW_Export_V1/ps7_cortexa9_0/standalone_ps7_cortexa9_0/bsp/system.mss
TRACE::2026-08-17.20:28:33::SCWMssOS::DEBUG:  swdes dump  C:/Users/tillkorsmeier/Desktop/MA/Z7-Nano/ParEIS-MSX/SW/HW_Export_V1/ps7_cortexa9_0/standalone_ps7_cortexa9_0/bsp/system.mss|system_0||
C:/Users/tillkorsmeier/Desktop/MA/Z7-Nano/ParEIS-MSX/SW/HW_Export_V1/zynq_fsbl/zynq_fsbl_bsp/system.mss|system||

TRACE::2026-08-17.20:28:33::SCWMssOS::Sw design exists and opened at  C:/Users/tillkorsmeier/Desktop/MA/Z7-Nano/ParEIS-MSX/SW/HW_Export_V1/ps7_cortexa9_0/standalone_ps7_cortexa9_0/bsp/system.mss
TRACE::2026-08-17.20:28:33::SCWPlatform::Trying to open the hw design at C:/Users/tillkorsmeier/Desktop/MA/Z7-Nano/ParEIS-MSX/SW/HW_Export_V1/hw/HW_Export_V1.xsa
TRACE::2026-08-17.20:28:33::SCWPlatform::DSA given C:/Users/tillkorsmeier/Desktop/MA/Z7-Nano/ParEIS-MSX/SW/HW_Export_V1/hw/HW_Export_V1.xsa
TRACE::2026-08-17.20:28:33::SCWPlatform::DSA absoulate path C:/Users/tillkorsmeier/Desktop/MA/Z7-Nano/ParEIS-MSX/SW/HW_Export_V1/hw/HW_Export_V1.xsa
TRACE::2026-08-17.20:28:33::SCWPlatform::DSA directory C:/Users/tillkorsmeier/Desktop/MA/Z7-Nano/ParEIS-MSX/SW/HW_Export_V1/hw
TRACE::2026-08-17.20:28:33::SCWPlatform:: Platform Path C:/Users/tillkorsmeier/Desktop/MA/Z7-Nano/ParEIS-MSX/SW/HW_Export_V1/hw/HW_Export_V1.xsa
TRACE::2026-08-17.20:28:33::SCWPlatform:: Unique name xilinx:::0.0
TRACE::2026-08-17.20:28:33::SCWPlatform::Trying to set the existing hwdb with name design_1_wrapper_0
TRACE::2026-08-17.20:28:33::SCWPlatform::Opened existing hwdb design_1_wrapper_0
TRACE::2026-08-17.20:28:33::SCWPlatform::Found the Hw Db part of the input DSA
TRACE::2026-08-17.20:28:33::SCWMssOS::Checking the sw design at  C:/Users/tillkorsmeier/Desktop/MA/Z7-Nano/ParEIS-MSX/SW/HW_Export_V1/ps7_cortexa9_0/standalone_ps7_cortexa9_0/bsp/system.mss
TRACE::2026-08-17.20:28:33::SCWMssOS::DEBUG:  swdes dump  C:/Users/tillkorsmeier/Desktop/MA/Z7-Nano/ParEIS-MSX/SW/HW_Export_V1/ps7_cortexa9_0/standalone_ps7_cortexa9_0/bsp/system.mss|system_0||
C:/Users/tillkorsmeier/Desktop/MA/Z7-Nano/ParEIS-MSX/SW/HW_Export_V1/zynq_fsbl/zynq_fsbl_bsp/system.mss|system||

TRACE::2026-08-17.20:28:33::SCWMssOS::Sw design exists and opened at  C:/Users/tillkorsmeier/Desktop/MA/Z7-Nano/ParEIS-MSX/SW/HW_Export_V1/ps7_cortexa9_0/standalone_ps7_cortexa9_0/bsp/system.mss
TRACE::2026-08-17.20:28:33::SCWWriter::formatted JSON is {
	"platformName":	"HW_Export_V1",
	"sprVersion":	"2.0",
	"mode":	"gui",
	"dsaType":	"Fixed",
	"platformDesc":	"HW_Export_V1",
	"platHandOff":	"<platformDir>.xsa",
	"platIntHandOff":	"<platformDir>/hw/HW_Export_V1.xsa",
	"deviceType":	"zynq",
	"platIsPrebuiltAutogen":	"false",
	"platIsNoBootBsp":	"false",
	"platFsblTarget":	"ps7_cortexa9_0",
	"hasFsblMakeHasChanges":	"false",
	"hasPmufwMakeHasChanges":	"false",
	"fsblExtraCompilerFlags":	"-MMD -MP       -mcpu=cortex-a9 -mfpu=vfpv3 -mfloat-abi=hard ",
	"platPreBuiltFlag":	false,
	"platformSamplesDir":	"",
	"platActiveSys":	"HW_Export_V1",
	"systems":	[{
			"systemName":	"HW_Export_V1",
			"systemDesc":	"HW_Export_V1",
			"sysIsBootAutoGen":	"true",
			"systemDispName":	"HW_Export_V1",
			"sysActiveDom":	"standalone_ps7_cortexa9_0",
			"sysDefaultDom":	"standalone_ps7_cortexa9_0",
			"domains":	[{
					"domainName":	"zynq_fsbl",
					"domainDispName":	"zynq_fsbl",
					"domainDesc":	"FSBL Application BSP - Auto Generated.",
					"processors":	"ps7_cortexa9_0",
					"os":	"standalone",
					"sdxOs":	"standalone",
					"debugEnable":	"",
					"domRuntimes":	["cpp"],
					"swRepo":	"",
					"mssOsVer":	"9.2",
					"mssFile":	"",
					"md5Digest":	"eb13c396dfacc0d4cf82f9f4d1da7be6",
					"compatibleApp":	"zynq_fsbl",
					"domType":	"bootDomain",
					"arch":	"32-bit",
					"appSettings":	{
						"appCompilerFlags":	"",
						"appLinkerFlags":	""
					},
					"addedLibs":	["xilffs:5.3", "xilrsa:1.8"],
					"libOptions":	{
						"libsContainingOptions":	[]
					},
					"prebuiltLibs":	{
						"prebuiltIncPath":	[],
						"prebuiltLibPath":	[]
					},
					"isolation":	{
					}
				}, {
					"domainName":	"standalone_ps7_cortexa9_0",
					"domainDispName":	"standalone_ps7_cortexa9_0",
					"domainDesc":	"standalone_ps7_cortexa9_0",
					"processors":	"ps7_cortexa9_0",
					"os":	"standalone",
					"sdxOs":	"standalone",
					"qemuArgs":	"<platformDir>/resources/HW_Export_V1/standalone_ps7_cortexa9_0/qemu_args.txt",
					"qemuData":	"<platformDir>/resources/HW_Export_V1/standalone_ps7_cortexa9_0/qemu",
					"debugEnable":	"False",
					"domRuntimes":	["cpp"],
					"swRepo":	"",
					"mssOsVer":	"9.2",
					"mssFile":	"",
					"md5Digest":	"1bf2491101bc5b23d21c48713d3e1118",
					"compatibleApp":	"empty_application",
					"domType":	"mssDomain",
					"arch":	"32-bit",
					"appSettings":	{
						"appCompilerFlags":	"",
						"appLinkerFlags":	""
					},
					"addedLibs":	[],
					"libOptions":	{
						"libsContainingOptions":	[]
					},
					"prebuiltLibs":	{
						"prebuiltIncPath":	[],
						"prebuiltLibPath":	[]
					},
					"isolation":	{
					}
				}]
		}]
}
LOG::2026-08-17.20:28:33::SCWPlatform::Started generating the artifacts platform HW_Export_V1
TRACE::2026-08-17.20:28:33::SCWPlatform::Sanity checking of platform is completed
LOG::2026-08-17.20:28:33::SCWPlatform::Started generating the artifacts for system configuration HW_Export_V1
LOG::2026-08-17.20:28:33::SCWSystem::Started Processing the domain standalone_ps7_cortexa9_0
TRACE::2026-08-17.20:28:33::SCWDomain::Generating domain artifcats
TRACE::2026-08-17.20:28:33::SCWMssOS::Generating standalone artifcats
TRACE::2026-08-17.20:28:33::SCWMssOS::Copying the qemu file from  C:/Users/tillkorsmeier/Desktop/MA/Z7-Nano/ParEIS-MSX/SW/HW_Export_V1/resources/HW_Export_V1/standalone_ps7_cortexa9_0/qemu_args.txt To C:/Users/tillkorsmeier/Desktop/MA/Z7-Nano/ParEIS-MSX/SW/HW_Export_V1/export/HW_Export_V1/sw/HW_Export_V1/qemu/
TRACE::2026-08-17.20:28:33::SCWMssOS::Copying the qemu file from  C:/Users/tillkorsmeier/Desktop/MA/Z7-Nano/ParEIS-MSX/SW/HW_Export_V1/resources/HW_Export_V1/standalone_ps7_cortexa9_0/qemu_args.txt To C:/Users/tillkorsmeier/Desktop/MA/Z7-Nano/ParEIS-MSX/SW/HW_Export_V1/export/HW_Export_V1/sw/HW_Export_V1/standalone_ps7_cortexa9_0/qemu/
TRACE::2026-08-17.20:28:33::SCWMssOS:: Copying the user libraries. 
TRACE::2026-08-17.20:28:33::SCWPlatform::Trying to open the hw design at C:/Users/tillkorsmeier/Desktop/MA/Z7-Nano/ParEIS-MSX/SW/HW_Export_V1/hw/HW_Export_V1.xsa
TRACE::2026-08-17.20:28:33::SCWPlatform::DSA given C:/Users/tillkorsmeier/Desktop/MA/Z7-Nano/ParEIS-MSX/SW/HW_Export_V1/hw/HW_Export_V1.xsa
TRACE::2026-08-17.20:28:33::SCWPlatform::DSA absoulate path C:/Users/tillkorsmeier/Desktop/MA/Z7-Nano/ParEIS-MSX/SW/HW_Export_V1/hw/HW_Export_V1.xsa
TRACE::2026-08-17.20:28:33::SCWPlatform::DSA directory C:/Users/tillkorsmeier/Desktop/MA/Z7-Nano/ParEIS-MSX/SW/HW_Export_V1/hw
TRACE::2026-08-17.20:28:33::SCWPlatform:: Platform Path C:/Users/tillkorsmeier/Desktop/MA/Z7-Nano/ParEIS-MSX/SW/HW_Export_V1/hw/HW_Export_V1.xsa
TRACE::2026-08-17.20:28:33::SCWPlatform:: Unique name xilinx:::0.0
TRACE::2026-08-17.20:28:33::SCWPlatform::Trying to set the existing hwdb with name design_1_wrapper_0
TRACE::2026-08-17.20:28:33::SCWPlatform::Opened existing hwdb design_1_wrapper_0
TRACE::2026-08-17.20:28:33::SCWPlatform::Found the Hw Db part of the input DSA
TRACE::2026-08-17.20:28:33::SCWMssOS::Checking the sw design at  C:/Users/tillkorsmeier/Desktop/MA/Z7-Nano/ParEIS-MSX/SW/HW_Export_V1/ps7_cortexa9_0/standalone_ps7_cortexa9_0/bsp/system.mss
TRACE::2026-08-17.20:28:33::SCWMssOS::DEBUG:  swdes dump  C:/Users/tillkorsmeier/Desktop/MA/Z7-Nano/ParEIS-MSX/SW/HW_Export_V1/ps7_cortexa9_0/standalone_ps7_cortexa9_0/bsp/system.mss|system_0||
C:/Users/tillkorsmeier/Desktop/MA/Z7-Nano/ParEIS-MSX/SW/HW_Export_V1/zynq_fsbl/zynq_fsbl_bsp/system.mss|system||

TRACE::2026-08-17.20:28:33::SCWMssOS::Sw design exists and opened at  C:/Users/tillkorsmeier/Desktop/MA/Z7-Nano/ParEIS-MSX/SW/HW_Export_V1/ps7_cortexa9_0/standalone_ps7_cortexa9_0/bsp/system.mss
TRACE::2026-08-17.20:28:33::SCWMssOS::Completed writing the mss file at C:/Users/tillkorsmeier/Desktop/MA/Z7-Nano/ParEIS-MSX/SW/HW_Export_V1/ps7_cortexa9_0/standalone_ps7_cortexa9_0/bsp
TRACE::2026-08-17.20:28:33::SCWMssOS::Mss edits present, copying mssfile into export location C:/Users/tillkorsmeier/Desktop/MA/Z7-Nano/ParEIS-MSX/SW/HW_Export_V1/ps7_cortexa9_0/standalone_ps7_cortexa9_0/bsp/system.mss
TRACE::2026-08-17.20:28:33::SCWMssOS::bsp generated is upto date with the mss file. Skipping bsp generation.
TRACE::2026-08-17.20:28:33::SCWMssOS::BSP is already built. skipping the bsp build ... 
TRACE::2026-08-17.20:28:33::SCWDomain::Building the domain as part of full build :  standalone_ps7_cortexa9_0
TRACE::2026-08-17.20:28:33::SCWMssOS::skipping the bsp build ... 
TRACE::2026-08-17.20:28:33::SCWMssOS::Copying to export directory.
TRACE::2026-08-17.20:28:33::SCWMssOS:: Checking if to create the Supporting Applications
TRACE::2026-08-17.20:28:33::SCWMssOS:: No Linux domain exists, trying to generate FSBL 
TRACE::2026-08-17.20:28:33::SCWMssOS:: Completed Standalone Artifacts creation 
LOG::2026-08-17.20:28:33::SCWSystem::Completed Processing the domain standalone_ps7_cortexa9_0
LOG::2026-08-17.20:28:33::SCWSystem::Completed Processing the sysconfig HW_Export_V1
LOG::2026-08-17.20:28:33::SCWPlatform::Completed generating the artifacts for system configuration HW_Export_V1
TRACE::2026-08-17.20:28:33::SCWPlatform::Started preparing the platform 
TRACE::2026-08-17.20:28:33::SCWSystem::Writing the bif file for system config HW_Export_V1
TRACE::2026-08-17.20:28:33::SCWSystem::dir created 
TRACE::2026-08-17.20:28:33::SCWSystem::Writing the bif 
TRACE::2026-08-17.20:28:33::SCWPlatform::Started writing the spfm file 
TRACE::2026-08-17.20:28:33::SCWPlatform::Started writing the xpfm file 
TRACE::2026-08-17.20:28:33::SCWPlatform::Completed generating the platform
TRACE::2026-08-17.20:28:33::SCWMssOS::Saving the mss changes C:/Users/tillkorsmeier/Desktop/MA/Z7-Nano/ParEIS-MSX/SW/HW_Export_V1/zynq_fsbl/zynq_fsbl_bsp/system.mss
TRACE::2026-08-17.20:28:33::SCWMssOS::Found a swdesign opened with the mssfile.
TRACE::2026-08-17.20:28:33::SCWMssOS::Completed writemss as part of save.
TRACE::2026-08-17.20:28:33::SCWMssOS::Commit changes completed.
TRACE::2026-08-17.20:28:33::SCWMssOS::Saving the mss changes C:/Users/tillkorsmeier/Desktop/MA/Z7-Nano/ParEIS-MSX/SW/HW_Export_V1/ps7_cortexa9_0/standalone_ps7_cortexa9_0/bsp/system.mss
TRACE::2026-08-17.20:28:33::SCWMssOS::Found a swdesign opened with the mssfile.
TRACE::2026-08-17.20:28:33::SCWMssOS::Completed writemss as part of save.
TRACE::2026-08-17.20:28:33::SCWMssOS::Commit changes completed.
TRACE::2026-08-17.20:28:33::SCWPlatform::Trying to open the hw design at C:/Users/tillkorsmeier/Desktop/MA/Z7-Nano/ParEIS-MSX/SW/HW_Export_V1/hw/HW_Export_V1.xsa
TRACE::2026-08-17.20:28:33::SCWPlatform::DSA given C:/Users/tillkorsmeier/Desktop/MA/Z7-Nano/ParEIS-MSX/SW/HW_Export_V1/hw/HW_Export_V1.xsa
TRACE::2026-08-17.20:28:33::SCWPlatform::DSA absoulate path C:/Users/tillkorsmeier/Desktop/MA/Z7-Nano/ParEIS-MSX/SW/HW_Export_V1/hw/HW_Export_V1.xsa
TRACE::2026-08-17.20:28:33::SCWPlatform::DSA directory C:/Users/tillkorsmeier/Desktop/MA/Z7-Nano/ParEIS-MSX/SW/HW_Export_V1/hw
TRACE::2026-08-17.20:28:33::SCWPlatform:: Platform Path C:/Users/tillkorsmeier/Desktop/MA/Z7-Nano/ParEIS-MSX/SW/HW_Export_V1/hw/HW_Export_V1.xsa
TRACE::2026-08-17.20:28:33::SCWPlatform:: Unique name xilinx:::0.0
TRACE::2026-08-17.20:28:33::SCWPlatform::Trying to set the existing hwdb with name design_1_wrapper_0
TRACE::2026-08-17.20:28:33::SCWPlatform::Opened existing hwdb design_1_wrapper_0
TRACE::2026-08-17.20:28:33::SCWPlatform::Found the Hw Db part of the input DSA
TRACE::2026-08-17.20:28:33::SCWMssOS::Checking the sw design at  C:/Users/tillkorsmeier/Desktop/MA/Z7-Nano/ParEIS-MSX/SW/HW_Export_V1/zynq_fsbl/zynq_fsbl_bsp/system.mss
TRACE::2026-08-17.20:28:33::SCWMssOS::DEBUG:  swdes dump  C:/Users/tillkorsmeier/Desktop/MA/Z7-Nano/ParEIS-MSX/SW/HW_Export_V1/ps7_cortexa9_0/standalone_ps7_cortexa9_0/bsp/system.mss|system_0||
C:/Users/tillkorsmeier/Desktop/MA/Z7-Nano/ParEIS-MSX/SW/HW_Export_V1/zynq_fsbl/zynq_fsbl_bsp/system.mss|system||

TRACE::2026-08-17.20:28:33::SCWMssOS::Sw design exists and opened at  C:/Users/tillkorsmeier/Desktop/MA/Z7-Nano/ParEIS-MSX/SW/HW_Export_V1/zynq_fsbl/zynq_fsbl_bsp/system.mss
TRACE::2026-08-17.20:28:33::SCWPlatform::Trying to open the hw design at C:/Users/tillkorsmeier/Desktop/MA/Z7-Nano/ParEIS-MSX/SW/HW_Export_V1/hw/HW_Export_V1.xsa
TRACE::2026-08-17.20:28:33::SCWPlatform::DSA given C:/Users/tillkorsmeier/Desktop/MA/Z7-Nano/ParEIS-MSX/SW/HW_Export_V1/hw/HW_Export_V1.xsa
TRACE::2026-08-17.20:28:33::SCWPlatform::DSA absoulate path C:/Users/tillkorsmeier/Desktop/MA/Z7-Nano/ParEIS-MSX/SW/HW_Export_V1/hw/HW_Export_V1.xsa
TRACE::2026-08-17.20:28:33::SCWPlatform::DSA directory C:/Users/tillkorsmeier/Desktop/MA/Z7-Nano/ParEIS-MSX/SW/HW_Export_V1/hw
TRACE::2026-08-17.20:28:33::SCWPlatform:: Platform Path C:/Users/tillkorsmeier/Desktop/MA/Z7-Nano/ParEIS-MSX/SW/HW_Export_V1/hw/HW_Export_V1.xsa
TRACE::2026-08-17.20:28:33::SCWPlatform:: Unique name xilinx:::0.0
TRACE::2026-08-17.20:28:33::SCWPlatform::Trying to set the existing hwdb with name design_1_wrapper_0
TRACE::2026-08-17.20:28:33::SCWPlatform::Opened existing hwdb design_1_wrapper_0
TRACE::2026-08-17.20:28:33::SCWPlatform::Found the Hw Db part of the input DSA
TRACE::2026-08-17.20:28:33::SCWMssOS::Checking the sw design at  C:/Users/tillkorsmeier/Desktop/MA/Z7-Nano/ParEIS-MSX/SW/HW_Export_V1/zynq_fsbl/zynq_fsbl_bsp/system.mss
TRACE::2026-08-17.20:28:33::SCWMssOS::DEBUG:  swdes dump  C:/Users/tillkorsmeier/Desktop/MA/Z7-Nano/ParEIS-MSX/SW/HW_Export_V1/ps7_cortexa9_0/standalone_ps7_cortexa9_0/bsp/system.mss|system_0||
C:/Users/tillkorsmeier/Desktop/MA/Z7-Nano/ParEIS-MSX/SW/HW_Export_V1/zynq_fsbl/zynq_fsbl_bsp/system.mss|system||

TRACE::2026-08-17.20:28:33::SCWMssOS::Sw design exists and opened at  C:/Users/tillkorsmeier/Desktop/MA/Z7-Nano/ParEIS-MSX/SW/HW_Export_V1/zynq_fsbl/zynq_fsbl_bsp/system.mss
TRACE::2026-08-17.20:28:33::SCWPlatform::Trying to open the hw design at C:/Users/tillkorsmeier/Desktop/MA/Z7-Nano/ParEIS-MSX/SW/HW_Export_V1/hw/HW_Export_V1.xsa
TRACE::2026-08-17.20:28:33::SCWPlatform::DSA given C:/Users/tillkorsmeier/Desktop/MA/Z7-Nano/ParEIS-MSX/SW/HW_Export_V1/hw/HW_Export_V1.xsa
TRACE::2026-08-17.20:28:33::SCWPlatform::DSA absoulate path C:/Users/tillkorsmeier/Desktop/MA/Z7-Nano/ParEIS-MSX/SW/HW_Export_V1/hw/HW_Export_V1.xsa
TRACE::2026-08-17.20:28:33::SCWPlatform::DSA directory C:/Users/tillkorsmeier/Desktop/MA/Z7-Nano/ParEIS-MSX/SW/HW_Export_V1/hw
TRACE::2026-08-17.20:28:33::SCWPlatform:: Platform Path C:/Users/tillkorsmeier/Desktop/MA/Z7-Nano/ParEIS-MSX/SW/HW_Export_V1/hw/HW_Export_V1.xsa
TRACE::2026-08-17.20:28:33::SCWPlatform:: Unique name xilinx:::0.0
TRACE::2026-08-17.20:28:33::SCWPlatform::Trying to set the existing hwdb with name design_1_wrapper_0
TRACE::2026-08-17.20:28:33::SCWPlatform::Opened existing hwdb design_1_wrapper_0
TRACE::2026-08-17.20:28:33::SCWPlatform::Found the Hw Db part of the input DSA
TRACE::2026-08-17.20:28:33::SCWMssOS::Checking the sw design at  C:/Users/tillkorsmeier/Desktop/MA/Z7-Nano/ParEIS-MSX/SW/HW_Export_V1/zynq_fsbl/zynq_fsbl_bsp/system.mss
TRACE::2026-08-17.20:28:33::SCWMssOS::DEBUG:  swdes dump  C:/Users/tillkorsmeier/Desktop/MA/Z7-Nano/ParEIS-MSX/SW/HW_Export_V1/ps7_cortexa9_0/standalone_ps7_cortexa9_0/bsp/system.mss|system_0||
C:/Users/tillkorsmeier/Desktop/MA/Z7-Nano/ParEIS-MSX/SW/HW_Export_V1/zynq_fsbl/zynq_fsbl_bsp/system.mss|system||

TRACE::2026-08-17.20:28:33::SCWMssOS::Sw design exists and opened at  C:/Users/tillkorsmeier/Desktop/MA/Z7-Nano/ParEIS-MSX/SW/HW_Export_V1/zynq_fsbl/zynq_fsbl_bsp/system.mss
TRACE::2026-08-17.20:28:33::SCWPlatform::Trying to open the hw design at C:/Users/tillkorsmeier/Desktop/MA/Z7-Nano/ParEIS-MSX/SW/HW_Export_V1/hw/HW_Export_V1.xsa
TRACE::2026-08-17.20:28:33::SCWPlatform::DSA given C:/Users/tillkorsmeier/Desktop/MA/Z7-Nano/ParEIS-MSX/SW/HW_Export_V1/hw/HW_Export_V1.xsa
TRACE::2026-08-17.20:28:33::SCWPlatform::DSA absoulate path C:/Users/tillkorsmeier/Desktop/MA/Z7-Nano/ParEIS-MSX/SW/HW_Export_V1/hw/HW_Export_V1.xsa
TRACE::2026-08-17.20:28:33::SCWPlatform::DSA directory C:/Users/tillkorsmeier/Desktop/MA/Z7-Nano/ParEIS-MSX/SW/HW_Export_V1/hw
TRACE::2026-08-17.20:28:33::SCWPlatform:: Platform Path C:/Users/tillkorsmeier/Desktop/MA/Z7-Nano/ParEIS-MSX/SW/HW_Export_V1/hw/HW_Export_V1.xsa
TRACE::2026-08-17.20:28:33::SCWPlatform:: Unique name xilinx:::0.0
TRACE::2026-08-17.20:28:33::SCWPlatform::Trying to set the existing hwdb with name design_1_wrapper_0
TRACE::2026-08-17.20:28:33::SCWPlatform::Opened existing hwdb design_1_wrapper_0
TRACE::2026-08-17.20:28:33::SCWPlatform::Found the Hw Db part of the input DSA
TRACE::2026-08-17.20:28:33::SCWMssOS::Checking the sw design at  C:/Users/tillkorsmeier/Desktop/MA/Z7-Nano/ParEIS-MSX/SW/HW_Export_V1/ps7_cortexa9_0/standalone_ps7_cortexa9_0/bsp/system.mss
TRACE::2026-08-17.20:28:33::SCWMssOS::DEBUG:  swdes dump  C:/Users/tillkorsmeier/Desktop/MA/Z7-Nano/ParEIS-MSX/SW/HW_Export_V1/ps7_cortexa9_0/standalone_ps7_cortexa9_0/bsp/system.mss|system_0||
C:/Users/tillkorsmeier/Desktop/MA/Z7-Nano/ParEIS-MSX/SW/HW_Export_V1/zynq_fsbl/zynq_fsbl_bsp/system.mss|system||

TRACE::2026-08-17.20:28:33::SCWMssOS::Sw design exists and opened at  C:/Users/tillkorsmeier/Desktop/MA/Z7-Nano/ParEIS-MSX/SW/HW_Export_V1/ps7_cortexa9_0/standalone_ps7_cortexa9_0/bsp/system.mss
TRACE::2026-08-17.20:28:33::SCWPlatform::Trying to open the hw design at C:/Users/tillkorsmeier/Desktop/MA/Z7-Nano/ParEIS-MSX/SW/HW_Export_V1/hw/HW_Export_V1.xsa
TRACE::2026-08-17.20:28:33::SCWPlatform::DSA given C:/Users/tillkorsmeier/Desktop/MA/Z7-Nano/ParEIS-MSX/SW/HW_Export_V1/hw/HW_Export_V1.xsa
TRACE::2026-08-17.20:28:33::SCWPlatform::DSA absoulate path C:/Users/tillkorsmeier/Desktop/MA/Z7-Nano/ParEIS-MSX/SW/HW_Export_V1/hw/HW_Export_V1.xsa
TRACE::2026-08-17.20:28:33::SCWPlatform::DSA directory C:/Users/tillkorsmeier/Desktop/MA/Z7-Nano/ParEIS-MSX/SW/HW_Export_V1/hw
TRACE::2026-08-17.20:28:33::SCWPlatform:: Platform Path C:/Users/tillkorsmeier/Desktop/MA/Z7-Nano/ParEIS-MSX/SW/HW_Export_V1/hw/HW_Export_V1.xsa
TRACE::2026-08-17.20:28:33::SCWPlatform:: Unique name xilinx:::0.0
TRACE::2026-08-17.20:28:33::SCWPlatform::Trying to set the existing hwdb with name design_1_wrapper_0
TRACE::2026-08-17.20:28:33::SCWPlatform::Opened existing hwdb design_1_wrapper_0
TRACE::2026-08-17.20:28:33::SCWPlatform::Found the Hw Db part of the input DSA
TRACE::2026-08-17.20:28:33::SCWMssOS::Checking the sw design at  C:/Users/tillkorsmeier/Desktop/MA/Z7-Nano/ParEIS-MSX/SW/HW_Export_V1/ps7_cortexa9_0/standalone_ps7_cortexa9_0/bsp/system.mss
TRACE::2026-08-17.20:28:33::SCWMssOS::DEBUG:  swdes dump  C:/Users/tillkorsmeier/Desktop/MA/Z7-Nano/ParEIS-MSX/SW/HW_Export_V1/ps7_cortexa9_0/standalone_ps7_cortexa9_0/bsp/system.mss|system_0||
C:/Users/tillkorsmeier/Desktop/MA/Z7-Nano/ParEIS-MSX/SW/HW_Export_V1/zynq_fsbl/zynq_fsbl_bsp/system.mss|system||

TRACE::2026-08-17.20:28:33::SCWMssOS::Sw design exists and opened at  C:/Users/tillkorsmeier/Desktop/MA/Z7-Nano/ParEIS-MSX/SW/HW_Export_V1/ps7_cortexa9_0/standalone_ps7_cortexa9_0/bsp/system.mss
TRACE::2026-08-17.20:28:33::SCWPlatform::Trying to open the hw design at C:/Users/tillkorsmeier/Desktop/MA/Z7-Nano/ParEIS-MSX/SW/HW_Export_V1/hw/HW_Export_V1.xsa
TRACE::2026-08-17.20:28:33::SCWPlatform::DSA given C:/Users/tillkorsmeier/Desktop/MA/Z7-Nano/ParEIS-MSX/SW/HW_Export_V1/hw/HW_Export_V1.xsa
TRACE::2026-08-17.20:28:33::SCWPlatform::DSA absoulate path C:/Users/tillkorsmeier/Desktop/MA/Z7-Nano/ParEIS-MSX/SW/HW_Export_V1/hw/HW_Export_V1.xsa
TRACE::2026-08-17.20:28:33::SCWPlatform::DSA directory C:/Users/tillkorsmeier/Desktop/MA/Z7-Nano/ParEIS-MSX/SW/HW_Export_V1/hw
TRACE::2026-08-17.20:28:33::SCWPlatform:: Platform Path C:/Users/tillkorsmeier/Desktop/MA/Z7-Nano/ParEIS-MSX/SW/HW_Export_V1/hw/HW_Export_V1.xsa
TRACE::2026-08-17.20:28:33::SCWPlatform:: Unique name xilinx:::0.0
TRACE::2026-08-17.20:28:33::SCWPlatform::Trying to set the existing hwdb with name design_1_wrapper_0
TRACE::2026-08-17.20:28:33::SCWPlatform::Opened existing hwdb design_1_wrapper_0
TRACE::2026-08-17.20:28:33::SCWPlatform::Found the Hw Db part of the input DSA
TRACE::2026-08-17.20:28:33::SCWMssOS::Checking the sw design at  C:/Users/tillkorsmeier/Desktop/MA/Z7-Nano/ParEIS-MSX/SW/HW_Export_V1/ps7_cortexa9_0/standalone_ps7_cortexa9_0/bsp/system.mss
TRACE::2026-08-17.20:28:33::SCWMssOS::DEBUG:  swdes dump  C:/Users/tillkorsmeier/Desktop/MA/Z7-Nano/ParEIS-MSX/SW/HW_Export_V1/ps7_cortexa9_0/standalone_ps7_cortexa9_0/bsp/system.mss|system_0||
C:/Users/tillkorsmeier/Desktop/MA/Z7-Nano/ParEIS-MSX/SW/HW_Export_V1/zynq_fsbl/zynq_fsbl_bsp/system.mss|system||

TRACE::2026-08-17.20:28:33::SCWMssOS::Sw design exists and opened at  C:/Users/tillkorsmeier/Desktop/MA/Z7-Nano/ParEIS-MSX/SW/HW_Export_V1/ps7_cortexa9_0/standalone_ps7_cortexa9_0/bsp/system.mss
TRACE::2026-08-17.20:28:33::SCWWriter::formatted JSON is {
	"platformName":	"HW_Export_V1",
	"sprVersion":	"2.0",
	"mode":	"gui",
	"dsaType":	"Fixed",
	"platformDesc":	"HW_Export_V1",
	"platHandOff":	"<platformDir>.xsa",
	"platIntHandOff":	"<platformDir>/hw/HW_Export_V1.xsa",
	"deviceType":	"zynq",
	"platIsPrebuiltAutogen":	"false",
	"platIsNoBootBsp":	"false",
	"platFsblTarget":	"ps7_cortexa9_0",
	"hasFsblMakeHasChanges":	"false",
	"hasPmufwMakeHasChanges":	"false",
	"fsblExtraCompilerFlags":	"-MMD -MP       -mcpu=cortex-a9 -mfpu=vfpv3 -mfloat-abi=hard ",
	"platPreBuiltFlag":	false,
	"platformSamplesDir":	"",
	"platActiveSys":	"HW_Export_V1",
	"systems":	[{
			"systemName":	"HW_Export_V1",
			"systemDesc":	"HW_Export_V1",
			"sysIsBootAutoGen":	"true",
			"systemDispName":	"HW_Export_V1",
			"sysActiveDom":	"standalone_ps7_cortexa9_0",
			"sysDefaultDom":	"standalone_ps7_cortexa9_0",
			"domains":	[{
					"domainName":	"zynq_fsbl",
					"domainDispName":	"zynq_fsbl",
					"domainDesc":	"FSBL Application BSP - Auto Generated.",
					"processors":	"ps7_cortexa9_0",
					"os":	"standalone",
					"sdxOs":	"standalone",
					"debugEnable":	"",
					"domRuntimes":	["cpp"],
					"swRepo":	"",
					"mssOsVer":	"9.2",
					"mssFile":	"",
					"md5Digest":	"eb13c396dfacc0d4cf82f9f4d1da7be6",
					"compatibleApp":	"zynq_fsbl",
					"domType":	"bootDomain",
					"arch":	"32-bit",
					"appSettings":	{
						"appCompilerFlags":	"",
						"appLinkerFlags":	""
					},
					"addedLibs":	["xilffs:5.3", "xilrsa:1.8"],
					"libOptions":	{
						"libsContainingOptions":	[]
					},
					"prebuiltLibs":	{
						"prebuiltIncPath":	[],
						"prebuiltLibPath":	[]
					},
					"isolation":	{
					}
				}, {
					"domainName":	"standalone_ps7_cortexa9_0",
					"domainDispName":	"standalone_ps7_cortexa9_0",
					"domainDesc":	"standalone_ps7_cortexa9_0",
					"processors":	"ps7_cortexa9_0",
					"os":	"standalone",
					"sdxOs":	"standalone",
					"qemuArgs":	"<platformDir>/resources/HW_Export_V1/standalone_ps7_cortexa9_0/qemu_args.txt",
					"qemuData":	"<platformDir>/resources/HW_Export_V1/standalone_ps7_cortexa9_0/qemu",
					"debugEnable":	"False",
					"domRuntimes":	["cpp"],
					"swRepo":	"",
					"mssOsVer":	"9.2",
					"mssFile":	"",
					"md5Digest":	"1bf2491101bc5b23d21c48713d3e1118",
					"compatibleApp":	"empty_application",
					"domType":	"mssDomain",
					"arch":	"32-bit",
					"appSettings":	{
						"appCompilerFlags":	"",
						"appLinkerFlags":	""
					},
					"addedLibs":	[],
					"libOptions":	{
						"libsContainingOptions":	[]
					},
					"prebuiltLibs":	{
						"prebuiltIncPath":	[],
						"prebuiltLibPath":	[]
					},
					"isolation":	{
					}
				}]
		}]
}
KEYINFO::2026-08-17.20:28:33::SCWPlatform::updated the xpfm file.
TRACE::2026-08-17.20:29:45::SCWPlatform::Clearing the existing platform
TRACE::2026-08-17.20:29:45::SCWSystem::Clearing the existing sysconfig
TRACE::2026-08-17.20:29:45::SCWBDomain::clearing the fsbl build
TRACE::2026-08-17.20:29:45::SCWMssOS::Removing the swdes entry for  C:/Users/tillkorsmeier/Desktop/MA/Z7-Nano/ParEIS-MSX/SW/HW_Export_V1/zynq_fsbl/zynq_fsbl_bsp/system.mss
TRACE::2026-08-17.20:29:45::SCWMssOS::Removing the swdes entry for  C:/Users/tillkorsmeier/Desktop/MA/Z7-Nano/ParEIS-MSX/SW/HW_Export_V1/ps7_cortexa9_0/standalone_ps7_cortexa9_0/bsp/system.mss
TRACE::2026-08-17.20:29:45::SCWSystem::Clearing the domains completed.
TRACE::2026-08-17.20:29:45::SCWPlatform::Clearing the opened hw db.
TRACE::2026-08-17.20:29:45::SCWPlatform::DSA given C:/Users/tillkorsmeier/Desktop/MA/Z7-Nano/ParEIS-MSX/SW/HW_Export_V1/hw/HW_Export_V1.xsa
TRACE::2026-08-17.20:29:45::SCWPlatform::DSA absoulate path C:/Users/tillkorsmeier/Desktop/MA/Z7-Nano/ParEIS-MSX/SW/HW_Export_V1/hw/HW_Export_V1.xsa
TRACE::2026-08-17.20:29:45::SCWPlatform:: Platform location is C:/Users/tillkorsmeier/Desktop/MA/Z7-Nano/ParEIS-MSX/SW/HW_Export_V1/hw
TRACE::2026-08-17.20:29:45::SCWPlatform:: Platform Path C:/Users/tillkorsmeier/Desktop/MA/Z7-Nano/ParEIS-MSX/SW/HW_Export_V1/hw/HW_Export_V1.xsa
TRACE::2026-08-17.20:29:45::SCWPlatform:: Unique name xilinx:::0.0
TRACE::2026-08-17.20:29:45::SCWPlatform::Removing the HwDB with name C:/Users/tillkorsmeier/Desktop/MA/Z7-Nano/ParEIS-MSX/SW/HW_Export_V1/hw/HW_Export_V1.xsa
TRACE::2026-08-17.20:29:45::SCWPlatform::Trying to open the hw design at C:/Users/tillkorsmeier/Desktop/MA/Z7-Nano/ParEIS-MSX/SW/HW_Export_V1/hw/HW_Export_V1.xsa
TRACE::2026-08-17.20:29:45::SCWPlatform::DSA given C:/Users/tillkorsmeier/Desktop/MA/Z7-Nano/ParEIS-MSX/SW/HW_Export_V1/hw/HW_Export_V1.xsa
TRACE::2026-08-17.20:29:45::SCWPlatform::DSA absoulate path C:/Users/tillkorsmeier/Desktop/MA/Z7-Nano/ParEIS-MSX/SW/HW_Export_V1/hw/HW_Export_V1.xsa
TRACE::2026-08-17.20:29:45::SCWPlatform::DSA directory C:/Users/tillkorsmeier/Desktop/MA/Z7-Nano/ParEIS-MSX/SW/HW_Export_V1/hw
TRACE::2026-08-17.20:29:45::SCWPlatform:: Platform Path C:/Users/tillkorsmeier/Desktop/MA/Z7-Nano/ParEIS-MSX/SW/HW_Export_V1/hw/HW_Export_V1.xsa
TRACE::2026-08-17.20:29:45::SCWPlatform:: Unique name xilinx:::0.0
TRACE::2026-08-17.20:29:45::SCWPlatform::Do not have an existing db opened. 
TRACE::2026-08-17.20:29:48::SCWPlatform::Opened new HwDB with name design_1_wrapper_2
TRACE::2026-08-17.20:29:48::SCWReader::Active system found as  HW_Export_V1
TRACE::2026-08-17.20:29:48::SCWReader::Handling sysconfig HW_Export_V1
TRACE::2026-08-17.20:29:48::SCWDomain::checking for install qemu data   : 
TRACE::2026-08-17.20:29:48::SCWDomain:: Using the QEMU Data from install at  : C:/Xilinx/Vitis/Vitis/2024.2/data/emulation/platforms/zynq/sw/a9_standalone/qemu/
TRACE::2026-08-17.20:29:48::SCWDomain:: Using the QEMU args  from install at  : C:/Xilinx/Vitis/Vitis/2024.2/data/emulation/platforms/zynq/sw/a9_standalone/qemu/qemu_args.txt
TRACE::2026-08-17.20:29:48::SCWPlatform::Trying to open the hw design at C:/Users/tillkorsmeier/Desktop/MA/Z7-Nano/ParEIS-MSX/SW/HW_Export_V1/hw/HW_Export_V1.xsa
TRACE::2026-08-17.20:29:48::SCWPlatform::DSA given C:/Users/tillkorsmeier/Desktop/MA/Z7-Nano/ParEIS-MSX/SW/HW_Export_V1/hw/HW_Export_V1.xsa
TRACE::2026-08-17.20:29:48::SCWPlatform::DSA absoulate path C:/Users/tillkorsmeier/Desktop/MA/Z7-Nano/ParEIS-MSX/SW/HW_Export_V1/hw/HW_Export_V1.xsa
TRACE::2026-08-17.20:29:48::SCWPlatform::DSA directory C:/Users/tillkorsmeier/Desktop/MA/Z7-Nano/ParEIS-MSX/SW/HW_Export_V1/hw
TRACE::2026-08-17.20:29:48::SCWPlatform:: Platform Path C:/Users/tillkorsmeier/Desktop/MA/Z7-Nano/ParEIS-MSX/SW/HW_Export_V1/hw/HW_Export_V1.xsa
TRACE::2026-08-17.20:29:48::SCWPlatform:: Unique name xilinx:::0.0
TRACE::2026-08-17.20:29:48::SCWPlatform::Trying to set the existing hwdb with name design_1_wrapper_2
TRACE::2026-08-17.20:29:48::SCWPlatform::Opened existing hwdb design_1_wrapper_2
TRACE::2026-08-17.20:29:48::SCWPlatform::Found the Hw Db part of the input DSA
TRACE::2026-08-17.20:29:48::SCWPlatform::Trying to open the hw design at C:/Users/tillkorsmeier/Desktop/MA/Z7-Nano/ParEIS-MSX/SW/HW_Export_V1/hw/HW_Export_V1.xsa
TRACE::2026-08-17.20:29:48::SCWPlatform::DSA given C:/Users/tillkorsmeier/Desktop/MA/Z7-Nano/ParEIS-MSX/SW/HW_Export_V1/hw/HW_Export_V1.xsa
TRACE::2026-08-17.20:29:48::SCWPlatform::DSA absoulate path C:/Users/tillkorsmeier/Desktop/MA/Z7-Nano/ParEIS-MSX/SW/HW_Export_V1/hw/HW_Export_V1.xsa
TRACE::2026-08-17.20:29:48::SCWPlatform::DSA directory C:/Users/tillkorsmeier/Desktop/MA/Z7-Nano/ParEIS-MSX/SW/HW_Export_V1/hw
TRACE::2026-08-17.20:29:48::SCWPlatform:: Platform Path C:/Users/tillkorsmeier/Desktop/MA/Z7-Nano/ParEIS-MSX/SW/HW_Export_V1/hw/HW_Export_V1.xsa
TRACE::2026-08-17.20:29:48::SCWPlatform:: Unique name xilinx:::0.0
TRACE::2026-08-17.20:29:48::SCWPlatform::Trying to set the existing hwdb with name design_1_wrapper_2
TRACE::2026-08-17.20:29:48::SCWPlatform::Opened existing hwdb design_1_wrapper_2
TRACE::2026-08-17.20:29:48::SCWPlatform::Found the Hw Db part of the input DSA
TRACE::2026-08-17.20:29:48::SCWPlatform::Trying to open the hw design at C:/Users/tillkorsmeier/Desktop/MA/Z7-Nano/ParEIS-MSX/SW/HW_Export_V1/hw/HW_Export_V1.xsa
TRACE::2026-08-17.20:29:48::SCWPlatform::DSA given C:/Users/tillkorsmeier/Desktop/MA/Z7-Nano/ParEIS-MSX/SW/HW_Export_V1/hw/HW_Export_V1.xsa
TRACE::2026-08-17.20:29:48::SCWPlatform::DSA absoulate path C:/Users/tillkorsmeier/Desktop/MA/Z7-Nano/ParEIS-MSX/SW/HW_Export_V1/hw/HW_Export_V1.xsa
TRACE::2026-08-17.20:29:48::SCWPlatform::DSA directory C:/Users/tillkorsmeier/Desktop/MA/Z7-Nano/ParEIS-MSX/SW/HW_Export_V1/hw
TRACE::2026-08-17.20:29:48::SCWPlatform:: Platform Path C:/Users/tillkorsmeier/Desktop/MA/Z7-Nano/ParEIS-MSX/SW/HW_Export_V1/hw/HW_Export_V1.xsa
TRACE::2026-08-17.20:29:48::SCWPlatform:: Unique name xilinx:::0.0
TRACE::2026-08-17.20:29:48::SCWPlatform::Trying to set the existing hwdb with name design_1_wrapper_2
TRACE::2026-08-17.20:29:48::SCWPlatform::Opened existing hwdb design_1_wrapper_2
TRACE::2026-08-17.20:29:48::SCWPlatform::Found the Hw Db part of the input DSA
TRACE::2026-08-17.20:29:48::SCWReader::Boot application domain added for zynq_fsbl
TRACE::2026-08-17.20:29:48::SCWPlatform::Trying to open the hw design at C:/Users/tillkorsmeier/Desktop/MA/Z7-Nano/ParEIS-MSX/SW/HW_Export_V1/hw/HW_Export_V1.xsa
TRACE::2026-08-17.20:29:48::SCWPlatform::DSA given C:/Users/tillkorsmeier/Desktop/MA/Z7-Nano/ParEIS-MSX/SW/HW_Export_V1/hw/HW_Export_V1.xsa
TRACE::2026-08-17.20:29:48::SCWPlatform::DSA absoulate path C:/Users/tillkorsmeier/Desktop/MA/Z7-Nano/ParEIS-MSX/SW/HW_Export_V1/hw/HW_Export_V1.xsa
TRACE::2026-08-17.20:29:48::SCWPlatform::DSA directory C:/Users/tillkorsmeier/Desktop/MA/Z7-Nano/ParEIS-MSX/SW/HW_Export_V1/hw
TRACE::2026-08-17.20:29:48::SCWPlatform:: Platform Path C:/Users/tillkorsmeier/Desktop/MA/Z7-Nano/ParEIS-MSX/SW/HW_Export_V1/hw/HW_Export_V1.xsa
TRACE::2026-08-17.20:29:48::SCWPlatform:: Unique name xilinx:::0.0
TRACE::2026-08-17.20:29:48::SCWPlatform::Trying to set the existing hwdb with name design_1_wrapper_2
TRACE::2026-08-17.20:29:48::SCWPlatform::Opened existing hwdb design_1_wrapper_2
TRACE::2026-08-17.20:29:48::SCWPlatform::Found the Hw Db part of the input DSA
TRACE::2026-08-17.20:29:48::SCWMssOS::Checking the sw design at  C:/Users/tillkorsmeier/Desktop/MA/Z7-Nano/ParEIS-MSX/SW/HW_Export_V1/zynq_fsbl/zynq_fsbl_bsp/system.mss
TRACE::2026-08-17.20:29:48::SCWMssOS::DEBUG:  swdes dump  
TRACE::2026-08-17.20:29:48::SCWMssOS::No sw design opened at  C:/Users/tillkorsmeier/Desktop/MA/Z7-Nano/ParEIS-MSX/SW/HW_Export_V1/zynq_fsbl/zynq_fsbl_bsp/system.mss
TRACE::2026-08-17.20:29:48::SCWMssOS::mss exists loading the mss file  C:/Users/tillkorsmeier/Desktop/MA/Z7-Nano/ParEIS-MSX/SW/HW_Export_V1/zynq_fsbl/zynq_fsbl_bsp/system.mss
TRACE::2026-08-17.20:29:48::SCWMssOS::Opened the sw design from mss  C:/Users/tillkorsmeier/Desktop/MA/Z7-Nano/ParEIS-MSX/SW/HW_Export_V1/zynq_fsbl/zynq_fsbl_bsp/system.mss
TRACE::2026-08-17.20:29:48::SCWMssOS::Adding the swdes entry C:/Users/tillkorsmeier/Desktop/MA/Z7-Nano/ParEIS-MSX/SW/HW_Export_V1/zynq_fsbl/zynq_fsbl_bsp/system.mss with des name system
TRACE::2026-08-17.20:29:48::SCWMssOS::updating the scw layer about changes
TRACE::2026-08-17.20:29:48::SCWMssOS::Opened the sw design.  C:/Users/tillkorsmeier/Desktop/MA/Z7-Nano/ParEIS-MSX/SW/HW_Export_V1/zynq_fsbl/zynq_fsbl_bsp/system.mss
TRACE::2026-08-17.20:29:48::SCWPlatform::Trying to open the hw design at C:/Users/tillkorsmeier/Desktop/MA/Z7-Nano/ParEIS-MSX/SW/HW_Export_V1/hw/HW_Export_V1.xsa
TRACE::2026-08-17.20:29:48::SCWPlatform::DSA given C:/Users/tillkorsmeier/Desktop/MA/Z7-Nano/ParEIS-MSX/SW/HW_Export_V1/hw/HW_Export_V1.xsa
TRACE::2026-08-17.20:29:48::SCWPlatform::DSA absoulate path C:/Users/tillkorsmeier/Desktop/MA/Z7-Nano/ParEIS-MSX/SW/HW_Export_V1/hw/HW_Export_V1.xsa
TRACE::2026-08-17.20:29:48::SCWPlatform::DSA directory C:/Users/tillkorsmeier/Desktop/MA/Z7-Nano/ParEIS-MSX/SW/HW_Export_V1/hw
TRACE::2026-08-17.20:29:48::SCWPlatform:: Platform Path C:/Users/tillkorsmeier/Desktop/MA/Z7-Nano/ParEIS-MSX/SW/HW_Export_V1/hw/HW_Export_V1.xsa
TRACE::2026-08-17.20:29:48::SCWPlatform:: Unique name xilinx:::0.0
TRACE::2026-08-17.20:29:48::SCWPlatform::Trying to set the existing hwdb with name design_1_wrapper_2
TRACE::2026-08-17.20:29:48::SCWPlatform::Opened existing hwdb design_1_wrapper_2
TRACE::2026-08-17.20:29:48::SCWPlatform::Found the Hw Db part of the input DSA
TRACE::2026-08-17.20:29:48::SCWMssOS::Checking the sw design at  C:/Users/tillkorsmeier/Desktop/MA/Z7-Nano/ParEIS-MSX/SW/HW_Export_V1/zynq_fsbl/zynq_fsbl_bsp/system.mss
TRACE::2026-08-17.20:29:48::SCWMssOS::DEBUG:  swdes dump  C:/Users/tillkorsmeier/Desktop/MA/Z7-Nano/ParEIS-MSX/SW/HW_Export_V1/zynq_fsbl/zynq_fsbl_bsp/system.mss|system||

TRACE::2026-08-17.20:29:48::SCWMssOS::Sw design exists and opened at  C:/Users/tillkorsmeier/Desktop/MA/Z7-Nano/ParEIS-MSX/SW/HW_Export_V1/zynq_fsbl/zynq_fsbl_bsp/system.mss
TRACE::2026-08-17.20:29:48::SCWMssOS:: library already available in sw design:  xilffs:5.3
TRACE::2026-08-17.20:29:48::SCWPlatform::Trying to open the hw design at C:/Users/tillkorsmeier/Desktop/MA/Z7-Nano/ParEIS-MSX/SW/HW_Export_V1/hw/HW_Export_V1.xsa
TRACE::2026-08-17.20:29:48::SCWPlatform::DSA given C:/Users/tillkorsmeier/Desktop/MA/Z7-Nano/ParEIS-MSX/SW/HW_Export_V1/hw/HW_Export_V1.xsa
TRACE::2026-08-17.20:29:48::SCWPlatform::DSA absoulate path C:/Users/tillkorsmeier/Desktop/MA/Z7-Nano/ParEIS-MSX/SW/HW_Export_V1/hw/HW_Export_V1.xsa
TRACE::2026-08-17.20:29:48::SCWPlatform::DSA directory C:/Users/tillkorsmeier/Desktop/MA/Z7-Nano/ParEIS-MSX/SW/HW_Export_V1/hw
TRACE::2026-08-17.20:29:48::SCWPlatform:: Platform Path C:/Users/tillkorsmeier/Desktop/MA/Z7-Nano/ParEIS-MSX/SW/HW_Export_V1/hw/HW_Export_V1.xsa
TRACE::2026-08-17.20:29:48::SCWPlatform:: Unique name xilinx:::0.0
TRACE::2026-08-17.20:29:48::SCWPlatform::Trying to set the existing hwdb with name design_1_wrapper_2
TRACE::2026-08-17.20:29:48::SCWPlatform::Opened existing hwdb design_1_wrapper_2
TRACE::2026-08-17.20:29:48::SCWPlatform::Found the Hw Db part of the input DSA
TRACE::2026-08-17.20:29:48::SCWMssOS::Checking the sw design at  C:/Users/tillkorsmeier/Desktop/MA/Z7-Nano/ParEIS-MSX/SW/HW_Export_V1/zynq_fsbl/zynq_fsbl_bsp/system.mss
TRACE::2026-08-17.20:29:48::SCWMssOS::DEBUG:  swdes dump  C:/Users/tillkorsmeier/Desktop/MA/Z7-Nano/ParEIS-MSX/SW/HW_Export_V1/zynq_fsbl/zynq_fsbl_bsp/system.mss|system||

TRACE::2026-08-17.20:29:48::SCWMssOS::Sw design exists and opened at  C:/Users/tillkorsmeier/Desktop/MA/Z7-Nano/ParEIS-MSX/SW/HW_Export_V1/zynq_fsbl/zynq_fsbl_bsp/system.mss
TRACE::2026-08-17.20:29:48::SCWMssOS:: library already available in sw design:  xilrsa:1.8
TRACE::2026-08-17.20:29:48::SCWMssOS::Saving the mss changes C:/Users/tillkorsmeier/Desktop/MA/Z7-Nano/ParEIS-MSX/SW/HW_Export_V1/zynq_fsbl/zynq_fsbl_bsp/system.mss
TRACE::2026-08-17.20:29:48::SCWMssOS::Found a swdesign opened with the mssfile.
TRACE::2026-08-17.20:29:48::SCWMssOS::Completed writemss as part of save.
TRACE::2026-08-17.20:29:48::SCWMssOS::Commit changes completed.
TRACE::2026-08-17.20:29:48::SCWReader::Adding prebuilt librarypaths as   
TRACE::2026-08-17.20:29:48::SCWReader::Adding prebuilt incpaths  as   
TRACE::2026-08-17.20:29:48::SCWPlatform::Trying to open the hw design at C:/Users/tillkorsmeier/Desktop/MA/Z7-Nano/ParEIS-MSX/SW/HW_Export_V1/hw/HW_Export_V1.xsa
TRACE::2026-08-17.20:29:48::SCWPlatform::DSA given C:/Users/tillkorsmeier/Desktop/MA/Z7-Nano/ParEIS-MSX/SW/HW_Export_V1/hw/HW_Export_V1.xsa
TRACE::2026-08-17.20:29:48::SCWPlatform::DSA absoulate path C:/Users/tillkorsmeier/Desktop/MA/Z7-Nano/ParEIS-MSX/SW/HW_Export_V1/hw/HW_Export_V1.xsa
TRACE::2026-08-17.20:29:48::SCWPlatform::DSA directory C:/Users/tillkorsmeier/Desktop/MA/Z7-Nano/ParEIS-MSX/SW/HW_Export_V1/hw
TRACE::2026-08-17.20:29:48::SCWPlatform:: Platform Path C:/Users/tillkorsmeier/Desktop/MA/Z7-Nano/ParEIS-MSX/SW/HW_Export_V1/hw/HW_Export_V1.xsa
TRACE::2026-08-17.20:29:48::SCWPlatform:: Unique name xilinx:::0.0
TRACE::2026-08-17.20:29:48::SCWPlatform::Trying to set the existing hwdb with name design_1_wrapper_2
TRACE::2026-08-17.20:29:48::SCWPlatform::Opened existing hwdb design_1_wrapper_2
TRACE::2026-08-17.20:29:48::SCWPlatform::Found the Hw Db part of the input DSA
TRACE::2026-08-17.20:29:48::SCWMssOS::Checking the sw design at  C:/Users/tillkorsmeier/Desktop/MA/Z7-Nano/ParEIS-MSX/SW/HW_Export_V1/zynq_fsbl/zynq_fsbl_bsp/system.mss
TRACE::2026-08-17.20:29:48::SCWMssOS::DEBUG:  swdes dump  C:/Users/tillkorsmeier/Desktop/MA/Z7-Nano/ParEIS-MSX/SW/HW_Export_V1/zynq_fsbl/zynq_fsbl_bsp/system.mss|system||

TRACE::2026-08-17.20:29:48::SCWMssOS::Sw design exists and opened at  C:/Users/tillkorsmeier/Desktop/MA/Z7-Nano/ParEIS-MSX/SW/HW_Export_V1/zynq_fsbl/zynq_fsbl_bsp/system.mss
TRACE::2026-08-17.20:29:48::SCWReader::No isolation master present  
TRACE::2026-08-17.20:29:48::SCWDomain::checking for install qemu data   : 
TRACE::2026-08-17.20:29:48::SCWDomain:: Using the QEMU Data from install at  : C:/Xilinx/Vitis/Vitis/2024.2/data/emulation/platforms/zynq/sw/a9_standalone/qemu/
TRACE::2026-08-17.20:29:48::SCWDomain:: Using the QEMU args  from install at  : C:/Xilinx/Vitis/Vitis/2024.2/data/emulation/platforms/zynq/sw/a9_standalone/qemu/qemu_args.txt
TRACE::2026-08-17.20:29:48::SCWPlatform::Trying to open the hw design at C:/Users/tillkorsmeier/Desktop/MA/Z7-Nano/ParEIS-MSX/SW/HW_Export_V1/hw/HW_Export_V1.xsa
TRACE::2026-08-17.20:29:48::SCWPlatform::DSA given C:/Users/tillkorsmeier/Desktop/MA/Z7-Nano/ParEIS-MSX/SW/HW_Export_V1/hw/HW_Export_V1.xsa
TRACE::2026-08-17.20:29:48::SCWPlatform::DSA absoulate path C:/Users/tillkorsmeier/Desktop/MA/Z7-Nano/ParEIS-MSX/SW/HW_Export_V1/hw/HW_Export_V1.xsa
TRACE::2026-08-17.20:29:48::SCWPlatform::DSA directory C:/Users/tillkorsmeier/Desktop/MA/Z7-Nano/ParEIS-MSX/SW/HW_Export_V1/hw
TRACE::2026-08-17.20:29:48::SCWPlatform:: Platform Path C:/Users/tillkorsmeier/Desktop/MA/Z7-Nano/ParEIS-MSX/SW/HW_Export_V1/hw/HW_Export_V1.xsa
TRACE::2026-08-17.20:29:48::SCWPlatform:: Unique name xilinx:::0.0
TRACE::2026-08-17.20:29:48::SCWPlatform::Trying to set the existing hwdb with name design_1_wrapper_2
TRACE::2026-08-17.20:29:48::SCWPlatform::Opened existing hwdb design_1_wrapper_2
TRACE::2026-08-17.20:29:48::SCWPlatform::Found the Hw Db part of the input DSA
TRACE::2026-08-17.20:29:48::SCWPlatform::Trying to open the hw design at C:/Users/tillkorsmeier/Desktop/MA/Z7-Nano/ParEIS-MSX/SW/HW_Export_V1/hw/HW_Export_V1.xsa
TRACE::2026-08-17.20:29:48::SCWPlatform::DSA given C:/Users/tillkorsmeier/Desktop/MA/Z7-Nano/ParEIS-MSX/SW/HW_Export_V1/hw/HW_Export_V1.xsa
TRACE::2026-08-17.20:29:48::SCWPlatform::DSA absoulate path C:/Users/tillkorsmeier/Desktop/MA/Z7-Nano/ParEIS-MSX/SW/HW_Export_V1/hw/HW_Export_V1.xsa
TRACE::2026-08-17.20:29:48::SCWPlatform::DSA directory C:/Users/tillkorsmeier/Desktop/MA/Z7-Nano/ParEIS-MSX/SW/HW_Export_V1/hw
TRACE::2026-08-17.20:29:48::SCWPlatform:: Platform Path C:/Users/tillkorsmeier/Desktop/MA/Z7-Nano/ParEIS-MSX/SW/HW_Export_V1/hw/HW_Export_V1.xsa
TRACE::2026-08-17.20:29:48::SCWPlatform:: Unique name xilinx:::0.0
TRACE::2026-08-17.20:29:48::SCWPlatform::Trying to set the existing hwdb with name design_1_wrapper_2
TRACE::2026-08-17.20:29:48::SCWPlatform::Opened existing hwdb design_1_wrapper_2
TRACE::2026-08-17.20:29:48::SCWPlatform::Found the Hw Db part of the input DSA
TRACE::2026-08-17.20:29:48::SCWPlatform::Trying to open the hw design at C:/Users/tillkorsmeier/Desktop/MA/Z7-Nano/ParEIS-MSX/SW/HW_Export_V1/hw/HW_Export_V1.xsa
TRACE::2026-08-17.20:29:48::SCWPlatform::DSA given C:/Users/tillkorsmeier/Desktop/MA/Z7-Nano/ParEIS-MSX/SW/HW_Export_V1/hw/HW_Export_V1.xsa
TRACE::2026-08-17.20:29:48::SCWPlatform::DSA absoulate path C:/Users/tillkorsmeier/Desktop/MA/Z7-Nano/ParEIS-MSX/SW/HW_Export_V1/hw/HW_Export_V1.xsa
TRACE::2026-08-17.20:29:48::SCWPlatform::DSA directory C:/Users/tillkorsmeier/Desktop/MA/Z7-Nano/ParEIS-MSX/SW/HW_Export_V1/hw
TRACE::2026-08-17.20:29:48::SCWPlatform:: Platform Path C:/Users/tillkorsmeier/Desktop/MA/Z7-Nano/ParEIS-MSX/SW/HW_Export_V1/hw/HW_Export_V1.xsa
TRACE::2026-08-17.20:29:48::SCWPlatform:: Unique name xilinx:::0.0
TRACE::2026-08-17.20:29:48::SCWPlatform::Trying to set the existing hwdb with name design_1_wrapper_2
TRACE::2026-08-17.20:29:48::SCWPlatform::Opened existing hwdb design_1_wrapper_2
TRACE::2026-08-17.20:29:48::SCWPlatform::Found the Hw Db part of the input DSA
TRACE::2026-08-17.20:29:48::SCWMssOS::Checking the sw design at  C:/Users/tillkorsmeier/Desktop/MA/Z7-Nano/ParEIS-MSX/SW/HW_Export_V1/ps7_cortexa9_0/standalone_ps7_cortexa9_0/bsp/system.mss
TRACE::2026-08-17.20:29:48::SCWMssOS::DEBUG:  swdes dump  C:/Users/tillkorsmeier/Desktop/MA/Z7-Nano/ParEIS-MSX/SW/HW_Export_V1/zynq_fsbl/zynq_fsbl_bsp/system.mss|system||

TRACE::2026-08-17.20:29:48::SCWMssOS::No sw design opened at  C:/Users/tillkorsmeier/Desktop/MA/Z7-Nano/ParEIS-MSX/SW/HW_Export_V1/ps7_cortexa9_0/standalone_ps7_cortexa9_0/bsp/system.mss
TRACE::2026-08-17.20:29:48::SCWMssOS::mss exists loading the mss file  C:/Users/tillkorsmeier/Desktop/MA/Z7-Nano/ParEIS-MSX/SW/HW_Export_V1/ps7_cortexa9_0/standalone_ps7_cortexa9_0/bsp/system.mss
TRACE::2026-08-17.20:29:48::SCWMssOS::Opened the sw design from mss  C:/Users/tillkorsmeier/Desktop/MA/Z7-Nano/ParEIS-MSX/SW/HW_Export_V1/ps7_cortexa9_0/standalone_ps7_cortexa9_0/bsp/system.mss
TRACE::2026-08-17.20:29:48::SCWMssOS::Adding the swdes entry C:/Users/tillkorsmeier/Desktop/MA/Z7-Nano/ParEIS-MSX/SW/HW_Export_V1/ps7_cortexa9_0/standalone_ps7_cortexa9_0/bsp/system.mss with des name system_0
TRACE::2026-08-17.20:29:48::SCWMssOS::updating the scw layer about changes
TRACE::2026-08-17.20:29:48::SCWMssOS::Opened the sw design.  C:/Users/tillkorsmeier/Desktop/MA/Z7-Nano/ParEIS-MSX/SW/HW_Export_V1/ps7_cortexa9_0/standalone_ps7_cortexa9_0/bsp/system.mss
TRACE::2026-08-17.20:29:48::SCWMssOS::Saving the mss changes C:/Users/tillkorsmeier/Desktop/MA/Z7-Nano/ParEIS-MSX/SW/HW_Export_V1/ps7_cortexa9_0/standalone_ps7_cortexa9_0/bsp/system.mss
TRACE::2026-08-17.20:29:48::SCWMssOS::Found a swdesign opened with the mssfile.
TRACE::2026-08-17.20:29:48::SCWMssOS::Completed writemss as part of save.
TRACE::2026-08-17.20:29:48::SCWMssOS::Commit changes completed.
TRACE::2026-08-17.20:29:48::SCWReader::Adding prebuilt librarypaths as   
TRACE::2026-08-17.20:29:48::SCWReader::Adding prebuilt incpaths  as   
TRACE::2026-08-17.20:29:48::SCWPlatform::Trying to open the hw design at C:/Users/tillkorsmeier/Desktop/MA/Z7-Nano/ParEIS-MSX/SW/HW_Export_V1/hw/HW_Export_V1.xsa
TRACE::2026-08-17.20:29:48::SCWPlatform::DSA given C:/Users/tillkorsmeier/Desktop/MA/Z7-Nano/ParEIS-MSX/SW/HW_Export_V1/hw/HW_Export_V1.xsa
TRACE::2026-08-17.20:29:48::SCWPlatform::DSA absoulate path C:/Users/tillkorsmeier/Desktop/MA/Z7-Nano/ParEIS-MSX/SW/HW_Export_V1/hw/HW_Export_V1.xsa
TRACE::2026-08-17.20:29:48::SCWPlatform::DSA directory C:/Users/tillkorsmeier/Desktop/MA/Z7-Nano/ParEIS-MSX/SW/HW_Export_V1/hw
TRACE::2026-08-17.20:29:48::SCWPlatform:: Platform Path C:/Users/tillkorsmeier/Desktop/MA/Z7-Nano/ParEIS-MSX/SW/HW_Export_V1/hw/HW_Export_V1.xsa
TRACE::2026-08-17.20:29:48::SCWPlatform:: Unique name xilinx:::0.0
TRACE::2026-08-17.20:29:48::SCWPlatform::Trying to set the existing hwdb with name design_1_wrapper_2
TRACE::2026-08-17.20:29:48::SCWPlatform::Opened existing hwdb design_1_wrapper_2
TRACE::2026-08-17.20:29:48::SCWPlatform::Found the Hw Db part of the input DSA
TRACE::2026-08-17.20:29:48::SCWMssOS::Checking the sw design at  C:/Users/tillkorsmeier/Desktop/MA/Z7-Nano/ParEIS-MSX/SW/HW_Export_V1/ps7_cortexa9_0/standalone_ps7_cortexa9_0/bsp/system.mss
TRACE::2026-08-17.20:29:48::SCWMssOS::DEBUG:  swdes dump  C:/Users/tillkorsmeier/Desktop/MA/Z7-Nano/ParEIS-MSX/SW/HW_Export_V1/ps7_cortexa9_0/standalone_ps7_cortexa9_0/bsp/system.mss|system_0||
C:/Users/tillkorsmeier/Desktop/MA/Z7-Nano/ParEIS-MSX/SW/HW_Export_V1/zynq_fsbl/zynq_fsbl_bsp/system.mss|system||

TRACE::2026-08-17.20:29:48::SCWMssOS::Sw design exists and opened at  C:/Users/tillkorsmeier/Desktop/MA/Z7-Nano/ParEIS-MSX/SW/HW_Export_V1/ps7_cortexa9_0/standalone_ps7_cortexa9_0/bsp/system.mss
TRACE::2026-08-17.20:29:48::SCWReader::No isolation master present  
TRACE::2026-08-17.20:29:48::SCWPlatform::Trying to open the hw design at C:/Users/tillkorsmeier/Desktop/MA/Z7-Nano/ParEIS-MSX/SW/HW_Export_V1/hw/HW_Export_V1.xsa
TRACE::2026-08-17.20:29:48::SCWPlatform::DSA given C:/Users/tillkorsmeier/Desktop/MA/Z7-Nano/ParEIS-MSX/SW/HW_Export_V1/hw/HW_Export_V1.xsa
TRACE::2026-08-17.20:29:48::SCWPlatform::DSA absoulate path C:/Users/tillkorsmeier/Desktop/MA/Z7-Nano/ParEIS-MSX/SW/HW_Export_V1/hw/HW_Export_V1.xsa
TRACE::2026-08-17.20:29:48::SCWPlatform::DSA directory C:/Users/tillkorsmeier/Desktop/MA/Z7-Nano/ParEIS-MSX/SW/HW_Export_V1/hw
TRACE::2026-08-17.20:29:48::SCWPlatform:: Platform Path C:/Users/tillkorsmeier/Desktop/MA/Z7-Nano/ParEIS-MSX/SW/HW_Export_V1/hw/HW_Export_V1.xsa
TRACE::2026-08-17.20:29:48::SCWPlatform:: Unique name xilinx:::0.0
TRACE::2026-08-17.20:29:48::SCWPlatform::Trying to set the existing hwdb with name design_1_wrapper_2
TRACE::2026-08-17.20:29:48::SCWPlatform::Opened existing hwdb design_1_wrapper_2
TRACE::2026-08-17.20:29:48::SCWPlatform::Found the Hw Db part of the input DSA
TRACE::2026-08-17.20:29:48::SCWMssOS::Checking the sw design at  C:/Users/tillkorsmeier/Desktop/MA/Z7-Nano/ParEIS-MSX/SW/HW_Export_V1/ps7_cortexa9_0/standalone_ps7_cortexa9_0/bsp/system.mss
TRACE::2026-08-17.20:29:48::SCWMssOS::DEBUG:  swdes dump  C:/Users/tillkorsmeier/Desktop/MA/Z7-Nano/ParEIS-MSX/SW/HW_Export_V1/ps7_cortexa9_0/standalone_ps7_cortexa9_0/bsp/system.mss|system_0||
C:/Users/tillkorsmeier/Desktop/MA/Z7-Nano/ParEIS-MSX/SW/HW_Export_V1/zynq_fsbl/zynq_fsbl_bsp/system.mss|system||

TRACE::2026-08-17.20:29:48::SCWMssOS::Sw design exists and opened at  C:/Users/tillkorsmeier/Desktop/MA/Z7-Nano/ParEIS-MSX/SW/HW_Export_V1/ps7_cortexa9_0/standalone_ps7_cortexa9_0/bsp/system.mss
TRACE::2026-08-17.20:29:49::SCWMssOS::In reload Mss file.
TRACE::2026-08-17.20:29:49::SCWPlatform::Trying to open the hw design at C:/Users/tillkorsmeier/Desktop/MA/Z7-Nano/ParEIS-MSX/SW/HW_Export_V1/hw/HW_Export_V1.xsa
TRACE::2026-08-17.20:29:49::SCWPlatform::DSA given C:/Users/tillkorsmeier/Desktop/MA/Z7-Nano/ParEIS-MSX/SW/HW_Export_V1/hw/HW_Export_V1.xsa
TRACE::2026-08-17.20:29:49::SCWPlatform::DSA absoulate path C:/Users/tillkorsmeier/Desktop/MA/Z7-Nano/ParEIS-MSX/SW/HW_Export_V1/hw/HW_Export_V1.xsa
TRACE::2026-08-17.20:29:49::SCWPlatform::DSA directory C:/Users/tillkorsmeier/Desktop/MA/Z7-Nano/ParEIS-MSX/SW/HW_Export_V1/hw
TRACE::2026-08-17.20:29:49::SCWPlatform:: Platform Path C:/Users/tillkorsmeier/Desktop/MA/Z7-Nano/ParEIS-MSX/SW/HW_Export_V1/hw/HW_Export_V1.xsa
TRACE::2026-08-17.20:29:49::SCWPlatform:: Unique name xilinx:::0.0
TRACE::2026-08-17.20:29:49::SCWPlatform::Trying to set the existing hwdb with name design_1_wrapper_2
TRACE::2026-08-17.20:29:49::SCWPlatform::Opened existing hwdb design_1_wrapper_2
TRACE::2026-08-17.20:29:49::SCWPlatform::Found the Hw Db part of the input DSA
TRACE::2026-08-17.20:29:49::SCWMssOS::Checking the sw design at  C:/Users/tillkorsmeier/Desktop/MA/Z7-Nano/ParEIS-MSX/SW/HW_Export_V1/ps7_cortexa9_0/standalone_ps7_cortexa9_0/bsp/system.mss
TRACE::2026-08-17.20:29:49::SCWMssOS::DEBUG:  swdes dump  C:/Users/tillkorsmeier/Desktop/MA/Z7-Nano/ParEIS-MSX/SW/HW_Export_V1/zynq_fsbl/zynq_fsbl_bsp/system.mss|system||

TRACE::2026-08-17.20:29:49::SCWMssOS::No sw design opened at  C:/Users/tillkorsmeier/Desktop/MA/Z7-Nano/ParEIS-MSX/SW/HW_Export_V1/ps7_cortexa9_0/standalone_ps7_cortexa9_0/bsp/system.mss
TRACE::2026-08-17.20:29:49::SCWMssOS::mss exists loading the mss file  C:/Users/tillkorsmeier/Desktop/MA/Z7-Nano/ParEIS-MSX/SW/HW_Export_V1/ps7_cortexa9_0/standalone_ps7_cortexa9_0/bsp/system.mss
TRACE::2026-08-17.20:29:49::SCWMssOS::Opened the sw design from mss  C:/Users/tillkorsmeier/Desktop/MA/Z7-Nano/ParEIS-MSX/SW/HW_Export_V1/ps7_cortexa9_0/standalone_ps7_cortexa9_0/bsp/system.mss
TRACE::2026-08-17.20:29:49::SCWMssOS::Adding the swdes entry C:/Users/tillkorsmeier/Desktop/MA/Z7-Nano/ParEIS-MSX/SW/HW_Export_V1/ps7_cortexa9_0/standalone_ps7_cortexa9_0/bsp/system.mss with des name system_0
TRACE::2026-08-17.20:29:49::SCWMssOS::updating the scw layer about changes
TRACE::2026-08-17.20:29:49::SCWMssOS::Opened the sw design.  C:/Users/tillkorsmeier/Desktop/MA/Z7-Nano/ParEIS-MSX/SW/HW_Export_V1/ps7_cortexa9_0/standalone_ps7_cortexa9_0/bsp/system.mss
TRACE::2026-08-17.20:29:49::SCWMssOS::Saving the mss changes C:/Users/tillkorsmeier/Desktop/MA/Z7-Nano/ParEIS-MSX/SW/HW_Export_V1/ps7_cortexa9_0/standalone_ps7_cortexa9_0/bsp/system.mss
TRACE::2026-08-17.20:29:49::SCWMssOS::Found a swdesign opened with the mssfile.
TRACE::2026-08-17.20:29:49::SCWMssOS::Completed writemss as part of save.
TRACE::2026-08-17.20:29:49::SCWMssOS::Commit changes completed.
TRACE::2026-08-17.20:29:49::SCWPlatform::Trying to open the hw design at C:/Users/tillkorsmeier/Desktop/MA/Z7-Nano/ParEIS-MSX/SW/HW_Export_V1/hw/HW_Export_V1.xsa
TRACE::2026-08-17.20:29:49::SCWPlatform::DSA given C:/Users/tillkorsmeier/Desktop/MA/Z7-Nano/ParEIS-MSX/SW/HW_Export_V1/hw/HW_Export_V1.xsa
TRACE::2026-08-17.20:29:49::SCWPlatform::DSA absoulate path C:/Users/tillkorsmeier/Desktop/MA/Z7-Nano/ParEIS-MSX/SW/HW_Export_V1/hw/HW_Export_V1.xsa
TRACE::2026-08-17.20:29:49::SCWPlatform::DSA directory C:/Users/tillkorsmeier/Desktop/MA/Z7-Nano/ParEIS-MSX/SW/HW_Export_V1/hw
TRACE::2026-08-17.20:29:49::SCWPlatform:: Platform Path C:/Users/tillkorsmeier/Desktop/MA/Z7-Nano/ParEIS-MSX/SW/HW_Export_V1/hw/HW_Export_V1.xsa
TRACE::2026-08-17.20:29:49::SCWPlatform:: Unique name xilinx:::0.0
TRACE::2026-08-17.20:29:49::SCWPlatform::Trying to set the existing hwdb with name design_1_wrapper_2
TRACE::2026-08-17.20:29:49::SCWPlatform::Opened existing hwdb design_1_wrapper_2
TRACE::2026-08-17.20:29:49::SCWPlatform::Found the Hw Db part of the input DSA
TRACE::2026-08-17.20:29:49::SCWMssOS::Checking the sw design at  C:/Users/tillkorsmeier/Desktop/MA/Z7-Nano/ParEIS-MSX/SW/HW_Export_V1/ps7_cortexa9_0/standalone_ps7_cortexa9_0/bsp/system.mss
TRACE::2026-08-17.20:29:49::SCWMssOS::DEBUG:  swdes dump  C:/Users/tillkorsmeier/Desktop/MA/Z7-Nano/ParEIS-MSX/SW/HW_Export_V1/ps7_cortexa9_0/standalone_ps7_cortexa9_0/bsp/system.mss|system_0||
C:/Users/tillkorsmeier/Desktop/MA/Z7-Nano/ParEIS-MSX/SW/HW_Export_V1/zynq_fsbl/zynq_fsbl_bsp/system.mss|system||

TRACE::2026-08-17.20:29:49::SCWMssOS::Sw design exists and opened at  C:/Users/tillkorsmeier/Desktop/MA/Z7-Nano/ParEIS-MSX/SW/HW_Export_V1/ps7_cortexa9_0/standalone_ps7_cortexa9_0/bsp/system.mss
TRACE::2026-08-17.20:29:49::SCWMssOS::Removing the swdes entry for  C:/Users/tillkorsmeier/Desktop/MA/Z7-Nano/ParEIS-MSX/SW/HW_Export_V1/ps7_cortexa9_0/standalone_ps7_cortexa9_0/bsp/system.mss
TRACE::2026-08-17.20:29:50::SCWPlatform::Trying to open the hw design at C:/Users/tillkorsmeier/Desktop/MA/Z7-Nano/ParEIS-MSX/SW/HW_Export_V1/hw/HW_Export_V1.xsa
TRACE::2026-08-17.20:29:50::SCWPlatform::DSA given C:/Users/tillkorsmeier/Desktop/MA/Z7-Nano/ParEIS-MSX/SW/HW_Export_V1/hw/HW_Export_V1.xsa
TRACE::2026-08-17.20:29:50::SCWPlatform::DSA absoulate path C:/Users/tillkorsmeier/Desktop/MA/Z7-Nano/ParEIS-MSX/SW/HW_Export_V1/hw/HW_Export_V1.xsa
TRACE::2026-08-17.20:29:50::SCWPlatform::DSA directory C:/Users/tillkorsmeier/Desktop/MA/Z7-Nano/ParEIS-MSX/SW/HW_Export_V1/hw
TRACE::2026-08-17.20:29:50::SCWPlatform:: Platform Path C:/Users/tillkorsmeier/Desktop/MA/Z7-Nano/ParEIS-MSX/SW/HW_Export_V1/hw/HW_Export_V1.xsa
TRACE::2026-08-17.20:29:50::SCWPlatform:: Unique name xilinx:::0.0
TRACE::2026-08-17.20:29:50::SCWPlatform::Trying to set the existing hwdb with name design_1_wrapper_2
TRACE::2026-08-17.20:29:50::SCWPlatform::Opened existing hwdb design_1_wrapper_2
TRACE::2026-08-17.20:29:50::SCWPlatform::Found the Hw Db part of the input DSA
TRACE::2026-08-17.20:29:50::SCWMssOS::Checking the sw design at  C:/Users/tillkorsmeier/Desktop/MA/Z7-Nano/ParEIS-MSX/SW/HW_Export_V1/ps7_cortexa9_0/standalone_ps7_cortexa9_0/bsp/system.mss
TRACE::2026-08-17.20:29:50::SCWMssOS::DEBUG:  swdes dump  C:/Users/tillkorsmeier/Desktop/MA/Z7-Nano/ParEIS-MSX/SW/HW_Export_V1/zynq_fsbl/zynq_fsbl_bsp/system.mss|system||

TRACE::2026-08-17.20:29:50::SCWMssOS::No sw design opened at  C:/Users/tillkorsmeier/Desktop/MA/Z7-Nano/ParEIS-MSX/SW/HW_Export_V1/ps7_cortexa9_0/standalone_ps7_cortexa9_0/bsp/system.mss
TRACE::2026-08-17.20:29:50::SCWMssOS::mss exists loading the mss file  C:/Users/tillkorsmeier/Desktop/MA/Z7-Nano/ParEIS-MSX/SW/HW_Export_V1/ps7_cortexa9_0/standalone_ps7_cortexa9_0/bsp/system.mss
TRACE::2026-08-17.20:29:50::SCWMssOS::Opened the sw design from mss  C:/Users/tillkorsmeier/Desktop/MA/Z7-Nano/ParEIS-MSX/SW/HW_Export_V1/ps7_cortexa9_0/standalone_ps7_cortexa9_0/bsp/system.mss
TRACE::2026-08-17.20:29:50::SCWMssOS::Adding the swdes entry C:/Users/tillkorsmeier/Desktop/MA/Z7-Nano/ParEIS-MSX/SW/HW_Export_V1/ps7_cortexa9_0/standalone_ps7_cortexa9_0/bsp/system.mss with des name system_0
TRACE::2026-08-17.20:29:50::SCWMssOS::updating the scw layer about changes
TRACE::2026-08-17.20:29:50::SCWMssOS::Opened the sw design.  C:/Users/tillkorsmeier/Desktop/MA/Z7-Nano/ParEIS-MSX/SW/HW_Export_V1/ps7_cortexa9_0/standalone_ps7_cortexa9_0/bsp/system.mss
TRACE::2026-08-17.20:29:53::SCWPlatform::Trying to open the hw design at C:/Users/tillkorsmeier/Desktop/MA/Z7-Nano/ParEIS-MSX/SW/HW_Export_V1/hw/HW_Export_V1.xsa
TRACE::2026-08-17.20:29:53::SCWPlatform::DSA given C:/Users/tillkorsmeier/Desktop/MA/Z7-Nano/ParEIS-MSX/SW/HW_Export_V1/hw/HW_Export_V1.xsa
TRACE::2026-08-17.20:29:53::SCWPlatform::DSA absoulate path C:/Users/tillkorsmeier/Desktop/MA/Z7-Nano/ParEIS-MSX/SW/HW_Export_V1/hw/HW_Export_V1.xsa
TRACE::2026-08-17.20:29:53::SCWPlatform::DSA directory C:/Users/tillkorsmeier/Desktop/MA/Z7-Nano/ParEIS-MSX/SW/HW_Export_V1/hw
TRACE::2026-08-17.20:29:53::SCWPlatform:: Platform Path C:/Users/tillkorsmeier/Desktop/MA/Z7-Nano/ParEIS-MSX/SW/HW_Export_V1/hw/HW_Export_V1.xsa
TRACE::2026-08-17.20:29:53::SCWPlatform:: Unique name xilinx:::0.0
TRACE::2026-08-17.20:29:53::SCWPlatform::Trying to set the existing hwdb with name design_1_wrapper_2
TRACE::2026-08-17.20:29:53::SCWPlatform::Opened existing hwdb design_1_wrapper_2
TRACE::2026-08-17.20:29:53::SCWPlatform::Found the Hw Db part of the input DSA
TRACE::2026-08-17.20:29:53::SCWMssOS::Checking the sw design at  C:/Users/tillkorsmeier/Desktop/MA/Z7-Nano/ParEIS-MSX/SW/HW_Export_V1/ps7_cortexa9_0/standalone_ps7_cortexa9_0/bsp/system.mss
TRACE::2026-08-17.20:29:53::SCWMssOS::DEBUG:  swdes dump  C:/Users/tillkorsmeier/Desktop/MA/Z7-Nano/ParEIS-MSX/SW/HW_Export_V1/ps7_cortexa9_0/standalone_ps7_cortexa9_0/bsp/system.mss|system_0||
C:/Users/tillkorsmeier/Desktop/MA/Z7-Nano/ParEIS-MSX/SW/HW_Export_V1/zynq_fsbl/zynq_fsbl_bsp/system.mss|system||

TRACE::2026-08-17.20:29:53::SCWMssOS::Sw design exists and opened at  C:/Users/tillkorsmeier/Desktop/MA/Z7-Nano/ParEIS-MSX/SW/HW_Export_V1/ps7_cortexa9_0/standalone_ps7_cortexa9_0/bsp/system.mss
TRACE::2026-08-17.20:29:53::SCWMssOS::Adding Library:  lwip220:1.1
TRACE::2026-08-17.20:29:53::SCWMssOS::Added Library:  lwip220
TRACE::2026-08-17.20:29:53::SCWPlatform::Trying to open the hw design at C:/Users/tillkorsmeier/Desktop/MA/Z7-Nano/ParEIS-MSX/SW/HW_Export_V1/hw/HW_Export_V1.xsa
TRACE::2026-08-17.20:29:53::SCWPlatform::DSA given C:/Users/tillkorsmeier/Desktop/MA/Z7-Nano/ParEIS-MSX/SW/HW_Export_V1/hw/HW_Export_V1.xsa
TRACE::2026-08-17.20:29:53::SCWPlatform::DSA absoulate path C:/Users/tillkorsmeier/Desktop/MA/Z7-Nano/ParEIS-MSX/SW/HW_Export_V1/hw/HW_Export_V1.xsa
TRACE::2026-08-17.20:29:53::SCWPlatform::DSA directory C:/Users/tillkorsmeier/Desktop/MA/Z7-Nano/ParEIS-MSX/SW/HW_Export_V1/hw
TRACE::2026-08-17.20:29:53::SCWPlatform:: Platform Path C:/Users/tillkorsmeier/Desktop/MA/Z7-Nano/ParEIS-MSX/SW/HW_Export_V1/hw/HW_Export_V1.xsa
TRACE::2026-08-17.20:29:53::SCWPlatform:: Unique name xilinx:::0.0
TRACE::2026-08-17.20:29:53::SCWPlatform::Trying to set the existing hwdb with name design_1_wrapper_2
TRACE::2026-08-17.20:29:53::SCWPlatform::Opened existing hwdb design_1_wrapper_2
TRACE::2026-08-17.20:29:53::SCWPlatform::Found the Hw Db part of the input DSA
TRACE::2026-08-17.20:29:53::SCWMssOS::Checking the sw design at  C:/Users/tillkorsmeier/Desktop/MA/Z7-Nano/ParEIS-MSX/SW/HW_Export_V1/ps7_cortexa9_0/standalone_ps7_cortexa9_0/bsp/system.mss
TRACE::2026-08-17.20:29:53::SCWMssOS::DEBUG:  swdes dump  C:/Users/tillkorsmeier/Desktop/MA/Z7-Nano/ParEIS-MSX/SW/HW_Export_V1/ps7_cortexa9_0/standalone_ps7_cortexa9_0/bsp/system.mss|system_0||
C:/Users/tillkorsmeier/Desktop/MA/Z7-Nano/ParEIS-MSX/SW/HW_Export_V1/zynq_fsbl/zynq_fsbl_bsp/system.mss|system||

TRACE::2026-08-17.20:29:53::SCWMssOS::Sw design exists and opened at  C:/Users/tillkorsmeier/Desktop/MA/Z7-Nano/ParEIS-MSX/SW/HW_Export_V1/ps7_cortexa9_0/standalone_ps7_cortexa9_0/bsp/system.mss
TRACE::2026-08-17.20:29:55::SCWPlatform::Trying to open the hw design at C:/Users/tillkorsmeier/Desktop/MA/Z7-Nano/ParEIS-MSX/SW/HW_Export_V1/hw/HW_Export_V1.xsa
TRACE::2026-08-17.20:29:55::SCWPlatform::DSA given C:/Users/tillkorsmeier/Desktop/MA/Z7-Nano/ParEIS-MSX/SW/HW_Export_V1/hw/HW_Export_V1.xsa
TRACE::2026-08-17.20:29:55::SCWPlatform::DSA absoulate path C:/Users/tillkorsmeier/Desktop/MA/Z7-Nano/ParEIS-MSX/SW/HW_Export_V1/hw/HW_Export_V1.xsa
TRACE::2026-08-17.20:29:55::SCWPlatform::DSA directory C:/Users/tillkorsmeier/Desktop/MA/Z7-Nano/ParEIS-MSX/SW/HW_Export_V1/hw
TRACE::2026-08-17.20:29:55::SCWPlatform:: Platform Path C:/Users/tillkorsmeier/Desktop/MA/Z7-Nano/ParEIS-MSX/SW/HW_Export_V1/hw/HW_Export_V1.xsa
TRACE::2026-08-17.20:29:55::SCWPlatform:: Unique name xilinx:::0.0
TRACE::2026-08-17.20:29:55::SCWPlatform::Trying to set the existing hwdb with name design_1_wrapper_2
TRACE::2026-08-17.20:29:55::SCWPlatform::Opened existing hwdb design_1_wrapper_2
TRACE::2026-08-17.20:29:55::SCWPlatform::Found the Hw Db part of the input DSA
TRACE::2026-08-17.20:29:55::SCWMssOS::Checking the sw design at  C:/Users/tillkorsmeier/Desktop/MA/Z7-Nano/ParEIS-MSX/SW/HW_Export_V1/ps7_cortexa9_0/standalone_ps7_cortexa9_0/bsp/system.mss
TRACE::2026-08-17.20:29:55::SCWMssOS::DEBUG:  swdes dump  C:/Users/tillkorsmeier/Desktop/MA/Z7-Nano/ParEIS-MSX/SW/HW_Export_V1/ps7_cortexa9_0/standalone_ps7_cortexa9_0/bsp/system.mss|system_0||
C:/Users/tillkorsmeier/Desktop/MA/Z7-Nano/ParEIS-MSX/SW/HW_Export_V1/zynq_fsbl/zynq_fsbl_bsp/system.mss|system||

TRACE::2026-08-17.20:29:55::SCWMssOS::Sw design exists and opened at  C:/Users/tillkorsmeier/Desktop/MA/Z7-Nano/ParEIS-MSX/SW/HW_Export_V1/ps7_cortexa9_0/standalone_ps7_cortexa9_0/bsp/system.mss
TRACE::2026-08-17.20:29:55::SCWMssOS::Adding Library:  xiltimer:2.1
TRACE::2026-08-17.20:29:55::SCWMssOS::Added Library:  xiltimer
TRACE::2026-08-17.20:29:55::SCWPlatform::Trying to open the hw design at C:/Users/tillkorsmeier/Desktop/MA/Z7-Nano/ParEIS-MSX/SW/HW_Export_V1/hw/HW_Export_V1.xsa
TRACE::2026-08-17.20:29:55::SCWPlatform::DSA given C:/Users/tillkorsmeier/Desktop/MA/Z7-Nano/ParEIS-MSX/SW/HW_Export_V1/hw/HW_Export_V1.xsa
TRACE::2026-08-17.20:29:55::SCWPlatform::DSA absoulate path C:/Users/tillkorsmeier/Desktop/MA/Z7-Nano/ParEIS-MSX/SW/HW_Export_V1/hw/HW_Export_V1.xsa
TRACE::2026-08-17.20:29:55::SCWPlatform::DSA directory C:/Users/tillkorsmeier/Desktop/MA/Z7-Nano/ParEIS-MSX/SW/HW_Export_V1/hw
TRACE::2026-08-17.20:29:55::SCWPlatform:: Platform Path C:/Users/tillkorsmeier/Desktop/MA/Z7-Nano/ParEIS-MSX/SW/HW_Export_V1/hw/HW_Export_V1.xsa
TRACE::2026-08-17.20:29:55::SCWPlatform:: Unique name xilinx:::0.0
TRACE::2026-08-17.20:29:55::SCWPlatform::Trying to set the existing hwdb with name design_1_wrapper_2
TRACE::2026-08-17.20:29:55::SCWPlatform::Opened existing hwdb design_1_wrapper_2
TRACE::2026-08-17.20:29:55::SCWPlatform::Found the Hw Db part of the input DSA
TRACE::2026-08-17.20:29:55::SCWMssOS::Checking the sw design at  C:/Users/tillkorsmeier/Desktop/MA/Z7-Nano/ParEIS-MSX/SW/HW_Export_V1/ps7_cortexa9_0/standalone_ps7_cortexa9_0/bsp/system.mss
TRACE::2026-08-17.20:29:55::SCWMssOS::DEBUG:  swdes dump  C:/Users/tillkorsmeier/Desktop/MA/Z7-Nano/ParEIS-MSX/SW/HW_Export_V1/ps7_cortexa9_0/standalone_ps7_cortexa9_0/bsp/system.mss|system_0||
C:/Users/tillkorsmeier/Desktop/MA/Z7-Nano/ParEIS-MSX/SW/HW_Export_V1/zynq_fsbl/zynq_fsbl_bsp/system.mss|system||

TRACE::2026-08-17.20:29:55::SCWMssOS::Sw design exists and opened at  C:/Users/tillkorsmeier/Desktop/MA/Z7-Nano/ParEIS-MSX/SW/HW_Export_V1/ps7_cortexa9_0/standalone_ps7_cortexa9_0/bsp/system.mss
TRACE::2026-08-17.20:30:13::SCWPlatform::Trying to open the hw design at C:/Users/tillkorsmeier/Desktop/MA/Z7-Nano/ParEIS-MSX/SW/HW_Export_V1/hw/HW_Export_V1.xsa
TRACE::2026-08-17.20:30:13::SCWPlatform::DSA given C:/Users/tillkorsmeier/Desktop/MA/Z7-Nano/ParEIS-MSX/SW/HW_Export_V1/hw/HW_Export_V1.xsa
TRACE::2026-08-17.20:30:13::SCWPlatform::DSA absoulate path C:/Users/tillkorsmeier/Desktop/MA/Z7-Nano/ParEIS-MSX/SW/HW_Export_V1/hw/HW_Export_V1.xsa
TRACE::2026-08-17.20:30:13::SCWPlatform::DSA directory C:/Users/tillkorsmeier/Desktop/MA/Z7-Nano/ParEIS-MSX/SW/HW_Export_V1/hw
TRACE::2026-08-17.20:30:13::SCWPlatform:: Platform Path C:/Users/tillkorsmeier/Desktop/MA/Z7-Nano/ParEIS-MSX/SW/HW_Export_V1/hw/HW_Export_V1.xsa
TRACE::2026-08-17.20:30:13::SCWPlatform:: Unique name xilinx:::0.0
TRACE::2026-08-17.20:30:13::SCWPlatform::Trying to set the existing hwdb with name design_1_wrapper_2
TRACE::2026-08-17.20:30:13::SCWPlatform::Opened existing hwdb design_1_wrapper_2
TRACE::2026-08-17.20:30:13::SCWPlatform::Found the Hw Db part of the input DSA
TRACE::2026-08-17.20:30:13::SCWMssOS::Checking the sw design at  C:/Users/tillkorsmeier/Desktop/MA/Z7-Nano/ParEIS-MSX/SW/HW_Export_V1/ps7_cortexa9_0/standalone_ps7_cortexa9_0/bsp/system.mss
TRACE::2026-08-17.20:30:13::SCWMssOS::DEBUG:  swdes dump  C:/Users/tillkorsmeier/Desktop/MA/Z7-Nano/ParEIS-MSX/SW/HW_Export_V1/ps7_cortexa9_0/standalone_ps7_cortexa9_0/bsp/system.mss|system_0||
C:/Users/tillkorsmeier/Desktop/MA/Z7-Nano/ParEIS-MSX/SW/HW_Export_V1/zynq_fsbl/zynq_fsbl_bsp/system.mss|system||

TRACE::2026-08-17.20:30:13::SCWMssOS::Sw design exists and opened at  C:/Users/tillkorsmeier/Desktop/MA/Z7-Nano/ParEIS-MSX/SW/HW_Export_V1/ps7_cortexa9_0/standalone_ps7_cortexa9_0/bsp/system.mss
TRACE::2026-08-17.20:30:13::SCWPlatform::Trying to open the hw design at C:/Users/tillkorsmeier/Desktop/MA/Z7-Nano/ParEIS-MSX/SW/HW_Export_V1/hw/HW_Export_V1.xsa
TRACE::2026-08-17.20:30:13::SCWPlatform::DSA given C:/Users/tillkorsmeier/Desktop/MA/Z7-Nano/ParEIS-MSX/SW/HW_Export_V1/hw/HW_Export_V1.xsa
TRACE::2026-08-17.20:30:13::SCWPlatform::DSA absoulate path C:/Users/tillkorsmeier/Desktop/MA/Z7-Nano/ParEIS-MSX/SW/HW_Export_V1/hw/HW_Export_V1.xsa
TRACE::2026-08-17.20:30:13::SCWPlatform::DSA directory C:/Users/tillkorsmeier/Desktop/MA/Z7-Nano/ParEIS-MSX/SW/HW_Export_V1/hw
TRACE::2026-08-17.20:30:13::SCWPlatform:: Platform Path C:/Users/tillkorsmeier/Desktop/MA/Z7-Nano/ParEIS-MSX/SW/HW_Export_V1/hw/HW_Export_V1.xsa
TRACE::2026-08-17.20:30:13::SCWPlatform:: Unique name xilinx:::0.0
TRACE::2026-08-17.20:30:13::SCWPlatform::Trying to set the existing hwdb with name design_1_wrapper_2
TRACE::2026-08-17.20:30:13::SCWPlatform::Opened existing hwdb design_1_wrapper_2
TRACE::2026-08-17.20:30:13::SCWPlatform::Found the Hw Db part of the input DSA
TRACE::2026-08-17.20:30:13::SCWMssOS::Checking the sw design at  C:/Users/tillkorsmeier/Desktop/MA/Z7-Nano/ParEIS-MSX/SW/HW_Export_V1/ps7_cortexa9_0/standalone_ps7_cortexa9_0/bsp/system.mss
TRACE::2026-08-17.20:30:13::SCWMssOS::DEBUG:  swdes dump  C:/Users/tillkorsmeier/Desktop/MA/Z7-Nano/ParEIS-MSX/SW/HW_Export_V1/ps7_cortexa9_0/standalone_ps7_cortexa9_0/bsp/system.mss|system_0||
C:/Users/tillkorsmeier/Desktop/MA/Z7-Nano/ParEIS-MSX/SW/HW_Export_V1/zynq_fsbl/zynq_fsbl_bsp/system.mss|system||

TRACE::2026-08-17.20:30:13::SCWMssOS::Sw design exists and opened at  C:/Users/tillkorsmeier/Desktop/MA/Z7-Nano/ParEIS-MSX/SW/HW_Export_V1/ps7_cortexa9_0/standalone_ps7_cortexa9_0/bsp/system.mss
TRACE::2026-08-17.20:30:13::SCWPlatform::Trying to open the hw design at C:/Users/tillkorsmeier/Desktop/MA/Z7-Nano/ParEIS-MSX/SW/HW_Export_V1/hw/HW_Export_V1.xsa
TRACE::2026-08-17.20:30:13::SCWPlatform::DSA given C:/Users/tillkorsmeier/Desktop/MA/Z7-Nano/ParEIS-MSX/SW/HW_Export_V1/hw/HW_Export_V1.xsa
TRACE::2026-08-17.20:30:13::SCWPlatform::DSA absoulate path C:/Users/tillkorsmeier/Desktop/MA/Z7-Nano/ParEIS-MSX/SW/HW_Export_V1/hw/HW_Export_V1.xsa
TRACE::2026-08-17.20:30:13::SCWPlatform::DSA directory C:/Users/tillkorsmeier/Desktop/MA/Z7-Nano/ParEIS-MSX/SW/HW_Export_V1/hw
TRACE::2026-08-17.20:30:13::SCWPlatform:: Platform Path C:/Users/tillkorsmeier/Desktop/MA/Z7-Nano/ParEIS-MSX/SW/HW_Export_V1/hw/HW_Export_V1.xsa
TRACE::2026-08-17.20:30:13::SCWPlatform:: Unique name xilinx:::0.0
TRACE::2026-08-17.20:30:13::SCWPlatform::Trying to set the existing hwdb with name design_1_wrapper_2
TRACE::2026-08-17.20:30:13::SCWPlatform::Opened existing hwdb design_1_wrapper_2
TRACE::2026-08-17.20:30:13::SCWPlatform::Found the Hw Db part of the input DSA
TRACE::2026-08-17.20:30:13::SCWMssOS::Checking the sw design at  C:/Users/tillkorsmeier/Desktop/MA/Z7-Nano/ParEIS-MSX/SW/HW_Export_V1/ps7_cortexa9_0/standalone_ps7_cortexa9_0/bsp/system.mss
TRACE::2026-08-17.20:30:13::SCWMssOS::DEBUG:  swdes dump  C:/Users/tillkorsmeier/Desktop/MA/Z7-Nano/ParEIS-MSX/SW/HW_Export_V1/ps7_cortexa9_0/standalone_ps7_cortexa9_0/bsp/system.mss|system_0||
C:/Users/tillkorsmeier/Desktop/MA/Z7-Nano/ParEIS-MSX/SW/HW_Export_V1/zynq_fsbl/zynq_fsbl_bsp/system.mss|system||

TRACE::2026-08-17.20:30:13::SCWMssOS::Sw design exists and opened at  C:/Users/tillkorsmeier/Desktop/MA/Z7-Nano/ParEIS-MSX/SW/HW_Export_V1/ps7_cortexa9_0/standalone_ps7_cortexa9_0/bsp/system.mss
TRACE::2026-08-17.20:30:13::SCWPlatform::Trying to open the hw design at C:/Users/tillkorsmeier/Desktop/MA/Z7-Nano/ParEIS-MSX/SW/HW_Export_V1/hw/HW_Export_V1.xsa
TRACE::2026-08-17.20:30:13::SCWPlatform::DSA given C:/Users/tillkorsmeier/Desktop/MA/Z7-Nano/ParEIS-MSX/SW/HW_Export_V1/hw/HW_Export_V1.xsa
TRACE::2026-08-17.20:30:13::SCWPlatform::DSA absoulate path C:/Users/tillkorsmeier/Desktop/MA/Z7-Nano/ParEIS-MSX/SW/HW_Export_V1/hw/HW_Export_V1.xsa
TRACE::2026-08-17.20:30:13::SCWPlatform::DSA directory C:/Users/tillkorsmeier/Desktop/MA/Z7-Nano/ParEIS-MSX/SW/HW_Export_V1/hw
TRACE::2026-08-17.20:30:13::SCWPlatform:: Platform Path C:/Users/tillkorsmeier/Desktop/MA/Z7-Nano/ParEIS-MSX/SW/HW_Export_V1/hw/HW_Export_V1.xsa
TRACE::2026-08-17.20:30:13::SCWPlatform:: Unique name xilinx:::0.0
TRACE::2026-08-17.20:30:13::SCWPlatform::Trying to set the existing hwdb with name design_1_wrapper_2
TRACE::2026-08-17.20:30:13::SCWPlatform::Opened existing hwdb design_1_wrapper_2
TRACE::2026-08-17.20:30:13::SCWPlatform::Found the Hw Db part of the input DSA
TRACE::2026-08-17.20:30:13::SCWMssOS::Checking the sw design at  C:/Users/tillkorsmeier/Desktop/MA/Z7-Nano/ParEIS-MSX/SW/HW_Export_V1/ps7_cortexa9_0/standalone_ps7_cortexa9_0/bsp/system.mss
TRACE::2026-08-17.20:30:13::SCWMssOS::DEBUG:  swdes dump  C:/Users/tillkorsmeier/Desktop/MA/Z7-Nano/ParEIS-MSX/SW/HW_Export_V1/ps7_cortexa9_0/standalone_ps7_cortexa9_0/bsp/system.mss|system_0||
C:/Users/tillkorsmeier/Desktop/MA/Z7-Nano/ParEIS-MSX/SW/HW_Export_V1/zynq_fsbl/zynq_fsbl_bsp/system.mss|system||

TRACE::2026-08-17.20:30:13::SCWMssOS::Sw design exists and opened at  C:/Users/tillkorsmeier/Desktop/MA/Z7-Nano/ParEIS-MSX/SW/HW_Export_V1/ps7_cortexa9_0/standalone_ps7_cortexa9_0/bsp/system.mss
TRACE::2026-08-17.20:30:13::SCWPlatform::Trying to open the hw design at C:/Users/tillkorsmeier/Desktop/MA/Z7-Nano/ParEIS-MSX/SW/HW_Export_V1/hw/HW_Export_V1.xsa
TRACE::2026-08-17.20:30:13::SCWPlatform::DSA given C:/Users/tillkorsmeier/Desktop/MA/Z7-Nano/ParEIS-MSX/SW/HW_Export_V1/hw/HW_Export_V1.xsa
TRACE::2026-08-17.20:30:13::SCWPlatform::DSA absoulate path C:/Users/tillkorsmeier/Desktop/MA/Z7-Nano/ParEIS-MSX/SW/HW_Export_V1/hw/HW_Export_V1.xsa
TRACE::2026-08-17.20:30:13::SCWPlatform::DSA directory C:/Users/tillkorsmeier/Desktop/MA/Z7-Nano/ParEIS-MSX/SW/HW_Export_V1/hw
TRACE::2026-08-17.20:30:13::SCWPlatform:: Platform Path C:/Users/tillkorsmeier/Desktop/MA/Z7-Nano/ParEIS-MSX/SW/HW_Export_V1/hw/HW_Export_V1.xsa
TRACE::2026-08-17.20:30:13::SCWPlatform:: Unique name xilinx:::0.0
TRACE::2026-08-17.20:30:13::SCWPlatform::Trying to set the existing hwdb with name design_1_wrapper_2
TRACE::2026-08-17.20:30:13::SCWPlatform::Opened existing hwdb design_1_wrapper_2
TRACE::2026-08-17.20:30:13::SCWPlatform::Found the Hw Db part of the input DSA
TRACE::2026-08-17.20:30:13::SCWMssOS::Checking the sw design at  C:/Users/tillkorsmeier/Desktop/MA/Z7-Nano/ParEIS-MSX/SW/HW_Export_V1/ps7_cortexa9_0/standalone_ps7_cortexa9_0/bsp/system.mss
TRACE::2026-08-17.20:30:13::SCWMssOS::DEBUG:  swdes dump  C:/Users/tillkorsmeier/Desktop/MA/Z7-Nano/ParEIS-MSX/SW/HW_Export_V1/ps7_cortexa9_0/standalone_ps7_cortexa9_0/bsp/system.mss|system_0||
C:/Users/tillkorsmeier/Desktop/MA/Z7-Nano/ParEIS-MSX/SW/HW_Export_V1/zynq_fsbl/zynq_fsbl_bsp/system.mss|system||

TRACE::2026-08-17.20:30:13::SCWMssOS::Sw design exists and opened at  C:/Users/tillkorsmeier/Desktop/MA/Z7-Nano/ParEIS-MSX/SW/HW_Export_V1/ps7_cortexa9_0/standalone_ps7_cortexa9_0/bsp/system.mss
TRACE::2026-08-17.20:30:13::SCWPlatform::Trying to open the hw design at C:/Users/tillkorsmeier/Desktop/MA/Z7-Nano/ParEIS-MSX/SW/HW_Export_V1/hw/HW_Export_V1.xsa
TRACE::2026-08-17.20:30:13::SCWPlatform::DSA given C:/Users/tillkorsmeier/Desktop/MA/Z7-Nano/ParEIS-MSX/SW/HW_Export_V1/hw/HW_Export_V1.xsa
TRACE::2026-08-17.20:30:13::SCWPlatform::DSA absoulate path C:/Users/tillkorsmeier/Desktop/MA/Z7-Nano/ParEIS-MSX/SW/HW_Export_V1/hw/HW_Export_V1.xsa
TRACE::2026-08-17.20:30:13::SCWPlatform::DSA directory C:/Users/tillkorsmeier/Desktop/MA/Z7-Nano/ParEIS-MSX/SW/HW_Export_V1/hw
TRACE::2026-08-17.20:30:13::SCWPlatform:: Platform Path C:/Users/tillkorsmeier/Desktop/MA/Z7-Nano/ParEIS-MSX/SW/HW_Export_V1/hw/HW_Export_V1.xsa
TRACE::2026-08-17.20:30:13::SCWPlatform:: Unique name xilinx:::0.0
TRACE::2026-08-17.20:30:13::SCWPlatform::Trying to set the existing hwdb with name design_1_wrapper_2
TRACE::2026-08-17.20:30:13::SCWPlatform::Opened existing hwdb design_1_wrapper_2
TRACE::2026-08-17.20:30:13::SCWPlatform::Found the Hw Db part of the input DSA
TRACE::2026-08-17.20:30:13::SCWMssOS::Checking the sw design at  C:/Users/tillkorsmeier/Desktop/MA/Z7-Nano/ParEIS-MSX/SW/HW_Export_V1/ps7_cortexa9_0/standalone_ps7_cortexa9_0/bsp/system.mss
TRACE::2026-08-17.20:30:13::SCWMssOS::DEBUG:  swdes dump  C:/Users/tillkorsmeier/Desktop/MA/Z7-Nano/ParEIS-MSX/SW/HW_Export_V1/ps7_cortexa9_0/standalone_ps7_cortexa9_0/bsp/system.mss|system_0||
C:/Users/tillkorsmeier/Desktop/MA/Z7-Nano/ParEIS-MSX/SW/HW_Export_V1/zynq_fsbl/zynq_fsbl_bsp/system.mss|system||

TRACE::2026-08-17.20:30:13::SCWMssOS::Sw design exists and opened at  C:/Users/tillkorsmeier/Desktop/MA/Z7-Nano/ParEIS-MSX/SW/HW_Export_V1/ps7_cortexa9_0/standalone_ps7_cortexa9_0/bsp/system.mss
TRACE::2026-08-17.20:30:25::SCWPlatform::Trying to open the hw design at C:/Users/tillkorsmeier/Desktop/MA/Z7-Nano/ParEIS-MSX/SW/HW_Export_V1/hw/HW_Export_V1.xsa
TRACE::2026-08-17.20:30:25::SCWPlatform::DSA given C:/Users/tillkorsmeier/Desktop/MA/Z7-Nano/ParEIS-MSX/SW/HW_Export_V1/hw/HW_Export_V1.xsa
TRACE::2026-08-17.20:30:25::SCWPlatform::DSA absoulate path C:/Users/tillkorsmeier/Desktop/MA/Z7-Nano/ParEIS-MSX/SW/HW_Export_V1/hw/HW_Export_V1.xsa
TRACE::2026-08-17.20:30:25::SCWPlatform::DSA directory C:/Users/tillkorsmeier/Desktop/MA/Z7-Nano/ParEIS-MSX/SW/HW_Export_V1/hw
TRACE::2026-08-17.20:30:25::SCWPlatform:: Platform Path C:/Users/tillkorsmeier/Desktop/MA/Z7-Nano/ParEIS-MSX/SW/HW_Export_V1/hw/HW_Export_V1.xsa
TRACE::2026-08-17.20:30:25::SCWPlatform:: Unique name xilinx:::0.0
TRACE::2026-08-17.20:30:25::SCWPlatform::Trying to set the existing hwdb with name design_1_wrapper_2
TRACE::2026-08-17.20:30:25::SCWPlatform::Opened existing hwdb design_1_wrapper_2
TRACE::2026-08-17.20:30:25::SCWPlatform::Found the Hw Db part of the input DSA
TRACE::2026-08-17.20:30:25::SCWMssOS::Checking the sw design at  C:/Users/tillkorsmeier/Desktop/MA/Z7-Nano/ParEIS-MSX/SW/HW_Export_V1/ps7_cortexa9_0/standalone_ps7_cortexa9_0/bsp/system.mss
TRACE::2026-08-17.20:30:25::SCWMssOS::DEBUG:  swdes dump  C:/Users/tillkorsmeier/Desktop/MA/Z7-Nano/ParEIS-MSX/SW/HW_Export_V1/ps7_cortexa9_0/standalone_ps7_cortexa9_0/bsp/system.mss|system_0||
C:/Users/tillkorsmeier/Desktop/MA/Z7-Nano/ParEIS-MSX/SW/HW_Export_V1/zynq_fsbl/zynq_fsbl_bsp/system.mss|system||

TRACE::2026-08-17.20:30:25::SCWMssOS::Sw design exists and opened at  C:/Users/tillkorsmeier/Desktop/MA/Z7-Nano/ParEIS-MSX/SW/HW_Export_V1/ps7_cortexa9_0/standalone_ps7_cortexa9_0/bsp/system.mss
TRACE::2026-08-17.20:30:25::SCWPlatform::Trying to open the hw design at C:/Users/tillkorsmeier/Desktop/MA/Z7-Nano/ParEIS-MSX/SW/HW_Export_V1/hw/HW_Export_V1.xsa
TRACE::2026-08-17.20:30:25::SCWPlatform::DSA given C:/Users/tillkorsmeier/Desktop/MA/Z7-Nano/ParEIS-MSX/SW/HW_Export_V1/hw/HW_Export_V1.xsa
TRACE::2026-08-17.20:30:25::SCWPlatform::DSA absoulate path C:/Users/tillkorsmeier/Desktop/MA/Z7-Nano/ParEIS-MSX/SW/HW_Export_V1/hw/HW_Export_V1.xsa
TRACE::2026-08-17.20:30:25::SCWPlatform::DSA directory C:/Users/tillkorsmeier/Desktop/MA/Z7-Nano/ParEIS-MSX/SW/HW_Export_V1/hw
TRACE::2026-08-17.20:30:25::SCWPlatform:: Platform Path C:/Users/tillkorsmeier/Desktop/MA/Z7-Nano/ParEIS-MSX/SW/HW_Export_V1/hw/HW_Export_V1.xsa
TRACE::2026-08-17.20:30:25::SCWPlatform:: Unique name xilinx:::0.0
TRACE::2026-08-17.20:30:25::SCWPlatform::Trying to set the existing hwdb with name design_1_wrapper_2
TRACE::2026-08-17.20:30:25::SCWPlatform::Opened existing hwdb design_1_wrapper_2
TRACE::2026-08-17.20:30:25::SCWPlatform::Found the Hw Db part of the input DSA
TRACE::2026-08-17.20:30:25::SCWMssOS::Checking the sw design at  C:/Users/tillkorsmeier/Desktop/MA/Z7-Nano/ParEIS-MSX/SW/HW_Export_V1/ps7_cortexa9_0/standalone_ps7_cortexa9_0/bsp/system.mss
TRACE::2026-08-17.20:30:25::SCWMssOS::DEBUG:  swdes dump  C:/Users/tillkorsmeier/Desktop/MA/Z7-Nano/ParEIS-MSX/SW/HW_Export_V1/ps7_cortexa9_0/standalone_ps7_cortexa9_0/bsp/system.mss|system_0||
C:/Users/tillkorsmeier/Desktop/MA/Z7-Nano/ParEIS-MSX/SW/HW_Export_V1/zynq_fsbl/zynq_fsbl_bsp/system.mss|system||

TRACE::2026-08-17.20:30:25::SCWMssOS::Sw design exists and opened at  C:/Users/tillkorsmeier/Desktop/MA/Z7-Nano/ParEIS-MSX/SW/HW_Export_V1/ps7_cortexa9_0/standalone_ps7_cortexa9_0/bsp/system.mss
TRACE::2026-08-17.20:30:25::SCWPlatform::Trying to open the hw design at C:/Users/tillkorsmeier/Desktop/MA/Z7-Nano/ParEIS-MSX/SW/HW_Export_V1/hw/HW_Export_V1.xsa
TRACE::2026-08-17.20:30:25::SCWPlatform::DSA given C:/Users/tillkorsmeier/Desktop/MA/Z7-Nano/ParEIS-MSX/SW/HW_Export_V1/hw/HW_Export_V1.xsa
TRACE::2026-08-17.20:30:25::SCWPlatform::DSA absoulate path C:/Users/tillkorsmeier/Desktop/MA/Z7-Nano/ParEIS-MSX/SW/HW_Export_V1/hw/HW_Export_V1.xsa
TRACE::2026-08-17.20:30:25::SCWPlatform::DSA directory C:/Users/tillkorsmeier/Desktop/MA/Z7-Nano/ParEIS-MSX/SW/HW_Export_V1/hw
TRACE::2026-08-17.20:30:25::SCWPlatform:: Platform Path C:/Users/tillkorsmeier/Desktop/MA/Z7-Nano/ParEIS-MSX/SW/HW_Export_V1/hw/HW_Export_V1.xsa
TRACE::2026-08-17.20:30:25::SCWPlatform:: Unique name xilinx:::0.0
TRACE::2026-08-17.20:30:25::SCWPlatform::Trying to set the existing hwdb with name design_1_wrapper_2
TRACE::2026-08-17.20:30:25::SCWPlatform::Opened existing hwdb design_1_wrapper_2
TRACE::2026-08-17.20:30:25::SCWPlatform::Found the Hw Db part of the input DSA
TRACE::2026-08-17.20:30:25::SCWMssOS::Checking the sw design at  C:/Users/tillkorsmeier/Desktop/MA/Z7-Nano/ParEIS-MSX/SW/HW_Export_V1/ps7_cortexa9_0/standalone_ps7_cortexa9_0/bsp/system.mss
TRACE::2026-08-17.20:30:25::SCWMssOS::DEBUG:  swdes dump  C:/Users/tillkorsmeier/Desktop/MA/Z7-Nano/ParEIS-MSX/SW/HW_Export_V1/ps7_cortexa9_0/standalone_ps7_cortexa9_0/bsp/system.mss|system_0||
C:/Users/tillkorsmeier/Desktop/MA/Z7-Nano/ParEIS-MSX/SW/HW_Export_V1/zynq_fsbl/zynq_fsbl_bsp/system.mss|system||

TRACE::2026-08-17.20:30:25::SCWMssOS::Sw design exists and opened at  C:/Users/tillkorsmeier/Desktop/MA/Z7-Nano/ParEIS-MSX/SW/HW_Export_V1/ps7_cortexa9_0/standalone_ps7_cortexa9_0/bsp/system.mss
TRACE::2026-08-17.20:30:25::SCWPlatform::Trying to open the hw design at C:/Users/tillkorsmeier/Desktop/MA/Z7-Nano/ParEIS-MSX/SW/HW_Export_V1/hw/HW_Export_V1.xsa
TRACE::2026-08-17.20:30:25::SCWPlatform::DSA given C:/Users/tillkorsmeier/Desktop/MA/Z7-Nano/ParEIS-MSX/SW/HW_Export_V1/hw/HW_Export_V1.xsa
TRACE::2026-08-17.20:30:25::SCWPlatform::DSA absoulate path C:/Users/tillkorsmeier/Desktop/MA/Z7-Nano/ParEIS-MSX/SW/HW_Export_V1/hw/HW_Export_V1.xsa
TRACE::2026-08-17.20:30:25::SCWPlatform::DSA directory C:/Users/tillkorsmeier/Desktop/MA/Z7-Nano/ParEIS-MSX/SW/HW_Export_V1/hw
TRACE::2026-08-17.20:30:25::SCWPlatform:: Platform Path C:/Users/tillkorsmeier/Desktop/MA/Z7-Nano/ParEIS-MSX/SW/HW_Export_V1/hw/HW_Export_V1.xsa
TRACE::2026-08-17.20:30:25::SCWPlatform:: Unique name xilinx:::0.0
TRACE::2026-08-17.20:30:25::SCWPlatform::Trying to set the existing hwdb with name design_1_wrapper_2
TRACE::2026-08-17.20:30:25::SCWPlatform::Opened existing hwdb design_1_wrapper_2
TRACE::2026-08-17.20:30:25::SCWPlatform::Found the Hw Db part of the input DSA
TRACE::2026-08-17.20:30:25::SCWMssOS::Checking the sw design at  C:/Users/tillkorsmeier/Desktop/MA/Z7-Nano/ParEIS-MSX/SW/HW_Export_V1/ps7_cortexa9_0/standalone_ps7_cortexa9_0/bsp/system.mss
TRACE::2026-08-17.20:30:25::SCWMssOS::DEBUG:  swdes dump  C:/Users/tillkorsmeier/Desktop/MA/Z7-Nano/ParEIS-MSX/SW/HW_Export_V1/ps7_cortexa9_0/standalone_ps7_cortexa9_0/bsp/system.mss|system_0||
C:/Users/tillkorsmeier/Desktop/MA/Z7-Nano/ParEIS-MSX/SW/HW_Export_V1/zynq_fsbl/zynq_fsbl_bsp/system.mss|system||

TRACE::2026-08-17.20:30:25::SCWMssOS::Sw design exists and opened at  C:/Users/tillkorsmeier/Desktop/MA/Z7-Nano/ParEIS-MSX/SW/HW_Export_V1/ps7_cortexa9_0/standalone_ps7_cortexa9_0/bsp/system.mss
TRACE::2026-08-17.20:30:25::SCWPlatform::Trying to open the hw design at C:/Users/tillkorsmeier/Desktop/MA/Z7-Nano/ParEIS-MSX/SW/HW_Export_V1/hw/HW_Export_V1.xsa
TRACE::2026-08-17.20:30:25::SCWPlatform::DSA given C:/Users/tillkorsmeier/Desktop/MA/Z7-Nano/ParEIS-MSX/SW/HW_Export_V1/hw/HW_Export_V1.xsa
TRACE::2026-08-17.20:30:25::SCWPlatform::DSA absoulate path C:/Users/tillkorsmeier/Desktop/MA/Z7-Nano/ParEIS-MSX/SW/HW_Export_V1/hw/HW_Export_V1.xsa
TRACE::2026-08-17.20:30:25::SCWPlatform::DSA directory C:/Users/tillkorsmeier/Desktop/MA/Z7-Nano/ParEIS-MSX/SW/HW_Export_V1/hw
TRACE::2026-08-17.20:30:25::SCWPlatform:: Platform Path C:/Users/tillkorsmeier/Desktop/MA/Z7-Nano/ParEIS-MSX/SW/HW_Export_V1/hw/HW_Export_V1.xsa
TRACE::2026-08-17.20:30:25::SCWPlatform:: Unique name xilinx:::0.0
TRACE::2026-08-17.20:30:25::SCWPlatform::Trying to set the existing hwdb with name design_1_wrapper_2
TRACE::2026-08-17.20:30:25::SCWPlatform::Opened existing hwdb design_1_wrapper_2
TRACE::2026-08-17.20:30:25::SCWPlatform::Found the Hw Db part of the input DSA
TRACE::2026-08-17.20:30:25::SCWMssOS::Checking the sw design at  C:/Users/tillkorsmeier/Desktop/MA/Z7-Nano/ParEIS-MSX/SW/HW_Export_V1/ps7_cortexa9_0/standalone_ps7_cortexa9_0/bsp/system.mss
TRACE::2026-08-17.20:30:25::SCWMssOS::DEBUG:  swdes dump  C:/Users/tillkorsmeier/Desktop/MA/Z7-Nano/ParEIS-MSX/SW/HW_Export_V1/ps7_cortexa9_0/standalone_ps7_cortexa9_0/bsp/system.mss|system_0||
C:/Users/tillkorsmeier/Desktop/MA/Z7-Nano/ParEIS-MSX/SW/HW_Export_V1/zynq_fsbl/zynq_fsbl_bsp/system.mss|system||

TRACE::2026-08-17.20:30:25::SCWMssOS::Sw design exists and opened at  C:/Users/tillkorsmeier/Desktop/MA/Z7-Nano/ParEIS-MSX/SW/HW_Export_V1/ps7_cortexa9_0/standalone_ps7_cortexa9_0/bsp/system.mss
TRACE::2026-08-17.20:30:25::SCWPlatform::Trying to open the hw design at C:/Users/tillkorsmeier/Desktop/MA/Z7-Nano/ParEIS-MSX/SW/HW_Export_V1/hw/HW_Export_V1.xsa
TRACE::2026-08-17.20:30:25::SCWPlatform::DSA given C:/Users/tillkorsmeier/Desktop/MA/Z7-Nano/ParEIS-MSX/SW/HW_Export_V1/hw/HW_Export_V1.xsa
TRACE::2026-08-17.20:30:25::SCWPlatform::DSA absoulate path C:/Users/tillkorsmeier/Desktop/MA/Z7-Nano/ParEIS-MSX/SW/HW_Export_V1/hw/HW_Export_V1.xsa
TRACE::2026-08-17.20:30:25::SCWPlatform::DSA directory C:/Users/tillkorsmeier/Desktop/MA/Z7-Nano/ParEIS-MSX/SW/HW_Export_V1/hw
TRACE::2026-08-17.20:30:25::SCWPlatform:: Platform Path C:/Users/tillkorsmeier/Desktop/MA/Z7-Nano/ParEIS-MSX/SW/HW_Export_V1/hw/HW_Export_V1.xsa
TRACE::2026-08-17.20:30:25::SCWPlatform:: Unique name xilinx:::0.0
TRACE::2026-08-17.20:30:25::SCWPlatform::Trying to set the existing hwdb with name design_1_wrapper_2
TRACE::2026-08-17.20:30:25::SCWPlatform::Opened existing hwdb design_1_wrapper_2
TRACE::2026-08-17.20:30:25::SCWPlatform::Found the Hw Db part of the input DSA
TRACE::2026-08-17.20:30:25::SCWMssOS::Checking the sw design at  C:/Users/tillkorsmeier/Desktop/MA/Z7-Nano/ParEIS-MSX/SW/HW_Export_V1/ps7_cortexa9_0/standalone_ps7_cortexa9_0/bsp/system.mss
TRACE::2026-08-17.20:30:25::SCWMssOS::DEBUG:  swdes dump  C:/Users/tillkorsmeier/Desktop/MA/Z7-Nano/ParEIS-MSX/SW/HW_Export_V1/ps7_cortexa9_0/standalone_ps7_cortexa9_0/bsp/system.mss|system_0||
C:/Users/tillkorsmeier/Desktop/MA/Z7-Nano/ParEIS-MSX/SW/HW_Export_V1/zynq_fsbl/zynq_fsbl_bsp/system.mss|system||

TRACE::2026-08-17.20:30:25::SCWMssOS::Sw design exists and opened at  C:/Users/tillkorsmeier/Desktop/MA/Z7-Nano/ParEIS-MSX/SW/HW_Export_V1/ps7_cortexa9_0/standalone_ps7_cortexa9_0/bsp/system.mss
TRACE::2026-08-17.20:30:42::SCWPlatform::Trying to open the hw design at C:/Users/tillkorsmeier/Desktop/MA/Z7-Nano/ParEIS-MSX/SW/HW_Export_V1/hw/HW_Export_V1.xsa
TRACE::2026-08-17.20:30:42::SCWPlatform::DSA given C:/Users/tillkorsmeier/Desktop/MA/Z7-Nano/ParEIS-MSX/SW/HW_Export_V1/hw/HW_Export_V1.xsa
TRACE::2026-08-17.20:30:42::SCWPlatform::DSA absoulate path C:/Users/tillkorsmeier/Desktop/MA/Z7-Nano/ParEIS-MSX/SW/HW_Export_V1/hw/HW_Export_V1.xsa
TRACE::2026-08-17.20:30:42::SCWPlatform::DSA directory C:/Users/tillkorsmeier/Desktop/MA/Z7-Nano/ParEIS-MSX/SW/HW_Export_V1/hw
TRACE::2026-08-17.20:30:42::SCWPlatform:: Platform Path C:/Users/tillkorsmeier/Desktop/MA/Z7-Nano/ParEIS-MSX/SW/HW_Export_V1/hw/HW_Export_V1.xsa
TRACE::2026-08-17.20:30:42::SCWPlatform:: Unique name xilinx:::0.0
TRACE::2026-08-17.20:30:42::SCWPlatform::Trying to set the existing hwdb with name design_1_wrapper_2
TRACE::2026-08-17.20:30:42::SCWPlatform::Opened existing hwdb design_1_wrapper_2
TRACE::2026-08-17.20:30:42::SCWPlatform::Found the Hw Db part of the input DSA
TRACE::2026-08-17.20:30:42::SCWMssOS::Checking the sw design at  C:/Users/tillkorsmeier/Desktop/MA/Z7-Nano/ParEIS-MSX/SW/HW_Export_V1/ps7_cortexa9_0/standalone_ps7_cortexa9_0/bsp/system.mss
TRACE::2026-08-17.20:30:42::SCWMssOS::DEBUG:  swdes dump  C:/Users/tillkorsmeier/Desktop/MA/Z7-Nano/ParEIS-MSX/SW/HW_Export_V1/ps7_cortexa9_0/standalone_ps7_cortexa9_0/bsp/system.mss|system_0||
C:/Users/tillkorsmeier/Desktop/MA/Z7-Nano/ParEIS-MSX/SW/HW_Export_V1/zynq_fsbl/zynq_fsbl_bsp/system.mss|system||

TRACE::2026-08-17.20:30:42::SCWMssOS::Sw design exists and opened at  C:/Users/tillkorsmeier/Desktop/MA/Z7-Nano/ParEIS-MSX/SW/HW_Export_V1/ps7_cortexa9_0/standalone_ps7_cortexa9_0/bsp/system.mss
TRACE::2026-08-17.20:30:42::SCWPlatform::Trying to open the hw design at C:/Users/tillkorsmeier/Desktop/MA/Z7-Nano/ParEIS-MSX/SW/HW_Export_V1/hw/HW_Export_V1.xsa
TRACE::2026-08-17.20:30:42::SCWPlatform::DSA given C:/Users/tillkorsmeier/Desktop/MA/Z7-Nano/ParEIS-MSX/SW/HW_Export_V1/hw/HW_Export_V1.xsa
TRACE::2026-08-17.20:30:42::SCWPlatform::DSA absoulate path C:/Users/tillkorsmeier/Desktop/MA/Z7-Nano/ParEIS-MSX/SW/HW_Export_V1/hw/HW_Export_V1.xsa
TRACE::2026-08-17.20:30:42::SCWPlatform::DSA directory C:/Users/tillkorsmeier/Desktop/MA/Z7-Nano/ParEIS-MSX/SW/HW_Export_V1/hw
TRACE::2026-08-17.20:30:42::SCWPlatform:: Platform Path C:/Users/tillkorsmeier/Desktop/MA/Z7-Nano/ParEIS-MSX/SW/HW_Export_V1/hw/HW_Export_V1.xsa
TRACE::2026-08-17.20:30:42::SCWPlatform:: Unique name xilinx:::0.0
TRACE::2026-08-17.20:30:42::SCWPlatform::Trying to set the existing hwdb with name design_1_wrapper_2
TRACE::2026-08-17.20:30:42::SCWPlatform::Opened existing hwdb design_1_wrapper_2
TRACE::2026-08-17.20:30:42::SCWPlatform::Found the Hw Db part of the input DSA
TRACE::2026-08-17.20:30:42::SCWMssOS::Checking the sw design at  C:/Users/tillkorsmeier/Desktop/MA/Z7-Nano/ParEIS-MSX/SW/HW_Export_V1/ps7_cortexa9_0/standalone_ps7_cortexa9_0/bsp/system.mss
TRACE::2026-08-17.20:30:42::SCWMssOS::DEBUG:  swdes dump  C:/Users/tillkorsmeier/Desktop/MA/Z7-Nano/ParEIS-MSX/SW/HW_Export_V1/ps7_cortexa9_0/standalone_ps7_cortexa9_0/bsp/system.mss|system_0||
C:/Users/tillkorsmeier/Desktop/MA/Z7-Nano/ParEIS-MSX/SW/HW_Export_V1/zynq_fsbl/zynq_fsbl_bsp/system.mss|system||

TRACE::2026-08-17.20:30:42::SCWMssOS::Sw design exists and opened at  C:/Users/tillkorsmeier/Desktop/MA/Z7-Nano/ParEIS-MSX/SW/HW_Export_V1/ps7_cortexa9_0/standalone_ps7_cortexa9_0/bsp/system.mss
TRACE::2026-08-17.20:30:42::SCWPlatform::Trying to open the hw design at C:/Users/tillkorsmeier/Desktop/MA/Z7-Nano/ParEIS-MSX/SW/HW_Export_V1/hw/HW_Export_V1.xsa
TRACE::2026-08-17.20:30:42::SCWPlatform::DSA given C:/Users/tillkorsmeier/Desktop/MA/Z7-Nano/ParEIS-MSX/SW/HW_Export_V1/hw/HW_Export_V1.xsa
TRACE::2026-08-17.20:30:42::SCWPlatform::DSA absoulate path C:/Users/tillkorsmeier/Desktop/MA/Z7-Nano/ParEIS-MSX/SW/HW_Export_V1/hw/HW_Export_V1.xsa
TRACE::2026-08-17.20:30:42::SCWPlatform::DSA directory C:/Users/tillkorsmeier/Desktop/MA/Z7-Nano/ParEIS-MSX/SW/HW_Export_V1/hw
TRACE::2026-08-17.20:30:42::SCWPlatform:: Platform Path C:/Users/tillkorsmeier/Desktop/MA/Z7-Nano/ParEIS-MSX/SW/HW_Export_V1/hw/HW_Export_V1.xsa
TRACE::2026-08-17.20:30:42::SCWPlatform:: Unique name xilinx:::0.0
TRACE::2026-08-17.20:30:42::SCWPlatform::Trying to set the existing hwdb with name design_1_wrapper_2
TRACE::2026-08-17.20:30:42::SCWPlatform::Opened existing hwdb design_1_wrapper_2
TRACE::2026-08-17.20:30:42::SCWPlatform::Found the Hw Db part of the input DSA
TRACE::2026-08-17.20:30:42::SCWMssOS::Checking the sw design at  C:/Users/tillkorsmeier/Desktop/MA/Z7-Nano/ParEIS-MSX/SW/HW_Export_V1/ps7_cortexa9_0/standalone_ps7_cortexa9_0/bsp/system.mss
TRACE::2026-08-17.20:30:42::SCWMssOS::DEBUG:  swdes dump  C:/Users/tillkorsmeier/Desktop/MA/Z7-Nano/ParEIS-MSX/SW/HW_Export_V1/ps7_cortexa9_0/standalone_ps7_cortexa9_0/bsp/system.mss|system_0||
C:/Users/tillkorsmeier/Desktop/MA/Z7-Nano/ParEIS-MSX/SW/HW_Export_V1/zynq_fsbl/zynq_fsbl_bsp/system.mss|system||

TRACE::2026-08-17.20:30:42::SCWMssOS::Sw design exists and opened at  C:/Users/tillkorsmeier/Desktop/MA/Z7-Nano/ParEIS-MSX/SW/HW_Export_V1/ps7_cortexa9_0/standalone_ps7_cortexa9_0/bsp/system.mss
TRACE::2026-08-17.20:30:42::SCWPlatform::Trying to open the hw design at C:/Users/tillkorsmeier/Desktop/MA/Z7-Nano/ParEIS-MSX/SW/HW_Export_V1/hw/HW_Export_V1.xsa
TRACE::2026-08-17.20:30:42::SCWPlatform::DSA given C:/Users/tillkorsmeier/Desktop/MA/Z7-Nano/ParEIS-MSX/SW/HW_Export_V1/hw/HW_Export_V1.xsa
TRACE::2026-08-17.20:30:42::SCWPlatform::DSA absoulate path C:/Users/tillkorsmeier/Desktop/MA/Z7-Nano/ParEIS-MSX/SW/HW_Export_V1/hw/HW_Export_V1.xsa
TRACE::2026-08-17.20:30:42::SCWPlatform::DSA directory C:/Users/tillkorsmeier/Desktop/MA/Z7-Nano/ParEIS-MSX/SW/HW_Export_V1/hw
TRACE::2026-08-17.20:30:42::SCWPlatform:: Platform Path C:/Users/tillkorsmeier/Desktop/MA/Z7-Nano/ParEIS-MSX/SW/HW_Export_V1/hw/HW_Export_V1.xsa
TRACE::2026-08-17.20:30:42::SCWPlatform:: Unique name xilinx:::0.0
TRACE::2026-08-17.20:30:42::SCWPlatform::Trying to set the existing hwdb with name design_1_wrapper_2
TRACE::2026-08-17.20:30:42::SCWPlatform::Opened existing hwdb design_1_wrapper_2
TRACE::2026-08-17.20:30:42::SCWPlatform::Found the Hw Db part of the input DSA
TRACE::2026-08-17.20:30:42::SCWMssOS::Checking the sw design at  C:/Users/tillkorsmeier/Desktop/MA/Z7-Nano/ParEIS-MSX/SW/HW_Export_V1/ps7_cortexa9_0/standalone_ps7_cortexa9_0/bsp/system.mss
TRACE::2026-08-17.20:30:42::SCWMssOS::DEBUG:  swdes dump  C:/Users/tillkorsmeier/Desktop/MA/Z7-Nano/ParEIS-MSX/SW/HW_Export_V1/ps7_cortexa9_0/standalone_ps7_cortexa9_0/bsp/system.mss|system_0||
C:/Users/tillkorsmeier/Desktop/MA/Z7-Nano/ParEIS-MSX/SW/HW_Export_V1/zynq_fsbl/zynq_fsbl_bsp/system.mss|system||

TRACE::2026-08-17.20:30:42::SCWMssOS::Sw design exists and opened at  C:/Users/tillkorsmeier/Desktop/MA/Z7-Nano/ParEIS-MSX/SW/HW_Export_V1/ps7_cortexa9_0/standalone_ps7_cortexa9_0/bsp/system.mss
TRACE::2026-08-17.20:30:42::SCWPlatform::Trying to open the hw design at C:/Users/tillkorsmeier/Desktop/MA/Z7-Nano/ParEIS-MSX/SW/HW_Export_V1/hw/HW_Export_V1.xsa
TRACE::2026-08-17.20:30:42::SCWPlatform::DSA given C:/Users/tillkorsmeier/Desktop/MA/Z7-Nano/ParEIS-MSX/SW/HW_Export_V1/hw/HW_Export_V1.xsa
TRACE::2026-08-17.20:30:42::SCWPlatform::DSA absoulate path C:/Users/tillkorsmeier/Desktop/MA/Z7-Nano/ParEIS-MSX/SW/HW_Export_V1/hw/HW_Export_V1.xsa
TRACE::2026-08-17.20:30:42::SCWPlatform::DSA directory C:/Users/tillkorsmeier/Desktop/MA/Z7-Nano/ParEIS-MSX/SW/HW_Export_V1/hw
TRACE::2026-08-17.20:30:42::SCWPlatform:: Platform Path C:/Users/tillkorsmeier/Desktop/MA/Z7-Nano/ParEIS-MSX/SW/HW_Export_V1/hw/HW_Export_V1.xsa
TRACE::2026-08-17.20:30:42::SCWPlatform:: Unique name xilinx:::0.0
TRACE::2026-08-17.20:30:42::SCWPlatform::Trying to set the existing hwdb with name design_1_wrapper_2
TRACE::2026-08-17.20:30:42::SCWPlatform::Opened existing hwdb design_1_wrapper_2
TRACE::2026-08-17.20:30:42::SCWPlatform::Found the Hw Db part of the input DSA
TRACE::2026-08-17.20:30:42::SCWMssOS::Checking the sw design at  C:/Users/tillkorsmeier/Desktop/MA/Z7-Nano/ParEIS-MSX/SW/HW_Export_V1/ps7_cortexa9_0/standalone_ps7_cortexa9_0/bsp/system.mss
TRACE::2026-08-17.20:30:42::SCWMssOS::DEBUG:  swdes dump  C:/Users/tillkorsmeier/Desktop/MA/Z7-Nano/ParEIS-MSX/SW/HW_Export_V1/ps7_cortexa9_0/standalone_ps7_cortexa9_0/bsp/system.mss|system_0||
C:/Users/tillkorsmeier/Desktop/MA/Z7-Nano/ParEIS-MSX/SW/HW_Export_V1/zynq_fsbl/zynq_fsbl_bsp/system.mss|system||

TRACE::2026-08-17.20:30:42::SCWMssOS::Sw design exists and opened at  C:/Users/tillkorsmeier/Desktop/MA/Z7-Nano/ParEIS-MSX/SW/HW_Export_V1/ps7_cortexa9_0/standalone_ps7_cortexa9_0/bsp/system.mss
TRACE::2026-08-17.20:30:42::SCWPlatform::Trying to open the hw design at C:/Users/tillkorsmeier/Desktop/MA/Z7-Nano/ParEIS-MSX/SW/HW_Export_V1/hw/HW_Export_V1.xsa
TRACE::2026-08-17.20:30:42::SCWPlatform::DSA given C:/Users/tillkorsmeier/Desktop/MA/Z7-Nano/ParEIS-MSX/SW/HW_Export_V1/hw/HW_Export_V1.xsa
TRACE::2026-08-17.20:30:42::SCWPlatform::DSA absoulate path C:/Users/tillkorsmeier/Desktop/MA/Z7-Nano/ParEIS-MSX/SW/HW_Export_V1/hw/HW_Export_V1.xsa
TRACE::2026-08-17.20:30:42::SCWPlatform::DSA directory C:/Users/tillkorsmeier/Desktop/MA/Z7-Nano/ParEIS-MSX/SW/HW_Export_V1/hw
TRACE::2026-08-17.20:30:42::SCWPlatform:: Platform Path C:/Users/tillkorsmeier/Desktop/MA/Z7-Nano/ParEIS-MSX/SW/HW_Export_V1/hw/HW_Export_V1.xsa
TRACE::2026-08-17.20:30:42::SCWPlatform:: Unique name xilinx:::0.0
TRACE::2026-08-17.20:30:42::SCWPlatform::Trying to set the existing hwdb with name design_1_wrapper_2
TRACE::2026-08-17.20:30:42::SCWPlatform::Opened existing hwdb design_1_wrapper_2
TRACE::2026-08-17.20:30:42::SCWPlatform::Found the Hw Db part of the input DSA
TRACE::2026-08-17.20:30:42::SCWMssOS::Checking the sw design at  C:/Users/tillkorsmeier/Desktop/MA/Z7-Nano/ParEIS-MSX/SW/HW_Export_V1/ps7_cortexa9_0/standalone_ps7_cortexa9_0/bsp/system.mss
TRACE::2026-08-17.20:30:42::SCWMssOS::DEBUG:  swdes dump  C:/Users/tillkorsmeier/Desktop/MA/Z7-Nano/ParEIS-MSX/SW/HW_Export_V1/ps7_cortexa9_0/standalone_ps7_cortexa9_0/bsp/system.mss|system_0||
C:/Users/tillkorsmeier/Desktop/MA/Z7-Nano/ParEIS-MSX/SW/HW_Export_V1/zynq_fsbl/zynq_fsbl_bsp/system.mss|system||

TRACE::2026-08-17.20:30:42::SCWMssOS::Sw design exists and opened at  C:/Users/tillkorsmeier/Desktop/MA/Z7-Nano/ParEIS-MSX/SW/HW_Export_V1/ps7_cortexa9_0/standalone_ps7_cortexa9_0/bsp/system.mss
TRACE::2026-08-17.20:30:46::SCWPlatform::Trying to open the hw design at C:/Users/tillkorsmeier/Desktop/MA/Z7-Nano/ParEIS-MSX/SW/HW_Export_V1/hw/HW_Export_V1.xsa
TRACE::2026-08-17.20:30:46::SCWPlatform::DSA given C:/Users/tillkorsmeier/Desktop/MA/Z7-Nano/ParEIS-MSX/SW/HW_Export_V1/hw/HW_Export_V1.xsa
TRACE::2026-08-17.20:30:46::SCWPlatform::DSA absoulate path C:/Users/tillkorsmeier/Desktop/MA/Z7-Nano/ParEIS-MSX/SW/HW_Export_V1/hw/HW_Export_V1.xsa
TRACE::2026-08-17.20:30:46::SCWPlatform::DSA directory C:/Users/tillkorsmeier/Desktop/MA/Z7-Nano/ParEIS-MSX/SW/HW_Export_V1/hw
TRACE::2026-08-17.20:30:46::SCWPlatform:: Platform Path C:/Users/tillkorsmeier/Desktop/MA/Z7-Nano/ParEIS-MSX/SW/HW_Export_V1/hw/HW_Export_V1.xsa
TRACE::2026-08-17.20:30:46::SCWPlatform:: Unique name xilinx:::0.0
TRACE::2026-08-17.20:30:46::SCWPlatform::Trying to set the existing hwdb with name design_1_wrapper_2
TRACE::2026-08-17.20:30:46::SCWPlatform::Opened existing hwdb design_1_wrapper_2
TRACE::2026-08-17.20:30:46::SCWPlatform::Found the Hw Db part of the input DSA
TRACE::2026-08-17.20:30:46::SCWMssOS::Checking the sw design at  C:/Users/tillkorsmeier/Desktop/MA/Z7-Nano/ParEIS-MSX/SW/HW_Export_V1/ps7_cortexa9_0/standalone_ps7_cortexa9_0/bsp/system.mss
TRACE::2026-08-17.20:30:46::SCWMssOS::DEBUG:  swdes dump  C:/Users/tillkorsmeier/Desktop/MA/Z7-Nano/ParEIS-MSX/SW/HW_Export_V1/ps7_cortexa9_0/standalone_ps7_cortexa9_0/bsp/system.mss|system_0||
C:/Users/tillkorsmeier/Desktop/MA/Z7-Nano/ParEIS-MSX/SW/HW_Export_V1/zynq_fsbl/zynq_fsbl_bsp/system.mss|system||

TRACE::2026-08-17.20:30:46::SCWMssOS::Sw design exists and opened at  C:/Users/tillkorsmeier/Desktop/MA/Z7-Nano/ParEIS-MSX/SW/HW_Export_V1/ps7_cortexa9_0/standalone_ps7_cortexa9_0/bsp/system.mss
TRACE::2026-08-17.20:30:46::SCWPlatform::Trying to open the hw design at C:/Users/tillkorsmeier/Desktop/MA/Z7-Nano/ParEIS-MSX/SW/HW_Export_V1/hw/HW_Export_V1.xsa
TRACE::2026-08-17.20:30:46::SCWPlatform::DSA given C:/Users/tillkorsmeier/Desktop/MA/Z7-Nano/ParEIS-MSX/SW/HW_Export_V1/hw/HW_Export_V1.xsa
TRACE::2026-08-17.20:30:46::SCWPlatform::DSA absoulate path C:/Users/tillkorsmeier/Desktop/MA/Z7-Nano/ParEIS-MSX/SW/HW_Export_V1/hw/HW_Export_V1.xsa
TRACE::2026-08-17.20:30:46::SCWPlatform::DSA directory C:/Users/tillkorsmeier/Desktop/MA/Z7-Nano/ParEIS-MSX/SW/HW_Export_V1/hw
TRACE::2026-08-17.20:30:46::SCWPlatform:: Platform Path C:/Users/tillkorsmeier/Desktop/MA/Z7-Nano/ParEIS-MSX/SW/HW_Export_V1/hw/HW_Export_V1.xsa
TRACE::2026-08-17.20:30:46::SCWPlatform:: Unique name xilinx:::0.0
TRACE::2026-08-17.20:30:46::SCWPlatform::Trying to set the existing hwdb with name design_1_wrapper_2
TRACE::2026-08-17.20:30:46::SCWPlatform::Opened existing hwdb design_1_wrapper_2
TRACE::2026-08-17.20:30:46::SCWPlatform::Found the Hw Db part of the input DSA
TRACE::2026-08-17.20:30:46::SCWMssOS::Checking the sw design at  C:/Users/tillkorsmeier/Desktop/MA/Z7-Nano/ParEIS-MSX/SW/HW_Export_V1/ps7_cortexa9_0/standalone_ps7_cortexa9_0/bsp/system.mss
TRACE::2026-08-17.20:30:46::SCWMssOS::DEBUG:  swdes dump  C:/Users/tillkorsmeier/Desktop/MA/Z7-Nano/ParEIS-MSX/SW/HW_Export_V1/ps7_cortexa9_0/standalone_ps7_cortexa9_0/bsp/system.mss|system_0||
C:/Users/tillkorsmeier/Desktop/MA/Z7-Nano/ParEIS-MSX/SW/HW_Export_V1/zynq_fsbl/zynq_fsbl_bsp/system.mss|system||

TRACE::2026-08-17.20:30:46::SCWMssOS::Sw design exists and opened at  C:/Users/tillkorsmeier/Desktop/MA/Z7-Nano/ParEIS-MSX/SW/HW_Export_V1/ps7_cortexa9_0/standalone_ps7_cortexa9_0/bsp/system.mss
TRACE::2026-08-17.20:30:46::SCWPlatform::Trying to open the hw design at C:/Users/tillkorsmeier/Desktop/MA/Z7-Nano/ParEIS-MSX/SW/HW_Export_V1/hw/HW_Export_V1.xsa
TRACE::2026-08-17.20:30:46::SCWPlatform::DSA given C:/Users/tillkorsmeier/Desktop/MA/Z7-Nano/ParEIS-MSX/SW/HW_Export_V1/hw/HW_Export_V1.xsa
TRACE::2026-08-17.20:30:46::SCWPlatform::DSA absoulate path C:/Users/tillkorsmeier/Desktop/MA/Z7-Nano/ParEIS-MSX/SW/HW_Export_V1/hw/HW_Export_V1.xsa
TRACE::2026-08-17.20:30:46::SCWPlatform::DSA directory C:/Users/tillkorsmeier/Desktop/MA/Z7-Nano/ParEIS-MSX/SW/HW_Export_V1/hw
TRACE::2026-08-17.20:30:46::SCWPlatform:: Platform Path C:/Users/tillkorsmeier/Desktop/MA/Z7-Nano/ParEIS-MSX/SW/HW_Export_V1/hw/HW_Export_V1.xsa
TRACE::2026-08-17.20:30:46::SCWPlatform:: Unique name xilinx:::0.0
TRACE::2026-08-17.20:30:46::SCWPlatform::Trying to set the existing hwdb with name design_1_wrapper_2
TRACE::2026-08-17.20:30:46::SCWPlatform::Opened existing hwdb design_1_wrapper_2
TRACE::2026-08-17.20:30:46::SCWPlatform::Found the Hw Db part of the input DSA
TRACE::2026-08-17.20:30:46::SCWMssOS::Checking the sw design at  C:/Users/tillkorsmeier/Desktop/MA/Z7-Nano/ParEIS-MSX/SW/HW_Export_V1/ps7_cortexa9_0/standalone_ps7_cortexa9_0/bsp/system.mss
TRACE::2026-08-17.20:30:46::SCWMssOS::DEBUG:  swdes dump  C:/Users/tillkorsmeier/Desktop/MA/Z7-Nano/ParEIS-MSX/SW/HW_Export_V1/ps7_cortexa9_0/standalone_ps7_cortexa9_0/bsp/system.mss|system_0||
C:/Users/tillkorsmeier/Desktop/MA/Z7-Nano/ParEIS-MSX/SW/HW_Export_V1/zynq_fsbl/zynq_fsbl_bsp/system.mss|system||

TRACE::2026-08-17.20:30:46::SCWMssOS::Sw design exists and opened at  C:/Users/tillkorsmeier/Desktop/MA/Z7-Nano/ParEIS-MSX/SW/HW_Export_V1/ps7_cortexa9_0/standalone_ps7_cortexa9_0/bsp/system.mss
TRACE::2026-08-17.20:30:46::SCWPlatform::Trying to open the hw design at C:/Users/tillkorsmeier/Desktop/MA/Z7-Nano/ParEIS-MSX/SW/HW_Export_V1/hw/HW_Export_V1.xsa
TRACE::2026-08-17.20:30:46::SCWPlatform::DSA given C:/Users/tillkorsmeier/Desktop/MA/Z7-Nano/ParEIS-MSX/SW/HW_Export_V1/hw/HW_Export_V1.xsa
TRACE::2026-08-17.20:30:46::SCWPlatform::DSA absoulate path C:/Users/tillkorsmeier/Desktop/MA/Z7-Nano/ParEIS-MSX/SW/HW_Export_V1/hw/HW_Export_V1.xsa
TRACE::2026-08-17.20:30:46::SCWPlatform::DSA directory C:/Users/tillkorsmeier/Desktop/MA/Z7-Nano/ParEIS-MSX/SW/HW_Export_V1/hw
TRACE::2026-08-17.20:30:46::SCWPlatform:: Platform Path C:/Users/tillkorsmeier/Desktop/MA/Z7-Nano/ParEIS-MSX/SW/HW_Export_V1/hw/HW_Export_V1.xsa
TRACE::2026-08-17.20:30:46::SCWPlatform:: Unique name xilinx:::0.0
TRACE::2026-08-17.20:30:46::SCWPlatform::Trying to set the existing hwdb with name design_1_wrapper_2
TRACE::2026-08-17.20:30:46::SCWPlatform::Opened existing hwdb design_1_wrapper_2
TRACE::2026-08-17.20:30:46::SCWPlatform::Found the Hw Db part of the input DSA
TRACE::2026-08-17.20:30:46::SCWMssOS::Checking the sw design at  C:/Users/tillkorsmeier/Desktop/MA/Z7-Nano/ParEIS-MSX/SW/HW_Export_V1/ps7_cortexa9_0/standalone_ps7_cortexa9_0/bsp/system.mss
TRACE::2026-08-17.20:30:46::SCWMssOS::DEBUG:  swdes dump  C:/Users/tillkorsmeier/Desktop/MA/Z7-Nano/ParEIS-MSX/SW/HW_Export_V1/ps7_cortexa9_0/standalone_ps7_cortexa9_0/bsp/system.mss|system_0||
C:/Users/tillkorsmeier/Desktop/MA/Z7-Nano/ParEIS-MSX/SW/HW_Export_V1/zynq_fsbl/zynq_fsbl_bsp/system.mss|system||

TRACE::2026-08-17.20:30:46::SCWMssOS::Sw design exists and opened at  C:/Users/tillkorsmeier/Desktop/MA/Z7-Nano/ParEIS-MSX/SW/HW_Export_V1/ps7_cortexa9_0/standalone_ps7_cortexa9_0/bsp/system.mss
TRACE::2026-08-17.20:30:46::SCWPlatform::Trying to open the hw design at C:/Users/tillkorsmeier/Desktop/MA/Z7-Nano/ParEIS-MSX/SW/HW_Export_V1/hw/HW_Export_V1.xsa
TRACE::2026-08-17.20:30:46::SCWPlatform::DSA given C:/Users/tillkorsmeier/Desktop/MA/Z7-Nano/ParEIS-MSX/SW/HW_Export_V1/hw/HW_Export_V1.xsa
TRACE::2026-08-17.20:30:46::SCWPlatform::DSA absoulate path C:/Users/tillkorsmeier/Desktop/MA/Z7-Nano/ParEIS-MSX/SW/HW_Export_V1/hw/HW_Export_V1.xsa
TRACE::2026-08-17.20:30:46::SCWPlatform::DSA directory C:/Users/tillkorsmeier/Desktop/MA/Z7-Nano/ParEIS-MSX/SW/HW_Export_V1/hw
TRACE::2026-08-17.20:30:46::SCWPlatform:: Platform Path C:/Users/tillkorsmeier/Desktop/MA/Z7-Nano/ParEIS-MSX/SW/HW_Export_V1/hw/HW_Export_V1.xsa
TRACE::2026-08-17.20:30:46::SCWPlatform:: Unique name xilinx:::0.0
TRACE::2026-08-17.20:30:46::SCWPlatform::Trying to set the existing hwdb with name design_1_wrapper_2
TRACE::2026-08-17.20:30:46::SCWPlatform::Opened existing hwdb design_1_wrapper_2
TRACE::2026-08-17.20:30:46::SCWPlatform::Found the Hw Db part of the input DSA
TRACE::2026-08-17.20:30:46::SCWMssOS::Checking the sw design at  C:/Users/tillkorsmeier/Desktop/MA/Z7-Nano/ParEIS-MSX/SW/HW_Export_V1/ps7_cortexa9_0/standalone_ps7_cortexa9_0/bsp/system.mss
TRACE::2026-08-17.20:30:46::SCWMssOS::DEBUG:  swdes dump  C:/Users/tillkorsmeier/Desktop/MA/Z7-Nano/ParEIS-MSX/SW/HW_Export_V1/ps7_cortexa9_0/standalone_ps7_cortexa9_0/bsp/system.mss|system_0||
C:/Users/tillkorsmeier/Desktop/MA/Z7-Nano/ParEIS-MSX/SW/HW_Export_V1/zynq_fsbl/zynq_fsbl_bsp/system.mss|system||

TRACE::2026-08-17.20:30:46::SCWMssOS::Sw design exists and opened at  C:/Users/tillkorsmeier/Desktop/MA/Z7-Nano/ParEIS-MSX/SW/HW_Export_V1/ps7_cortexa9_0/standalone_ps7_cortexa9_0/bsp/system.mss
TRACE::2026-08-17.20:30:46::SCWPlatform::Trying to open the hw design at C:/Users/tillkorsmeier/Desktop/MA/Z7-Nano/ParEIS-MSX/SW/HW_Export_V1/hw/HW_Export_V1.xsa
TRACE::2026-08-17.20:30:46::SCWPlatform::DSA given C:/Users/tillkorsmeier/Desktop/MA/Z7-Nano/ParEIS-MSX/SW/HW_Export_V1/hw/HW_Export_V1.xsa
TRACE::2026-08-17.20:30:46::SCWPlatform::DSA absoulate path C:/Users/tillkorsmeier/Desktop/MA/Z7-Nano/ParEIS-MSX/SW/HW_Export_V1/hw/HW_Export_V1.xsa
TRACE::2026-08-17.20:30:46::SCWPlatform::DSA directory C:/Users/tillkorsmeier/Desktop/MA/Z7-Nano/ParEIS-MSX/SW/HW_Export_V1/hw
TRACE::2026-08-17.20:30:46::SCWPlatform:: Platform Path C:/Users/tillkorsmeier/Desktop/MA/Z7-Nano/ParEIS-MSX/SW/HW_Export_V1/hw/HW_Export_V1.xsa
TRACE::2026-08-17.20:30:46::SCWPlatform:: Unique name xilinx:::0.0
TRACE::2026-08-17.20:30:46::SCWPlatform::Trying to set the existing hwdb with name design_1_wrapper_2
TRACE::2026-08-17.20:30:46::SCWPlatform::Opened existing hwdb design_1_wrapper_2
TRACE::2026-08-17.20:30:46::SCWPlatform::Found the Hw Db part of the input DSA
TRACE::2026-08-17.20:30:46::SCWMssOS::Checking the sw design at  C:/Users/tillkorsmeier/Desktop/MA/Z7-Nano/ParEIS-MSX/SW/HW_Export_V1/ps7_cortexa9_0/standalone_ps7_cortexa9_0/bsp/system.mss
TRACE::2026-08-17.20:30:46::SCWMssOS::DEBUG:  swdes dump  C:/Users/tillkorsmeier/Desktop/MA/Z7-Nano/ParEIS-MSX/SW/HW_Export_V1/ps7_cortexa9_0/standalone_ps7_cortexa9_0/bsp/system.mss|system_0||
C:/Users/tillkorsmeier/Desktop/MA/Z7-Nano/ParEIS-MSX/SW/HW_Export_V1/zynq_fsbl/zynq_fsbl_bsp/system.mss|system||

TRACE::2026-08-17.20:30:46::SCWMssOS::Sw design exists and opened at  C:/Users/tillkorsmeier/Desktop/MA/Z7-Nano/ParEIS-MSX/SW/HW_Export_V1/ps7_cortexa9_0/standalone_ps7_cortexa9_0/bsp/system.mss
TRACE::2026-08-17.20:30:47::SCWMssOS::Saving the mss changes C:/Users/tillkorsmeier/Desktop/MA/Z7-Nano/ParEIS-MSX/SW/HW_Export_V1/zynq_fsbl/zynq_fsbl_bsp/system.mss
TRACE::2026-08-17.20:30:47::SCWMssOS::Found a swdesign opened with the mssfile.
TRACE::2026-08-17.20:30:47::SCWMssOS::Completed writemss as part of save.
TRACE::2026-08-17.20:30:47::SCWMssOS::Commit changes completed.
TRACE::2026-08-17.20:30:47::SCWMssOS::Saving the mss changes C:/Users/tillkorsmeier/Desktop/MA/Z7-Nano/ParEIS-MSX/SW/HW_Export_V1/ps7_cortexa9_0/standalone_ps7_cortexa9_0/bsp/system.mss
TRACE::2026-08-17.20:30:47::SCWMssOS::Found a swdesign opened with the mssfile.
TRACE::2026-08-17.20:30:47::SCWMssOS::Completed writemss as part of save.
TRACE::2026-08-17.20:30:47::SCWMssOS::Commit changes completed.
TRACE::2026-08-17.20:30:47::SCWPlatform::Trying to open the hw design at C:/Users/tillkorsmeier/Desktop/MA/Z7-Nano/ParEIS-MSX/SW/HW_Export_V1/hw/HW_Export_V1.xsa
TRACE::2026-08-17.20:30:47::SCWPlatform::DSA given C:/Users/tillkorsmeier/Desktop/MA/Z7-Nano/ParEIS-MSX/SW/HW_Export_V1/hw/HW_Export_V1.xsa
TRACE::2026-08-17.20:30:47::SCWPlatform::DSA absoulate path C:/Users/tillkorsmeier/Desktop/MA/Z7-Nano/ParEIS-MSX/SW/HW_Export_V1/hw/HW_Export_V1.xsa
TRACE::2026-08-17.20:30:47::SCWPlatform::DSA directory C:/Users/tillkorsmeier/Desktop/MA/Z7-Nano/ParEIS-MSX/SW/HW_Export_V1/hw
TRACE::2026-08-17.20:30:47::SCWPlatform:: Platform Path C:/Users/tillkorsmeier/Desktop/MA/Z7-Nano/ParEIS-MSX/SW/HW_Export_V1/hw/HW_Export_V1.xsa
TRACE::2026-08-17.20:30:47::SCWPlatform:: Unique name xilinx:::0.0
TRACE::2026-08-17.20:30:47::SCWPlatform::Trying to set the existing hwdb with name design_1_wrapper_2
TRACE::2026-08-17.20:30:47::SCWPlatform::Opened existing hwdb design_1_wrapper_2
TRACE::2026-08-17.20:30:47::SCWPlatform::Found the Hw Db part of the input DSA
TRACE::2026-08-17.20:30:47::SCWMssOS::Checking the sw design at  C:/Users/tillkorsmeier/Desktop/MA/Z7-Nano/ParEIS-MSX/SW/HW_Export_V1/zynq_fsbl/zynq_fsbl_bsp/system.mss
TRACE::2026-08-17.20:30:47::SCWMssOS::DEBUG:  swdes dump  C:/Users/tillkorsmeier/Desktop/MA/Z7-Nano/ParEIS-MSX/SW/HW_Export_V1/ps7_cortexa9_0/standalone_ps7_cortexa9_0/bsp/system.mss|system_0||
C:/Users/tillkorsmeier/Desktop/MA/Z7-Nano/ParEIS-MSX/SW/HW_Export_V1/zynq_fsbl/zynq_fsbl_bsp/system.mss|system||

TRACE::2026-08-17.20:30:47::SCWMssOS::Sw design exists and opened at  C:/Users/tillkorsmeier/Desktop/MA/Z7-Nano/ParEIS-MSX/SW/HW_Export_V1/zynq_fsbl/zynq_fsbl_bsp/system.mss
TRACE::2026-08-17.20:30:47::SCWPlatform::Trying to open the hw design at C:/Users/tillkorsmeier/Desktop/MA/Z7-Nano/ParEIS-MSX/SW/HW_Export_V1/hw/HW_Export_V1.xsa
TRACE::2026-08-17.20:30:47::SCWPlatform::DSA given C:/Users/tillkorsmeier/Desktop/MA/Z7-Nano/ParEIS-MSX/SW/HW_Export_V1/hw/HW_Export_V1.xsa
TRACE::2026-08-17.20:30:47::SCWPlatform::DSA absoulate path C:/Users/tillkorsmeier/Desktop/MA/Z7-Nano/ParEIS-MSX/SW/HW_Export_V1/hw/HW_Export_V1.xsa
TRACE::2026-08-17.20:30:47::SCWPlatform::DSA directory C:/Users/tillkorsmeier/Desktop/MA/Z7-Nano/ParEIS-MSX/SW/HW_Export_V1/hw
TRACE::2026-08-17.20:30:47::SCWPlatform:: Platform Path C:/Users/tillkorsmeier/Desktop/MA/Z7-Nano/ParEIS-MSX/SW/HW_Export_V1/hw/HW_Export_V1.xsa
TRACE::2026-08-17.20:30:47::SCWPlatform:: Unique name xilinx:::0.0
TRACE::2026-08-17.20:30:47::SCWPlatform::Trying to set the existing hwdb with name design_1_wrapper_2
TRACE::2026-08-17.20:30:47::SCWPlatform::Opened existing hwdb design_1_wrapper_2
TRACE::2026-08-17.20:30:47::SCWPlatform::Found the Hw Db part of the input DSA
TRACE::2026-08-17.20:30:47::SCWMssOS::Checking the sw design at  C:/Users/tillkorsmeier/Desktop/MA/Z7-Nano/ParEIS-MSX/SW/HW_Export_V1/ps7_cortexa9_0/standalone_ps7_cortexa9_0/bsp/system.mss
TRACE::2026-08-17.20:30:47::SCWMssOS::DEBUG:  swdes dump  C:/Users/tillkorsmeier/Desktop/MA/Z7-Nano/ParEIS-MSX/SW/HW_Export_V1/ps7_cortexa9_0/standalone_ps7_cortexa9_0/bsp/system.mss|system_0||
C:/Users/tillkorsmeier/Desktop/MA/Z7-Nano/ParEIS-MSX/SW/HW_Export_V1/zynq_fsbl/zynq_fsbl_bsp/system.mss|system||

TRACE::2026-08-17.20:30:47::SCWMssOS::Sw design exists and opened at  C:/Users/tillkorsmeier/Desktop/MA/Z7-Nano/ParEIS-MSX/SW/HW_Export_V1/ps7_cortexa9_0/standalone_ps7_cortexa9_0/bsp/system.mss
TRACE::2026-08-17.20:30:47::SCWWriter::formatted JSON is {
	"platformName":	"HW_Export_V1",
	"sprVersion":	"2.0",
	"mode":	"gui",
	"dsaType":	"Fixed",
	"platformDesc":	"HW_Export_V1",
	"platHandOff":	"<platformDir>.xsa",
	"platIntHandOff":	"<platformDir>/hw/HW_Export_V1.xsa",
	"deviceType":	"zynq",
	"platIsPrebuiltAutogen":	"false",
	"platIsNoBootBsp":	"false",
	"hasFsblMakeHasChanges":	"false",
	"hasPmufwMakeHasChanges":	"false",
	"fsblExtraCompilerFlags":	"-MMD -MP       -mcpu=cortex-a9 -mfpu=vfpv3 -mfloat-abi=hard ",
	"platPreBuiltFlag":	false,
	"platformSamplesDir":	"",
	"platActiveSys":	"HW_Export_V1",
	"systems":	[{
			"systemName":	"HW_Export_V1",
			"systemDesc":	"HW_Export_V1",
			"sysIsBootAutoGen":	"true",
			"systemDispName":	"HW_Export_V1",
			"sysActiveDom":	"standalone_ps7_cortexa9_0",
			"sysDefaultDom":	"standalone_ps7_cortexa9_0",
			"domains":	[{
					"domainName":	"zynq_fsbl",
					"domainDispName":	"zynq_fsbl",
					"domainDesc":	"FSBL Application BSP - Auto Generated.",
					"processors":	"ps7_cortexa9_0",
					"os":	"standalone",
					"sdxOs":	"standalone",
					"debugEnable":	"",
					"domRuntimes":	["cpp"],
					"swRepo":	"",
					"mssOsVer":	"9.2",
					"mssFile":	"",
					"md5Digest":	"eb13c396dfacc0d4cf82f9f4d1da7be6",
					"compatibleApp":	"zynq_fsbl",
					"domType":	"bootDomain",
					"arch":	"32-bit",
					"appSettings":	{
						"appCompilerFlags":	"",
						"appLinkerFlags":	""
					},
					"addedLibs":	["xilffs:5.3", "xilrsa:1.8"],
					"libOptions":	{
						"libsContainingOptions":	[]
					},
					"prebuiltLibs":	{
						"prebuiltIncPath":	[],
						"prebuiltLibPath":	[]
					},
					"isolation":	{
					}
				}, {
					"domainName":	"standalone_ps7_cortexa9_0",
					"domainDispName":	"standalone_ps7_cortexa9_0",
					"domainDesc":	"standalone_ps7_cortexa9_0",
					"processors":	"ps7_cortexa9_0",
					"os":	"standalone",
					"sdxOs":	"standalone",
					"qemuArgs":	"<platformDir>/resources/HW_Export_V1/standalone_ps7_cortexa9_0/qemu_args.txt",
					"qemuData":	"<platformDir>/resources/HW_Export_V1/standalone_ps7_cortexa9_0/qemu",
					"debugEnable":	"False",
					"domRuntimes":	["cpp"],
					"swRepo":	"",
					"mssOsVer":	"9.2",
					"mssFile":	"",
					"md5Digest":	"1bf2491101bc5b23d21c48713d3e1118",
					"compatibleApp":	"",
					"domType":	"mssDomain",
					"arch":	"32-bit",
					"appSettings":	{
						"appCompilerFlags":	"",
						"appLinkerFlags":	""
					},
					"addedLibs":	["lwip220:1.1", "xiltimer:2.1"],
					"libOptions":	{
						"lwip220":	{
							"mem_size":	"1000000",
							"memp_n_tcp_seg":	"65001",
							"phy_link_speed":	"CONFIG_LINKSPEED100",
							"tcp_snd_buf":	"65000",
							"libOptionNames":	["mem_size", "memp_n_tcp_seg", "phy_link_speed", "tcp_snd_buf"]
						},
						"libsContainingOptions":	["lwip220"]
					},
					"prebuiltLibs":	{
						"prebuiltIncPath":	[],
						"prebuiltLibPath":	[]
					},
					"isolation":	{
					}
				}]
		}]
}
TRACE::2026-08-17.20:30:47::SCWMssOS::Saving the mss changes C:/Users/tillkorsmeier/Desktop/MA/Z7-Nano/ParEIS-MSX/SW/HW_Export_V1/ps7_cortexa9_0/standalone_ps7_cortexa9_0/bsp/system.mss
TRACE::2026-08-17.20:30:47::SCWMssOS::Found a swdesign opened with the mssfile.
TRACE::2026-08-17.20:30:47::SCWMssOS::Completed writemss as part of save.
TRACE::2026-08-17.20:30:47::SCWMssOS::Commit changes completed.
TRACE::2026-08-17.20:30:47::SCWPlatform::Trying to open the hw design at C:/Users/tillkorsmeier/Desktop/MA/Z7-Nano/ParEIS-MSX/SW/HW_Export_V1/hw/HW_Export_V1.xsa
TRACE::2026-08-17.20:30:47::SCWPlatform::DSA given C:/Users/tillkorsmeier/Desktop/MA/Z7-Nano/ParEIS-MSX/SW/HW_Export_V1/hw/HW_Export_V1.xsa
TRACE::2026-08-17.20:30:47::SCWPlatform::DSA absoulate path C:/Users/tillkorsmeier/Desktop/MA/Z7-Nano/ParEIS-MSX/SW/HW_Export_V1/hw/HW_Export_V1.xsa
TRACE::2026-08-17.20:30:47::SCWPlatform::DSA directory C:/Users/tillkorsmeier/Desktop/MA/Z7-Nano/ParEIS-MSX/SW/HW_Export_V1/hw
TRACE::2026-08-17.20:30:47::SCWPlatform:: Platform Path C:/Users/tillkorsmeier/Desktop/MA/Z7-Nano/ParEIS-MSX/SW/HW_Export_V1/hw/HW_Export_V1.xsa
TRACE::2026-08-17.20:30:47::SCWPlatform:: Unique name xilinx:::0.0
TRACE::2026-08-17.20:30:47::SCWPlatform::Trying to set the existing hwdb with name design_1_wrapper_2
TRACE::2026-08-17.20:30:47::SCWPlatform::Opened existing hwdb design_1_wrapper_2
TRACE::2026-08-17.20:30:47::SCWPlatform::Found the Hw Db part of the input DSA
TRACE::2026-08-17.20:30:47::SCWMssOS::Checking the sw design at  C:/Users/tillkorsmeier/Desktop/MA/Z7-Nano/ParEIS-MSX/SW/HW_Export_V1/ps7_cortexa9_0/standalone_ps7_cortexa9_0/bsp/system.mss
TRACE::2026-08-17.20:30:47::SCWMssOS::DEBUG:  swdes dump  C:/Users/tillkorsmeier/Desktop/MA/Z7-Nano/ParEIS-MSX/SW/HW_Export_V1/ps7_cortexa9_0/standalone_ps7_cortexa9_0/bsp/system.mss|system_0||
C:/Users/tillkorsmeier/Desktop/MA/Z7-Nano/ParEIS-MSX/SW/HW_Export_V1/zynq_fsbl/zynq_fsbl_bsp/system.mss|system||

TRACE::2026-08-17.20:30:47::SCWMssOS::Sw design exists and opened at  C:/Users/tillkorsmeier/Desktop/MA/Z7-Nano/ParEIS-MSX/SW/HW_Export_V1/ps7_cortexa9_0/standalone_ps7_cortexa9_0/bsp/system.mss
TRACE::2026-08-17.20:30:47::SCWMssOS::Removing the swdes entry for  C:/Users/tillkorsmeier/Desktop/MA/Z7-Nano/ParEIS-MSX/SW/HW_Export_V1/ps7_cortexa9_0/standalone_ps7_cortexa9_0/bsp/system.mss
TRACE::2026-08-17.20:30:48::SCWMssOS::In reload Mss file.
TRACE::2026-08-17.20:30:48::SCWPlatform::Trying to open the hw design at C:/Users/tillkorsmeier/Desktop/MA/Z7-Nano/ParEIS-MSX/SW/HW_Export_V1/hw/HW_Export_V1.xsa
TRACE::2026-08-17.20:30:48::SCWPlatform::DSA given C:/Users/tillkorsmeier/Desktop/MA/Z7-Nano/ParEIS-MSX/SW/HW_Export_V1/hw/HW_Export_V1.xsa
TRACE::2026-08-17.20:30:48::SCWPlatform::DSA absoulate path C:/Users/tillkorsmeier/Desktop/MA/Z7-Nano/ParEIS-MSX/SW/HW_Export_V1/hw/HW_Export_V1.xsa
TRACE::2026-08-17.20:30:48::SCWPlatform::DSA directory C:/Users/tillkorsmeier/Desktop/MA/Z7-Nano/ParEIS-MSX/SW/HW_Export_V1/hw
TRACE::2026-08-17.20:30:48::SCWPlatform:: Platform Path C:/Users/tillkorsmeier/Desktop/MA/Z7-Nano/ParEIS-MSX/SW/HW_Export_V1/hw/HW_Export_V1.xsa
TRACE::2026-08-17.20:30:48::SCWPlatform:: Unique name xilinx:::0.0
TRACE::2026-08-17.20:30:48::SCWPlatform::Trying to set the existing hwdb with name design_1_wrapper_2
TRACE::2026-08-17.20:30:48::SCWPlatform::Opened existing hwdb design_1_wrapper_2
TRACE::2026-08-17.20:30:48::SCWPlatform::Found the Hw Db part of the input DSA
TRACE::2026-08-17.20:30:48::SCWMssOS::Checking the sw design at  C:/Users/tillkorsmeier/Desktop/MA/Z7-Nano/ParEIS-MSX/SW/HW_Export_V1/ps7_cortexa9_0/standalone_ps7_cortexa9_0/bsp/system.mss
TRACE::2026-08-17.20:30:48::SCWMssOS::DEBUG:  swdes dump  C:/Users/tillkorsmeier/Desktop/MA/Z7-Nano/ParEIS-MSX/SW/HW_Export_V1/zynq_fsbl/zynq_fsbl_bsp/system.mss|system||

TRACE::2026-08-17.20:30:48::SCWMssOS::No sw design opened at  C:/Users/tillkorsmeier/Desktop/MA/Z7-Nano/ParEIS-MSX/SW/HW_Export_V1/ps7_cortexa9_0/standalone_ps7_cortexa9_0/bsp/system.mss
TRACE::2026-08-17.20:30:48::SCWMssOS::mss exists loading the mss file  C:/Users/tillkorsmeier/Desktop/MA/Z7-Nano/ParEIS-MSX/SW/HW_Export_V1/ps7_cortexa9_0/standalone_ps7_cortexa9_0/bsp/system.mss
TRACE::2026-08-17.20:30:48::SCWMssOS::Opened the sw design from mss  C:/Users/tillkorsmeier/Desktop/MA/Z7-Nano/ParEIS-MSX/SW/HW_Export_V1/ps7_cortexa9_0/standalone_ps7_cortexa9_0/bsp/system.mss
TRACE::2026-08-17.20:30:48::SCWMssOS::Adding the swdes entry C:/Users/tillkorsmeier/Desktop/MA/Z7-Nano/ParEIS-MSX/SW/HW_Export_V1/ps7_cortexa9_0/standalone_ps7_cortexa9_0/bsp/system.mss with des name system_0
TRACE::2026-08-17.20:30:48::SCWMssOS::updating the scw layer about changes
TRACE::2026-08-17.20:30:48::SCWMssOS::Opened the sw design.  C:/Users/tillkorsmeier/Desktop/MA/Z7-Nano/ParEIS-MSX/SW/HW_Export_V1/ps7_cortexa9_0/standalone_ps7_cortexa9_0/bsp/system.mss
TRACE::2026-08-17.20:30:48::SCWPlatform::Trying to open the hw design at C:/Users/tillkorsmeier/Desktop/MA/Z7-Nano/ParEIS-MSX/SW/HW_Export_V1/hw/HW_Export_V1.xsa
TRACE::2026-08-17.20:30:48::SCWPlatform::DSA given C:/Users/tillkorsmeier/Desktop/MA/Z7-Nano/ParEIS-MSX/SW/HW_Export_V1/hw/HW_Export_V1.xsa
TRACE::2026-08-17.20:30:48::SCWPlatform::DSA absoulate path C:/Users/tillkorsmeier/Desktop/MA/Z7-Nano/ParEIS-MSX/SW/HW_Export_V1/hw/HW_Export_V1.xsa
TRACE::2026-08-17.20:30:48::SCWPlatform::DSA directory C:/Users/tillkorsmeier/Desktop/MA/Z7-Nano/ParEIS-MSX/SW/HW_Export_V1/hw
TRACE::2026-08-17.20:30:48::SCWPlatform:: Platform Path C:/Users/tillkorsmeier/Desktop/MA/Z7-Nano/ParEIS-MSX/SW/HW_Export_V1/hw/HW_Export_V1.xsa
TRACE::2026-08-17.20:30:48::SCWPlatform:: Unique name xilinx:::0.0
TRACE::2026-08-17.20:30:48::SCWPlatform::Trying to set the existing hwdb with name design_1_wrapper_2
TRACE::2026-08-17.20:30:48::SCWPlatform::Opened existing hwdb design_1_wrapper_2
TRACE::2026-08-17.20:30:48::SCWPlatform::Found the Hw Db part of the input DSA
TRACE::2026-08-17.20:30:48::SCWMssOS::Checking the sw design at  C:/Users/tillkorsmeier/Desktop/MA/Z7-Nano/ParEIS-MSX/SW/HW_Export_V1/ps7_cortexa9_0/standalone_ps7_cortexa9_0/bsp/system.mss
TRACE::2026-08-17.20:30:48::SCWMssOS::DEBUG:  swdes dump  C:/Users/tillkorsmeier/Desktop/MA/Z7-Nano/ParEIS-MSX/SW/HW_Export_V1/ps7_cortexa9_0/standalone_ps7_cortexa9_0/bsp/system.mss|system_0||
C:/Users/tillkorsmeier/Desktop/MA/Z7-Nano/ParEIS-MSX/SW/HW_Export_V1/zynq_fsbl/zynq_fsbl_bsp/system.mss|system||

TRACE::2026-08-17.20:30:48::SCWMssOS::Sw design exists and opened at  C:/Users/tillkorsmeier/Desktop/MA/Z7-Nano/ParEIS-MSX/SW/HW_Export_V1/ps7_cortexa9_0/standalone_ps7_cortexa9_0/bsp/system.mss
TRACE::2026-08-17.20:30:48::SCWMssOS:: library already available in sw design:  lwip220:1.1
TRACE::2026-08-17.20:30:48::SCWPlatform::Trying to open the hw design at C:/Users/tillkorsmeier/Desktop/MA/Z7-Nano/ParEIS-MSX/SW/HW_Export_V1/hw/HW_Export_V1.xsa
TRACE::2026-08-17.20:30:48::SCWPlatform::DSA given C:/Users/tillkorsmeier/Desktop/MA/Z7-Nano/ParEIS-MSX/SW/HW_Export_V1/hw/HW_Export_V1.xsa
TRACE::2026-08-17.20:30:48::SCWPlatform::DSA absoulate path C:/Users/tillkorsmeier/Desktop/MA/Z7-Nano/ParEIS-MSX/SW/HW_Export_V1/hw/HW_Export_V1.xsa
TRACE::2026-08-17.20:30:48::SCWPlatform::DSA directory C:/Users/tillkorsmeier/Desktop/MA/Z7-Nano/ParEIS-MSX/SW/HW_Export_V1/hw
TRACE::2026-08-17.20:30:48::SCWPlatform:: Platform Path C:/Users/tillkorsmeier/Desktop/MA/Z7-Nano/ParEIS-MSX/SW/HW_Export_V1/hw/HW_Export_V1.xsa
TRACE::2026-08-17.20:30:48::SCWPlatform:: Unique name xilinx:::0.0
TRACE::2026-08-17.20:30:48::SCWPlatform::Trying to set the existing hwdb with name design_1_wrapper_2
TRACE::2026-08-17.20:30:48::SCWPlatform::Opened existing hwdb design_1_wrapper_2
TRACE::2026-08-17.20:30:48::SCWPlatform::Found the Hw Db part of the input DSA
TRACE::2026-08-17.20:30:48::SCWMssOS::Checking the sw design at  C:/Users/tillkorsmeier/Desktop/MA/Z7-Nano/ParEIS-MSX/SW/HW_Export_V1/ps7_cortexa9_0/standalone_ps7_cortexa9_0/bsp/system.mss
TRACE::2026-08-17.20:30:48::SCWMssOS::DEBUG:  swdes dump  C:/Users/tillkorsmeier/Desktop/MA/Z7-Nano/ParEIS-MSX/SW/HW_Export_V1/ps7_cortexa9_0/standalone_ps7_cortexa9_0/bsp/system.mss|system_0||
C:/Users/tillkorsmeier/Desktop/MA/Z7-Nano/ParEIS-MSX/SW/HW_Export_V1/zynq_fsbl/zynq_fsbl_bsp/system.mss|system||

TRACE::2026-08-17.20:30:48::SCWMssOS::Sw design exists and opened at  C:/Users/tillkorsmeier/Desktop/MA/Z7-Nano/ParEIS-MSX/SW/HW_Export_V1/ps7_cortexa9_0/standalone_ps7_cortexa9_0/bsp/system.mss
TRACE::2026-08-17.20:30:48::SCWMssOS:: library already available in sw design:  xiltimer:2.1
TRACE::2026-08-17.20:30:48::SCWPlatform::Trying to open the hw design at C:/Users/tillkorsmeier/Desktop/MA/Z7-Nano/ParEIS-MSX/SW/HW_Export_V1/hw/HW_Export_V1.xsa
TRACE::2026-08-17.20:30:48::SCWPlatform::DSA given C:/Users/tillkorsmeier/Desktop/MA/Z7-Nano/ParEIS-MSX/SW/HW_Export_V1/hw/HW_Export_V1.xsa
TRACE::2026-08-17.20:30:48::SCWPlatform::DSA absoulate path C:/Users/tillkorsmeier/Desktop/MA/Z7-Nano/ParEIS-MSX/SW/HW_Export_V1/hw/HW_Export_V1.xsa
TRACE::2026-08-17.20:30:48::SCWPlatform::DSA directory C:/Users/tillkorsmeier/Desktop/MA/Z7-Nano/ParEIS-MSX/SW/HW_Export_V1/hw
TRACE::2026-08-17.20:30:48::SCWPlatform:: Platform Path C:/Users/tillkorsmeier/Desktop/MA/Z7-Nano/ParEIS-MSX/SW/HW_Export_V1/hw/HW_Export_V1.xsa
TRACE::2026-08-17.20:30:48::SCWPlatform:: Unique name xilinx:::0.0
TRACE::2026-08-17.20:30:48::SCWPlatform::Trying to set the existing hwdb with name design_1_wrapper_2
TRACE::2026-08-17.20:30:48::SCWPlatform::Opened existing hwdb design_1_wrapper_2
TRACE::2026-08-17.20:30:48::SCWPlatform::Found the Hw Db part of the input DSA
TRACE::2026-08-17.20:30:48::SCWMssOS::Checking the sw design at  C:/Users/tillkorsmeier/Desktop/MA/Z7-Nano/ParEIS-MSX/SW/HW_Export_V1/ps7_cortexa9_0/standalone_ps7_cortexa9_0/bsp/system.mss
TRACE::2026-08-17.20:30:48::SCWMssOS::DEBUG:  swdes dump  C:/Users/tillkorsmeier/Desktop/MA/Z7-Nano/ParEIS-MSX/SW/HW_Export_V1/ps7_cortexa9_0/standalone_ps7_cortexa9_0/bsp/system.mss|system_0||
C:/Users/tillkorsmeier/Desktop/MA/Z7-Nano/ParEIS-MSX/SW/HW_Export_V1/zynq_fsbl/zynq_fsbl_bsp/system.mss|system||

TRACE::2026-08-17.20:30:48::SCWMssOS::Sw design exists and opened at  C:/Users/tillkorsmeier/Desktop/MA/Z7-Nano/ParEIS-MSX/SW/HW_Export_V1/ps7_cortexa9_0/standalone_ps7_cortexa9_0/bsp/system.mss
TRACE::2026-08-17.20:30:48::SCWPlatform::Trying to open the hw design at C:/Users/tillkorsmeier/Desktop/MA/Z7-Nano/ParEIS-MSX/SW/HW_Export_V1/hw/HW_Export_V1.xsa
TRACE::2026-08-17.20:30:48::SCWPlatform::DSA given C:/Users/tillkorsmeier/Desktop/MA/Z7-Nano/ParEIS-MSX/SW/HW_Export_V1/hw/HW_Export_V1.xsa
TRACE::2026-08-17.20:30:48::SCWPlatform::DSA absoulate path C:/Users/tillkorsmeier/Desktop/MA/Z7-Nano/ParEIS-MSX/SW/HW_Export_V1/hw/HW_Export_V1.xsa
TRACE::2026-08-17.20:30:48::SCWPlatform::DSA directory C:/Users/tillkorsmeier/Desktop/MA/Z7-Nano/ParEIS-MSX/SW/HW_Export_V1/hw
TRACE::2026-08-17.20:30:48::SCWPlatform:: Platform Path C:/Users/tillkorsmeier/Desktop/MA/Z7-Nano/ParEIS-MSX/SW/HW_Export_V1/hw/HW_Export_V1.xsa
TRACE::2026-08-17.20:30:48::SCWPlatform:: Unique name xilinx:::0.0
TRACE::2026-08-17.20:30:48::SCWPlatform::Trying to set the existing hwdb with name design_1_wrapper_2
TRACE::2026-08-17.20:30:48::SCWPlatform::Opened existing hwdb design_1_wrapper_2
TRACE::2026-08-17.20:30:48::SCWPlatform::Found the Hw Db part of the input DSA
TRACE::2026-08-17.20:30:48::SCWMssOS::Checking the sw design at  C:/Users/tillkorsmeier/Desktop/MA/Z7-Nano/ParEIS-MSX/SW/HW_Export_V1/ps7_cortexa9_0/standalone_ps7_cortexa9_0/bsp/system.mss
TRACE::2026-08-17.20:30:48::SCWMssOS::DEBUG:  swdes dump  C:/Users/tillkorsmeier/Desktop/MA/Z7-Nano/ParEIS-MSX/SW/HW_Export_V1/ps7_cortexa9_0/standalone_ps7_cortexa9_0/bsp/system.mss|system_0||
C:/Users/tillkorsmeier/Desktop/MA/Z7-Nano/ParEIS-MSX/SW/HW_Export_V1/zynq_fsbl/zynq_fsbl_bsp/system.mss|system||

TRACE::2026-08-17.20:30:48::SCWMssOS::Sw design exists and opened at  C:/Users/tillkorsmeier/Desktop/MA/Z7-Nano/ParEIS-MSX/SW/HW_Export_V1/ps7_cortexa9_0/standalone_ps7_cortexa9_0/bsp/system.mss
TRACE::2026-08-17.20:30:48::SCWPlatform::Trying to open the hw design at C:/Users/tillkorsmeier/Desktop/MA/Z7-Nano/ParEIS-MSX/SW/HW_Export_V1/hw/HW_Export_V1.xsa
TRACE::2026-08-17.20:30:48::SCWPlatform::DSA given C:/Users/tillkorsmeier/Desktop/MA/Z7-Nano/ParEIS-MSX/SW/HW_Export_V1/hw/HW_Export_V1.xsa
TRACE::2026-08-17.20:30:48::SCWPlatform::DSA absoulate path C:/Users/tillkorsmeier/Desktop/MA/Z7-Nano/ParEIS-MSX/SW/HW_Export_V1/hw/HW_Export_V1.xsa
TRACE::2026-08-17.20:30:48::SCWPlatform::DSA directory C:/Users/tillkorsmeier/Desktop/MA/Z7-Nano/ParEIS-MSX/SW/HW_Export_V1/hw
TRACE::2026-08-17.20:30:48::SCWPlatform:: Platform Path C:/Users/tillkorsmeier/Desktop/MA/Z7-Nano/ParEIS-MSX/SW/HW_Export_V1/hw/HW_Export_V1.xsa
TRACE::2026-08-17.20:30:48::SCWPlatform:: Unique name xilinx:::0.0
TRACE::2026-08-17.20:30:48::SCWPlatform::Trying to set the existing hwdb with name design_1_wrapper_2
TRACE::2026-08-17.20:30:48::SCWPlatform::Opened existing hwdb design_1_wrapper_2
TRACE::2026-08-17.20:30:48::SCWPlatform::Found the Hw Db part of the input DSA
TRACE::2026-08-17.20:30:48::SCWMssOS::Checking the sw design at  C:/Users/tillkorsmeier/Desktop/MA/Z7-Nano/ParEIS-MSX/SW/HW_Export_V1/ps7_cortexa9_0/standalone_ps7_cortexa9_0/bsp/system.mss
TRACE::2026-08-17.20:30:48::SCWMssOS::DEBUG:  swdes dump  C:/Users/tillkorsmeier/Desktop/MA/Z7-Nano/ParEIS-MSX/SW/HW_Export_V1/ps7_cortexa9_0/standalone_ps7_cortexa9_0/bsp/system.mss|system_0||
C:/Users/tillkorsmeier/Desktop/MA/Z7-Nano/ParEIS-MSX/SW/HW_Export_V1/zynq_fsbl/zynq_fsbl_bsp/system.mss|system||

TRACE::2026-08-17.20:30:48::SCWMssOS::Sw design exists and opened at  C:/Users/tillkorsmeier/Desktop/MA/Z7-Nano/ParEIS-MSX/SW/HW_Export_V1/ps7_cortexa9_0/standalone_ps7_cortexa9_0/bsp/system.mss
TRACE::2026-08-17.20:30:48::SCWPlatform::Trying to open the hw design at C:/Users/tillkorsmeier/Desktop/MA/Z7-Nano/ParEIS-MSX/SW/HW_Export_V1/hw/HW_Export_V1.xsa
TRACE::2026-08-17.20:30:48::SCWPlatform::DSA given C:/Users/tillkorsmeier/Desktop/MA/Z7-Nano/ParEIS-MSX/SW/HW_Export_V1/hw/HW_Export_V1.xsa
TRACE::2026-08-17.20:30:48::SCWPlatform::DSA absoulate path C:/Users/tillkorsmeier/Desktop/MA/Z7-Nano/ParEIS-MSX/SW/HW_Export_V1/hw/HW_Export_V1.xsa
TRACE::2026-08-17.20:30:48::SCWPlatform::DSA directory C:/Users/tillkorsmeier/Desktop/MA/Z7-Nano/ParEIS-MSX/SW/HW_Export_V1/hw
TRACE::2026-08-17.20:30:48::SCWPlatform:: Platform Path C:/Users/tillkorsmeier/Desktop/MA/Z7-Nano/ParEIS-MSX/SW/HW_Export_V1/hw/HW_Export_V1.xsa
TRACE::2026-08-17.20:30:48::SCWPlatform:: Unique name xilinx:::0.0
TRACE::2026-08-17.20:30:48::SCWPlatform::Trying to set the existing hwdb with name design_1_wrapper_2
TRACE::2026-08-17.20:30:48::SCWPlatform::Opened existing hwdb design_1_wrapper_2
TRACE::2026-08-17.20:30:48::SCWPlatform::Found the Hw Db part of the input DSA
TRACE::2026-08-17.20:30:48::SCWMssOS::Checking the sw design at  C:/Users/tillkorsmeier/Desktop/MA/Z7-Nano/ParEIS-MSX/SW/HW_Export_V1/ps7_cortexa9_0/standalone_ps7_cortexa9_0/bsp/system.mss
TRACE::2026-08-17.20:30:48::SCWMssOS::DEBUG:  swdes dump  C:/Users/tillkorsmeier/Desktop/MA/Z7-Nano/ParEIS-MSX/SW/HW_Export_V1/ps7_cortexa9_0/standalone_ps7_cortexa9_0/bsp/system.mss|system_0||
C:/Users/tillkorsmeier/Desktop/MA/Z7-Nano/ParEIS-MSX/SW/HW_Export_V1/zynq_fsbl/zynq_fsbl_bsp/system.mss|system||

TRACE::2026-08-17.20:30:48::SCWMssOS::Sw design exists and opened at  C:/Users/tillkorsmeier/Desktop/MA/Z7-Nano/ParEIS-MSX/SW/HW_Export_V1/ps7_cortexa9_0/standalone_ps7_cortexa9_0/bsp/system.mss
TRACE::2026-08-17.20:30:48::SCWPlatform::Trying to open the hw design at C:/Users/tillkorsmeier/Desktop/MA/Z7-Nano/ParEIS-MSX/SW/HW_Export_V1/hw/HW_Export_V1.xsa
TRACE::2026-08-17.20:30:48::SCWPlatform::DSA given C:/Users/tillkorsmeier/Desktop/MA/Z7-Nano/ParEIS-MSX/SW/HW_Export_V1/hw/HW_Export_V1.xsa
TRACE::2026-08-17.20:30:48::SCWPlatform::DSA absoulate path C:/Users/tillkorsmeier/Desktop/MA/Z7-Nano/ParEIS-MSX/SW/HW_Export_V1/hw/HW_Export_V1.xsa
TRACE::2026-08-17.20:30:48::SCWPlatform::DSA directory C:/Users/tillkorsmeier/Desktop/MA/Z7-Nano/ParEIS-MSX/SW/HW_Export_V1/hw
TRACE::2026-08-17.20:30:48::SCWPlatform:: Platform Path C:/Users/tillkorsmeier/Desktop/MA/Z7-Nano/ParEIS-MSX/SW/HW_Export_V1/hw/HW_Export_V1.xsa
TRACE::2026-08-17.20:30:48::SCWPlatform:: Unique name xilinx:::0.0
TRACE::2026-08-17.20:30:48::SCWPlatform::Trying to set the existing hwdb with name design_1_wrapper_2
TRACE::2026-08-17.20:30:48::SCWPlatform::Opened existing hwdb design_1_wrapper_2
TRACE::2026-08-17.20:30:48::SCWPlatform::Found the Hw Db part of the input DSA
TRACE::2026-08-17.20:30:48::SCWMssOS::Checking the sw design at  C:/Users/tillkorsmeier/Desktop/MA/Z7-Nano/ParEIS-MSX/SW/HW_Export_V1/ps7_cortexa9_0/standalone_ps7_cortexa9_0/bsp/system.mss
TRACE::2026-08-17.20:30:48::SCWMssOS::DEBUG:  swdes dump  C:/Users/tillkorsmeier/Desktop/MA/Z7-Nano/ParEIS-MSX/SW/HW_Export_V1/ps7_cortexa9_0/standalone_ps7_cortexa9_0/bsp/system.mss|system_0||
C:/Users/tillkorsmeier/Desktop/MA/Z7-Nano/ParEIS-MSX/SW/HW_Export_V1/zynq_fsbl/zynq_fsbl_bsp/system.mss|system||

TRACE::2026-08-17.20:30:48::SCWMssOS::Sw design exists and opened at  C:/Users/tillkorsmeier/Desktop/MA/Z7-Nano/ParEIS-MSX/SW/HW_Export_V1/ps7_cortexa9_0/standalone_ps7_cortexa9_0/bsp/system.mss
TRACE::2026-08-17.20:30:48::SCWPlatform::Trying to open the hw design at C:/Users/tillkorsmeier/Desktop/MA/Z7-Nano/ParEIS-MSX/SW/HW_Export_V1/hw/HW_Export_V1.xsa
TRACE::2026-08-17.20:30:48::SCWPlatform::DSA given C:/Users/tillkorsmeier/Desktop/MA/Z7-Nano/ParEIS-MSX/SW/HW_Export_V1/hw/HW_Export_V1.xsa
TRACE::2026-08-17.20:30:48::SCWPlatform::DSA absoulate path C:/Users/tillkorsmeier/Desktop/MA/Z7-Nano/ParEIS-MSX/SW/HW_Export_V1/hw/HW_Export_V1.xsa
TRACE::2026-08-17.20:30:48::SCWPlatform::DSA directory C:/Users/tillkorsmeier/Desktop/MA/Z7-Nano/ParEIS-MSX/SW/HW_Export_V1/hw
TRACE::2026-08-17.20:30:48::SCWPlatform:: Platform Path C:/Users/tillkorsmeier/Desktop/MA/Z7-Nano/ParEIS-MSX/SW/HW_Export_V1/hw/HW_Export_V1.xsa
TRACE::2026-08-17.20:30:48::SCWPlatform:: Unique name xilinx:::0.0
TRACE::2026-08-17.20:30:48::SCWPlatform::Trying to set the existing hwdb with name design_1_wrapper_2
TRACE::2026-08-17.20:30:48::SCWPlatform::Opened existing hwdb design_1_wrapper_2
TRACE::2026-08-17.20:30:48::SCWPlatform::Found the Hw Db part of the input DSA
TRACE::2026-08-17.20:30:48::SCWMssOS::Checking the sw design at  C:/Users/tillkorsmeier/Desktop/MA/Z7-Nano/ParEIS-MSX/SW/HW_Export_V1/ps7_cortexa9_0/standalone_ps7_cortexa9_0/bsp/system.mss
TRACE::2026-08-17.20:30:48::SCWMssOS::DEBUG:  swdes dump  C:/Users/tillkorsmeier/Desktop/MA/Z7-Nano/ParEIS-MSX/SW/HW_Export_V1/ps7_cortexa9_0/standalone_ps7_cortexa9_0/bsp/system.mss|system_0||
C:/Users/tillkorsmeier/Desktop/MA/Z7-Nano/ParEIS-MSX/SW/HW_Export_V1/zynq_fsbl/zynq_fsbl_bsp/system.mss|system||

TRACE::2026-08-17.20:30:48::SCWMssOS::Sw design exists and opened at  C:/Users/tillkorsmeier/Desktop/MA/Z7-Nano/ParEIS-MSX/SW/HW_Export_V1/ps7_cortexa9_0/standalone_ps7_cortexa9_0/bsp/system.mss
TRACE::2026-08-17.20:30:48::SCWPlatform::Trying to open the hw design at C:/Users/tillkorsmeier/Desktop/MA/Z7-Nano/ParEIS-MSX/SW/HW_Export_V1/hw/HW_Export_V1.xsa
TRACE::2026-08-17.20:30:48::SCWPlatform::DSA given C:/Users/tillkorsmeier/Desktop/MA/Z7-Nano/ParEIS-MSX/SW/HW_Export_V1/hw/HW_Export_V1.xsa
TRACE::2026-08-17.20:30:48::SCWPlatform::DSA absoulate path C:/Users/tillkorsmeier/Desktop/MA/Z7-Nano/ParEIS-MSX/SW/HW_Export_V1/hw/HW_Export_V1.xsa
TRACE::2026-08-17.20:30:48::SCWPlatform::DSA directory C:/Users/tillkorsmeier/Desktop/MA/Z7-Nano/ParEIS-MSX/SW/HW_Export_V1/hw
TRACE::2026-08-17.20:30:48::SCWPlatform:: Platform Path C:/Users/tillkorsmeier/Desktop/MA/Z7-Nano/ParEIS-MSX/SW/HW_Export_V1/hw/HW_Export_V1.xsa
TRACE::2026-08-17.20:30:48::SCWPlatform:: Unique name xilinx:::0.0
TRACE::2026-08-17.20:30:48::SCWPlatform::Trying to set the existing hwdb with name design_1_wrapper_2
TRACE::2026-08-17.20:30:48::SCWPlatform::Opened existing hwdb design_1_wrapper_2
TRACE::2026-08-17.20:30:48::SCWPlatform::Found the Hw Db part of the input DSA
TRACE::2026-08-17.20:30:48::SCWMssOS::Checking the sw design at  C:/Users/tillkorsmeier/Desktop/MA/Z7-Nano/ParEIS-MSX/SW/HW_Export_V1/ps7_cortexa9_0/standalone_ps7_cortexa9_0/bsp/system.mss
TRACE::2026-08-17.20:30:48::SCWMssOS::DEBUG:  swdes dump  C:/Users/tillkorsmeier/Desktop/MA/Z7-Nano/ParEIS-MSX/SW/HW_Export_V1/ps7_cortexa9_0/standalone_ps7_cortexa9_0/bsp/system.mss|system_0||
C:/Users/tillkorsmeier/Desktop/MA/Z7-Nano/ParEIS-MSX/SW/HW_Export_V1/zynq_fsbl/zynq_fsbl_bsp/system.mss|system||

TRACE::2026-08-17.20:30:48::SCWMssOS::Sw design exists and opened at  C:/Users/tillkorsmeier/Desktop/MA/Z7-Nano/ParEIS-MSX/SW/HW_Export_V1/ps7_cortexa9_0/standalone_ps7_cortexa9_0/bsp/system.mss
TRACE::2026-08-17.20:30:48::SCWPlatform::Trying to open the hw design at C:/Users/tillkorsmeier/Desktop/MA/Z7-Nano/ParEIS-MSX/SW/HW_Export_V1/hw/HW_Export_V1.xsa
TRACE::2026-08-17.20:30:48::SCWPlatform::DSA given C:/Users/tillkorsmeier/Desktop/MA/Z7-Nano/ParEIS-MSX/SW/HW_Export_V1/hw/HW_Export_V1.xsa
TRACE::2026-08-17.20:30:48::SCWPlatform::DSA absoulate path C:/Users/tillkorsmeier/Desktop/MA/Z7-Nano/ParEIS-MSX/SW/HW_Export_V1/hw/HW_Export_V1.xsa
TRACE::2026-08-17.20:30:48::SCWPlatform::DSA directory C:/Users/tillkorsmeier/Desktop/MA/Z7-Nano/ParEIS-MSX/SW/HW_Export_V1/hw
TRACE::2026-08-17.20:30:48::SCWPlatform:: Platform Path C:/Users/tillkorsmeier/Desktop/MA/Z7-Nano/ParEIS-MSX/SW/HW_Export_V1/hw/HW_Export_V1.xsa
TRACE::2026-08-17.20:30:48::SCWPlatform:: Unique name xilinx:::0.0
TRACE::2026-08-17.20:30:48::SCWPlatform::Trying to set the existing hwdb with name design_1_wrapper_2
TRACE::2026-08-17.20:30:48::SCWPlatform::Opened existing hwdb design_1_wrapper_2
TRACE::2026-08-17.20:30:48::SCWPlatform::Found the Hw Db part of the input DSA
TRACE::2026-08-17.20:30:48::SCWMssOS::Checking the sw design at  C:/Users/tillkorsmeier/Desktop/MA/Z7-Nano/ParEIS-MSX/SW/HW_Export_V1/ps7_cortexa9_0/standalone_ps7_cortexa9_0/bsp/system.mss
TRACE::2026-08-17.20:30:48::SCWMssOS::DEBUG:  swdes dump  C:/Users/tillkorsmeier/Desktop/MA/Z7-Nano/ParEIS-MSX/SW/HW_Export_V1/ps7_cortexa9_0/standalone_ps7_cortexa9_0/bsp/system.mss|system_0||
C:/Users/tillkorsmeier/Desktop/MA/Z7-Nano/ParEIS-MSX/SW/HW_Export_V1/zynq_fsbl/zynq_fsbl_bsp/system.mss|system||

TRACE::2026-08-17.20:30:48::SCWMssOS::Sw design exists and opened at  C:/Users/tillkorsmeier/Desktop/MA/Z7-Nano/ParEIS-MSX/SW/HW_Export_V1/ps7_cortexa9_0/standalone_ps7_cortexa9_0/bsp/system.mss
TRACE::2026-08-17.20:30:48::SCWMssOS::Saving the mss changes C:/Users/tillkorsmeier/Desktop/MA/Z7-Nano/ParEIS-MSX/SW/HW_Export_V1/ps7_cortexa9_0/standalone_ps7_cortexa9_0/bsp/system.mss
TRACE::2026-08-17.20:30:48::SCWMssOS::Found a swdesign opened with the mssfile.
TRACE::2026-08-17.20:30:48::SCWMssOS::Completed writemss as part of save.
TRACE::2026-08-17.20:30:48::SCWMssOS::Commit changes completed.
TRACE::2026-08-17.20:30:48::SCWPlatform::Trying to open the hw design at C:/Users/tillkorsmeier/Desktop/MA/Z7-Nano/ParEIS-MSX/SW/HW_Export_V1/hw/HW_Export_V1.xsa
TRACE::2026-08-17.20:30:48::SCWPlatform::DSA given C:/Users/tillkorsmeier/Desktop/MA/Z7-Nano/ParEIS-MSX/SW/HW_Export_V1/hw/HW_Export_V1.xsa
TRACE::2026-08-17.20:30:48::SCWPlatform::DSA absoulate path C:/Users/tillkorsmeier/Desktop/MA/Z7-Nano/ParEIS-MSX/SW/HW_Export_V1/hw/HW_Export_V1.xsa
TRACE::2026-08-17.20:30:48::SCWPlatform::DSA directory C:/Users/tillkorsmeier/Desktop/MA/Z7-Nano/ParEIS-MSX/SW/HW_Export_V1/hw
TRACE::2026-08-17.20:30:48::SCWPlatform:: Platform Path C:/Users/tillkorsmeier/Desktop/MA/Z7-Nano/ParEIS-MSX/SW/HW_Export_V1/hw/HW_Export_V1.xsa
TRACE::2026-08-17.20:30:48::SCWPlatform:: Unique name xilinx:::0.0
TRACE::2026-08-17.20:30:48::SCWPlatform::Trying to set the existing hwdb with name design_1_wrapper_2
TRACE::2026-08-17.20:30:48::SCWPlatform::Opened existing hwdb design_1_wrapper_2
TRACE::2026-08-17.20:30:48::SCWPlatform::Found the Hw Db part of the input DSA
TRACE::2026-08-17.20:30:48::SCWMssOS::Checking the sw design at  C:/Users/tillkorsmeier/Desktop/MA/Z7-Nano/ParEIS-MSX/SW/HW_Export_V1/ps7_cortexa9_0/standalone_ps7_cortexa9_0/bsp/system.mss
TRACE::2026-08-17.20:30:48::SCWMssOS::DEBUG:  swdes dump  C:/Users/tillkorsmeier/Desktop/MA/Z7-Nano/ParEIS-MSX/SW/HW_Export_V1/ps7_cortexa9_0/standalone_ps7_cortexa9_0/bsp/system.mss|system_0||
C:/Users/tillkorsmeier/Desktop/MA/Z7-Nano/ParEIS-MSX/SW/HW_Export_V1/zynq_fsbl/zynq_fsbl_bsp/system.mss|system||

TRACE::2026-08-17.20:30:48::SCWMssOS::Sw design exists and opened at  C:/Users/tillkorsmeier/Desktop/MA/Z7-Nano/ParEIS-MSX/SW/HW_Export_V1/ps7_cortexa9_0/standalone_ps7_cortexa9_0/bsp/system.mss
TRACE::2026-08-17.20:30:48::SCWMssOS::Removing the swdes entry for  C:/Users/tillkorsmeier/Desktop/MA/Z7-Nano/ParEIS-MSX/SW/HW_Export_V1/ps7_cortexa9_0/standalone_ps7_cortexa9_0/bsp/system.mss
TRACE::2026-08-17.20:30:48::SCWPlatform::Trying to open the hw design at C:/Users/tillkorsmeier/Desktop/MA/Z7-Nano/ParEIS-MSX/SW/HW_Export_V1/hw/HW_Export_V1.xsa
TRACE::2026-08-17.20:30:48::SCWPlatform::DSA given C:/Users/tillkorsmeier/Desktop/MA/Z7-Nano/ParEIS-MSX/SW/HW_Export_V1/hw/HW_Export_V1.xsa
TRACE::2026-08-17.20:30:48::SCWPlatform::DSA absoulate path C:/Users/tillkorsmeier/Desktop/MA/Z7-Nano/ParEIS-MSX/SW/HW_Export_V1/hw/HW_Export_V1.xsa
TRACE::2026-08-17.20:30:48::SCWPlatform::DSA directory C:/Users/tillkorsmeier/Desktop/MA/Z7-Nano/ParEIS-MSX/SW/HW_Export_V1/hw
TRACE::2026-08-17.20:30:48::SCWPlatform:: Platform Path C:/Users/tillkorsmeier/Desktop/MA/Z7-Nano/ParEIS-MSX/SW/HW_Export_V1/hw/HW_Export_V1.xsa
TRACE::2026-08-17.20:30:48::SCWPlatform:: Unique name xilinx:::0.0
TRACE::2026-08-17.20:30:48::SCWPlatform::Trying to set the existing hwdb with name design_1_wrapper_2
TRACE::2026-08-17.20:30:48::SCWPlatform::Opened existing hwdb design_1_wrapper_2
TRACE::2026-08-17.20:30:48::SCWPlatform::Found the Hw Db part of the input DSA
TRACE::2026-08-17.20:30:48::SCWMssOS::Checking the sw design at  C:/Users/tillkorsmeier/Desktop/MA/Z7-Nano/ParEIS-MSX/SW/HW_Export_V1/ps7_cortexa9_0/standalone_ps7_cortexa9_0/bsp/system.mss
TRACE::2026-08-17.20:30:48::SCWMssOS::DEBUG:  swdes dump  C:/Users/tillkorsmeier/Desktop/MA/Z7-Nano/ParEIS-MSX/SW/HW_Export_V1/zynq_fsbl/zynq_fsbl_bsp/system.mss|system||

TRACE::2026-08-17.20:30:48::SCWMssOS::No sw design opened at  C:/Users/tillkorsmeier/Desktop/MA/Z7-Nano/ParEIS-MSX/SW/HW_Export_V1/ps7_cortexa9_0/standalone_ps7_cortexa9_0/bsp/system.mss
TRACE::2026-08-17.20:30:48::SCWMssOS::mss exists loading the mss file  C:/Users/tillkorsmeier/Desktop/MA/Z7-Nano/ParEIS-MSX/SW/HW_Export_V1/ps7_cortexa9_0/standalone_ps7_cortexa9_0/bsp/system.mss
TRACE::2026-08-17.20:30:48::SCWMssOS::Opened the sw design from mss  C:/Users/tillkorsmeier/Desktop/MA/Z7-Nano/ParEIS-MSX/SW/HW_Export_V1/ps7_cortexa9_0/standalone_ps7_cortexa9_0/bsp/system.mss
TRACE::2026-08-17.20:30:48::SCWMssOS::Adding the swdes entry C:/Users/tillkorsmeier/Desktop/MA/Z7-Nano/ParEIS-MSX/SW/HW_Export_V1/ps7_cortexa9_0/standalone_ps7_cortexa9_0/bsp/system.mss with des name system_0
TRACE::2026-08-17.20:30:48::SCWMssOS::updating the scw layer about changes
TRACE::2026-08-17.20:30:48::SCWMssOS::Opened the sw design.  C:/Users/tillkorsmeier/Desktop/MA/Z7-Nano/ParEIS-MSX/SW/HW_Export_V1/ps7_cortexa9_0/standalone_ps7_cortexa9_0/bsp/system.mss
TRACE::2026-08-17.20:30:48::SCWMssOS::Completed writing the mss file at C:/Users/tillkorsmeier/Desktop/MA/Z7-Nano/ParEIS-MSX/SW/HW_Export_V1/ps7_cortexa9_0/standalone_ps7_cortexa9_0/bsp
TRACE::2026-08-17.20:30:48::SCWMssOS::Forcing BSP Sources regeneration.
KEYINFO::2026-08-17.20:30:50::SCWMssOS::Removing file C:/Users/tillkorsmeier/Desktop/MA/Z7-Nano/ParEIS-MSX/SW/HW_Export_V1/ps7_cortexa9_0/standalone_ps7_cortexa9_0/bsp\system_0.mss
LOG::2026-08-17.20:30:59::SCWPlatform::Started generating the artifacts platform HW_Export_V1
TRACE::2026-08-17.20:30:59::SCWPlatform::Sanity checking of platform is completed
LOG::2026-08-17.20:30:59::SCWPlatform::Started generating the artifacts for system configuration HW_Export_V1
LOG::2026-08-17.20:30:59::SCWSystem::Checking the domain zynq_fsbl
LOG::2026-08-17.20:30:59::SCWSystem::Doing application build for :  zynq_fsbl
TRACE::2026-08-17.20:30:59::SCWBDomain::Not a forced makefile updation, No changes are present. 
TRACE::2026-08-17.20:30:59::SCWDomain::Building the domain as part of full build :  zynq_fsbl
TRACE::2026-08-17.20:30:59::SCWPlatform::Trying to open the hw design at C:/Users/tillkorsmeier/Desktop/MA/Z7-Nano/ParEIS-MSX/SW/HW_Export_V1/hw/HW_Export_V1.xsa
TRACE::2026-08-17.20:30:59::SCWPlatform::DSA given C:/Users/tillkorsmeier/Desktop/MA/Z7-Nano/ParEIS-MSX/SW/HW_Export_V1/hw/HW_Export_V1.xsa
TRACE::2026-08-17.20:30:59::SCWPlatform::DSA absoulate path C:/Users/tillkorsmeier/Desktop/MA/Z7-Nano/ParEIS-MSX/SW/HW_Export_V1/hw/HW_Export_V1.xsa
TRACE::2026-08-17.20:30:59::SCWPlatform::DSA directory C:/Users/tillkorsmeier/Desktop/MA/Z7-Nano/ParEIS-MSX/SW/HW_Export_V1/hw
TRACE::2026-08-17.20:30:59::SCWPlatform:: Platform Path C:/Users/tillkorsmeier/Desktop/MA/Z7-Nano/ParEIS-MSX/SW/HW_Export_V1/hw/HW_Export_V1.xsa
TRACE::2026-08-17.20:30:59::SCWPlatform:: Unique name xilinx:::0.0
TRACE::2026-08-17.20:30:59::SCWPlatform::Trying to set the existing hwdb with name design_1_wrapper_2
TRACE::2026-08-17.20:30:59::SCWPlatform::Opened existing hwdb design_1_wrapper_2
TRACE::2026-08-17.20:30:59::SCWPlatform::Found the Hw Db part of the input DSA
TRACE::2026-08-17.20:30:59::SCWMssOS::Checking the sw design at  C:/Users/tillkorsmeier/Desktop/MA/Z7-Nano/ParEIS-MSX/SW/HW_Export_V1/zynq_fsbl/zynq_fsbl_bsp/system.mss
TRACE::2026-08-17.20:30:59::SCWMssOS::DEBUG:  swdes dump  C:/Users/tillkorsmeier/Desktop/MA/Z7-Nano/ParEIS-MSX/SW/HW_Export_V1/zynq_fsbl/zynq_fsbl_bsp/system.mss|system||

TRACE::2026-08-17.20:30:59::SCWMssOS::Sw design exists and opened at  C:/Users/tillkorsmeier/Desktop/MA/Z7-Nano/ParEIS-MSX/SW/HW_Export_V1/zynq_fsbl/zynq_fsbl_bsp/system.mss
TRACE::2026-08-17.20:30:59::SCWBDomain::Completed writing the mss file at C:/Users/tillkorsmeier/Desktop/MA/Z7-Nano/ParEIS-MSX/SW/HW_Export_V1/zynq_fsbl/zynq_fsbl_bsp
TRACE::2026-08-17.20:30:59::SCWBDomain::bsp generated is upto date with the mss file. Skipping bsp generation.
TRACE::2026-08-17.20:30:59::SCWBDomain::Not a forced makefile updation, No changes are present. 
TRACE::2026-08-17.20:30:59::SCWBDomain::System Command Ran  C:&  cd  C:/Users/tillkorsmeier/Desktop/MA/Z7-Nano/ParEIS-MSX/SW/HW_Export_V1/zynq_fsbl& make -C  zynq_fsbl_bsp & make 
TRACE::2026-08-17.20:30:59::SCWBDomain::make: Entering directory 'C:/Users/tillkorsmeier/Desktop/MA/Z7-Nano/ParEIS-MSX/SW/HW_Export_V1/zynq_fsbl/zynq_fsbl_bsp'

TRACE::2026-08-17.20:30:59::SCWBDomain::make --no-print-directory seq_libs

TRACE::2026-08-17.20:30:59::SCWBDomain::"Running Make include in ps7_cortexa9_0/libsrc/AddCycle_Acquisition_v1_0/src"

TRACE::2026-08-17.20:30:59::SCWBDomain::make -C ps7_cortexa9_0/libsrc/AddCycle_Acquisition_v1_0/src -s include  "SHELL=CMD" "COMPILER=arm-none-eabi-gcc" "ASSEMBLER=arm
TRACE::2026-08-17.20:30:59::SCWBDomain::-none-eabi-as" "ARCHIVER=arm-none-eabi-ar" "COMPILER_FLAGS=  -O2 -c" "EXTRA_COMPILER_FLAGS=-mcpu=cortex-a9 -mfpu=vfpv3 -mfloat-
TRACE::2026-08-17.20:30:59::SCWBDomain::abi=hard -nostartfiles -g -Wall -Wextra -fno-tree-loop-distribute-patterns"

TRACE::2026-08-17.20:31:00::SCWBDomain::"Running Make include in ps7_cortexa9_0/libsrc/axidma_v9_19/src"

TRACE::2026-08-17.20:31:00::SCWBDomain::make -C ps7_cortexa9_0/libsrc/axidma_v9_19/src -s include  "SHELL=CMD" "COMPILER=arm-none-eabi-gcc" "ASSEMBLER=arm-none-eabi-as
TRACE::2026-08-17.20:31:00::SCWBDomain::" "ARCHIVER=arm-none-eabi-ar" "COMPILER_FLAGS=  -O2 -c" "EXTRA_COMPILER_FLAGS=-mcpu=cortex-a9 -mfpu=vfpv3 -mfloat-abi=hard -nos
TRACE::2026-08-17.20:31:00::SCWBDomain::tartfiles -g -Wall -Wextra -fno-tree-loop-distribute-patterns"

TRACE::2026-08-17.20:31:00::SCWBDomain::"Running Make include in ps7_cortexa9_0/libsrc/canps_v3_9/src"

TRACE::2026-08-17.20:31:00::SCWBDomain::make -C ps7_cortexa9_0/libsrc/canps_v3_9/src -s include  "SHELL=CMD" "COMPILER=arm-none-eabi-gcc" "ASSEMBLER=arm-none-eabi-as" 
TRACE::2026-08-17.20:31:00::SCWBDomain::"ARCHIVER=arm-none-eabi-ar" "COMPILER_FLAGS=  -O2 -c" "EXTRA_COMPILER_FLAGS=-mcpu=cortex-a9 -mfpu=vfpv3 -mfloat-abi=hard -nosta
TRACE::2026-08-17.20:31:00::SCWBDomain::rtfiles -g -Wall -Wextra -fno-tree-loop-distribute-patterns"

TRACE::2026-08-17.20:31:00::SCWBDomain::"Running Make include in ps7_cortexa9_0/libsrc/coresightps_dcc_v1_11/src"

TRACE::2026-08-17.20:31:00::SCWBDomain::make -C ps7_cortexa9_0/libsrc/coresightps_dcc_v1_11/src -s include  "SHELL=CMD" "COMPILER=arm-none-eabi-gcc" "ASSEMBLER=arm-non
TRACE::2026-08-17.20:31:00::SCWBDomain::e-eabi-as" "ARCHIVER=arm-none-eabi-ar" "COMPILER_FLAGS=  -O2 -c" "EXTRA_COMPILER_FLAGS=-mcpu=cortex-a9 -mfpu=vfpv3 -mfloat-abi=
TRACE::2026-08-17.20:31:00::SCWBDomain::hard -nostartfiles -g -Wall -Wextra -fno-tree-loop-distribute-patterns"

TRACE::2026-08-17.20:31:00::SCWBDomain::"Running Make include in ps7_cortexa9_0/libsrc/cpu_cortexa9_v2_12/src"

TRACE::2026-08-17.20:31:00::SCWBDomain::make -C ps7_cortexa9_0/libsrc/cpu_cortexa9_v2_12/src -s include  "SHELL=CMD" "COMPILER=arm-none-eabi-gcc" "ASSEMBLER=arm-none-e
TRACE::2026-08-17.20:31:00::SCWBDomain::abi-as" "ARCHIVER=arm-none-eabi-ar" "COMPILER_FLAGS=  -O2 -c" "EXTRA_COMPILER_FLAGS=-mcpu=cortex-a9 -mfpu=vfpv3 -mfloat-abi=har
TRACE::2026-08-17.20:31:00::SCWBDomain::d -nostartfiles -g -Wall -Wextra -fno-tree-loop-distribute-patterns"

TRACE::2026-08-17.20:31:00::SCWBDomain::"Running Make include in ps7_cortexa9_0/libsrc/ddrps_v1_2/src"

TRACE::2026-08-17.20:31:00::SCWBDomain::make -C ps7_cortexa9_0/libsrc/ddrps_v1_2/src -s include  "SHELL=CMD" "COMPILER=arm-none-eabi-gcc" "ASSEMBLER=arm-none-eabi-as" 
TRACE::2026-08-17.20:31:00::SCWBDomain::"ARCHIVER=arm-none-eabi-ar" "COMPILER_FLAGS=  -O2 -c" "EXTRA_COMPILER_FLAGS=-mcpu=cortex-a9 -mfpu=vfpv3 -mfloat-abi=hard -nosta
TRACE::2026-08-17.20:31:00::SCWBDomain::rtfiles -g -Wall -Wextra -fno-tree-loop-distribute-patterns"

TRACE::2026-08-17.20:31:01::SCWBDomain::"Running Make include in ps7_cortexa9_0/libsrc/devcfg_v3_8/src"

TRACE::2026-08-17.20:31:01::SCWBDomain::make -C ps7_cortexa9_0/libsrc/devcfg_v3_8/src -s include  "SHELL=CMD" "COMPILER=arm-none-eabi-gcc" "ASSEMBLER=arm-none-eabi-as"
TRACE::2026-08-17.20:31:01::SCWBDomain:: "ARCHIVER=arm-none-eabi-ar" "COMPILER_FLAGS=  -O2 -c" "EXTRA_COMPILER_FLAGS=-mcpu=cortex-a9 -mfpu=vfpv3 -mfloat-abi=hard -nost
TRACE::2026-08-17.20:31:01::SCWBDomain::artfiles -g -Wall -Wextra -fno-tree-loop-distribute-patterns"

TRACE::2026-08-17.20:31:01::SCWBDomain::"Running Make include in ps7_cortexa9_0/libsrc/dmaps_v2_11/src"

TRACE::2026-08-17.20:31:01::SCWBDomain::make -C ps7_cortexa9_0/libsrc/dmaps_v2_11/src -s include  "SHELL=CMD" "COMPILER=arm-none-eabi-gcc" "ASSEMBLER=arm-none-eabi-as"
TRACE::2026-08-17.20:31:01::SCWBDomain:: "ARCHIVER=arm-none-eabi-ar" "COMPILER_FLAGS=  -O2 -c" "EXTRA_COMPILER_FLAGS=-mcpu=cortex-a9 -mfpu=vfpv3 -mfloat-abi=hard -nost
TRACE::2026-08-17.20:31:01::SCWBDomain::artfiles -g -Wall -Wextra -fno-tree-loop-distribute-patterns"

TRACE::2026-08-17.20:31:01::SCWBDomain::"Running Make include in ps7_cortexa9_0/libsrc/emacps_v3_21/src"

TRACE::2026-08-17.20:31:01::SCWBDomain::make -C ps7_cortexa9_0/libsrc/emacps_v3_21/src -s include  "SHELL=CMD" "COMPILER=arm-none-eabi-gcc" "ASSEMBLER=arm-none-eabi-as
TRACE::2026-08-17.20:31:01::SCWBDomain::" "ARCHIVER=arm-none-eabi-ar" "COMPILER_FLAGS=  -O2 -c" "EXTRA_COMPILER_FLAGS=-mcpu=cortex-a9 -mfpu=vfpv3 -mfloat-abi=hard -nos
TRACE::2026-08-17.20:31:01::SCWBDomain::tartfiles -g -Wall -Wextra -fno-tree-loop-distribute-patterns"

TRACE::2026-08-17.20:31:01::SCWBDomain::"Running Make include in ps7_cortexa9_0/libsrc/gpiops_v3_13/src"

TRACE::2026-08-17.20:31:01::SCWBDomain::make -C ps7_cortexa9_0/libsrc/gpiops_v3_13/src -s include  "SHELL=CMD" "COMPILER=arm-none-eabi-gcc" "ASSEMBLER=arm-none-eabi-as
TRACE::2026-08-17.20:31:01::SCWBDomain::" "ARCHIVER=arm-none-eabi-ar" "COMPILER_FLAGS=  -O2 -c" "EXTRA_COMPILER_FLAGS=-mcpu=cortex-a9 -mfpu=vfpv3 -mfloat-abi=hard -nos
TRACE::2026-08-17.20:31:01::SCWBDomain::tartfiles -g -Wall -Wextra -fno-tree-loop-distribute-patterns"

TRACE::2026-08-17.20:31:01::SCWBDomain::"Running Make include in ps7_cortexa9_0/libsrc/qspips_v3_13/src"

TRACE::2026-08-17.20:31:01::SCWBDomain::make -C ps7_cortexa9_0/libsrc/qspips_v3_13/src -s include  "SHELL=CMD" "COMPILER=arm-none-eabi-gcc" "ASSEMBLER=arm-none-eabi-as
TRACE::2026-08-17.20:31:01::SCWBDomain::" "ARCHIVER=arm-none-eabi-ar" "COMPILER_FLAGS=  -O2 -c" "EXTRA_COMPILER_FLAGS=-mcpu=cortex-a9 -mfpu=vfpv3 -mfloat-abi=hard -nos
TRACE::2026-08-17.20:31:01::SCWBDomain::tartfiles -g -Wall -Wextra -fno-tree-loop-distribute-patterns"

TRACE::2026-08-17.20:31:01::SCWBDomain::"Running Make include in ps7_cortexa9_0/libsrc/scugic_v5_4/src"

TRACE::2026-08-17.20:31:01::SCWBDomain::make -C ps7_cortexa9_0/libsrc/scugic_v5_4/src -s include  "SHELL=CMD" "COMPILER=arm-none-eabi-gcc" "ASSEMBLER=arm-none-eabi-as"
TRACE::2026-08-17.20:31:01::SCWBDomain:: "ARCHIVER=arm-none-eabi-ar" "COMPILER_FLAGS=  -O2 -c" "EXTRA_COMPILER_FLAGS=-mcpu=cortex-a9 -mfpu=vfpv3 -mfloat-abi=hard -nost
TRACE::2026-08-17.20:31:01::SCWBDomain::artfiles -g -Wall -Wextra -fno-tree-loop-distribute-patterns"

TRACE::2026-08-17.20:31:02::SCWBDomain::"Running Make include in ps7_cortexa9_0/libsrc/scutimer_v2_6/src"

TRACE::2026-08-17.20:31:02::SCWBDomain::make -C ps7_cortexa9_0/libsrc/scutimer_v2_6/src -s include  "SHELL=CMD" "COMPILER=arm-none-eabi-gcc" "ASSEMBLER=arm-none-eabi-a
TRACE::2026-08-17.20:31:02::SCWBDomain::s" "ARCHIVER=arm-none-eabi-ar" "COMPILER_FLAGS=  -O2 -c" "EXTRA_COMPILER_FLAGS=-mcpu=cortex-a9 -mfpu=vfpv3 -mfloat-abi=hard -no
TRACE::2026-08-17.20:31:02::SCWBDomain::startfiles -g -Wall -Wextra -fno-tree-loop-distribute-patterns"

TRACE::2026-08-17.20:31:02::SCWBDomain::"Running Make include in ps7_cortexa9_0/libsrc/scuwdt_v2_6/src"

TRACE::2026-08-17.20:31:02::SCWBDomain::make -C ps7_cortexa9_0/libsrc/scuwdt_v2_6/src -s include  "SHELL=CMD" "COMPILER=arm-none-eabi-gcc" "ASSEMBLER=arm-none-eabi-as"
TRACE::2026-08-17.20:31:02::SCWBDomain:: "ARCHIVER=arm-none-eabi-ar" "COMPILER_FLAGS=  -O2 -c" "EXTRA_COMPILER_FLAGS=-mcpu=cortex-a9 -mfpu=vfpv3 -mfloat-abi=hard -nost
TRACE::2026-08-17.20:31:02::SCWBDomain::artfiles -g -Wall -Wextra -fno-tree-loop-distribute-patterns"

TRACE::2026-08-17.20:31:02::SCWBDomain::"Running Make include in ps7_cortexa9_0/libsrc/sdps_v4_4/src"

TRACE::2026-08-17.20:31:02::SCWBDomain::make -C ps7_cortexa9_0/libsrc/sdps_v4_4/src -s include  "SHELL=CMD" "COMPILER=arm-none-eabi-gcc" "ASSEMBLER=arm-none-eabi-as" "
TRACE::2026-08-17.20:31:02::SCWBDomain::ARCHIVER=arm-none-eabi-ar" "COMPILER_FLAGS=  -O2 -c" "EXTRA_COMPILER_FLAGS=-mcpu=cortex-a9 -mfpu=vfpv3 -mfloat-abi=hard -nostar
TRACE::2026-08-17.20:31:02::SCWBDomain::tfiles -g -Wall -Wextra -fno-tree-loop-distribute-patterns"

TRACE::2026-08-17.20:31:02::SCWBDomain::"Running Make include in ps7_cortexa9_0/libsrc/standalone_v9_2/src"

TRACE::2026-08-17.20:31:02::SCWBDomain::make -C ps7_cortexa9_0/libsrc/standalone_v9_2/src -s include  "SHELL=CMD" "COMPILER=arm-none-eabi-gcc" "ASSEMBLER=arm-none-eabi
TRACE::2026-08-17.20:31:02::SCWBDomain::-as" "ARCHIVER=arm-none-eabi-ar" "COMPILER_FLAGS=  -O2 -c" "EXTRA_COMPILER_FLAGS=-mcpu=cortex-a9 -mfpu=vfpv3 -mfloat-abi=hard -
TRACE::2026-08-17.20:31:02::SCWBDomain::nostartfiles -g -Wall -Wextra -fno-tree-loop-distribute-patterns"

TRACE::2026-08-17.20:31:04::SCWBDomain::"Running Make include in ps7_cortexa9_0/libsrc/uartps_v3_15/src"

TRACE::2026-08-17.20:31:04::SCWBDomain::make -C ps7_cortexa9_0/libsrc/uartps_v3_15/src -s include  "SHELL=CMD" "COMPILER=arm-none-eabi-gcc" "ASSEMBLER=arm-none-eabi-as
TRACE::2026-08-17.20:31:04::SCWBDomain::" "ARCHIVER=arm-none-eabi-ar" "COMPILER_FLAGS=  -O2 -c" "EXTRA_COMPILER_FLAGS=-mcpu=cortex-a9 -mfpu=vfpv3 -mfloat-abi=hard -nos
TRACE::2026-08-17.20:31:04::SCWBDomain::tartfiles -g -Wall -Wextra -fno-tree-loop-distribute-patterns"

TRACE::2026-08-17.20:31:04::SCWBDomain::"Running Make include in ps7_cortexa9_0/libsrc/usbps_v2_9/src"

TRACE::2026-08-17.20:31:04::SCWBDomain::make -C ps7_cortexa9_0/libsrc/usbps_v2_9/src -s include  "SHELL=CMD" "COMPILER=arm-none-eabi-gcc" "ASSEMBLER=arm-none-eabi-as" 
TRACE::2026-08-17.20:31:04::SCWBDomain::"ARCHIVER=arm-none-eabi-ar" "COMPILER_FLAGS=  -O2 -c" "EXTRA_COMPILER_FLAGS=-mcpu=cortex-a9 -mfpu=vfpv3 -mfloat-abi=hard -nosta
TRACE::2026-08-17.20:31:04::SCWBDomain::rtfiles -g -Wall -Wextra -fno-tree-loop-distribute-patterns"

TRACE::2026-08-17.20:31:05::SCWBDomain::"Running Make include in ps7_cortexa9_0/libsrc/xadcps_v2_7/src"

TRACE::2026-08-17.20:31:05::SCWBDomain::make -C ps7_cortexa9_0/libsrc/xadcps_v2_7/src -s include  "SHELL=CMD" "COMPILER=arm-none-eabi-gcc" "ASSEMBLER=arm-none-eabi-as"
TRACE::2026-08-17.20:31:05::SCWBDomain:: "ARCHIVER=arm-none-eabi-ar" "COMPILER_FLAGS=  -O2 -c" "EXTRA_COMPILER_FLAGS=-mcpu=cortex-a9 -mfpu=vfpv3 -mfloat-abi=hard -nost
TRACE::2026-08-17.20:31:05::SCWBDomain::artfiles -g -Wall -Wextra -fno-tree-loop-distribute-patterns"

TRACE::2026-08-17.20:31:05::SCWBDomain::"Running Make include in ps7_cortexa9_0/libsrc/xilffs_v5_3/src"

TRACE::2026-08-17.20:31:05::SCWBDomain::make -C ps7_cortexa9_0/libsrc/xilffs_v5_3/src -s include  "SHELL=CMD" "COMPILER=arm-none-eabi-gcc" "ASSEMBLER=arm-none-eabi-as"
TRACE::2026-08-17.20:31:05::SCWBDomain:: "ARCHIVER=arm-none-eabi-ar" "COMPILER_FLAGS=  -O2 -c" "EXTRA_COMPILER_FLAGS=-mcpu=cortex-a9 -mfpu=vfpv3 -mfloat-abi=hard -nost
TRACE::2026-08-17.20:31:05::SCWBDomain::artfiles -g -Wall -Wextra -fno-tree-loop-distribute-patterns"

TRACE::2026-08-17.20:31:05::SCWBDomain::"Running Make include in ps7_cortexa9_0/libsrc/xilrsa_v1_8/src"

TRACE::2026-08-17.20:31:05::SCWBDomain::make -C ps7_cortexa9_0/libsrc/xilrsa_v1_8/src -s include  "SHELL=CMD" "COMPILER=arm-none-eabi-gcc" "ASSEMBLER=arm-none-eabi-as"
TRACE::2026-08-17.20:31:05::SCWBDomain:: "ARCHIVER=arm-none-eabi-ar" "COMPILER_FLAGS=  -O2 -c" "EXTRA_COMPILER_FLAGS=-mcpu=cortex-a9 -mfpu=vfpv3 -mfloat-abi=hard -nost
TRACE::2026-08-17.20:31:05::SCWBDomain::artfiles -g -Wall -Wextra -fno-tree-loop-distribute-patterns"

TRACE::2026-08-17.20:31:05::SCWBDomain::"Running Make libs in ps7_cortexa9_0/libsrc/AddCycle_Acquisition_v1_0/src"

TRACE::2026-08-17.20:31:05::SCWBDomain::make -C ps7_cortexa9_0/libsrc/AddCycle_Acquisition_v1_0/src -s libs  "SHELL=CMD" "COMPILER=arm-none-eabi-gcc" "ASSEMBLER=arm-no
TRACE::2026-08-17.20:31:05::SCWBDomain::ne-eabi-as" "ARCHIVER=arm-none-eabi-ar" "COMPILER_FLAGS=  -O2 -c" "EXTRA_COMPILER_FLAGS=-mcpu=cortex-a9 -mfpu=vfpv3 -mfloat-abi
TRACE::2026-08-17.20:31:05::SCWBDomain::=hard -nostartfiles -g -Wall -Wextra -fno-tree-loop-distribute-patterns"

TRACE::2026-08-17.20:31:05::SCWBDomain::"Compiling AddCycle_Acquisition..."

TRACE::2026-08-17.20:31:06::SCWBDomain::"Running Make libs in ps7_cortexa9_0/libsrc/xilrsa_v1_8/src"

TRACE::2026-08-17.20:31:06::SCWBDomain::make -C ps7_cortexa9_0/libsrc/xilrsa_v1_8/src -s libs  "SHELL=CMD" "COMPILER=arm-none-eabi-gcc" "ASSEMBLER=arm-none-eabi-as" "A
TRACE::2026-08-17.20:31:06::SCWBDomain::RCHIVER=arm-none-eabi-ar" "COMPILER_FLAGS=  -O2 -c" "EXTRA_COMPILER_FLAGS=-mcpu=cortex-a9 -mfpu=vfpv3 -mfloat-abi=hard -nostart
TRACE::2026-08-17.20:31:06::SCWBDomain::files -g -Wall -Wextra -fno-tree-loop-distribute-patterns"

TRACE::2026-08-17.20:31:06::SCWBDomain::'Finished building libraries sequentially.'

TRACE::2026-08-17.20:31:06::SCWBDomain::make -j 2 --no-print-directory par_libs

TRACE::2026-08-17.20:31:06::SCWBDomain::"Running Make include in ps7_cortexa9_0/libsrc/AddCycle_Acquisition_v1_0/src"

TRACE::2026-08-17.20:31:06::SCWBDomain::make -C ps7_cortexa9_0/libsrc/AddCycle_Acquisition_v1_0/src -s include  "SHELL=CMD" "COMPILER=arm-none-eabi-gcc" "ASSEMBLER=arm
TRACE::2026-08-17.20:31:06::SCWBDomain::-none-eabi-as" "ARCHIVER=arm-none-eabi-ar" "COMPILER_FLAGS=  -O2 -c" "EXTRA_COMPILER_FLAGS=-mcpu=cortex-a9 -mfpu=vfpv3 -mfloat-
TRACE::2026-08-17.20:31:06::SCWBDomain::abi=hard -nostartfiles -g -Wall -Wextra -fno-tree-loop-distribute-patterns"

TRACE::2026-08-17.20:31:06::SCWBDomain::"Running Make include in ps7_cortexa9_0/libsrc/axidma_v9_19/src"

TRACE::2026-08-17.20:31:06::SCWBDomain::make -C ps7_cortexa9_0/libsrc/axidma_v9_19/src -s include  "SHELL=CMD" "COMPILER=arm-none-eabi-gcc" "ASSEMBLER=arm-none-eabi-as
TRACE::2026-08-17.20:31:06::SCWBDomain::" "ARCHIVER=arm-none-eabi-ar" "COMPILER_FLAGS=  -O2 -c" "EXTRA_COMPILER_FLAGS=-mcpu=cortex-a9 -mfpu=vfpv3 -mfloat-abi=hard -nos
TRACE::2026-08-17.20:31:06::SCWBDomain::tartfiles -g -Wall -Wextra -fno-tree-loop-distribute-patterns"

TRACE::2026-08-17.20:31:06::SCWBDomain::"Running Make include in ps7_cortexa9_0/libsrc/canps_v3_9/src"

TRACE::2026-08-17.20:31:06::SCWBDomain::make -C ps7_cortexa9_0/libsrc/canps_v3_9/src -s include  "SHELL=CMD" "COMPILER=arm-none-eabi-gcc" "ASSEMBLER=arm-none-eabi-as" 
TRACE::2026-08-17.20:31:06::SCWBDomain::"ARCHIVER=arm-none-eabi-ar" "COMPILER_FLAGS=  -O2 -c" "EXTRA_COMPILER_FLAGS=-mcpu=cortex-a9 -mfpu=vfpv3 -mfloat-abi=hard -nosta
TRACE::2026-08-17.20:31:06::SCWBDomain::rtfiles -g -Wall -Wextra -fno-tree-loop-distribute-patterns"

TRACE::2026-08-17.20:31:06::SCWBDomain::"Running Make include in ps7_cortexa9_0/libsrc/coresightps_dcc_v1_11/src"

TRACE::2026-08-17.20:31:06::SCWBDomain::make -C ps7_cortexa9_0/libsrc/coresightps_dcc_v1_11/src -s include  "SHELL=CMD" "COMPILER=arm-none-eabi-gcc" "ASSEMBLER=arm-non
TRACE::2026-08-17.20:31:06::SCWBDomain::e-eabi-as" "ARCHIVER=arm-none-eabi-ar" "COMPILER_FLAGS=  -O2 -c" "EXTRA_COMPILER_FLAGS=-mcpu=cortex-a9 -mfpu=vfpv3 -mfloat-abi=
TRACE::2026-08-17.20:31:06::SCWBDomain::hard -nostartfiles -g -Wall -Wextra -fno-tree-loop-distribute-patterns"

TRACE::2026-08-17.20:31:06::SCWBDomain::"Running Make include in ps7_cortexa9_0/libsrc/cpu_cortexa9_v2_12/src"

TRACE::2026-08-17.20:31:06::SCWBDomain::make -C ps7_cortexa9_0/libsrc/cpu_cortexa9_v2_12/src -s include  "SHELL=CMD" "COMPILER=arm-none-eabi-gcc" "ASSEMBLER=arm-none-e
TRACE::2026-08-17.20:31:06::SCWBDomain::abi-as" "ARCHIVER=arm-none-eabi-ar" "COMPILER_FLAGS=  -O2 -c" "EXTRA_COMPILER_FLAGS=-mcpu=cortex-a9 -mfpu=vfpv3 -mfloat-abi=har
TRACE::2026-08-17.20:31:06::SCWBDomain::d -nostartfiles -g -Wall -Wextra -fno-tree-loop-distribute-patterns"

TRACE::2026-08-17.20:31:06::SCWBDomain::"Running Make include in ps7_cortexa9_0/libsrc/ddrps_v1_2/src"

TRACE::2026-08-17.20:31:06::SCWBDomain::make -C ps7_cortexa9_0/libsrc/ddrps_v1_2/src -s include  "SHELL=CMD" "COMPILER=arm-none-eabi-gcc" "ASSEMBLER=arm-none-eabi-as" 
TRACE::2026-08-17.20:31:06::SCWBDomain::"ARCHIVER=arm-none-eabi-ar" "COMPILER_FLAGS=  -O2 -c" "EXTRA_COMPILER_FLAGS=-mcpu=cortex-a9 -mfpu=vfpv3 -mfloat-abi=hard -nosta
TRACE::2026-08-17.20:31:06::SCWBDomain::rtfiles -g -Wall -Wextra -fno-tree-loop-distribute-patterns"

TRACE::2026-08-17.20:31:06::SCWBDomain::"Running Make include in ps7_cortexa9_0/libsrc/dmaps_v2_11/src"

TRACE::2026-08-17.20:31:07::SCWBDomain::"Running Make include in ps7_cortexa9_0/libsrc/devcfg_v3_8/src"

TRACE::2026-08-17.20:31:07::SCWBDomain::make -C ps7_cortexa9_0/libsrc/devcfg_v3_8/src -s include  "SHELL=CMD" "COMPILER=arm-none-eabi-gcc" "ASSEMBLER=arm-none-eabi-as"
TRACE::2026-08-17.20:31:07::SCWBDomain:: "ARCHIVER=arm-none-eabi-ar" "COMPILER_FLAGS=  -O2 -c" "EXTRA_COMPILER_FLAGS=-mcpu=cortex-a9 -mfpu=vfpv3 -mfloat-abi=hard -nost
TRACE::2026-08-17.20:31:07::SCWBDomain::artfiles -g -Wall -Wextra -fno-tree-loop-distribute-patterns"

TRACE::2026-08-17.20:31:07::SCWBDomain::make -C ps7_cortexa9_0/libsrc/dmaps_v2_11/src -s include  "SHELL=CMD" "COMPILER=arm-none-eabi-gcc" "ASSEMBLER=arm-none-eabi-as"
TRACE::2026-08-17.20:31:07::SCWBDomain:: "ARCHIVER=arm-none-eabi-ar" "COMPILER_FLAGS=  -O2 -c" "EXTRA_COMPILER_FLAGS=-mcpu=cortex-a9 -mfpu=vfpv3 -mfloat-abi=hard -nost
TRACE::2026-08-17.20:31:07::SCWBDomain::artfiles -g -Wall -Wextra -fno-tree-loop-distribute-patterns"

TRACE::2026-08-17.20:31:07::SCWBDomain::"Running Make include in ps7_cortexa9_0/libsrc/emacps_v3_21/src"

TRACE::2026-08-17.20:31:07::SCWBDomain::make -C ps7_cortexa9_0/libsrc/emacps_v3_21/src -s include  "SHELL=CMD" "COMPILER=arm-none-eabi-gcc" "ASSEMBLER=arm-none-eabi-as
TRACE::2026-08-17.20:31:07::SCWBDomain::" "ARCHIVER=arm-none-eabi-ar" "COMPILER_FLAGS=  -O2 -c" "EXTRA_COMPILER_FLAGS=-mcpu=cortex-a9 -mfpu=vfpv3 -mfloat-abi=hard -nos
TRACE::2026-08-17.20:31:07::SCWBDomain::tartfiles -g -Wall -Wextra -fno-tree-loop-distribute-patterns"

TRACE::2026-08-17.20:31:07::SCWBDomain::"Running Make include in ps7_cortexa9_0/libsrc/gpiops_v3_13/src"

TRACE::2026-08-17.20:31:07::SCWBDomain::make -C ps7_cortexa9_0/libsrc/gpiops_v3_13/src -s include  "SHELL=CMD" "COMPILER=arm-none-eabi-gcc" "ASSEMBLER=arm-none-eabi-as
TRACE::2026-08-17.20:31:07::SCWBDomain::" "ARCHIVER=arm-none-eabi-ar" "COMPILER_FLAGS=  -O2 -c" "EXTRA_COMPILER_FLAGS=-mcpu=cortex-a9 -mfpu=vfpv3 -mfloat-abi=hard -nos
TRACE::2026-08-17.20:31:07::SCWBDomain::tartfiles -g -Wall -Wextra -fno-tree-loop-distribute-patterns"

TRACE::2026-08-17.20:31:07::SCWBDomain::"Running Make include in ps7_cortexa9_0/libsrc/qspips_v3_13/src"

TRACE::2026-08-17.20:31:07::SCWBDomain::make -C ps7_cortexa9_0/libsrc/qspips_v3_13/src -s include  "SHELL=CMD" "COMPILER=arm-none-eabi-gcc" "ASSEMBLER=arm-none-eabi-as
TRACE::2026-08-17.20:31:07::SCWBDomain::" "ARCHIVER=arm-none-eabi-ar" "COMPILER_FLAGS=  -O2 -c" "EXTRA_COMPILER_FLAGS=-mcpu=cortex-a9 -mfpu=vfpv3 -mfloat-abi=hard -nos
TRACE::2026-08-17.20:31:07::SCWBDomain::tartfiles -g -Wall -Wextra -fno-tree-loop-distribute-patterns"

TRACE::2026-08-17.20:31:07::SCWBDomain::"Running Make include in ps7_cortexa9_0/libsrc/scugic_v5_4/src"

TRACE::2026-08-17.20:31:07::SCWBDomain::make -C ps7_cortexa9_0/libsrc/scugic_v5_4/src -s include  "SHELL=CMD" "COMPILER=arm-none-eabi-gcc" "ASSEMBLER=arm-none-eabi-as"
TRACE::2026-08-17.20:31:07::SCWBDomain:: "ARCHIVER=arm-none-eabi-ar" "COMPILER_FLAGS=  -O2 -c" "EXTRA_COMPILER_FLAGS=-mcpu=cortex-a9 -mfpu=vfpv3 -mfloat-abi=hard -nost
TRACE::2026-08-17.20:31:07::SCWBDomain::artfiles -g -Wall -Wextra -fno-tree-loop-distribute-patterns"

TRACE::2026-08-17.20:31:07::SCWBDomain::"Running Make include in ps7_cortexa9_0/libsrc/scutimer_v2_6/src"

TRACE::2026-08-17.20:31:07::SCWBDomain::make -C ps7_cortexa9_0/libsrc/scutimer_v2_6/src -s include  "SHELL=CMD" "COMPILER=arm-none-eabi-gcc" "ASSEMBLER=arm-none-eabi-a
TRACE::2026-08-17.20:31:07::SCWBDomain::s" "ARCHIVER=arm-none-eabi-ar" "COMPILER_FLAGS=  -O2 -c" "EXTRA_COMPILER_FLAGS=-mcpu=cortex-a9 -mfpu=vfpv3 -mfloat-abi=hard -no
TRACE::2026-08-17.20:31:07::SCWBDomain::startfiles -g -Wall -Wextra -fno-tree-loop-distribute-patterns"

TRACE::2026-08-17.20:31:07::SCWBDomain::"Running Make include in ps7_cortexa9_0/libsrc/scuwdt_v2_6/src"

TRACE::2026-08-17.20:31:07::SCWBDomain::make -C ps7_cortexa9_0/libsrc/scuwdt_v2_6/src -s include  "SHELL=CMD" "COMPILER=arm-none-eabi-gcc" "ASSEMBLER=arm-none-eabi-as"
TRACE::2026-08-17.20:31:07::SCWBDomain:: "ARCHIVER=arm-none-eabi-ar" "COMPILER_FLAGS=  -O2 -c" "EXTRA_COMPILER_FLAGS=-mcpu=cortex-a9 -mfpu=vfpv3 -mfloat-abi=hard -nost
TRACE::2026-08-17.20:31:07::SCWBDomain::artfiles -g -Wall -Wextra -fno-tree-loop-distribute-patterns"

TRACE::2026-08-17.20:31:07::SCWBDomain::"Running Make include in ps7_cortexa9_0/libsrc/sdps_v4_4/src"

TRACE::2026-08-17.20:31:07::SCWBDomain::make -C ps7_cortexa9_0/libsrc/sdps_v4_4/src -s include  "SHELL=CMD" "COMPILER=arm-none-eabi-gcc" "ASSEMBLER=arm-none-eabi-as" "
TRACE::2026-08-17.20:31:07::SCWBDomain::ARCHIVER=arm-none-eabi-ar" "COMPILER_FLAGS=  -O2 -c" "EXTRA_COMPILER_FLAGS=-mcpu=cortex-a9 -mfpu=vfpv3 -mfloat-abi=hard -nostar
TRACE::2026-08-17.20:31:07::SCWBDomain::tfiles -g -Wall -Wextra -fno-tree-loop-distribute-patterns"

TRACE::2026-08-17.20:31:07::SCWBDomain::"Running Make include in ps7_cortexa9_0/libsrc/standalone_v9_2/src"

TRACE::2026-08-17.20:31:07::SCWBDomain::make -C ps7_cortexa9_0/libsrc/standalone_v9_2/src -s include  "SHELL=CMD" "COMPILER=arm-none-eabi-gcc" "ASSEMBLER=arm-none-eabi
TRACE::2026-08-17.20:31:07::SCWBDomain::-as" "ARCHIVER=arm-none-eabi-ar" "COMPILER_FLAGS=  -O2 -c" "EXTRA_COMPILER_FLAGS=-mcpu=cortex-a9 -mfpu=vfpv3 -mfloat-abi=hard -
TRACE::2026-08-17.20:31:07::SCWBDomain::nostartfiles -g -Wall -Wextra -fno-tree-loop-distribute-patterns"

TRACE::2026-08-17.20:31:07::SCWBDomain::"Running Make include in ps7_cortexa9_0/libsrc/uartps_v3_15/src"

TRACE::2026-08-17.20:31:07::SCWBDomain::make -C ps7_cortexa9_0/libsrc/uartps_v3_15/src -s include  "SHELL=CMD" "COMPILER=arm-none-eabi-gcc" "ASSEMBLER=arm-none-eabi-as
TRACE::2026-08-17.20:31:07::SCWBDomain::" "ARCHIVER=arm-none-eabi-ar" "COMPILER_FLAGS=  -O2 -c" "EXTRA_COMPILER_FLAGS=-mcpu=cortex-a9 -mfpu=vfpv3 -mfloat-abi=hard -nos
TRACE::2026-08-17.20:31:07::SCWBDomain::tartfiles -g -Wall -Wextra -fno-tree-loop-distribute-patterns"

TRACE::2026-08-17.20:31:07::SCWBDomain::"Running Make include in ps7_cortexa9_0/libsrc/usbps_v2_9/src"

TRACE::2026-08-17.20:31:07::SCWBDomain::make -C ps7_cortexa9_0/libsrc/usbps_v2_9/src -s include  "SHELL=CMD" "COMPILER=arm-none-eabi-gcc" "ASSEMBLER=arm-none-eabi-as" 
TRACE::2026-08-17.20:31:07::SCWBDomain::"ARCHIVER=arm-none-eabi-ar" "COMPILER_FLAGS=  -O2 -c" "EXTRA_COMPILER_FLAGS=-mcpu=cortex-a9 -mfpu=vfpv3 -mfloat-abi=hard -nosta
TRACE::2026-08-17.20:31:07::SCWBDomain::rtfiles -g -Wall -Wextra -fno-tree-loop-distribute-patterns"

TRACE::2026-08-17.20:31:07::SCWBDomain::"Running Make include in ps7_cortexa9_0/libsrc/xadcps_v2_7/src"

TRACE::2026-08-17.20:31:07::SCWBDomain::make -C ps7_cortexa9_0/libsrc/xadcps_v2_7/src -s include  "SHELL=CMD" "COMPILER=arm-none-eabi-gcc" "ASSEMBLER=arm-none-eabi-as"
TRACE::2026-08-17.20:31:07::SCWBDomain:: "ARCHIVER=arm-none-eabi-ar" "COMPILER_FLAGS=  -O2 -c" "EXTRA_COMPILER_FLAGS=-mcpu=cortex-a9 -mfpu=vfpv3 -mfloat-abi=hard -nost
TRACE::2026-08-17.20:31:07::SCWBDomain::artfiles -g -Wall -Wextra -fno-tree-loop-distribute-patterns"

TRACE::2026-08-17.20:31:07::SCWBDomain::"Running Make include in ps7_cortexa9_0/libsrc/xilffs_v5_3/src"

TRACE::2026-08-17.20:31:07::SCWBDomain::make -C ps7_cortexa9_0/libsrc/xilffs_v5_3/src -s include  "SHELL=CMD" "COMPILER=arm-none-eabi-gcc" "ASSEMBLER=arm-none-eabi-as"
TRACE::2026-08-17.20:31:07::SCWBDomain:: "ARCHIVER=arm-none-eabi-ar" "COMPILER_FLAGS=  -O2 -c" "EXTRA_COMPILER_FLAGS=-mcpu=cortex-a9 -mfpu=vfpv3 -mfloat-abi=hard -nost
TRACE::2026-08-17.20:31:07::SCWBDomain::artfiles -g -Wall -Wextra -fno-tree-loop-distribute-patterns"

TRACE::2026-08-17.20:31:07::SCWBDomain::"Running Make include in ps7_cortexa9_0/libsrc/xilrsa_v1_8/src"

TRACE::2026-08-17.20:31:07::SCWBDomain::make -C ps7_cortexa9_0/libsrc/xilrsa_v1_8/src -s include  "SHELL=CMD" "COMPILER=arm-none-eabi-gcc" "ASSEMBLER=arm-none-eabi-as"
TRACE::2026-08-17.20:31:07::SCWBDomain:: "ARCHIVER=arm-none-eabi-ar" "COMPILER_FLAGS=  -O2 -c" "EXTRA_COMPILER_FLAGS=-mcpu=cortex-a9 -mfpu=vfpv3 -mfloat-abi=hard -nost
TRACE::2026-08-17.20:31:07::SCWBDomain::artfiles -g -Wall -Wextra -fno-tree-loop-distribute-patterns"

TRACE::2026-08-17.20:31:07::SCWBDomain::"Running Make libs in ps7_cortexa9_0/libsrc/axidma_v9_19/src"

TRACE::2026-08-17.20:31:07::SCWBDomain::make -C ps7_cortexa9_0/libsrc/axidma_v9_19/src -s libs  "SHELL=CMD" "COMPILER=arm-none-eabi-gcc" "ASSEMBLER=arm-none-eabi-as" "
TRACE::2026-08-17.20:31:07::SCWBDomain::ARCHIVER=arm-none-eabi-ar" "COMPILER_FLAGS=  -O2 -c" "EXTRA_COMPILER_FLAGS=-mcpu=cortex-a9 -mfpu=vfpv3 -mfloat-abi=hard -nostar
TRACE::2026-08-17.20:31:07::SCWBDomain::tfiles -g -Wall -Wextra -fno-tree-loop-distribute-patterns"

TRACE::2026-08-17.20:31:07::SCWBDomain::"Running Make libs in ps7_cortexa9_0/libsrc/canps_v3_9/src"

TRACE::2026-08-17.20:31:08::SCWBDomain::make -C ps7_cortexa9_0/libsrc/canps_v3_9/src -s libs  "SHELL=CMD" "COMPILER=arm-none-eabi-gcc" "ASSEMBLER=arm-none-eabi-as" "AR
TRACE::2026-08-17.20:31:08::SCWBDomain::CHIVER=arm-none-eabi-ar" "COMPILER_FLAGS=  -O2 -c" "EXTRA_COMPILER_FLAGS=-mcpu=cortex-a9 -mfpu=vfpv3 -mfloat-abi=hard -nostartf
TRACE::2026-08-17.20:31:08::SCWBDomain::iles -g -Wall -Wextra -fno-tree-loop-distribute-patterns"

TRACE::2026-08-17.20:31:09::SCWBDomain::"Running Make libs in ps7_cortexa9_0/libsrc/coresightps_dcc_v1_11/src"

TRACE::2026-08-17.20:31:09::SCWBDomain::make -C ps7_cortexa9_0/libsrc/coresightps_dcc_v1_11/src -s libs  "SHELL=CMD" "COMPILER=arm-none-eabi-gcc" "ASSEMBLER=arm-none-e
TRACE::2026-08-17.20:31:09::SCWBDomain::abi-as" "ARCHIVER=arm-none-eabi-ar" "COMPILER_FLAGS=  -O2 -c" "EXTRA_COMPILER_FLAGS=-mcpu=cortex-a9 -mfpu=vfpv3 -mfloat-abi=har
TRACE::2026-08-17.20:31:09::SCWBDomain::d -nostartfiles -g -Wall -Wextra -fno-tree-loop-distribute-patterns"

TRACE::2026-08-17.20:31:09::SCWBDomain::"Running Make libs in ps7_cortexa9_0/libsrc/cpu_cortexa9_v2_12/src"

TRACE::2026-08-17.20:31:09::SCWBDomain::make -C ps7_cortexa9_0/libsrc/cpu_cortexa9_v2_12/src -s libs  "SHELL=CMD" "COMPILER=arm-none-eabi-gcc" "ASSEMBLER=arm-none-eabi
TRACE::2026-08-17.20:31:09::SCWBDomain::-as" "ARCHIVER=arm-none-eabi-ar" "COMPILER_FLAGS=  -O2 -c" "EXTRA_COMPILER_FLAGS=-mcpu=cortex-a9 -mfpu=vfpv3 -mfloat-abi=hard -
TRACE::2026-08-17.20:31:09::SCWBDomain::nostartfiles -g -Wall -Wextra -fno-tree-loop-distribute-patterns"

TRACE::2026-08-17.20:31:09::SCWBDomain::"Running Make libs in ps7_cortexa9_0/libsrc/ddrps_v1_2/src"

TRACE::2026-08-17.20:31:09::SCWBDomain::make -C ps7_cortexa9_0/libsrc/ddrps_v1_2/src -s libs  "SHELL=CMD" "COMPILER=arm-none-eabi-gcc" "ASSEMBLER=arm-none-eabi-as" "AR
TRACE::2026-08-17.20:31:09::SCWBDomain::CHIVER=arm-none-eabi-ar" "COMPILER_FLAGS=  -O2 -c" "EXTRA_COMPILER_FLAGS=-mcpu=cortex-a9 -mfpu=vfpv3 -mfloat-abi=hard -nostartf
TRACE::2026-08-17.20:31:09::SCWBDomain::iles -g -Wall -Wextra -fno-tree-loop-distribute-patterns"

TRACE::2026-08-17.20:31:09::SCWBDomain::"Running Make libs in ps7_cortexa9_0/libsrc/devcfg_v3_8/src"

TRACE::2026-08-17.20:31:09::SCWBDomain::make -C ps7_cortexa9_0/libsrc/devcfg_v3_8/src -s libs  "SHELL=CMD" "COMPILER=arm-none-eabi-gcc" "ASSEMBLER=arm-none-eabi-as" "A
TRACE::2026-08-17.20:31:09::SCWBDomain::RCHIVER=arm-none-eabi-ar" "COMPILER_FLAGS=  -O2 -c" "EXTRA_COMPILER_FLAGS=-mcpu=cortex-a9 -mfpu=vfpv3 -mfloat-abi=hard -nostart
TRACE::2026-08-17.20:31:09::SCWBDomain::files -g -Wall -Wextra -fno-tree-loop-distribute-patterns"

TRACE::2026-08-17.20:31:09::SCWBDomain::"Running Make libs in ps7_cortexa9_0/libsrc/dmaps_v2_11/src"

TRACE::2026-08-17.20:31:09::SCWBDomain::make -C ps7_cortexa9_0/libsrc/dmaps_v2_11/src -s libs  "SHELL=CMD" "COMPILER=arm-none-eabi-gcc" "ASSEMBLER=arm-none-eabi-as" "A
TRACE::2026-08-17.20:31:09::SCWBDomain::RCHIVER=arm-none-eabi-ar" "COMPILER_FLAGS=  -O2 -c" "EXTRA_COMPILER_FLAGS=-mcpu=cortex-a9 -mfpu=vfpv3 -mfloat-abi=hard -nostart
TRACE::2026-08-17.20:31:09::SCWBDomain::files -g -Wall -Wextra -fno-tree-loop-distribute-patterns"

TRACE::2026-08-17.20:31:11::SCWBDomain::"Running Make libs in ps7_cortexa9_0/libsrc/emacps_v3_21/src"

TRACE::2026-08-17.20:31:11::SCWBDomain::make -C ps7_cortexa9_0/libsrc/emacps_v3_21/src -s libs  "SHELL=CMD" "COMPILER=arm-none-eabi-gcc" "ASSEMBLER=arm-none-eabi-as" "
TRACE::2026-08-17.20:31:11::SCWBDomain::ARCHIVER=arm-none-eabi-ar" "COMPILER_FLAGS=  -O2 -c" "EXTRA_COMPILER_FLAGS=-mcpu=cortex-a9 -mfpu=vfpv3 -mfloat-abi=hard -nostar
TRACE::2026-08-17.20:31:11::SCWBDomain::tfiles -g -Wall -Wextra -fno-tree-loop-distribute-patterns"

TRACE::2026-08-17.20:31:11::SCWBDomain::"Running Make libs in ps7_cortexa9_0/libsrc/gpiops_v3_13/src"

TRACE::2026-08-17.20:31:11::SCWBDomain::make -C ps7_cortexa9_0/libsrc/gpiops_v3_13/src -s libs  "SHELL=CMD" "COMPILER=arm-none-eabi-gcc" "ASSEMBLER=arm-none-eabi-as" "
TRACE::2026-08-17.20:31:11::SCWBDomain::ARCHIVER=arm-none-eabi-ar" "COMPILER_FLAGS=  -O2 -c" "EXTRA_COMPILER_FLAGS=-mcpu=cortex-a9 -mfpu=vfpv3 -mfloat-abi=hard -nostar
TRACE::2026-08-17.20:31:11::SCWBDomain::tfiles -g -Wall -Wextra -fno-tree-loop-distribute-patterns"

TRACE::2026-08-17.20:31:13::SCWBDomain::"Running Make libs in ps7_cortexa9_0/libsrc/qspips_v3_13/src"

TRACE::2026-08-17.20:31:13::SCWBDomain::make -C ps7_cortexa9_0/libsrc/qspips_v3_13/src -s libs  "SHELL=CMD" "COMPILER=arm-none-eabi-gcc" "ASSEMBLER=arm-none-eabi-as" "
TRACE::2026-08-17.20:31:13::SCWBDomain::ARCHIVER=arm-none-eabi-ar" "COMPILER_FLAGS=  -O2 -c" "EXTRA_COMPILER_FLAGS=-mcpu=cortex-a9 -mfpu=vfpv3 -mfloat-abi=hard -nostar
TRACE::2026-08-17.20:31:13::SCWBDomain::tfiles -g -Wall -Wextra -fno-tree-loop-distribute-patterns"

TRACE::2026-08-17.20:31:13::SCWBDomain::"Running Make libs in ps7_cortexa9_0/libsrc/scugic_v5_4/src"

TRACE::2026-08-17.20:31:13::SCWBDomain::make -C ps7_cortexa9_0/libsrc/scugic_v5_4/src -s libs  "SHELL=CMD" "COMPILER=arm-none-eabi-gcc" "ASSEMBLER=arm-none-eabi-as" "A
TRACE::2026-08-17.20:31:13::SCWBDomain::RCHIVER=arm-none-eabi-ar" "COMPILER_FLAGS=  -O2 -c" "EXTRA_COMPILER_FLAGS=-mcpu=cortex-a9 -mfpu=vfpv3 -mfloat-abi=hard -nostart
TRACE::2026-08-17.20:31:13::SCWBDomain::files -g -Wall -Wextra -fno-tree-loop-distribute-patterns"

TRACE::2026-08-17.20:31:15::SCWBDomain::"Running Make libs in ps7_cortexa9_0/libsrc/scutimer_v2_6/src"

TRACE::2026-08-17.20:31:15::SCWBDomain::make -C ps7_cortexa9_0/libsrc/scutimer_v2_6/src -s libs  "SHELL=CMD" "COMPILER=arm-none-eabi-gcc" "ASSEMBLER=arm-none-eabi-as" 
TRACE::2026-08-17.20:31:15::SCWBDomain::"ARCHIVER=arm-none-eabi-ar" "COMPILER_FLAGS=  -O2 -c" "EXTRA_COMPILER_FLAGS=-mcpu=cortex-a9 -mfpu=vfpv3 -mfloat-abi=hard -nosta
TRACE::2026-08-17.20:31:15::SCWBDomain::rtfiles -g -Wall -Wextra -fno-tree-loop-distribute-patterns"

TRACE::2026-08-17.20:31:15::SCWBDomain::"Running Make libs in ps7_cortexa9_0/libsrc/scuwdt_v2_6/src"

TRACE::2026-08-17.20:31:15::SCWBDomain::make -C ps7_cortexa9_0/libsrc/scuwdt_v2_6/src -s libs  "SHELL=CMD" "COMPILER=arm-none-eabi-gcc" "ASSEMBLER=arm-none-eabi-as" "A
TRACE::2026-08-17.20:31:15::SCWBDomain::RCHIVER=arm-none-eabi-ar" "COMPILER_FLAGS=  -O2 -c" "EXTRA_COMPILER_FLAGS=-mcpu=cortex-a9 -mfpu=vfpv3 -mfloat-abi=hard -nostart
TRACE::2026-08-17.20:31:15::SCWBDomain::files -g -Wall -Wextra -fno-tree-loop-distribute-patterns"

TRACE::2026-08-17.20:31:16::SCWBDomain::"Running Make libs in ps7_cortexa9_0/libsrc/sdps_v4_4/src"

TRACE::2026-08-17.20:31:16::SCWBDomain::make -C ps7_cortexa9_0/libsrc/sdps_v4_4/src -s libs  "SHELL=CMD" "COMPILER=arm-none-eabi-gcc" "ASSEMBLER=arm-none-eabi-as" "ARC
TRACE::2026-08-17.20:31:16::SCWBDomain::HIVER=arm-none-eabi-ar" "COMPILER_FLAGS=  -O2 -c" "EXTRA_COMPILER_FLAGS=-mcpu=cortex-a9 -mfpu=vfpv3 -mfloat-abi=hard -nostartfi
TRACE::2026-08-17.20:31:16::SCWBDomain::les -g -Wall -Wextra -fno-tree-loop-distribute-patterns"

TRACE::2026-08-17.20:31:16::SCWBDomain::"Running Make libs in ps7_cortexa9_0/libsrc/standalone_v9_2/src"

TRACE::2026-08-17.20:31:16::SCWBDomain::make -C ps7_cortexa9_0/libsrc/standalone_v9_2/src -s libs  "SHELL=CMD" "COMPILER=arm-none-eabi-gcc" "ASSEMBLER=arm-none-eabi-as
TRACE::2026-08-17.20:31:16::SCWBDomain::" "ARCHIVER=arm-none-eabi-ar" "COMPILER_FLAGS=  -O2 -c" "EXTRA_COMPILER_FLAGS=-mcpu=cortex-a9 -mfpu=vfpv3 -mfloat-abi=hard -nos
TRACE::2026-08-17.20:31:16::SCWBDomain::tartfiles -g -Wall -Wextra -fno-tree-loop-distribute-patterns"

TRACE::2026-08-17.20:31:19::SCWBDomain::"Running Make libs in ps7_cortexa9_0/libsrc/uartps_v3_15/src"

TRACE::2026-08-17.20:31:19::SCWBDomain::make -C ps7_cortexa9_0/libsrc/uartps_v3_15/src -s libs  "SHELL=CMD" "COMPILER=arm-none-eabi-gcc" "ASSEMBLER=arm-none-eabi-as" "
TRACE::2026-08-17.20:31:19::SCWBDomain::ARCHIVER=arm-none-eabi-ar" "COMPILER_FLAGS=  -O2 -c" "EXTRA_COMPILER_FLAGS=-mcpu=cortex-a9 -mfpu=vfpv3 -mfloat-abi=hard -nostar
TRACE::2026-08-17.20:31:19::SCWBDomain::tfiles -g -Wall -Wextra -fno-tree-loop-distribute-patterns"

TRACE::2026-08-17.20:31:21::SCWBDomain::"Running Make libs in ps7_cortexa9_0/libsrc/usbps_v2_9/src"

TRACE::2026-08-17.20:31:21::SCWBDomain::make -C ps7_cortexa9_0/libsrc/usbps_v2_9/src -s libs  "SHELL=CMD" "COMPILER=arm-none-eabi-gcc" "ASSEMBLER=arm-none-eabi-as" "AR
TRACE::2026-08-17.20:31:21::SCWBDomain::CHIVER=arm-none-eabi-ar" "COMPILER_FLAGS=  -O2 -c" "EXTRA_COMPILER_FLAGS=-mcpu=cortex-a9 -mfpu=vfpv3 -mfloat-abi=hard -nostartf
TRACE::2026-08-17.20:31:21::SCWBDomain::iles -g -Wall -Wextra -fno-tree-loop-distribute-patterns"

TRACE::2026-08-17.20:31:23::SCWBDomain::"Running Make libs in ps7_cortexa9_0/libsrc/xadcps_v2_7/src"

TRACE::2026-08-17.20:31:23::SCWBDomain::make -C ps7_cortexa9_0/libsrc/xadcps_v2_7/src -s libs  "SHELL=CMD" "COMPILER=arm-none-eabi-gcc" "ASSEMBLER=arm-none-eabi-as" "A
TRACE::2026-08-17.20:31:23::SCWBDomain::RCHIVER=arm-none-eabi-ar" "COMPILER_FLAGS=  -O2 -c" "EXTRA_COMPILER_FLAGS=-mcpu=cortex-a9 -mfpu=vfpv3 -mfloat-abi=hard -nostart
TRACE::2026-08-17.20:31:23::SCWBDomain::files -g -Wall -Wextra -fno-tree-loop-distribute-patterns"

TRACE::2026-08-17.20:31:25::SCWBDomain::"Running Make libs in ps7_cortexa9_0/libsrc/xilffs_v5_3/src"

TRACE::2026-08-17.20:31:25::SCWBDomain::make -C ps7_cortexa9_0/libsrc/xilffs_v5_3/src -s libs  "SHELL=CMD" "COMPILER=arm-none-eabi-gcc" "ASSEMBLER=arm-none-eabi-as" "A
TRACE::2026-08-17.20:31:25::SCWBDomain::RCHIVER=arm-none-eabi-ar" "COMPILER_FLAGS=  -O2 -c" "EXTRA_COMPILER_FLAGS=-mcpu=cortex-a9 -mfpu=vfpv3 -mfloat-abi=hard -nostart
TRACE::2026-08-17.20:31:25::SCWBDomain::files -g -Wall -Wextra -fno-tree-loop-distribute-patterns"

TRACE::2026-08-17.20:31:28::SCWBDomain::'Finished building libraries parallelly.'

TRACE::2026-08-17.20:31:28::SCWBDomain::make --no-print-directory archive

TRACE::2026-08-17.20:31:28::SCWBDomain::arm-none-eabi-ar -r  ps7_cortexa9_0/lib/libxil.a ps7_cortexa9_0/lib/_exit.o ps7_cortexa9_0/lib/_open.o ps7_cortexa9_0/lib/_sbrk
TRACE::2026-08-17.20:31:28::SCWBDomain::.o ps7_cortexa9_0/lib/abort.o ps7_cortexa9_0/lib/asm_vectors.o ps7_cortexa9_0/lib/boot.o ps7_cortexa9_0/lib/close.o ps7_cortexa
TRACE::2026-08-17.20:31:28::SCWBDomain::9_0/lib/cpputest_time.o ps7_cortexa9_0/lib/cpu_init.o ps7_cortexa9_0/lib/errno.o ps7_cortexa9_0/lib/fcntl.o ps7_cortexa9_0/lib/
TRACE::2026-08-17.20:31:28::SCWBDomain::fstat.o ps7_cortexa9_0/lib/getentropy.o ps7_cortexa9_0/lib/getpid.o ps7_cortexa9_0/lib/gettimeofday.o ps7_cortexa9_0/lib/inbyte
TRACE::2026-08-17.20:31:28::SCWBDomain::.o ps7_cortexa9_0/lib/isatty.o ps7_cortexa9_0/lib/kill.o ps7_cortexa9_0/lib/lseek.o ps7_cortexa9_0/lib/open.o ps7_cortexa9_0/li
TRACE::2026-08-17.20:31:28::SCWBDomain::b/outbyte.o ps7_cortexa9_0/lib/print.o ps7_cortexa9_0/lib/putnum.o ps7_cortexa9_0/lib/read.o ps7_cortexa9_0/lib/sbrk.o ps7_cort
TRACE::2026-08-17.20:31:28::SCWBDomain::exa9_0/lib/sleep.o ps7_cortexa9_0/lib/time.o ps7_cortexa9_0/lib/translation_table.o ps7_cortexa9_0/lib/unlink.o ps7_cortexa9_0/
TRACE::2026-08-17.20:31:28::SCWBDomain::lib/usleep.o ps7_cortexa9_0/lib/vectors.o ps7_cortexa9_0/lib/write.o ps7_cortexa9_0/lib/xadcps.o ps7_cortexa9_0/lib/xadcps_g.o 
TRACE::2026-08-17.20:31:28::SCWBDomain::ps7_cortexa9_0/lib/xadcps_intr.o ps7_cortexa9_0/lib/xadcps_selftest.o ps7_cortexa9_0/lib/xadcps_sinit.o ps7_cortexa9_0/lib/xaxi
TRACE::2026-08-17.20:31:28::SCWBDomain::dma.o ps7_cortexa9_0/lib/xaxidma_bd.o ps7_cortexa9_0/lib/xaxidma_bdring.o ps7_cortexa9_0/lib/xaxidma_g.o ps7_cortexa9_0/lib/xax
TRACE::2026-08-17.20:31:28::SCWBDomain::idma_selftest.o ps7_cortexa9_0/lib/xaxidma_sinit.o ps7_cortexa9_0/lib/xcanps.o ps7_cortexa9_0/lib/xcanps_g.o ps7_cortexa9_0/lib
TRACE::2026-08-17.20:31:28::SCWBDomain::/xcanps_hw.o ps7_cortexa9_0/lib/xcanps_intr.o ps7_cortexa9_0/lib/xcanps_selftest.o ps7_cortexa9_0/lib/xcanps_sinit.o ps7_cortex
TRACE::2026-08-17.20:31:28::SCWBDomain::a9_0/lib/xcoresightpsdcc.o ps7_cortexa9_0/lib/xdevcfg.o ps7_cortexa9_0/lib/xdevcfg_g.o ps7_cortexa9_0/lib/xdevcfg_hw.o ps7_cort
TRACE::2026-08-17.20:31:28::SCWBDomain::exa9_0/lib/xdevcfg_intr.o ps7_cortexa9_0/lib/xdevcfg_selftest.o ps7_cortexa9_0/lib/xdevcfg_sinit.o ps7_cortexa9_0/lib/xdmaps.o 
TRACE::2026-08-17.20:31:28::SCWBDomain::ps7_cortexa9_0/lib/xdmaps_g.o ps7_cortexa9_0/lib/xdmaps_hw.o ps7_cortexa9_0/lib/xdmaps_selftest.o ps7_cortexa9_0/lib/xdmaps_sin
TRACE::2026-08-17.20:31:28::SCWBDomain::it.o ps7_cortexa9_0/lib/xemacps.o ps7_cortexa9_0/lib/xemacps_bdring.o ps7_cortexa9_0/lib/xemacps_control.o ps7_cortexa9_0/lib/x
TRACE::2026-08-17.20:31:28::SCWBDomain::emacps_g.o ps7_cortexa9_0/lib/xemacps_hw.o ps7_cortexa9_0/lib/xemacps_intr.o ps7_cortexa9_0/lib/xemacps_sinit.o ps7_cortexa9_0/
TRACE::2026-08-17.20:31:28::SCWBDomain::lib/xgpiops.o ps7_cortexa9_0/lib/xgpiops_g.o ps7_cortexa9_0/lib/xgpiops_hw.o ps7_cortexa9_0/lib/xgpiops_intr.o ps7_cortexa9_0/l
TRACE::2026-08-17.20:31:28::SCWBDomain::ib/xgpiops_selftest.o ps7_cortexa9_0/lib/xgpiops_sinit.o ps7_cortexa9_0/lib/xil-crt0.o ps7_cortexa9_0/lib/xil_assert.o ps7_cort
TRACE::2026-08-17.20:31:28::SCWBDomain::exa9_0/lib/xil_cache.o ps7_cortexa9_0/lib/xil_clocking.o ps7_cortexa9_0/lib/xil_exception.o ps7_cortexa9_0/lib/xil_mem.o ps7_co
TRACE::2026-08-17.20:31:28::SCWBDomain::rtexa9_0/lib/xil_misc_psreset_api.o ps7_cortexa9_0/lib/xil_mmu.o ps7_cortexa9_0/lib/xil_printf.o ps7_cortexa9_0/lib/xil_sleepco
TRACE::2026-08-17.20:31:28::SCWBDomain::mmon.o ps7_cortexa9_0/lib/xil_sleeptimer.o ps7_cortexa9_0/lib/xil_spinlock.o ps7_cortexa9_0/lib/xil_sutil.o ps7_cortexa9_0/lib/
TRACE::2026-08-17.20:31:28::SCWBDomain::xil_testcache.o ps7_cortexa9_0/lib/xil_testio.o ps7_cortexa9_0/lib/xil_testmem.o ps7_cortexa9_0/lib/xil_util.o ps7_cortexa9_0/l
TRACE::2026-08-17.20:31:28::SCWBDomain::ib/xinterrupt_wrap.o ps7_cortexa9_0/lib/xl2cc_counter.o ps7_cortexa9_0/lib/xplatform_info.o ps7_cortexa9_0/lib/xpm_counter.o ps
TRACE::2026-08-17.20:31:28::SCWBDomain::7_cortexa9_0/lib/xpm_init.o ps7_cortexa9_0/lib/xqspips.o ps7_cortexa9_0/lib/xqspips_g.o ps7_cortexa9_0/lib/xqspips_hw.o ps7_cor
TRACE::2026-08-17.20:31:28::SCWBDomain::texa9_0/lib/xqspips_options.o ps7_cortexa9_0/lib/xqspips_selftest.o ps7_cortexa9_0/lib/xqspips_sinit.o ps7_cortexa9_0/lib/xscug
TRACE::2026-08-17.20:31:28::SCWBDomain::ic.o ps7_cortexa9_0/lib/xscugic_g.o ps7_cortexa9_0/lib/xscugic_hw.o ps7_cortexa9_0/lib/xscugic_intr.o ps7_cortexa9_0/lib/xscugi
TRACE::2026-08-17.20:31:28::SCWBDomain::c_selftest.o ps7_cortexa9_0/lib/xscugic_sinit.o ps7_cortexa9_0/lib/xscutimer.o ps7_cortexa9_0/lib/xscutimer_g.o ps7_cortexa9_0/
TRACE::2026-08-17.20:31:28::SCWBDomain::lib/xscutimer_selftest.o ps7_cortexa9_0/lib/xscutimer_sinit.o ps7_cortexa9_0/lib/xscuwdt.o ps7_cortexa9_0/lib/xscuwdt_g.o ps7_c
TRACE::2026-08-17.20:31:28::SCWBDomain::ortexa9_0/lib/xscuwdt_selftest.o ps7_cortexa9_0/lib/xscuwdt_sinit.o ps7_cortexa9_0/lib/xsdps.o ps7_cortexa9_0/lib/xsdps_card.o 
TRACE::2026-08-17.20:31:28::SCWBDomain::ps7_cortexa9_0/lib/xsdps_g.o ps7_cortexa9_0/lib/xsdps_host.o ps7_cortexa9_0/lib/xsdps_options.o ps7_cortexa9_0/lib/xsdps_sinit.
TRACE::2026-08-17.20:31:28::SCWBDomain::o ps7_cortexa9_0/lib/xtime_l.o ps7_cortexa9_0/lib/xuartps.o ps7_cortexa9_0/lib/xuartps_g.o ps7_cortexa9_0/lib/xuartps_hw.o ps7_
TRACE::2026-08-17.20:31:28::SCWBDomain::cortexa9_0/lib/xuartps_intr.o ps7_cortexa9_0/lib/xuartps_options.o ps7_cortexa9_0/lib/xuartps_selftest.o ps7_cortexa9_0/lib/xua
TRACE::2026-08-17.20:31:28::SCWBDomain::rtps_sinit.o ps7_cortexa9_0/lib/xusbps.o ps7_cortexa9_0/lib/xusbps_endpoint.o ps7_cortexa9_0/lib/xusbps_g.o ps7_cortexa9_0/lib/
TRACE::2026-08-17.20:31:28::SCWBDomain::xusbps_hw.o ps7_cortexa9_0/lib/xusbps_intr.o ps7_cortexa9_0/lib/xusbps_sinit.o

TRACE::2026-08-17.20:31:28::SCWBDomain::'Finished building libraries'

TRACE::2026-08-17.20:31:28::SCWBDomain::make: Leaving directory 'C:/Users/tillkorsmeier/Desktop/MA/Z7-Nano/ParEIS-MSX/SW/HW_Export_V1/zynq_fsbl/zynq_fsbl_bsp'

TRACE::2026-08-17.20:31:28::SCWBDomain::arm-none-eabi-gcc  -O2 -c -MMD -MP       -mcpu=cortex-a9 -mfpu=vfpv3 -mfloat-abi=hard  -c sd.c -o sd.o -Izynq_fsbl_bsp/ps7_cort
TRACE::2026-08-17.20:31:28::SCWBDomain::exa9_0/include -I.

TRACE::2026-08-17.20:31:28::SCWBDomain::arm-none-eabi-gcc  -O2 -c -MMD -MP       -mcpu=cortex-a9 -mfpu=vfpv3 -mfloat-abi=hard  -c nand.c -o nand.o -Izynq_fsbl_bsp/ps7_
TRACE::2026-08-17.20:31:28::SCWBDomain::cortexa9_0/include -I.

TRACE::2026-08-17.20:31:28::SCWBDomain::arm-none-eabi-gcc  -O2 -c -MMD -MP       -mcpu=cortex-a9 -mfpu=vfpv3 -mfloat-abi=hard  -c nor.c -o nor.o -Izynq_fsbl_bsp/ps7_co
TRACE::2026-08-17.20:31:28::SCWBDomain::rtexa9_0/include -I.

TRACE::2026-08-17.20:31:29::SCWBDomain::arm-none-eabi-gcc  -O2 -c -MMD -MP       -mcpu=cortex-a9 -mfpu=vfpv3 -mfloat-abi=hard  -c image_mover.c -o image_mover.o -Izynq
TRACE::2026-08-17.20:31:29::SCWBDomain::_fsbl_bsp/ps7_cortexa9_0/include -I.

TRACE::2026-08-17.20:31:29::SCWBDomain::arm-none-eabi-gcc  -O2 -c -MMD -MP       -mcpu=cortex-a9 -mfpu=vfpv3 -mfloat-abi=hard  -c md5.c -o md5.o -Izynq_fsbl_bsp/ps7_co
TRACE::2026-08-17.20:31:29::SCWBDomain::rtexa9_0/include -I.

TRACE::2026-08-17.20:31:29::SCWBDomain::arm-none-eabi-gcc  -O2 -c -MMD -MP       -mcpu=cortex-a9 -mfpu=vfpv3 -mfloat-abi=hard  -c fsbl_hooks.c -o fsbl_hooks.o -Izynq_f
TRACE::2026-08-17.20:31:29::SCWBDomain::sbl_bsp/ps7_cortexa9_0/include -I.

TRACE::2026-08-17.20:31:30::SCWBDomain::arm-none-eabi-gcc  -O2 -c -MMD -MP       -mcpu=cortex-a9 -mfpu=vfpv3 -mfloat-abi=hard  -c main.c -o main.o -Izynq_fsbl_bsp/ps7_
TRACE::2026-08-17.20:31:30::SCWBDomain::cortexa9_0/include -I.

TRACE::2026-08-17.20:31:30::SCWBDomain::arm-none-eabi-gcc  -O2 -c -MMD -MP       -mcpu=cortex-a9 -mfpu=vfpv3 -mfloat-abi=hard  -c rsa.c -o rsa.o -Izynq_fsbl_bsp/ps7_co
TRACE::2026-08-17.20:31:30::SCWBDomain::rtexa9_0/include -I.

TRACE::2026-08-17.20:31:30::SCWBDomain::arm-none-eabi-gcc  -O2 -c -MMD -MP       -mcpu=cortex-a9 -mfpu=vfpv3 -mfloat-abi=hard  -c qspi.c -o qspi.o -Izynq_fsbl_bsp/ps7_
TRACE::2026-08-17.20:31:30::SCWBDomain::cortexa9_0/include -I.

TRACE::2026-08-17.20:31:30::SCWBDomain::arm-none-eabi-gcc  -O2 -c -MMD -MP       -mcpu=cortex-a9 -mfpu=vfpv3 -mfloat-abi=hard  -c ps7_init.c -o ps7_init.o -Izynq_fsbl_
TRACE::2026-08-17.20:31:30::SCWBDomain::bsp/ps7_cortexa9_0/include -I.

TRACE::2026-08-17.20:31:31::SCWBDomain::arm-none-eabi-gcc  -O2 -c -MMD -MP       -mcpu=cortex-a9 -mfpu=vfpv3 -mfloat-abi=hard  -c pcap.c -o pcap.o -Izynq_fsbl_bsp/ps7_
TRACE::2026-08-17.20:31:31::SCWBDomain::cortexa9_0/include -I.

TRACE::2026-08-17.20:31:31::SCWBDomain::arm-none-eabi-gcc  -O2 -c -MMD -MP       -mcpu=cortex-a9 -mfpu=vfpv3 -mfloat-abi=hard  -c fsbl_handoff.S -o fsbl_handoff.o -Izy
TRACE::2026-08-17.20:31:31::SCWBDomain::nq_fsbl_bsp/ps7_cortexa9_0/include -I.

TRACE::2026-08-17.20:31:31::SCWBDomain::arm-none-eabi-gcc -o fsbl.elf fsbl_handoff.o fsbl_hooks.o image_mover.o main.o md5.o nand.o nor.o pcap.o ps7_init.o qspi.o rsa.
TRACE::2026-08-17.20:31:31::SCWBDomain::o sd.o -MMD -MP       -mcpu=cortex-a9 -mfpu=vfpv3 -mfloat-abi=hard   -mcpu=cortex-a9 -mfpu=vfpv3 -mfloat-abi=hard -Wl,-build-id
TRACE::2026-08-17.20:31:31::SCWBDomain::=none -specs=Xilinx.spec  -lrsa -Wl,--start-group,-lxil,-lgcc,-lc,--end-group -Wl,--start-group,-lxilffs,-lxil,-lgcc,-lc,--end-
TRACE::2026-08-17.20:31:31::SCWBDomain::group -Wl,--start-group,-lrsa,-lxil,-lgcc,-lc,--end-group                                      -Wl,--gc-sections -Lzynq_fsbl_bs
TRACE::2026-08-17.20:31:31::SCWBDomain::p/ps7_cortexa9_0/lib -L./ -Tlscript.ld

LOG::2026-08-17.20:31:32::SCWSystem::Checking the domain standalone_ps7_cortexa9_0
LOG::2026-08-17.20:31:32::SCWSystem::Not a boot domain 
LOG::2026-08-17.20:31:32::SCWSystem::Started Processing the domain standalone_ps7_cortexa9_0
TRACE::2026-08-17.20:31:32::SCWDomain::Generating domain artifcats
TRACE::2026-08-17.20:31:32::SCWMssOS::Generating standalone artifcats
TRACE::2026-08-17.20:31:32::SCWMssOS::Copying the qemu file from  C:/Users/tillkorsmeier/Desktop/MA/Z7-Nano/ParEIS-MSX/SW/HW_Export_V1/resources/HW_Export_V1/standalone_ps7_cortexa9_0/qemu_args.txt To C:/Users/tillkorsmeier/Desktop/MA/Z7-Nano/ParEIS-MSX/SW/HW_Export_V1/export/HW_Export_V1/sw/HW_Export_V1/qemu/
TRACE::2026-08-17.20:31:32::SCWMssOS::Copying the qemu file from  C:/Users/tillkorsmeier/Desktop/MA/Z7-Nano/ParEIS-MSX/SW/HW_Export_V1/resources/HW_Export_V1/standalone_ps7_cortexa9_0/qemu_args.txt To C:/Users/tillkorsmeier/Desktop/MA/Z7-Nano/ParEIS-MSX/SW/HW_Export_V1/export/HW_Export_V1/sw/HW_Export_V1/standalone_ps7_cortexa9_0/qemu/
TRACE::2026-08-17.20:31:32::SCWMssOS:: Copying the user libraries. 
TRACE::2026-08-17.20:31:32::SCWPlatform::Trying to open the hw design at C:/Users/tillkorsmeier/Desktop/MA/Z7-Nano/ParEIS-MSX/SW/HW_Export_V1/hw/HW_Export_V1.xsa
TRACE::2026-08-17.20:31:32::SCWPlatform::DSA given C:/Users/tillkorsmeier/Desktop/MA/Z7-Nano/ParEIS-MSX/SW/HW_Export_V1/hw/HW_Export_V1.xsa
TRACE::2026-08-17.20:31:32::SCWPlatform::DSA absoulate path C:/Users/tillkorsmeier/Desktop/MA/Z7-Nano/ParEIS-MSX/SW/HW_Export_V1/hw/HW_Export_V1.xsa
TRACE::2026-08-17.20:31:32::SCWPlatform::DSA directory C:/Users/tillkorsmeier/Desktop/MA/Z7-Nano/ParEIS-MSX/SW/HW_Export_V1/hw
TRACE::2026-08-17.20:31:32::SCWPlatform:: Platform Path C:/Users/tillkorsmeier/Desktop/MA/Z7-Nano/ParEIS-MSX/SW/HW_Export_V1/hw/HW_Export_V1.xsa
TRACE::2026-08-17.20:31:32::SCWPlatform:: Unique name xilinx:::0.0
TRACE::2026-08-17.20:31:32::SCWPlatform::Trying to set the existing hwdb with name design_1_wrapper_2
TRACE::2026-08-17.20:31:32::SCWPlatform::Opened existing hwdb design_1_wrapper_2
TRACE::2026-08-17.20:31:32::SCWPlatform::Found the Hw Db part of the input DSA
TRACE::2026-08-17.20:31:32::SCWMssOS::Checking the sw design at  C:/Users/tillkorsmeier/Desktop/MA/Z7-Nano/ParEIS-MSX/SW/HW_Export_V1/ps7_cortexa9_0/standalone_ps7_cortexa9_0/bsp/system.mss
TRACE::2026-08-17.20:31:32::SCWMssOS::DEBUG:  swdes dump  C:/Users/tillkorsmeier/Desktop/MA/Z7-Nano/ParEIS-MSX/SW/HW_Export_V1/zynq_fsbl/zynq_fsbl_bsp/system.mss|system||

TRACE::2026-08-17.20:31:32::SCWMssOS::No sw design opened at  C:/Users/tillkorsmeier/Desktop/MA/Z7-Nano/ParEIS-MSX/SW/HW_Export_V1/ps7_cortexa9_0/standalone_ps7_cortexa9_0/bsp/system.mss
TRACE::2026-08-17.20:31:32::SCWMssOS::mss exists loading the mss file  C:/Users/tillkorsmeier/Desktop/MA/Z7-Nano/ParEIS-MSX/SW/HW_Export_V1/ps7_cortexa9_0/standalone_ps7_cortexa9_0/bsp/system.mss
TRACE::2026-08-17.20:31:32::SCWMssOS::Opened the sw design from mss  C:/Users/tillkorsmeier/Desktop/MA/Z7-Nano/ParEIS-MSX/SW/HW_Export_V1/ps7_cortexa9_0/standalone_ps7_cortexa9_0/bsp/system.mss
TRACE::2026-08-17.20:31:32::SCWMssOS::Adding the swdes entry C:/Users/tillkorsmeier/Desktop/MA/Z7-Nano/ParEIS-MSX/SW/HW_Export_V1/ps7_cortexa9_0/standalone_ps7_cortexa9_0/bsp/system.mss with des name system_0
TRACE::2026-08-17.20:31:32::SCWMssOS::updating the scw layer about changes
TRACE::2026-08-17.20:31:32::SCWMssOS::Opened the sw design.  C:/Users/tillkorsmeier/Desktop/MA/Z7-Nano/ParEIS-MSX/SW/HW_Export_V1/ps7_cortexa9_0/standalone_ps7_cortexa9_0/bsp/system.mss
TRACE::2026-08-17.20:31:32::SCWMssOS::Completed writing the mss file at C:/Users/tillkorsmeier/Desktop/MA/Z7-Nano/ParEIS-MSX/SW/HW_Export_V1/ps7_cortexa9_0/standalone_ps7_cortexa9_0/bsp
TRACE::2026-08-17.20:31:32::SCWMssOS::Mss edits present, copying mssfile into export location C:/Users/tillkorsmeier/Desktop/MA/Z7-Nano/ParEIS-MSX/SW/HW_Export_V1/ps7_cortexa9_0/standalone_ps7_cortexa9_0/bsp/system.mss
TRACE::2026-08-17.20:31:32::SCWMssOS::bsp generated is upto date with the mss file. Skipping bsp generation.
TRACE::2026-08-17.20:31:32::SCWMssOS::BSP is already built. skipping the bsp build ... 
TRACE::2026-08-17.20:31:32::SCWDomain::Building the domain as part of full build :  standalone_ps7_cortexa9_0
TRACE::2026-08-17.20:31:32::SCWMssOS::doing bsp build ... 
TRACE::2026-08-17.20:31:32::SCWMssOS::System Command Ran  C: & cd  C:/Users/tillkorsmeier/Desktop/MA/Z7-Nano/ParEIS-MSX/SW/HW_Export_V1/ps7_cortexa9_0/standalone_ps7_cortexa9_0/bsp & make 
TRACE::2026-08-17.20:31:32::SCWMssOS::make --no-print-directory seq_libs

TRACE::2026-08-17.20:31:32::SCWMssOS::"Running Make include in ps7_cortexa9_0/libsrc/AddCycle_Acquisition_v1_0/src"

TRACE::2026-08-17.20:31:32::SCWMssOS::make -C ps7_cortexa9_0/libsrc/AddCycle_Acquisition_v1_0/src -s include  "SHELL=CMD" "COMPILER=arm-none-eabi-gcc" "ASSEMBLER=arm
TRACE::2026-08-17.20:31:32::SCWMssOS::-none-eabi-as" "ARCHIVER=arm-none-eabi-ar" "COMPILER_FLAGS=  -O2 -c" "EXTRA_COMPILER_FLAGS=-mcpu=cortex-a9 -mfpu=vfpv3 -mfloat-
TRACE::2026-08-17.20:31:32::SCWMssOS::abi=hard -nostartfiles -g -Wall -Wextra -fno-tree-loop-distribute-patterns"

TRACE::2026-08-17.20:31:32::SCWMssOS::"Running Make include in ps7_cortexa9_0/libsrc/axidma_v9_19/src"

TRACE::2026-08-17.20:31:32::SCWMssOS::make -C ps7_cortexa9_0/libsrc/axidma_v9_19/src -s include  "SHELL=CMD" "COMPILER=arm-none-eabi-gcc" "ASSEMBLER=arm-none-eabi-as
TRACE::2026-08-17.20:31:32::SCWMssOS::" "ARCHIVER=arm-none-eabi-ar" "COMPILER_FLAGS=  -O2 -c" "EXTRA_COMPILER_FLAGS=-mcpu=cortex-a9 -mfpu=vfpv3 -mfloat-abi=hard -nos
TRACE::2026-08-17.20:31:32::SCWMssOS::tartfiles -g -Wall -Wextra -fno-tree-loop-distribute-patterns"

TRACE::2026-08-17.20:31:33::SCWMssOS::"Running Make include in ps7_cortexa9_0/libsrc/canps_v3_9/src"

TRACE::2026-08-17.20:31:33::SCWMssOS::make -C ps7_cortexa9_0/libsrc/canps_v3_9/src -s include  "SHELL=CMD" "COMPILER=arm-none-eabi-gcc" "ASSEMBLER=arm-none-eabi-as" 
TRACE::2026-08-17.20:31:33::SCWMssOS::"ARCHIVER=arm-none-eabi-ar" "COMPILER_FLAGS=  -O2 -c" "EXTRA_COMPILER_FLAGS=-mcpu=cortex-a9 -mfpu=vfpv3 -mfloat-abi=hard -nosta
TRACE::2026-08-17.20:31:33::SCWMssOS::rtfiles -g -Wall -Wextra -fno-tree-loop-distribute-patterns"

TRACE::2026-08-17.20:31:33::SCWMssOS::"Running Make include in ps7_cortexa9_0/libsrc/coresightps_dcc_v1_11/src"

TRACE::2026-08-17.20:31:33::SCWMssOS::make -C ps7_cortexa9_0/libsrc/coresightps_dcc_v1_11/src -s include  "SHELL=CMD" "COMPILER=arm-none-eabi-gcc" "ASSEMBLER=arm-non
TRACE::2026-08-17.20:31:33::SCWMssOS::e-eabi-as" "ARCHIVER=arm-none-eabi-ar" "COMPILER_FLAGS=  -O2 -c" "EXTRA_COMPILER_FLAGS=-mcpu=cortex-a9 -mfpu=vfpv3 -mfloat-abi=
TRACE::2026-08-17.20:31:33::SCWMssOS::hard -nostartfiles -g -Wall -Wextra -fno-tree-loop-distribute-patterns"

TRACE::2026-08-17.20:31:33::SCWMssOS::"Running Make include in ps7_cortexa9_0/libsrc/cpu_cortexa9_v2_12/src"

TRACE::2026-08-17.20:31:33::SCWMssOS::make -C ps7_cortexa9_0/libsrc/cpu_cortexa9_v2_12/src -s include  "SHELL=CMD" "COMPILER=arm-none-eabi-gcc" "ASSEMBLER=arm-none-e
TRACE::2026-08-17.20:31:33::SCWMssOS::abi-as" "ARCHIVER=arm-none-eabi-ar" "COMPILER_FLAGS=  -O2 -c" "EXTRA_COMPILER_FLAGS=-mcpu=cortex-a9 -mfpu=vfpv3 -mfloat-abi=har
TRACE::2026-08-17.20:31:33::SCWMssOS::d -nostartfiles -g -Wall -Wextra -fno-tree-loop-distribute-patterns"

TRACE::2026-08-17.20:31:33::SCWMssOS::"Running Make include in ps7_cortexa9_0/libsrc/ddrps_v1_2/src"

TRACE::2026-08-17.20:31:33::SCWMssOS::make -C ps7_cortexa9_0/libsrc/ddrps_v1_2/src -s include  "SHELL=CMD" "COMPILER=arm-none-eabi-gcc" "ASSEMBLER=arm-none-eabi-as" 
TRACE::2026-08-17.20:31:33::SCWMssOS::"ARCHIVER=arm-none-eabi-ar" "COMPILER_FLAGS=  -O2 -c" "EXTRA_COMPILER_FLAGS=-mcpu=cortex-a9 -mfpu=vfpv3 -mfloat-abi=hard -nosta
TRACE::2026-08-17.20:31:33::SCWMssOS::rtfiles -g -Wall -Wextra -fno-tree-loop-distribute-patterns"

TRACE::2026-08-17.20:31:33::SCWMssOS::"Running Make include in ps7_cortexa9_0/libsrc/devcfg_v3_8/src"

TRACE::2026-08-17.20:31:33::SCWMssOS::make -C ps7_cortexa9_0/libsrc/devcfg_v3_8/src -s include  "SHELL=CMD" "COMPILER=arm-none-eabi-gcc" "ASSEMBLER=arm-none-eabi-as"
TRACE::2026-08-17.20:31:33::SCWMssOS:: "ARCHIVER=arm-none-eabi-ar" "COMPILER_FLAGS=  -O2 -c" "EXTRA_COMPILER_FLAGS=-mcpu=cortex-a9 -mfpu=vfpv3 -mfloat-abi=hard -nost
TRACE::2026-08-17.20:31:33::SCWMssOS::artfiles -g -Wall -Wextra -fno-tree-loop-distribute-patterns"

TRACE::2026-08-17.20:31:34::SCWMssOS::"Running Make include in ps7_cortexa9_0/libsrc/dmaps_v2_11/src"

TRACE::2026-08-17.20:31:34::SCWMssOS::make -C ps7_cortexa9_0/libsrc/dmaps_v2_11/src -s include  "SHELL=CMD" "COMPILER=arm-none-eabi-gcc" "ASSEMBLER=arm-none-eabi-as"
TRACE::2026-08-17.20:31:34::SCWMssOS:: "ARCHIVER=arm-none-eabi-ar" "COMPILER_FLAGS=  -O2 -c" "EXTRA_COMPILER_FLAGS=-mcpu=cortex-a9 -mfpu=vfpv3 -mfloat-abi=hard -nost
TRACE::2026-08-17.20:31:34::SCWMssOS::artfiles -g -Wall -Wextra -fno-tree-loop-distribute-patterns"

TRACE::2026-08-17.20:31:34::SCWMssOS::"Running Make include in ps7_cortexa9_0/libsrc/emacps_v3_21/src"

TRACE::2026-08-17.20:31:34::SCWMssOS::make -C ps7_cortexa9_0/libsrc/emacps_v3_21/src -s include  "SHELL=CMD" "COMPILER=arm-none-eabi-gcc" "ASSEMBLER=arm-none-eabi-as
TRACE::2026-08-17.20:31:34::SCWMssOS::" "ARCHIVER=arm-none-eabi-ar" "COMPILER_FLAGS=  -O2 -c" "EXTRA_COMPILER_FLAGS=-mcpu=cortex-a9 -mfpu=vfpv3 -mfloat-abi=hard -nos
TRACE::2026-08-17.20:31:34::SCWMssOS::tartfiles -g -Wall -Wextra -fno-tree-loop-distribute-patterns"

TRACE::2026-08-17.20:31:34::SCWMssOS::"Running Make include in ps7_cortexa9_0/libsrc/gpiops_v3_13/src"

TRACE::2026-08-17.20:31:34::SCWMssOS::make -C ps7_cortexa9_0/libsrc/gpiops_v3_13/src -s include  "SHELL=CMD" "COMPILER=arm-none-eabi-gcc" "ASSEMBLER=arm-none-eabi-as
TRACE::2026-08-17.20:31:34::SCWMssOS::" "ARCHIVER=arm-none-eabi-ar" "COMPILER_FLAGS=  -O2 -c" "EXTRA_COMPILER_FLAGS=-mcpu=cortex-a9 -mfpu=vfpv3 -mfloat-abi=hard -nos
TRACE::2026-08-17.20:31:34::SCWMssOS::tartfiles -g -Wall -Wextra -fno-tree-loop-distribute-patterns"

TRACE::2026-08-17.20:31:34::SCWMssOS::"Running Make include in ps7_cortexa9_0/libsrc/lwip220_v1_1/src"

TRACE::2026-08-17.20:31:34::SCWMssOS::make -C ps7_cortexa9_0/libsrc/lwip220_v1_1/src -s include  "SHELL=CMD" "COMPILER=arm-none-eabi-gcc" "ASSEMBLER=arm-none-eabi-as
TRACE::2026-08-17.20:31:34::SCWMssOS::" "ARCHIVER=arm-none-eabi-ar" "COMPILER_FLAGS=  -O2 -c" "EXTRA_COMPILER_FLAGS=-mcpu=cortex-a9 -mfpu=vfpv3 -mfloat-abi=hard -nos
TRACE::2026-08-17.20:31:34::SCWMssOS::tartfiles -g -Wall -Wextra -fno-tree-loop-distribute-patterns"

TRACE::2026-08-17.20:31:35::SCWMssOS::"Running Make include in ps7_cortexa9_0/libsrc/qspips_v3_13/src"

TRACE::2026-08-17.20:31:35::SCWMssOS::make -C ps7_cortexa9_0/libsrc/qspips_v3_13/src -s include  "SHELL=CMD" "COMPILER=arm-none-eabi-gcc" "ASSEMBLER=arm-none-eabi-as
TRACE::2026-08-17.20:31:35::SCWMssOS::" "ARCHIVER=arm-none-eabi-ar" "COMPILER_FLAGS=  -O2 -c" "EXTRA_COMPILER_FLAGS=-mcpu=cortex-a9 -mfpu=vfpv3 -mfloat-abi=hard -nos
TRACE::2026-08-17.20:31:35::SCWMssOS::tartfiles -g -Wall -Wextra -fno-tree-loop-distribute-patterns"

TRACE::2026-08-17.20:31:35::SCWMssOS::"Running Make include in ps7_cortexa9_0/libsrc/scugic_v5_4/src"

TRACE::2026-08-17.20:31:35::SCWMssOS::make -C ps7_cortexa9_0/libsrc/scugic_v5_4/src -s include  "SHELL=CMD" "COMPILER=arm-none-eabi-gcc" "ASSEMBLER=arm-none-eabi-as"
TRACE::2026-08-17.20:31:35::SCWMssOS:: "ARCHIVER=arm-none-eabi-ar" "COMPILER_FLAGS=  -O2 -c" "EXTRA_COMPILER_FLAGS=-mcpu=cortex-a9 -mfpu=vfpv3 -mfloat-abi=hard -nost
TRACE::2026-08-17.20:31:35::SCWMssOS::artfiles -g -Wall -Wextra -fno-tree-loop-distribute-patterns"

TRACE::2026-08-17.20:31:36::SCWMssOS::"Running Make include in ps7_cortexa9_0/libsrc/scutimer_v2_6/src"

TRACE::2026-08-17.20:31:36::SCWMssOS::make -C ps7_cortexa9_0/libsrc/scutimer_v2_6/src -s include  "SHELL=CMD" "COMPILER=arm-none-eabi-gcc" "ASSEMBLER=arm-none-eabi-a
TRACE::2026-08-17.20:31:36::SCWMssOS::s" "ARCHIVER=arm-none-eabi-ar" "COMPILER_FLAGS=  -O2 -c" "EXTRA_COMPILER_FLAGS=-mcpu=cortex-a9 -mfpu=vfpv3 -mfloat-abi=hard -no
TRACE::2026-08-17.20:31:36::SCWMssOS::startfiles -g -Wall -Wextra -fno-tree-loop-distribute-patterns"

TRACE::2026-08-17.20:31:36::SCWMssOS::"Running Make include in ps7_cortexa9_0/libsrc/scuwdt_v2_6/src"

TRACE::2026-08-17.20:31:36::SCWMssOS::make -C ps7_cortexa9_0/libsrc/scuwdt_v2_6/src -s include  "SHELL=CMD" "COMPILER=arm-none-eabi-gcc" "ASSEMBLER=arm-none-eabi-as"
TRACE::2026-08-17.20:31:36::SCWMssOS:: "ARCHIVER=arm-none-eabi-ar" "COMPILER_FLAGS=  -O2 -c" "EXTRA_COMPILER_FLAGS=-mcpu=cortex-a9 -mfpu=vfpv3 -mfloat-abi=hard -nost
TRACE::2026-08-17.20:31:36::SCWMssOS::artfiles -g -Wall -Wextra -fno-tree-loop-distribute-patterns"

TRACE::2026-08-17.20:31:36::SCWMssOS::"Running Make include in ps7_cortexa9_0/libsrc/sdps_v4_4/src"

TRACE::2026-08-17.20:31:36::SCWMssOS::make -C ps7_cortexa9_0/libsrc/sdps_v4_4/src -s include  "SHELL=CMD" "COMPILER=arm-none-eabi-gcc" "ASSEMBLER=arm-none-eabi-as" "
TRACE::2026-08-17.20:31:36::SCWMssOS::ARCHIVER=arm-none-eabi-ar" "COMPILER_FLAGS=  -O2 -c" "EXTRA_COMPILER_FLAGS=-mcpu=cortex-a9 -mfpu=vfpv3 -mfloat-abi=hard -nostar
TRACE::2026-08-17.20:31:36::SCWMssOS::tfiles -g -Wall -Wextra -fno-tree-loop-distribute-patterns"

TRACE::2026-08-17.20:31:36::SCWMssOS::"Running Make include in ps7_cortexa9_0/libsrc/standalone_v9_2/src"

TRACE::2026-08-17.20:31:36::SCWMssOS::make -C ps7_cortexa9_0/libsrc/standalone_v9_2/src -s include  "SHELL=CMD" "COMPILER=arm-none-eabi-gcc" "ASSEMBLER=arm-none-eabi
TRACE::2026-08-17.20:31:36::SCWMssOS::-as" "ARCHIVER=arm-none-eabi-ar" "COMPILER_FLAGS=  -O2 -c" "EXTRA_COMPILER_FLAGS=-mcpu=cortex-a9 -mfpu=vfpv3 -mfloat-abi=hard -
TRACE::2026-08-17.20:31:36::SCWMssOS::nostartfiles -g -Wall -Wextra -fno-tree-loop-distribute-patterns"

TRACE::2026-08-17.20:31:38::SCWMssOS::"Running Make include in ps7_cortexa9_0/libsrc/uartps_v3_15/src"

TRACE::2026-08-17.20:31:38::SCWMssOS::make -C ps7_cortexa9_0/libsrc/uartps_v3_15/src -s include  "SHELL=CMD" "COMPILER=arm-none-eabi-gcc" "ASSEMBLER=arm-none-eabi-as
TRACE::2026-08-17.20:31:38::SCWMssOS::" "ARCHIVER=arm-none-eabi-ar" "COMPILER_FLAGS=  -O2 -c" "EXTRA_COMPILER_FLAGS=-mcpu=cortex-a9 -mfpu=vfpv3 -mfloat-abi=hard -nos
TRACE::2026-08-17.20:31:38::SCWMssOS::tartfiles -g -Wall -Wextra -fno-tree-loop-distribute-patterns"

TRACE::2026-08-17.20:31:39::SCWMssOS::"Running Make include in ps7_cortexa9_0/libsrc/usbps_v2_9/src"

TRACE::2026-08-17.20:31:39::SCWMssOS::make -C ps7_cortexa9_0/libsrc/usbps_v2_9/src -s include  "SHELL=CMD" "COMPILER=arm-none-eabi-gcc" "ASSEMBLER=arm-none-eabi-as" 
TRACE::2026-08-17.20:31:39::SCWMssOS::"ARCHIVER=arm-none-eabi-ar" "COMPILER_FLAGS=  -O2 -c" "EXTRA_COMPILER_FLAGS=-mcpu=cortex-a9 -mfpu=vfpv3 -mfloat-abi=hard -nosta
TRACE::2026-08-17.20:31:39::SCWMssOS::rtfiles -g -Wall -Wextra -fno-tree-loop-distribute-patterns"

TRACE::2026-08-17.20:31:39::SCWMssOS::"Running Make include in ps7_cortexa9_0/libsrc/xadcps_v2_7/src"

TRACE::2026-08-17.20:31:39::SCWMssOS::make -C ps7_cortexa9_0/libsrc/xadcps_v2_7/src -s include  "SHELL=CMD" "COMPILER=arm-none-eabi-gcc" "ASSEMBLER=arm-none-eabi-as"
TRACE::2026-08-17.20:31:39::SCWMssOS:: "ARCHIVER=arm-none-eabi-ar" "COMPILER_FLAGS=  -O2 -c" "EXTRA_COMPILER_FLAGS=-mcpu=cortex-a9 -mfpu=vfpv3 -mfloat-abi=hard -nost
TRACE::2026-08-17.20:31:39::SCWMssOS::artfiles -g -Wall -Wextra -fno-tree-loop-distribute-patterns"

TRACE::2026-08-17.20:31:39::SCWMssOS::"Running Make include in ps7_cortexa9_0/libsrc/xiltimer_v2_1/src"

TRACE::2026-08-17.20:31:39::SCWMssOS::make -C ps7_cortexa9_0/libsrc/xiltimer_v2_1/src -s include  "SHELL=CMD" "COMPILER=arm-none-eabi-gcc" "ASSEMBLER=arm-none-eabi-a
TRACE::2026-08-17.20:31:39::SCWMssOS::s" "ARCHIVER=arm-none-eabi-ar" "COMPILER_FLAGS=  -O2 -c" "EXTRA_COMPILER_FLAGS=-mcpu=cortex-a9 -mfpu=vfpv3 -mfloat-abi=hard -no
TRACE::2026-08-17.20:31:39::SCWMssOS::startfiles -g -Wall -Wextra -fno-tree-loop-distribute-patterns"

TRACE::2026-08-17.20:31:39::SCWMssOS::"Running Make libs in ps7_cortexa9_0/libsrc/AddCycle_Acquisition_v1_0/src"

TRACE::2026-08-17.20:31:39::SCWMssOS::make -C ps7_cortexa9_0/libsrc/AddCycle_Acquisition_v1_0/src -s libs  "SHELL=CMD" "COMPILER=arm-none-eabi-gcc" "ASSEMBLER=arm-no
TRACE::2026-08-17.20:31:39::SCWMssOS::ne-eabi-as" "ARCHIVER=arm-none-eabi-ar" "COMPILER_FLAGS=  -O2 -c" "EXTRA_COMPILER_FLAGS=-mcpu=cortex-a9 -mfpu=vfpv3 -mfloat-abi
TRACE::2026-08-17.20:31:39::SCWMssOS::=hard -nostartfiles -g -Wall -Wextra -fno-tree-loop-distribute-patterns"

TRACE::2026-08-17.20:31:39::SCWMssOS::"Compiling AddCycle_Acquisition..."

TRACE::2026-08-17.20:31:40::SCWMssOS::"Running Make libs in ps7_cortexa9_0/libsrc/lwip220_v1_1/src"

TRACE::2026-08-17.20:31:40::SCWMssOS::make -C ps7_cortexa9_0/libsrc/lwip220_v1_1/src -s libs  "SHELL=CMD" "COMPILER=arm-none-eabi-gcc" "ASSEMBLER=arm-none-eabi-as" "
TRACE::2026-08-17.20:31:40::SCWMssOS::ARCHIVER=arm-none-eabi-ar" "COMPILER_FLAGS=  -O2 -c" "EXTRA_COMPILER_FLAGS=-mcpu=cortex-a9 -mfpu=vfpv3 -mfloat-abi=hard -nostar
TRACE::2026-08-17.20:31:40::SCWMssOS::tfiles -g -Wall -Wextra -fno-tree-loop-distribute-patterns"

TRACE::2026-08-17.20:31:40::SCWMssOS::"Compiling lwip src and adapter files"

TRACE::2026-08-17.20:31:53::SCWMssOS::'Finished building libraries sequentially.'

TRACE::2026-08-17.20:31:53::SCWMssOS::make -j 2 --no-print-directory par_libs

TRACE::2026-08-17.20:31:53::SCWMssOS::"Running Make include in ps7_cortexa9_0/libsrc/AddCycle_Acquisition_v1_0/src"

TRACE::2026-08-17.20:31:53::SCWMssOS::make -C ps7_cortexa9_0/libsrc/AddCycle_Acquisition_v1_0/src -s include  "SHELL=CMD" "COMPILER=arm-none-eabi-gcc" "ASSEMBLER=arm
TRACE::2026-08-17.20:31:53::SCWMssOS::-none-eabi-as" "ARCHIVER=arm-none-eabi-ar" "COMPILER_FLAGS=  -O2 -c" "EXTRA_COMPILER_FLAGS=-mcpu=cortex-a9 -mfpu=vfpv3 -mfloat-
TRACE::2026-08-17.20:31:53::SCWMssOS::abi=hard -nostartfiles -g -Wall -Wextra -fno-tree-loop-distribute-patterns"

TRACE::2026-08-17.20:31:53::SCWMssOS::"Running Make include in ps7_cortexa9_0/libsrc/axidma_v9_19/src"

TRACE::2026-08-17.20:31:53::SCWMssOS::make -C ps7_cortexa9_0/libsrc/axidma_v9_19/src -s include  "SHELL=CMD" "COMPILER=arm-none-eabi-gcc" "ASSEMBLER=arm-none-eabi-as
TRACE::2026-08-17.20:31:53::SCWMssOS::" "ARCHIVER=arm-none-eabi-ar" "COMPILER_FLAGS=  -O2 -c" "EXTRA_COMPILER_FLAGS=-mcpu=cortex-a9 -mfpu=vfpv3 -mfloat-abi=hard -nos
TRACE::2026-08-17.20:31:53::SCWMssOS::tartfiles -g -Wall -Wextra -fno-tree-loop-distribute-patterns"

TRACE::2026-08-17.20:31:53::SCWMssOS::"Running Make include in ps7_cortexa9_0/libsrc/canps_v3_9/src"

TRACE::2026-08-17.20:31:53::SCWMssOS::make -C ps7_cortexa9_0/libsrc/canps_v3_9/src -s include  "SHELL=CMD" "COMPILER=arm-none-eabi-gcc" "ASSEMBLER=arm-none-eabi-as" 
TRACE::2026-08-17.20:31:53::SCWMssOS::"ARCHIVER=arm-none-eabi-ar" "COMPILER_FLAGS=  -O2 -c" "EXTRA_COMPILER_FLAGS=-mcpu=cortex-a9 -mfpu=vfpv3 -mfloat-abi=hard -nosta
TRACE::2026-08-17.20:31:53::SCWMssOS::rtfiles -g -Wall -Wextra -fno-tree-loop-distribute-patterns"

TRACE::2026-08-17.20:31:53::SCWMssOS::"Running Make include in ps7_cortexa9_0/libsrc/coresightps_dcc_v1_11/src"

TRACE::2026-08-17.20:31:53::SCWMssOS::make -C ps7_cortexa9_0/libsrc/coresightps_dcc_v1_11/src -s include  "SHELL=CMD" "COMPILER=arm-none-eabi-gcc" "ASSEMBLER=arm-non
TRACE::2026-08-17.20:31:53::SCWMssOS::e-eabi-as" "ARCHIVER=arm-none-eabi-ar" "COMPILER_FLAGS=  -O2 -c" "EXTRA_COMPILER_FLAGS=-mcpu=cortex-a9 -mfpu=vfpv3 -mfloat-abi=
TRACE::2026-08-17.20:31:53::SCWMssOS::hard -nostartfiles -g -Wall -Wextra -fno-tree-loop-distribute-patterns"

TRACE::2026-08-17.20:31:53::SCWMssOS::"Running Make include in ps7_cortexa9_0/libsrc/cpu_cortexa9_v2_12/src"

TRACE::2026-08-17.20:31:53::SCWMssOS::make -C ps7_cortexa9_0/libsrc/cpu_cortexa9_v2_12/src -s include  "SHELL=CMD" "COMPILER=arm-none-eabi-gcc" "ASSEMBLER=arm-none-e
TRACE::2026-08-17.20:31:53::SCWMssOS::abi-as" "ARCHIVER=arm-none-eabi-ar" "COMPILER_FLAGS=  -O2 -c" "EXTRA_COMPILER_FLAGS=-mcpu=cortex-a9 -mfpu=vfpv3 -mfloat-abi=har
TRACE::2026-08-17.20:31:53::SCWMssOS::d -nostartfiles -g -Wall -Wextra -fno-tree-loop-distribute-patterns"

TRACE::2026-08-17.20:31:53::SCWMssOS::"Running Make include in ps7_cortexa9_0/libsrc/ddrps_v1_2/src"

TRACE::2026-08-17.20:31:53::SCWMssOS::make -C ps7_cortexa9_0/libsrc/ddrps_v1_2/src -s include  "SHELL=CMD" "COMPILER=arm-none-eabi-gcc" "ASSEMBLER=arm-none-eabi-as" 
TRACE::2026-08-17.20:31:53::SCWMssOS::"ARCHIVER=arm-none-eabi-ar" "COMPILER_FLAGS=  -O2 -c" "EXTRA_COMPILER_FLAGS=-mcpu=cortex-a9 -mfpu=vfpv3 -mfloat-abi=hard -nosta
TRACE::2026-08-17.20:31:53::SCWMssOS::rtfiles -g -Wall -Wextra -fno-tree-loop-distribute-patterns"

TRACE::2026-08-17.20:31:53::SCWMssOS::"Running Make include in ps7_cortexa9_0/libsrc/devcfg_v3_8/src"

TRACE::2026-08-17.20:31:53::SCWMssOS::make -C ps7_cortexa9_0/libsrc/devcfg_v3_8/src -s include  "SHELL=CMD" "COMPILER=arm-none-eabi-gcc" "ASSEMBLER=arm-none-eabi-as"
TRACE::2026-08-17.20:31:53::SCWMssOS:: "ARCHIVER=arm-none-eabi-ar" "COMPILER_FLAGS=  -O2 -c" "EXTRA_COMPILER_FLAGS=-mcpu=cortex-a9 -mfpu=vfpv3 -mfloat-abi=hard -nost
TRACE::2026-08-17.20:31:53::SCWMssOS::artfiles -g -Wall -Wextra -fno-tree-loop-distribute-patterns"

TRACE::2026-08-17.20:31:54::SCWMssOS::"Running Make include in ps7_cortexa9_0/libsrc/dmaps_v2_11/src"

TRACE::2026-08-17.20:31:54::SCWMssOS::make -C ps7_cortexa9_0/libsrc/dmaps_v2_11/src -s include  "SHELL=CMD" "COMPILER=arm-none-eabi-gcc" "ASSEMBLER=arm-none-eabi-as"
TRACE::2026-08-17.20:31:54::SCWMssOS:: "ARCHIVER=arm-none-eabi-ar" "COMPILER_FLAGS=  -O2 -c" "EXTRA_COMPILER_FLAGS=-mcpu=cortex-a9 -mfpu=vfpv3 -mfloat-abi=hard -nost
TRACE::2026-08-17.20:31:54::SCWMssOS::artfiles -g -Wall -Wextra -fno-tree-loop-distribute-patterns"

TRACE::2026-08-17.20:31:54::SCWMssOS::"Running Make include in ps7_cortexa9_0/libsrc/emacps_v3_21/src"

TRACE::2026-08-17.20:31:54::SCWMssOS::make -C ps7_cortexa9_0/libsrc/emacps_v3_21/src -s include  "SHELL=CMD" "COMPILER=arm-none-eabi-gcc" "ASSEMBLER=arm-none-eabi-as
TRACE::2026-08-17.20:31:54::SCWMssOS::" "ARCHIVER=arm-none-eabi-ar" "COMPILER_FLAGS=  -O2 -c" "EXTRA_COMPILER_FLAGS=-mcpu=cortex-a9 -mfpu=vfpv3 -mfloat-abi=hard -nos
TRACE::2026-08-17.20:31:54::SCWMssOS::tartfiles -g -Wall -Wextra -fno-tree-loop-distribute-patterns"

TRACE::2026-08-17.20:31:54::SCWMssOS::"Running Make include in ps7_cortexa9_0/libsrc/gpiops_v3_13/src"

TRACE::2026-08-17.20:31:54::SCWMssOS::make -C ps7_cortexa9_0/libsrc/gpiops_v3_13/src -s include  "SHELL=CMD" "COMPILER=arm-none-eabi-gcc" "ASSEMBLER=arm-none-eabi-as
TRACE::2026-08-17.20:31:54::SCWMssOS::" "ARCHIVER=arm-none-eabi-ar" "COMPILER_FLAGS=  -O2 -c" "EXTRA_COMPILER_FLAGS=-mcpu=cortex-a9 -mfpu=vfpv3 -mfloat-abi=hard -nos
TRACE::2026-08-17.20:31:54::SCWMssOS::tartfiles -g -Wall -Wextra -fno-tree-loop-distribute-patterns"

TRACE::2026-08-17.20:31:54::SCWMssOS::"Running Make include in ps7_cortexa9_0/libsrc/lwip220_v1_1/src"

TRACE::2026-08-17.20:31:54::SCWMssOS::make -C ps7_cortexa9_0/libsrc/lwip220_v1_1/src -s include  "SHELL=CMD" "COMPILER=arm-none-eabi-gcc" "ASSEMBLER=arm-none-eabi-as
TRACE::2026-08-17.20:31:54::SCWMssOS::" "ARCHIVER=arm-none-eabi-ar" "COMPILER_FLAGS=  -O2 -c" "EXTRA_COMPILER_FLAGS=-mcpu=cortex-a9 -mfpu=vfpv3 -mfloat-abi=hard -nos
TRACE::2026-08-17.20:31:54::SCWMssOS::tartfiles -g -Wall -Wextra -fno-tree-loop-distribute-patterns"

TRACE::2026-08-17.20:31:54::SCWMssOS::"Running Make include in ps7_cortexa9_0/libsrc/qspips_v3_13/src"

TRACE::2026-08-17.20:31:54::SCWMssOS::make -C ps7_cortexa9_0/libsrc/qspips_v3_13/src -s include  "SHELL=CMD" "COMPILER=arm-none-eabi-gcc" "ASSEMBLER=arm-none-eabi-as
TRACE::2026-08-17.20:31:54::SCWMssOS::" "ARCHIVER=arm-none-eabi-ar" "COMPILER_FLAGS=  -O2 -c" "EXTRA_COMPILER_FLAGS=-mcpu=cortex-a9 -mfpu=vfpv3 -mfloat-abi=hard -nos
TRACE::2026-08-17.20:31:54::SCWMssOS::tartfiles -g -Wall -Wextra -fno-tree-loop-distribute-patterns"

TRACE::2026-08-17.20:31:54::SCWMssOS::"Running Make include in ps7_cortexa9_0/libsrc/scugic_v5_4/src"

TRACE::2026-08-17.20:31:54::SCWMssOS::make -C ps7_cortexa9_0/libsrc/scugic_v5_4/src -s include  "SHELL=CMD" "COMPILER=arm-none-eabi-gcc" "ASSEMBLER=arm-none-eabi-as"
TRACE::2026-08-17.20:31:54::SCWMssOS:: "ARCHIVER=arm-none-eabi-ar" "COMPILER_FLAGS=  -O2 -c" "EXTRA_COMPILER_FLAGS=-mcpu=cortex-a9 -mfpu=vfpv3 -mfloat-abi=hard -nost
TRACE::2026-08-17.20:31:54::SCWMssOS::artfiles -g -Wall -Wextra -fno-tree-loop-distribute-patterns"

TRACE::2026-08-17.20:31:54::SCWMssOS::"Running Make include in ps7_cortexa9_0/libsrc/scutimer_v2_6/src"

TRACE::2026-08-17.20:31:54::SCWMssOS::make -C ps7_cortexa9_0/libsrc/scutimer_v2_6/src -s include  "SHELL=CMD" "COMPILER=arm-none-eabi-gcc" "ASSEMBLER=arm-none-eabi-a
TRACE::2026-08-17.20:31:54::SCWMssOS::s" "ARCHIVER=arm-none-eabi-ar" "COMPILER_FLAGS=  -O2 -c" "EXTRA_COMPILER_FLAGS=-mcpu=cortex-a9 -mfpu=vfpv3 -mfloat-abi=hard -no
TRACE::2026-08-17.20:31:54::SCWMssOS::startfiles -g -Wall -Wextra -fno-tree-loop-distribute-patterns"

TRACE::2026-08-17.20:31:54::SCWMssOS::"Running Make include in ps7_cortexa9_0/libsrc/scuwdt_v2_6/src"

TRACE::2026-08-17.20:31:54::SCWMssOS::make -C ps7_cortexa9_0/libsrc/scuwdt_v2_6/src -s include  "SHELL=CMD" "COMPILER=arm-none-eabi-gcc" "ASSEMBLER=arm-none-eabi-as"
TRACE::2026-08-17.20:31:54::SCWMssOS:: "ARCHIVER=arm-none-eabi-ar" "COMPILER_FLAGS=  -O2 -c" "EXTRA_COMPILER_FLAGS=-mcpu=cortex-a9 -mfpu=vfpv3 -mfloat-abi=hard -nost
TRACE::2026-08-17.20:31:54::SCWMssOS::artfiles -g -Wall -Wextra -fno-tree-loop-distribute-patterns"

TRACE::2026-08-17.20:31:54::SCWMssOS::"Running Make include in ps7_cortexa9_0/libsrc/sdps_v4_4/src"

TRACE::2026-08-17.20:31:54::SCWMssOS::make -C ps7_cortexa9_0/libsrc/sdps_v4_4/src -s include  "SHELL=CMD" "COMPILER=arm-none-eabi-gcc" "ASSEMBLER=arm-none-eabi-as" "
TRACE::2026-08-17.20:31:54::SCWMssOS::ARCHIVER=arm-none-eabi-ar" "COMPILER_FLAGS=  -O2 -c" "EXTRA_COMPILER_FLAGS=-mcpu=cortex-a9 -mfpu=vfpv3 -mfloat-abi=hard -nostar
TRACE::2026-08-17.20:31:54::SCWMssOS::tfiles -g -Wall -Wextra -fno-tree-loop-distribute-patterns"

TRACE::2026-08-17.20:31:54::SCWMssOS::"Running Make include in ps7_cortexa9_0/libsrc/standalone_v9_2/src"

TRACE::2026-08-17.20:31:54::SCWMssOS::make -C ps7_cortexa9_0/libsrc/standalone_v9_2/src -s include  "SHELL=CMD" "COMPILER=arm-none-eabi-gcc" "ASSEMBLER=arm-none-eabi
TRACE::2026-08-17.20:31:54::SCWMssOS::-as" "ARCHIVER=arm-none-eabi-ar" "COMPILER_FLAGS=  -O2 -c" "EXTRA_COMPILER_FLAGS=-mcpu=cortex-a9 -mfpu=vfpv3 -mfloat-abi=hard -
TRACE::2026-08-17.20:31:54::SCWMssOS::nostartfiles -g -Wall -Wextra -fno-tree-loop-distribute-patterns"

TRACE::2026-08-17.20:31:54::SCWMssOS::"Running Make include in ps7_cortexa9_0/libsrc/uartps_v3_15/src"

TRACE::2026-08-17.20:31:54::SCWMssOS::make -C ps7_cortexa9_0/libsrc/uartps_v3_15/src -s include  "SHELL=CMD" "COMPILER=arm-none-eabi-gcc" "ASSEMBLER=arm-none-eabi-as
TRACE::2026-08-17.20:31:54::SCWMssOS::" "ARCHIVER=arm-none-eabi-ar" "COMPILER_FLAGS=  -O2 -c" "EXTRA_COMPILER_FLAGS=-mcpu=cortex-a9 -mfpu=vfpv3 -mfloat-abi=hard -nos
TRACE::2026-08-17.20:31:54::SCWMssOS::tartfiles -g -Wall -Wextra -fno-tree-loop-distribute-patterns"

TRACE::2026-08-17.20:31:54::SCWMssOS::"Running Make include in ps7_cortexa9_0/libsrc/usbps_v2_9/src"

TRACE::2026-08-17.20:31:54::SCWMssOS::make -C ps7_cortexa9_0/libsrc/usbps_v2_9/src -s include  "SHELL=CMD" "COMPILER=arm-none-eabi-gcc" "ASSEMBLER=arm-none-eabi-as" 
TRACE::2026-08-17.20:31:54::SCWMssOS::"ARCHIVER=arm-none-eabi-ar" "COMPILER_FLAGS=  -O2 -c" "EXTRA_COMPILER_FLAGS=-mcpu=cortex-a9 -mfpu=vfpv3 -mfloat-abi=hard -nosta
TRACE::2026-08-17.20:31:54::SCWMssOS::rtfiles -g -Wall -Wextra -fno-tree-loop-distribute-patterns"

TRACE::2026-08-17.20:31:55::SCWMssOS::"Running Make include in ps7_cortexa9_0/libsrc/xadcps_v2_7/src"

TRACE::2026-08-17.20:31:55::SCWMssOS::make -C ps7_cortexa9_0/libsrc/xadcps_v2_7/src -s include  "SHELL=CMD" "COMPILER=arm-none-eabi-gcc" "ASSEMBLER=arm-none-eabi-as"
TRACE::2026-08-17.20:31:55::SCWMssOS:: "ARCHIVER=arm-none-eabi-ar" "COMPILER_FLAGS=  -O2 -c" "EXTRA_COMPILER_FLAGS=-mcpu=cortex-a9 -mfpu=vfpv3 -mfloat-abi=hard -nost
TRACE::2026-08-17.20:31:55::SCWMssOS::artfiles -g -Wall -Wextra -fno-tree-loop-distribute-patterns"

TRACE::2026-08-17.20:31:55::SCWMssOS::"Running Make include in ps7_cortexa9_0/libsrc/xiltimer_v2_1/src"

TRACE::2026-08-17.20:31:55::SCWMssOS::make -C ps7_cortexa9_0/libsrc/xiltimer_v2_1/src -s include  "SHELL=CMD" "COMPILER=arm-none-eabi-gcc" "ASSEMBLER=arm-none-eabi-a
TRACE::2026-08-17.20:31:55::SCWMssOS::s" "ARCHIVER=arm-none-eabi-ar" "COMPILER_FLAGS=  -O2 -c" "EXTRA_COMPILER_FLAGS=-mcpu=cortex-a9 -mfpu=vfpv3 -mfloat-abi=hard -no
TRACE::2026-08-17.20:31:55::SCWMssOS::startfiles -g -Wall -Wextra -fno-tree-loop-distribute-patterns"

TRACE::2026-08-17.20:31:55::SCWMssOS::"Running Make libs in ps7_cortexa9_0/libsrc/axidma_v9_19/src"

TRACE::2026-08-17.20:31:55::SCWMssOS::make -C ps7_cortexa9_0/libsrc/axidma_v9_19/src -s libs  "SHELL=CMD" "COMPILER=arm-none-eabi-gcc" "ASSEMBLER=arm-none-eabi-as" "
TRACE::2026-08-17.20:31:55::SCWMssOS::ARCHIVER=arm-none-eabi-ar" "COMPILER_FLAGS=  -O2 -c" "EXTRA_COMPILER_FLAGS=-mcpu=cortex-a9 -mfpu=vfpv3 -mfloat-abi=hard -nostar
TRACE::2026-08-17.20:31:55::SCWMssOS::tfiles -g -Wall -Wextra -fno-tree-loop-distribute-patterns"

TRACE::2026-08-17.20:31:55::SCWMssOS::"Running Make libs in ps7_cortexa9_0/libsrc/canps_v3_9/src"

TRACE::2026-08-17.20:31:55::SCWMssOS::make -C ps7_cortexa9_0/libsrc/canps_v3_9/src -s libs  "SHELL=CMD" "COMPILER=arm-none-eabi-gcc" "ASSEMBLER=arm-none-eabi-as" "AR
TRACE::2026-08-17.20:31:55::SCWMssOS::CHIVER=arm-none-eabi-ar" "COMPILER_FLAGS=  -O2 -c" "EXTRA_COMPILER_FLAGS=-mcpu=cortex-a9 -mfpu=vfpv3 -mfloat-abi=hard -nostartf
TRACE::2026-08-17.20:31:55::SCWMssOS::iles -g -Wall -Wextra -fno-tree-loop-distribute-patterns"

TRACE::2026-08-17.20:31:56::SCWMssOS::"Running Make libs in ps7_cortexa9_0/libsrc/coresightps_dcc_v1_11/src"

TRACE::2026-08-17.20:31:56::SCWMssOS::make -C ps7_cortexa9_0/libsrc/coresightps_dcc_v1_11/src -s libs  "SHELL=CMD" "COMPILER=arm-none-eabi-gcc" "ASSEMBLER=arm-none-e
TRACE::2026-08-17.20:31:56::SCWMssOS::abi-as" "ARCHIVER=arm-none-eabi-ar" "COMPILER_FLAGS=  -O2 -c" "EXTRA_COMPILER_FLAGS=-mcpu=cortex-a9 -mfpu=vfpv3 -mfloat-abi=har
TRACE::2026-08-17.20:31:56::SCWMssOS::d -nostartfiles -g -Wall -Wextra -fno-tree-loop-distribute-patterns"

TRACE::2026-08-17.20:31:57::SCWMssOS::"Running Make libs in ps7_cortexa9_0/libsrc/cpu_cortexa9_v2_12/src"

TRACE::2026-08-17.20:31:57::SCWMssOS::make -C ps7_cortexa9_0/libsrc/cpu_cortexa9_v2_12/src -s libs  "SHELL=CMD" "COMPILER=arm-none-eabi-gcc" "ASSEMBLER=arm-none-eabi
TRACE::2026-08-17.20:31:57::SCWMssOS::-as" "ARCHIVER=arm-none-eabi-ar" "COMPILER_FLAGS=  -O2 -c" "EXTRA_COMPILER_FLAGS=-mcpu=cortex-a9 -mfpu=vfpv3 -mfloat-abi=hard -
TRACE::2026-08-17.20:31:57::SCWMssOS::nostartfiles -g -Wall -Wextra -fno-tree-loop-distribute-patterns"

TRACE::2026-08-17.20:31:57::SCWMssOS::"Running Make libs in ps7_cortexa9_0/libsrc/ddrps_v1_2/src"

TRACE::2026-08-17.20:31:57::SCWMssOS::make -C ps7_cortexa9_0/libsrc/ddrps_v1_2/src -s libs  "SHELL=CMD" "COMPILER=arm-none-eabi-gcc" "ASSEMBLER=arm-none-eabi-as" "AR
TRACE::2026-08-17.20:31:57::SCWMssOS::CHIVER=arm-none-eabi-ar" "COMPILER_FLAGS=  -O2 -c" "EXTRA_COMPILER_FLAGS=-mcpu=cortex-a9 -mfpu=vfpv3 -mfloat-abi=hard -nostartf
TRACE::2026-08-17.20:31:57::SCWMssOS::iles -g -Wall -Wextra -fno-tree-loop-distribute-patterns"

TRACE::2026-08-17.20:31:57::SCWMssOS::"Running Make libs in ps7_cortexa9_0/libsrc/devcfg_v3_8/src"

TRACE::2026-08-17.20:31:57::SCWMssOS::"Running Make libs in ps7_cortexa9_0/libsrc/dmaps_v2_11/src"

TRACE::2026-08-17.20:31:57::SCWMssOS::make -C ps7_cortexa9_0/libsrc/devcfg_v3_8/src -s libs  "SHELL=CMD" "COMPILER=arm-none-eabi-gcc" "ASSEMBLER=arm-none-eabi-as" "A
TRACE::2026-08-17.20:31:57::SCWMssOS::RCHIVER=arm-none-eabi-ar" "COMPILER_FLAGS=  -O2 -c" "EXTRA_COMPILER_FLAGS=-mcpu=cortex-a9 -mfpu=vfpv3 -mfloat-abi=hard -nostart
TRACE::2026-08-17.20:31:57::SCWMssOS::files -g -Wall -Wextra -fno-tree-loop-distribute-patterns"

TRACE::2026-08-17.20:31:57::SCWMssOS::make -C ps7_cortexa9_0/libsrc/dmaps_v2_11/src -s libs  "SHELL=CMD" "COMPILER=arm-none-eabi-gcc" "ASSEMBLER=arm-none-eabi-as" "A
TRACE::2026-08-17.20:31:57::SCWMssOS::RCHIVER=arm-none-eabi-ar" "COMPILER_FLAGS=  -O2 -c" "EXTRA_COMPILER_FLAGS=-mcpu=cortex-a9 -mfpu=vfpv3 -mfloat-abi=hard -nostart
TRACE::2026-08-17.20:31:57::SCWMssOS::files -g -Wall -Wextra -fno-tree-loop-distribute-patterns"

TRACE::2026-08-17.20:31:58::SCWMssOS::"Running Make libs in ps7_cortexa9_0/libsrc/emacps_v3_21/src"

TRACE::2026-08-17.20:31:58::SCWMssOS::make -C ps7_cortexa9_0/libsrc/emacps_v3_21/src -s libs  "SHELL=CMD" "COMPILER=arm-none-eabi-gcc" "ASSEMBLER=arm-none-eabi-as" "
TRACE::2026-08-17.20:31:58::SCWMssOS::ARCHIVER=arm-none-eabi-ar" "COMPILER_FLAGS=  -O2 -c" "EXTRA_COMPILER_FLAGS=-mcpu=cortex-a9 -mfpu=vfpv3 -mfloat-abi=hard -nostar
TRACE::2026-08-17.20:31:58::SCWMssOS::tfiles -g -Wall -Wextra -fno-tree-loop-distribute-patterns"

TRACE::2026-08-17.20:31:59::SCWMssOS::"Running Make libs in ps7_cortexa9_0/libsrc/gpiops_v3_13/src"

TRACE::2026-08-17.20:31:59::SCWMssOS::make -C ps7_cortexa9_0/libsrc/gpiops_v3_13/src -s libs  "SHELL=CMD" "COMPILER=arm-none-eabi-gcc" "ASSEMBLER=arm-none-eabi-as" "
TRACE::2026-08-17.20:31:59::SCWMssOS::ARCHIVER=arm-none-eabi-ar" "COMPILER_FLAGS=  -O2 -c" "EXTRA_COMPILER_FLAGS=-mcpu=cortex-a9 -mfpu=vfpv3 -mfloat-abi=hard -nostar
TRACE::2026-08-17.20:31:59::SCWMssOS::tfiles -g -Wall -Wextra -fno-tree-loop-distribute-patterns"

TRACE::2026-08-17.20:32:01::SCWMssOS::"Running Make libs in ps7_cortexa9_0/libsrc/qspips_v3_13/src"

TRACE::2026-08-17.20:32:01::SCWMssOS::make -C ps7_cortexa9_0/libsrc/qspips_v3_13/src -s libs  "SHELL=CMD" "COMPILER=arm-none-eabi-gcc" "ASSEMBLER=arm-none-eabi-as" "
TRACE::2026-08-17.20:32:01::SCWMssOS::ARCHIVER=arm-none-eabi-ar" "COMPILER_FLAGS=  -O2 -c" "EXTRA_COMPILER_FLAGS=-mcpu=cortex-a9 -mfpu=vfpv3 -mfloat-abi=hard -nostar
TRACE::2026-08-17.20:32:01::SCWMssOS::tfiles -g -Wall -Wextra -fno-tree-loop-distribute-patterns"

TRACE::2026-08-17.20:32:01::SCWMssOS::"Running Make libs in ps7_cortexa9_0/libsrc/scugic_v5_4/src"

TRACE::2026-08-17.20:32:01::SCWMssOS::make -C ps7_cortexa9_0/libsrc/scugic_v5_4/src -s libs  "SHELL=CMD" "COMPILER=arm-none-eabi-gcc" "ASSEMBLER=arm-none-eabi-as" "A
TRACE::2026-08-17.20:32:01::SCWMssOS::RCHIVER=arm-none-eabi-ar" "COMPILER_FLAGS=  -O2 -c" "EXTRA_COMPILER_FLAGS=-mcpu=cortex-a9 -mfpu=vfpv3 -mfloat-abi=hard -nostart
TRACE::2026-08-17.20:32:01::SCWMssOS::files -g -Wall -Wextra -fno-tree-loop-distribute-patterns"

TRACE::2026-08-17.20:32:03::SCWMssOS::"Running Make libs in ps7_cortexa9_0/libsrc/scutimer_v2_6/src"

TRACE::2026-08-17.20:32:03::SCWMssOS::make -C ps7_cortexa9_0/libsrc/scutimer_v2_6/src -s libs  "SHELL=CMD" "COMPILER=arm-none-eabi-gcc" "ASSEMBLER=arm-none-eabi-as" 
TRACE::2026-08-17.20:32:03::SCWMssOS::"ARCHIVER=arm-none-eabi-ar" "COMPILER_FLAGS=  -O2 -c" "EXTRA_COMPILER_FLAGS=-mcpu=cortex-a9 -mfpu=vfpv3 -mfloat-abi=hard -nosta
TRACE::2026-08-17.20:32:03::SCWMssOS::rtfiles -g -Wall -Wextra -fno-tree-loop-distribute-patterns"

TRACE::2026-08-17.20:32:03::SCWMssOS::"Running Make libs in ps7_cortexa9_0/libsrc/scuwdt_v2_6/src"

TRACE::2026-08-17.20:32:03::SCWMssOS::make -C ps7_cortexa9_0/libsrc/scuwdt_v2_6/src -s libs  "SHELL=CMD" "COMPILER=arm-none-eabi-gcc" "ASSEMBLER=arm-none-eabi-as" "A
TRACE::2026-08-17.20:32:03::SCWMssOS::RCHIVER=arm-none-eabi-ar" "COMPILER_FLAGS=  -O2 -c" "EXTRA_COMPILER_FLAGS=-mcpu=cortex-a9 -mfpu=vfpv3 -mfloat-abi=hard -nostart
TRACE::2026-08-17.20:32:03::SCWMssOS::files -g -Wall -Wextra -fno-tree-loop-distribute-patterns"

TRACE::2026-08-17.20:32:04::SCWMssOS::"Running Make libs in ps7_cortexa9_0/libsrc/sdps_v4_4/src"

TRACE::2026-08-17.20:32:04::SCWMssOS::make -C ps7_cortexa9_0/libsrc/sdps_v4_4/src -s libs  "SHELL=CMD" "COMPILER=arm-none-eabi-gcc" "ASSEMBLER=arm-none-eabi-as" "ARC
TRACE::2026-08-17.20:32:04::SCWMssOS::HIVER=arm-none-eabi-ar" "COMPILER_FLAGS=  -O2 -c" "EXTRA_COMPILER_FLAGS=-mcpu=cortex-a9 -mfpu=vfpv3 -mfloat-abi=hard -nostartfi
TRACE::2026-08-17.20:32:04::SCWMssOS::les -g -Wall -Wextra -fno-tree-loop-distribute-patterns"

TRACE::2026-08-17.20:32:04::SCWMssOS::"Running Make libs in ps7_cortexa9_0/libsrc/standalone_v9_2/src"

TRACE::2026-08-17.20:32:04::SCWMssOS::make -C ps7_cortexa9_0/libsrc/standalone_v9_2/src -s libs  "SHELL=CMD" "COMPILER=arm-none-eabi-gcc" "ASSEMBLER=arm-none-eabi-as
TRACE::2026-08-17.20:32:04::SCWMssOS::" "ARCHIVER=arm-none-eabi-ar" "COMPILER_FLAGS=  -O2 -c" "EXTRA_COMPILER_FLAGS=-mcpu=cortex-a9 -mfpu=vfpv3 -mfloat-abi=hard -nos
TRACE::2026-08-17.20:32:04::SCWMssOS::tartfiles -g -Wall -Wextra -fno-tree-loop-distribute-patterns"

TRACE::2026-08-17.20:32:06::SCWMssOS::"Running Make libs in ps7_cortexa9_0/libsrc/uartps_v3_15/src"

TRACE::2026-08-17.20:32:06::SCWMssOS::make -C ps7_cortexa9_0/libsrc/uartps_v3_15/src -s libs  "SHELL=CMD" "COMPILER=arm-none-eabi-gcc" "ASSEMBLER=arm-none-eabi-as" "
TRACE::2026-08-17.20:32:06::SCWMssOS::ARCHIVER=arm-none-eabi-ar" "COMPILER_FLAGS=  -O2 -c" "EXTRA_COMPILER_FLAGS=-mcpu=cortex-a9 -mfpu=vfpv3 -mfloat-abi=hard -nostar
TRACE::2026-08-17.20:32:06::SCWMssOS::tfiles -g -Wall -Wextra -fno-tree-loop-distribute-patterns"

TRACE::2026-08-17.20:32:08::SCWMssOS::"Running Make libs in ps7_cortexa9_0/libsrc/usbps_v2_9/src"

TRACE::2026-08-17.20:32:08::SCWMssOS::make -C ps7_cortexa9_0/libsrc/usbps_v2_9/src -s libs  "SHELL=CMD" "COMPILER=arm-none-eabi-gcc" "ASSEMBLER=arm-none-eabi-as" "AR
TRACE::2026-08-17.20:32:08::SCWMssOS::CHIVER=arm-none-eabi-ar" "COMPILER_FLAGS=  -O2 -c" "EXTRA_COMPILER_FLAGS=-mcpu=cortex-a9 -mfpu=vfpv3 -mfloat-abi=hard -nostartf
TRACE::2026-08-17.20:32:08::SCWMssOS::iles -g -Wall -Wextra -fno-tree-loop-distribute-patterns"

TRACE::2026-08-17.20:32:11::SCWMssOS::"Running Make libs in ps7_cortexa9_0/libsrc/xadcps_v2_7/src"

TRACE::2026-08-17.20:32:11::SCWMssOS::make -C ps7_cortexa9_0/libsrc/xadcps_v2_7/src -s libs  "SHELL=CMD" "COMPILER=arm-none-eabi-gcc" "ASSEMBLER=arm-none-eabi-as" "A
TRACE::2026-08-17.20:32:11::SCWMssOS::RCHIVER=arm-none-eabi-ar" "COMPILER_FLAGS=  -O2 -c" "EXTRA_COMPILER_FLAGS=-mcpu=cortex-a9 -mfpu=vfpv3 -mfloat-abi=hard -nostart
TRACE::2026-08-17.20:32:11::SCWMssOS::files -g -Wall -Wextra -fno-tree-loop-distribute-patterns"

TRACE::2026-08-17.20:32:12::SCWMssOS::"Running Make libs in ps7_cortexa9_0/libsrc/xiltimer_v2_1/src"

TRACE::2026-08-17.20:32:12::SCWMssOS::make -C ps7_cortexa9_0/libsrc/xiltimer_v2_1/src -s libs  "SHELL=CMD" "COMPILER=arm-none-eabi-gcc" "ASSEMBLER=arm-none-eabi-as" 
TRACE::2026-08-17.20:32:12::SCWMssOS::"ARCHIVER=arm-none-eabi-ar" "COMPILER_FLAGS=  -O2 -c" "EXTRA_COMPILER_FLAGS=-mcpu=cortex-a9 -mfpu=vfpv3 -mfloat-abi=hard -nosta
TRACE::2026-08-17.20:32:12::SCWMssOS::rtfiles -g -Wall -Wextra -fno-tree-loop-distribute-patterns"

TRACE::2026-08-17.20:32:13::SCWMssOS::"Compiling xiltimer Library"

TRACE::2026-08-17.20:32:14::SCWMssOS::'Finished building libraries parallelly.'

TRACE::2026-08-17.20:32:14::SCWMssOS::make --no-print-directory archive

TRACE::2026-08-17.20:32:14::SCWMssOS::arm-none-eabi-ar -r  ps7_cortexa9_0/lib/libxil.a ps7_cortexa9_0/lib/_exit.o ps7_cortexa9_0/lib/_open.o ps7_cortexa9_0/lib/_sbrk
TRACE::2026-08-17.20:32:14::SCWMssOS::.o ps7_cortexa9_0/lib/abort.o ps7_cortexa9_0/lib/asm_vectors.o ps7_cortexa9_0/lib/boot.o ps7_cortexa9_0/lib/close.o ps7_cortexa
TRACE::2026-08-17.20:32:14::SCWMssOS::9_0/lib/cpputest_time.o ps7_cortexa9_0/lib/cpu_init.o ps7_cortexa9_0/lib/errno.o ps7_cortexa9_0/lib/fcntl.o ps7_cortexa9_0/lib/
TRACE::2026-08-17.20:32:14::SCWMssOS::fstat.o ps7_cortexa9_0/lib/getentropy.o ps7_cortexa9_0/lib/getpid.o ps7_cortexa9_0/lib/gettimeofday.o ps7_cortexa9_0/lib/inbyte
TRACE::2026-08-17.20:32:14::SCWMssOS::.o ps7_cortexa9_0/lib/isatty.o ps7_cortexa9_0/lib/kill.o ps7_cortexa9_0/lib/lseek.o ps7_cortexa9_0/lib/open.o ps7_cortexa9_0/li
TRACE::2026-08-17.20:32:14::SCWMssOS::b/outbyte.o ps7_cortexa9_0/lib/print.o ps7_cortexa9_0/lib/putnum.o ps7_cortexa9_0/lib/read.o ps7_cortexa9_0/lib/sbrk.o ps7_cort
TRACE::2026-08-17.20:32:14::SCWMssOS::exa9_0/lib/time.o ps7_cortexa9_0/lib/translation_table.o ps7_cortexa9_0/lib/unlink.o ps7_cortexa9_0/lib/vectors.o ps7_cortexa9_
TRACE::2026-08-17.20:32:14::SCWMssOS::0/lib/write.o ps7_cortexa9_0/lib/xadcps.o ps7_cortexa9_0/lib/xadcps_g.o ps7_cortexa9_0/lib/xadcps_intr.o ps7_cortexa9_0/lib/xad
TRACE::2026-08-17.20:32:14::SCWMssOS::cps_selftest.o ps7_cortexa9_0/lib/xadcps_sinit.o ps7_cortexa9_0/lib/xaxidma.o ps7_cortexa9_0/lib/xaxidma_bd.o ps7_cortexa9_0/li
TRACE::2026-08-17.20:32:14::SCWMssOS::b/xaxidma_bdring.o ps7_cortexa9_0/lib/xaxidma_g.o ps7_cortexa9_0/lib/xaxidma_selftest.o ps7_cortexa9_0/lib/xaxidma_sinit.o ps7_
TRACE::2026-08-17.20:32:14::SCWMssOS::cortexa9_0/lib/xcanps.o ps7_cortexa9_0/lib/xcanps_g.o ps7_cortexa9_0/lib/xcanps_hw.o ps7_cortexa9_0/lib/xcanps_intr.o ps7_corte
TRACE::2026-08-17.20:32:14::SCWMssOS::xa9_0/lib/xcanps_selftest.o ps7_cortexa9_0/lib/xcanps_sinit.o ps7_cortexa9_0/lib/xcoresightpsdcc.o ps7_cortexa9_0/lib/xdevcfg.o
TRACE::2026-08-17.20:32:14::SCWMssOS:: ps7_cortexa9_0/lib/xdevcfg_g.o ps7_cortexa9_0/lib/xdevcfg_hw.o ps7_cortexa9_0/lib/xdevcfg_intr.o ps7_cortexa9_0/lib/xdevcfg_se
TRACE::2026-08-17.20:32:14::SCWMssOS::lftest.o ps7_cortexa9_0/lib/xdevcfg_sinit.o ps7_cortexa9_0/lib/xdmaps.o ps7_cortexa9_0/lib/xdmaps_g.o ps7_cortexa9_0/lib/xdmaps
TRACE::2026-08-17.20:32:14::SCWMssOS::_hw.o ps7_cortexa9_0/lib/xdmaps_selftest.o ps7_cortexa9_0/lib/xdmaps_sinit.o ps7_cortexa9_0/lib/xemacps.o ps7_cortexa9_0/lib/xe
TRACE::2026-08-17.20:32:14::SCWMssOS::macps_bdring.o ps7_cortexa9_0/lib/xemacps_control.o ps7_cortexa9_0/lib/xemacps_g.o ps7_cortexa9_0/lib/xemacps_hw.o ps7_cortexa9
TRACE::2026-08-17.20:32:14::SCWMssOS::_0/lib/xemacps_intr.o ps7_cortexa9_0/lib/xemacps_sinit.o ps7_cortexa9_0/lib/xgpiops.o ps7_cortexa9_0/lib/xgpiops_g.o ps7_cortex
TRACE::2026-08-17.20:32:14::SCWMssOS::a9_0/lib/xgpiops_hw.o ps7_cortexa9_0/lib/xgpiops_intr.o ps7_cortexa9_0/lib/xgpiops_selftest.o ps7_cortexa9_0/lib/xgpiops_sinit.
TRACE::2026-08-17.20:32:14::SCWMssOS::o ps7_cortexa9_0/lib/xil-crt0.o ps7_cortexa9_0/lib/xil_assert.o ps7_cortexa9_0/lib/xil_cache.o ps7_cortexa9_0/lib/xil_clocking.
TRACE::2026-08-17.20:32:14::SCWMssOS::o ps7_cortexa9_0/lib/xil_exception.o ps7_cortexa9_0/lib/xil_mem.o ps7_cortexa9_0/lib/xil_misc_psreset_api.o ps7_cortexa9_0/lib/
TRACE::2026-08-17.20:32:14::SCWMssOS::xil_mmu.o ps7_cortexa9_0/lib/xil_printf.o ps7_cortexa9_0/lib/xil_spinlock.o ps7_cortexa9_0/lib/xil_sutil.o ps7_cortexa9_0/lib/x
TRACE::2026-08-17.20:32:14::SCWMssOS::il_testcache.o ps7_cortexa9_0/lib/xil_testio.o ps7_cortexa9_0/lib/xil_testmem.o ps7_cortexa9_0/lib/xil_util.o ps7_cortexa9_0/li
TRACE::2026-08-17.20:32:14::SCWMssOS::b/xinterrupt_wrap.o ps7_cortexa9_0/lib/xl2cc_counter.o ps7_cortexa9_0/lib/xplatform_info.o ps7_cortexa9_0/lib/xpm_counter.o ps7
TRACE::2026-08-17.20:32:14::SCWMssOS::_cortexa9_0/lib/xpm_init.o ps7_cortexa9_0/lib/xqspips.o ps7_cortexa9_0/lib/xqspips_g.o ps7_cortexa9_0/lib/xqspips_hw.o ps7_cort
TRACE::2026-08-17.20:32:14::SCWMssOS::exa9_0/lib/xqspips_options.o ps7_cortexa9_0/lib/xqspips_selftest.o ps7_cortexa9_0/lib/xqspips_sinit.o ps7_cortexa9_0/lib/xscugi
TRACE::2026-08-17.20:32:14::SCWMssOS::c.o ps7_cortexa9_0/lib/xscugic_g.o ps7_cortexa9_0/lib/xscugic_hw.o ps7_cortexa9_0/lib/xscugic_intr.o ps7_cortexa9_0/lib/xscugic
TRACE::2026-08-17.20:32:14::SCWMssOS::_selftest.o ps7_cortexa9_0/lib/xscugic_sinit.o ps7_cortexa9_0/lib/xscutimer.o ps7_cortexa9_0/lib/xscutimer_g.o ps7_cortexa9_0/l
TRACE::2026-08-17.20:32:14::SCWMssOS::ib/xscutimer_selftest.o ps7_cortexa9_0/lib/xscutimer_sinit.o ps7_cortexa9_0/lib/xscuwdt.o ps7_cortexa9_0/lib/xscuwdt_g.o ps7_co
TRACE::2026-08-17.20:32:14::SCWMssOS::rtexa9_0/lib/xscuwdt_selftest.o ps7_cortexa9_0/lib/xscuwdt_sinit.o ps7_cortexa9_0/lib/xsdps.o ps7_cortexa9_0/lib/xsdps_card.o p
TRACE::2026-08-17.20:32:14::SCWMssOS::s7_cortexa9_0/lib/xsdps_g.o ps7_cortexa9_0/lib/xsdps_host.o ps7_cortexa9_0/lib/xsdps_options.o ps7_cortexa9_0/lib/xsdps_sinit.o
TRACE::2026-08-17.20:32:14::SCWMssOS:: ps7_cortexa9_0/lib/xuartps.o ps7_cortexa9_0/lib/xuartps_g.o ps7_cortexa9_0/lib/xuartps_hw.o ps7_cortexa9_0/lib/xuartps_intr.o 
TRACE::2026-08-17.20:32:14::SCWMssOS::ps7_cortexa9_0/lib/xuartps_options.o ps7_cortexa9_0/lib/xuartps_selftest.o ps7_cortexa9_0/lib/xuartps_sinit.o ps7_cortexa9_0/li
TRACE::2026-08-17.20:32:14::SCWMssOS::b/xusbps.o ps7_cortexa9_0/lib/xusbps_endpoint.o ps7_cortexa9_0/lib/xusbps_g.o ps7_cortexa9_0/lib/xusbps_hw.o ps7_cortexa9_0/lib
TRACE::2026-08-17.20:32:14::SCWMssOS::/xusbps_intr.o ps7_cortexa9_0/lib/xusbps_sinit.o

TRACE::2026-08-17.20:32:14::SCWMssOS::'Finished building libraries'

TRACE::2026-08-17.20:32:15::SCWMssOS::Copying to export directory.
TRACE::2026-08-17.20:32:15::SCWMssOS:: Checking if to create the Supporting Applications
TRACE::2026-08-17.20:32:15::SCWMssOS:: No Linux domain exists, trying to generate FSBL 
LOG::2026-08-17.20:32:15::SCWSystem::Completed Processing the domain standalone_ps7_cortexa9_0
LOG::2026-08-17.20:32:15::SCWSystem::Completed Processing the sysconfig HW_Export_V1
LOG::2026-08-17.20:32:15::SCWPlatform::Completed generating the artifacts for system configuration HW_Export_V1
TRACE::2026-08-17.20:32:15::SCWPlatform::Started preparing the platform 
TRACE::2026-08-17.20:32:15::SCWSystem::Writing the bif file for system config HW_Export_V1
TRACE::2026-08-17.20:32:15::SCWSystem::dir created 
TRACE::2026-08-17.20:32:15::SCWSystem::Writing the bif 
TRACE::2026-08-17.20:32:15::SCWPlatform::Started writing the spfm file 
TRACE::2026-08-17.20:32:15::SCWPlatform::Started writing the xpfm file 
TRACE::2026-08-17.20:32:15::SCWPlatform::Completed generating the platform
TRACE::2026-08-17.20:32:15::SCWMssOS::Saving the mss changes C:/Users/tillkorsmeier/Desktop/MA/Z7-Nano/ParEIS-MSX/SW/HW_Export_V1/zynq_fsbl/zynq_fsbl_bsp/system.mss
TRACE::2026-08-17.20:32:15::SCWMssOS::Found a swdesign opened with the mssfile.
TRACE::2026-08-17.20:32:15::SCWMssOS::Completed writemss as part of save.
TRACE::2026-08-17.20:32:15::SCWMssOS::Commit changes completed.
TRACE::2026-08-17.20:32:15::SCWMssOS::Saving the mss changes C:/Users/tillkorsmeier/Desktop/MA/Z7-Nano/ParEIS-MSX/SW/HW_Export_V1/ps7_cortexa9_0/standalone_ps7_cortexa9_0/bsp/system.mss
TRACE::2026-08-17.20:32:15::SCWMssOS::Found a swdesign opened with the mssfile.
TRACE::2026-08-17.20:32:15::SCWMssOS::Completed writemss as part of save.
TRACE::2026-08-17.20:32:15::SCWMssOS::Commit changes completed.
TRACE::2026-08-17.20:32:15::SCWPlatform::Trying to open the hw design at C:/Users/tillkorsmeier/Desktop/MA/Z7-Nano/ParEIS-MSX/SW/HW_Export_V1/hw/HW_Export_V1.xsa
TRACE::2026-08-17.20:32:15::SCWPlatform::DSA given C:/Users/tillkorsmeier/Desktop/MA/Z7-Nano/ParEIS-MSX/SW/HW_Export_V1/hw/HW_Export_V1.xsa
TRACE::2026-08-17.20:32:15::SCWPlatform::DSA absoulate path C:/Users/tillkorsmeier/Desktop/MA/Z7-Nano/ParEIS-MSX/SW/HW_Export_V1/hw/HW_Export_V1.xsa
TRACE::2026-08-17.20:32:15::SCWPlatform::DSA directory C:/Users/tillkorsmeier/Desktop/MA/Z7-Nano/ParEIS-MSX/SW/HW_Export_V1/hw
TRACE::2026-08-17.20:32:15::SCWPlatform:: Platform Path C:/Users/tillkorsmeier/Desktop/MA/Z7-Nano/ParEIS-MSX/SW/HW_Export_V1/hw/HW_Export_V1.xsa
TRACE::2026-08-17.20:32:15::SCWPlatform:: Unique name xilinx:::0.0
TRACE::2026-08-17.20:32:15::SCWPlatform::Trying to set the existing hwdb with name design_1_wrapper_2
TRACE::2026-08-17.20:32:15::SCWPlatform::Opened existing hwdb design_1_wrapper_2
TRACE::2026-08-17.20:32:15::SCWPlatform::Found the Hw Db part of the input DSA
TRACE::2026-08-17.20:32:15::SCWMssOS::Checking the sw design at  C:/Users/tillkorsmeier/Desktop/MA/Z7-Nano/ParEIS-MSX/SW/HW_Export_V1/zynq_fsbl/zynq_fsbl_bsp/system.mss
TRACE::2026-08-17.20:32:15::SCWMssOS::DEBUG:  swdes dump  C:/Users/tillkorsmeier/Desktop/MA/Z7-Nano/ParEIS-MSX/SW/HW_Export_V1/ps7_cortexa9_0/standalone_ps7_cortexa9_0/bsp/system.mss|system_0||
C:/Users/tillkorsmeier/Desktop/MA/Z7-Nano/ParEIS-MSX/SW/HW_Export_V1/zynq_fsbl/zynq_fsbl_bsp/system.mss|system||

TRACE::2026-08-17.20:32:15::SCWMssOS::Sw design exists and opened at  C:/Users/tillkorsmeier/Desktop/MA/Z7-Nano/ParEIS-MSX/SW/HW_Export_V1/zynq_fsbl/zynq_fsbl_bsp/system.mss
TRACE::2026-08-17.20:32:15::SCWPlatform::Trying to open the hw design at C:/Users/tillkorsmeier/Desktop/MA/Z7-Nano/ParEIS-MSX/SW/HW_Export_V1/hw/HW_Export_V1.xsa
TRACE::2026-08-17.20:32:15::SCWPlatform::DSA given C:/Users/tillkorsmeier/Desktop/MA/Z7-Nano/ParEIS-MSX/SW/HW_Export_V1/hw/HW_Export_V1.xsa
TRACE::2026-08-17.20:32:15::SCWPlatform::DSA absoulate path C:/Users/tillkorsmeier/Desktop/MA/Z7-Nano/ParEIS-MSX/SW/HW_Export_V1/hw/HW_Export_V1.xsa
TRACE::2026-08-17.20:32:15::SCWPlatform::DSA directory C:/Users/tillkorsmeier/Desktop/MA/Z7-Nano/ParEIS-MSX/SW/HW_Export_V1/hw
TRACE::2026-08-17.20:32:15::SCWPlatform:: Platform Path C:/Users/tillkorsmeier/Desktop/MA/Z7-Nano/ParEIS-MSX/SW/HW_Export_V1/hw/HW_Export_V1.xsa
TRACE::2026-08-17.20:32:15::SCWPlatform:: Unique name xilinx:::0.0
TRACE::2026-08-17.20:32:15::SCWPlatform::Trying to set the existing hwdb with name design_1_wrapper_2
TRACE::2026-08-17.20:32:15::SCWPlatform::Opened existing hwdb design_1_wrapper_2
TRACE::2026-08-17.20:32:15::SCWPlatform::Found the Hw Db part of the input DSA
TRACE::2026-08-17.20:32:15::SCWMssOS::Checking the sw design at  C:/Users/tillkorsmeier/Desktop/MA/Z7-Nano/ParEIS-MSX/SW/HW_Export_V1/ps7_cortexa9_0/standalone_ps7_cortexa9_0/bsp/system.mss
TRACE::2026-08-17.20:32:15::SCWMssOS::DEBUG:  swdes dump  C:/Users/tillkorsmeier/Desktop/MA/Z7-Nano/ParEIS-MSX/SW/HW_Export_V1/ps7_cortexa9_0/standalone_ps7_cortexa9_0/bsp/system.mss|system_0||
C:/Users/tillkorsmeier/Desktop/MA/Z7-Nano/ParEIS-MSX/SW/HW_Export_V1/zynq_fsbl/zynq_fsbl_bsp/system.mss|system||

TRACE::2026-08-17.20:32:15::SCWMssOS::Sw design exists and opened at  C:/Users/tillkorsmeier/Desktop/MA/Z7-Nano/ParEIS-MSX/SW/HW_Export_V1/ps7_cortexa9_0/standalone_ps7_cortexa9_0/bsp/system.mss
TRACE::2026-08-17.20:32:15::SCWWriter::formatted JSON is {
	"platformName":	"HW_Export_V1",
	"sprVersion":	"2.0",
	"mode":	"gui",
	"dsaType":	"Fixed",
	"platformDesc":	"HW_Export_V1",
	"platHandOff":	"<platformDir>.xsa",
	"platIntHandOff":	"<platformDir>/hw/HW_Export_V1.xsa",
	"deviceType":	"zynq",
	"platIsPrebuiltAutogen":	"false",
	"platIsNoBootBsp":	"false",
	"hasFsblMakeHasChanges":	"false",
	"hasPmufwMakeHasChanges":	"false",
	"fsblExtraCompilerFlags":	"-MMD -MP       -mcpu=cortex-a9 -mfpu=vfpv3 -mfloat-abi=hard ",
	"platPreBuiltFlag":	false,
	"platformSamplesDir":	"",
	"platActiveSys":	"HW_Export_V1",
	"systems":	[{
			"systemName":	"HW_Export_V1",
			"systemDesc":	"HW_Export_V1",
			"sysIsBootAutoGen":	"true",
			"systemDispName":	"HW_Export_V1",
			"sysActiveDom":	"standalone_ps7_cortexa9_0",
			"sysDefaultDom":	"standalone_ps7_cortexa9_0",
			"domains":	[{
					"domainName":	"zynq_fsbl",
					"domainDispName":	"zynq_fsbl",
					"domainDesc":	"FSBL Application BSP - Auto Generated.",
					"processors":	"ps7_cortexa9_0",
					"os":	"standalone",
					"sdxOs":	"standalone",
					"debugEnable":	"",
					"domRuntimes":	["cpp"],
					"swRepo":	"",
					"mssOsVer":	"9.2",
					"mssFile":	"",
					"md5Digest":	"eb13c396dfacc0d4cf82f9f4d1da7be6",
					"compatibleApp":	"zynq_fsbl",
					"domType":	"bootDomain",
					"arch":	"32-bit",
					"appSettings":	{
						"appCompilerFlags":	"",
						"appLinkerFlags":	""
					},
					"addedLibs":	["xilffs:5.3", "xilrsa:1.8"],
					"libOptions":	{
						"libsContainingOptions":	[]
					},
					"prebuiltLibs":	{
						"prebuiltIncPath":	[],
						"prebuiltLibPath":	[]
					},
					"isolation":	{
					}
				}, {
					"domainName":	"standalone_ps7_cortexa9_0",
					"domainDispName":	"standalone_ps7_cortexa9_0",
					"domainDesc":	"standalone_ps7_cortexa9_0",
					"processors":	"ps7_cortexa9_0",
					"os":	"standalone",
					"sdxOs":	"standalone",
					"qemuArgs":	"<platformDir>/resources/HW_Export_V1/standalone_ps7_cortexa9_0/qemu_args.txt",
					"qemuData":	"<platformDir>/resources/HW_Export_V1/standalone_ps7_cortexa9_0/qemu",
					"debugEnable":	"False",
					"domRuntimes":	["cpp"],
					"swRepo":	"",
					"mssOsVer":	"9.2",
					"mssFile":	"",
					"md5Digest":	"35afe3afc5b1bf8f5a86c8734e9cd7a5",
					"compatibleApp":	"",
					"domType":	"mssDomain",
					"arch":	"32-bit",
					"appSettings":	{
						"appCompilerFlags":	"",
						"appLinkerFlags":	""
					},
					"addedLibs":	["lwip220:1.1", "xiltimer:2.1"],
					"libOptions":	{
						"lwip220":	{
							"mem_size":	"1000000",
							"memp_n_tcp_seg":	"65001",
							"phy_link_speed":	"CONFIG_LINKSPEED100",
							"tcp_snd_buf":	"65000",
							"libOptionNames":	["mem_size", "memp_n_tcp_seg", "phy_link_speed", "tcp_snd_buf"]
						},
						"libsContainingOptions":	["lwip220"]
					},
					"prebuiltLibs":	{
						"prebuiltIncPath":	[],
						"prebuiltLibPath":	[]
					},
					"isolation":	{
					}
				}]
		}]
}
KEYINFO::2026-08-17.20:32:15::SCWPlatform::updated the xpfm file.
TRACE::2026-08-17.20:32:15::SCWPlatform::Trying to open the hw design at C:/Users/tillkorsmeier/Desktop/MA/Z7-Nano/ParEIS-MSX/SW/HW_Export_V1/hw/HW_Export_V1.xsa
TRACE::2026-08-17.20:32:15::SCWPlatform::DSA given C:/Users/tillkorsmeier/Desktop/MA/Z7-Nano/ParEIS-MSX/SW/HW_Export_V1/hw/HW_Export_V1.xsa
TRACE::2026-08-17.20:32:15::SCWPlatform::DSA absoulate path C:/Users/tillkorsmeier/Desktop/MA/Z7-Nano/ParEIS-MSX/SW/HW_Export_V1/hw/HW_Export_V1.xsa
TRACE::2026-08-17.20:32:15::SCWPlatform::DSA directory C:/Users/tillkorsmeier/Desktop/MA/Z7-Nano/ParEIS-MSX/SW/HW_Export_V1/hw
TRACE::2026-08-17.20:32:15::SCWPlatform:: Platform Path C:/Users/tillkorsmeier/Desktop/MA/Z7-Nano/ParEIS-MSX/SW/HW_Export_V1/hw/HW_Export_V1.xsa
TRACE::2026-08-17.20:32:15::SCWPlatform:: Unique name xilinx:::0.0
TRACE::2026-08-17.20:32:15::SCWPlatform::Trying to set the existing hwdb with name design_1_wrapper_2
TRACE::2026-08-17.20:32:15::SCWPlatform::Opened existing hwdb design_1_wrapper_2
TRACE::2026-08-17.20:32:15::SCWPlatform::Found the Hw Db part of the input DSA
TRACE::2026-08-17.20:32:15::SCWMssOS::Checking the sw design at  C:/Users/tillkorsmeier/Desktop/MA/Z7-Nano/ParEIS-MSX/SW/HW_Export_V1/ps7_cortexa9_0/standalone_ps7_cortexa9_0/bsp/system.mss
TRACE::2026-08-17.20:32:15::SCWMssOS::DEBUG:  swdes dump  C:/Users/tillkorsmeier/Desktop/MA/Z7-Nano/ParEIS-MSX/SW/HW_Export_V1/ps7_cortexa9_0/standalone_ps7_cortexa9_0/bsp/system.mss|system_0||
C:/Users/tillkorsmeier/Desktop/MA/Z7-Nano/ParEIS-MSX/SW/HW_Export_V1/zynq_fsbl/zynq_fsbl_bsp/system.mss|system||

TRACE::2026-08-17.20:32:15::SCWMssOS::Sw design exists and opened at  C:/Users/tillkorsmeier/Desktop/MA/Z7-Nano/ParEIS-MSX/SW/HW_Export_V1/ps7_cortexa9_0/standalone_ps7_cortexa9_0/bsp/system.mss
TRACE::2026-08-19.17:39:56::SCWPlatform::Trying to open the hw design at C:/Users/tillkorsmeier/Desktop/MA/Z7-Nano/ParEIS-MSX/SW/HW_Export_V1/hw/HW_Export_V1.xsa
TRACE::2026-08-19.17:39:56::SCWPlatform::DSA given C:/Users/tillkorsmeier/Desktop/MA/Z7-Nano/ParEIS-MSX/SW/HW_Export_V1/hw/HW_Export_V1.xsa
TRACE::2026-08-19.17:39:56::SCWPlatform::DSA absoulate path C:/Users/tillkorsmeier/Desktop/MA/Z7-Nano/ParEIS-MSX/SW/HW_Export_V1/hw/HW_Export_V1.xsa
TRACE::2026-08-19.17:39:56::SCWPlatform::DSA directory C:/Users/tillkorsmeier/Desktop/MA/Z7-Nano/ParEIS-MSX/SW/HW_Export_V1/hw
TRACE::2026-08-19.17:39:56::SCWPlatform:: Platform Path C:/Users/tillkorsmeier/Desktop/MA/Z7-Nano/ParEIS-MSX/SW/HW_Export_V1/hw/HW_Export_V1.xsa
TRACE::2026-08-19.17:39:56::SCWPlatform:: Unique name xilinx:::0.0
TRACE::2026-08-19.17:39:56::SCWPlatform::Do not have an existing db opened. 
TRACE::2026-08-19.17:40:00::SCWPlatform::Opened new HwDB with name design_1_wrapper_0
TRACE::2026-08-19.17:40:00::SCWReader::Active system found as  HW_Export_V1
TRACE::2026-08-19.17:40:00::SCWReader::Handling sysconfig HW_Export_V1
TRACE::2026-08-19.17:40:00::SCWDomain::checking for install qemu data   : 
TRACE::2026-08-19.17:40:00::SCWDomain:: Using the QEMU Data from install at  : C:/Xilinx/Vitis/Vitis/2024.2/data/emulation/platforms/zynq/sw/a9_standalone/qemu/
TRACE::2026-08-19.17:40:00::SCWDomain:: Using the QEMU args  from install at  : C:/Xilinx/Vitis/Vitis/2024.2/data/emulation/platforms/zynq/sw/a9_standalone/qemu/qemu_args.txt
TRACE::2026-08-19.17:40:00::SCWPlatform::Trying to open the hw design at C:/Users/tillkorsmeier/Desktop/MA/Z7-Nano/ParEIS-MSX/SW/HW_Export_V1/hw/HW_Export_V1.xsa
TRACE::2026-08-19.17:40:00::SCWPlatform::DSA given C:/Users/tillkorsmeier/Desktop/MA/Z7-Nano/ParEIS-MSX/SW/HW_Export_V1/hw/HW_Export_V1.xsa
TRACE::2026-08-19.17:40:00::SCWPlatform::DSA absoulate path C:/Users/tillkorsmeier/Desktop/MA/Z7-Nano/ParEIS-MSX/SW/HW_Export_V1/hw/HW_Export_V1.xsa
TRACE::2026-08-19.17:40:00::SCWPlatform::DSA directory C:/Users/tillkorsmeier/Desktop/MA/Z7-Nano/ParEIS-MSX/SW/HW_Export_V1/hw
TRACE::2026-08-19.17:40:00::SCWPlatform:: Platform Path C:/Users/tillkorsmeier/Desktop/MA/Z7-Nano/ParEIS-MSX/SW/HW_Export_V1/hw/HW_Export_V1.xsa
TRACE::2026-08-19.17:40:00::SCWPlatform:: Unique name xilinx:::0.0
TRACE::2026-08-19.17:40:00::SCWPlatform::Trying to set the existing hwdb with name design_1_wrapper_0
TRACE::2026-08-19.17:40:00::SCWPlatform::Opened existing hwdb design_1_wrapper_0
TRACE::2026-08-19.17:40:00::SCWPlatform::Found the Hw Db part of the input DSA
TRACE::2026-08-19.17:40:00::SCWPlatform::Trying to open the hw design at C:/Users/tillkorsmeier/Desktop/MA/Z7-Nano/ParEIS-MSX/SW/HW_Export_V1/hw/HW_Export_V1.xsa
TRACE::2026-08-19.17:40:00::SCWPlatform::DSA given C:/Users/tillkorsmeier/Desktop/MA/Z7-Nano/ParEIS-MSX/SW/HW_Export_V1/hw/HW_Export_V1.xsa
TRACE::2026-08-19.17:40:00::SCWPlatform::DSA absoulate path C:/Users/tillkorsmeier/Desktop/MA/Z7-Nano/ParEIS-MSX/SW/HW_Export_V1/hw/HW_Export_V1.xsa
TRACE::2026-08-19.17:40:00::SCWPlatform::DSA directory C:/Users/tillkorsmeier/Desktop/MA/Z7-Nano/ParEIS-MSX/SW/HW_Export_V1/hw
TRACE::2026-08-19.17:40:00::SCWPlatform:: Platform Path C:/Users/tillkorsmeier/Desktop/MA/Z7-Nano/ParEIS-MSX/SW/HW_Export_V1/hw/HW_Export_V1.xsa
TRACE::2026-08-19.17:40:00::SCWPlatform:: Unique name xilinx:::0.0
TRACE::2026-08-19.17:40:00::SCWPlatform::Trying to set the existing hwdb with name design_1_wrapper_0
TRACE::2026-08-19.17:40:00::SCWPlatform::Opened existing hwdb design_1_wrapper_0
TRACE::2026-08-19.17:40:00::SCWPlatform::Found the Hw Db part of the input DSA
TRACE::2026-08-19.17:40:00::SCWPlatform::Trying to open the hw design at C:/Users/tillkorsmeier/Desktop/MA/Z7-Nano/ParEIS-MSX/SW/HW_Export_V1/hw/HW_Export_V1.xsa
TRACE::2026-08-19.17:40:00::SCWPlatform::DSA given C:/Users/tillkorsmeier/Desktop/MA/Z7-Nano/ParEIS-MSX/SW/HW_Export_V1/hw/HW_Export_V1.xsa
TRACE::2026-08-19.17:40:00::SCWPlatform::DSA absoulate path C:/Users/tillkorsmeier/Desktop/MA/Z7-Nano/ParEIS-MSX/SW/HW_Export_V1/hw/HW_Export_V1.xsa
TRACE::2026-08-19.17:40:00::SCWPlatform::DSA directory C:/Users/tillkorsmeier/Desktop/MA/Z7-Nano/ParEIS-MSX/SW/HW_Export_V1/hw
TRACE::2026-08-19.17:40:00::SCWPlatform:: Platform Path C:/Users/tillkorsmeier/Desktop/MA/Z7-Nano/ParEIS-MSX/SW/HW_Export_V1/hw/HW_Export_V1.xsa
TRACE::2026-08-19.17:40:00::SCWPlatform:: Unique name xilinx:::0.0
TRACE::2026-08-19.17:40:00::SCWPlatform::Trying to set the existing hwdb with name design_1_wrapper_0
TRACE::2026-08-19.17:40:00::SCWPlatform::Opened existing hwdb design_1_wrapper_0
TRACE::2026-08-19.17:40:00::SCWPlatform::Found the Hw Db part of the input DSA
TRACE::2026-08-19.17:40:00::SCWReader::Boot application domain added for zynq_fsbl
TRACE::2026-08-19.17:40:00::SCWPlatform::Trying to open the hw design at C:/Users/tillkorsmeier/Desktop/MA/Z7-Nano/ParEIS-MSX/SW/HW_Export_V1/hw/HW_Export_V1.xsa
TRACE::2026-08-19.17:40:00::SCWPlatform::DSA given C:/Users/tillkorsmeier/Desktop/MA/Z7-Nano/ParEIS-MSX/SW/HW_Export_V1/hw/HW_Export_V1.xsa
TRACE::2026-08-19.17:40:00::SCWPlatform::DSA absoulate path C:/Users/tillkorsmeier/Desktop/MA/Z7-Nano/ParEIS-MSX/SW/HW_Export_V1/hw/HW_Export_V1.xsa
TRACE::2026-08-19.17:40:00::SCWPlatform::DSA directory C:/Users/tillkorsmeier/Desktop/MA/Z7-Nano/ParEIS-MSX/SW/HW_Export_V1/hw
TRACE::2026-08-19.17:40:00::SCWPlatform:: Platform Path C:/Users/tillkorsmeier/Desktop/MA/Z7-Nano/ParEIS-MSX/SW/HW_Export_V1/hw/HW_Export_V1.xsa
TRACE::2026-08-19.17:40:00::SCWPlatform:: Unique name xilinx:::0.0
TRACE::2026-08-19.17:40:00::SCWPlatform::Trying to set the existing hwdb with name design_1_wrapper_0
TRACE::2026-08-19.17:40:00::SCWPlatform::Opened existing hwdb design_1_wrapper_0
TRACE::2026-08-19.17:40:00::SCWPlatform::Found the Hw Db part of the input DSA
TRACE::2026-08-19.17:40:00::SCWMssOS::Checking the sw design at  C:/Users/tillkorsmeier/Desktop/MA/Z7-Nano/ParEIS-MSX/SW/HW_Export_V1/zynq_fsbl/zynq_fsbl_bsp/system.mss
TRACE::2026-08-19.17:40:00::SCWMssOS::DEBUG:  swdes dump  
TRACE::2026-08-19.17:40:00::SCWMssOS::No sw design opened at  C:/Users/tillkorsmeier/Desktop/MA/Z7-Nano/ParEIS-MSX/SW/HW_Export_V1/zynq_fsbl/zynq_fsbl_bsp/system.mss
TRACE::2026-08-19.17:40:00::SCWMssOS::mss exists loading the mss file  C:/Users/tillkorsmeier/Desktop/MA/Z7-Nano/ParEIS-MSX/SW/HW_Export_V1/zynq_fsbl/zynq_fsbl_bsp/system.mss
TRACE::2026-08-19.17:40:00::SCWMssOS::Opened the sw design from mss  C:/Users/tillkorsmeier/Desktop/MA/Z7-Nano/ParEIS-MSX/SW/HW_Export_V1/zynq_fsbl/zynq_fsbl_bsp/system.mss
TRACE::2026-08-19.17:40:00::SCWMssOS::Adding the swdes entry C:/Users/tillkorsmeier/Desktop/MA/Z7-Nano/ParEIS-MSX/SW/HW_Export_V1/zynq_fsbl/zynq_fsbl_bsp/system.mss with des name system
TRACE::2026-08-19.17:40:00::SCWMssOS::updating the scw layer about changes
TRACE::2026-08-19.17:40:00::SCWMssOS::Opened the sw design.  C:/Users/tillkorsmeier/Desktop/MA/Z7-Nano/ParEIS-MSX/SW/HW_Export_V1/zynq_fsbl/zynq_fsbl_bsp/system.mss
TRACE::2026-08-19.17:40:00::SCWPlatform::Trying to open the hw design at C:/Users/tillkorsmeier/Desktop/MA/Z7-Nano/ParEIS-MSX/SW/HW_Export_V1/hw/HW_Export_V1.xsa
TRACE::2026-08-19.17:40:00::SCWPlatform::DSA given C:/Users/tillkorsmeier/Desktop/MA/Z7-Nano/ParEIS-MSX/SW/HW_Export_V1/hw/HW_Export_V1.xsa
TRACE::2026-08-19.17:40:00::SCWPlatform::DSA absoulate path C:/Users/tillkorsmeier/Desktop/MA/Z7-Nano/ParEIS-MSX/SW/HW_Export_V1/hw/HW_Export_V1.xsa
TRACE::2026-08-19.17:40:00::SCWPlatform::DSA directory C:/Users/tillkorsmeier/Desktop/MA/Z7-Nano/ParEIS-MSX/SW/HW_Export_V1/hw
TRACE::2026-08-19.17:40:00::SCWPlatform:: Platform Path C:/Users/tillkorsmeier/Desktop/MA/Z7-Nano/ParEIS-MSX/SW/HW_Export_V1/hw/HW_Export_V1.xsa
TRACE::2026-08-19.17:40:00::SCWPlatform:: Unique name xilinx:::0.0
TRACE::2026-08-19.17:40:00::SCWPlatform::Trying to set the existing hwdb with name design_1_wrapper_0
TRACE::2026-08-19.17:40:00::SCWPlatform::Opened existing hwdb design_1_wrapper_0
TRACE::2026-08-19.17:40:00::SCWPlatform::Found the Hw Db part of the input DSA
TRACE::2026-08-19.17:40:00::SCWMssOS::Checking the sw design at  C:/Users/tillkorsmeier/Desktop/MA/Z7-Nano/ParEIS-MSX/SW/HW_Export_V1/zynq_fsbl/zynq_fsbl_bsp/system.mss
TRACE::2026-08-19.17:40:00::SCWMssOS::DEBUG:  swdes dump  C:/Users/tillkorsmeier/Desktop/MA/Z7-Nano/ParEIS-MSX/SW/HW_Export_V1/zynq_fsbl/zynq_fsbl_bsp/system.mss|system||

TRACE::2026-08-19.17:40:00::SCWMssOS::Sw design exists and opened at  C:/Users/tillkorsmeier/Desktop/MA/Z7-Nano/ParEIS-MSX/SW/HW_Export_V1/zynq_fsbl/zynq_fsbl_bsp/system.mss
TRACE::2026-08-19.17:40:00::SCWMssOS:: library already available in sw design:  xilffs:5.3
TRACE::2026-08-19.17:40:00::SCWPlatform::Trying to open the hw design at C:/Users/tillkorsmeier/Desktop/MA/Z7-Nano/ParEIS-MSX/SW/HW_Export_V1/hw/HW_Export_V1.xsa
TRACE::2026-08-19.17:40:00::SCWPlatform::DSA given C:/Users/tillkorsmeier/Desktop/MA/Z7-Nano/ParEIS-MSX/SW/HW_Export_V1/hw/HW_Export_V1.xsa
TRACE::2026-08-19.17:40:00::SCWPlatform::DSA absoulate path C:/Users/tillkorsmeier/Desktop/MA/Z7-Nano/ParEIS-MSX/SW/HW_Export_V1/hw/HW_Export_V1.xsa
TRACE::2026-08-19.17:40:00::SCWPlatform::DSA directory C:/Users/tillkorsmeier/Desktop/MA/Z7-Nano/ParEIS-MSX/SW/HW_Export_V1/hw
TRACE::2026-08-19.17:40:00::SCWPlatform:: Platform Path C:/Users/tillkorsmeier/Desktop/MA/Z7-Nano/ParEIS-MSX/SW/HW_Export_V1/hw/HW_Export_V1.xsa
TRACE::2026-08-19.17:40:00::SCWPlatform:: Unique name xilinx:::0.0
TRACE::2026-08-19.17:40:00::SCWPlatform::Trying to set the existing hwdb with name design_1_wrapper_0
TRACE::2026-08-19.17:40:00::SCWPlatform::Opened existing hwdb design_1_wrapper_0
TRACE::2026-08-19.17:40:00::SCWPlatform::Found the Hw Db part of the input DSA
TRACE::2026-08-19.17:40:00::SCWMssOS::Checking the sw design at  C:/Users/tillkorsmeier/Desktop/MA/Z7-Nano/ParEIS-MSX/SW/HW_Export_V1/zynq_fsbl/zynq_fsbl_bsp/system.mss
TRACE::2026-08-19.17:40:00::SCWMssOS::DEBUG:  swdes dump  C:/Users/tillkorsmeier/Desktop/MA/Z7-Nano/ParEIS-MSX/SW/HW_Export_V1/zynq_fsbl/zynq_fsbl_bsp/system.mss|system||

TRACE::2026-08-19.17:40:00::SCWMssOS::Sw design exists and opened at  C:/Users/tillkorsmeier/Desktop/MA/Z7-Nano/ParEIS-MSX/SW/HW_Export_V1/zynq_fsbl/zynq_fsbl_bsp/system.mss
TRACE::2026-08-19.17:40:00::SCWMssOS:: library already available in sw design:  xilrsa:1.8
TRACE::2026-08-19.17:40:00::SCWMssOS::Saving the mss changes C:/Users/tillkorsmeier/Desktop/MA/Z7-Nano/ParEIS-MSX/SW/HW_Export_V1/zynq_fsbl/zynq_fsbl_bsp/system.mss
TRACE::2026-08-19.17:40:00::SCWMssOS::Found a swdesign opened with the mssfile.
TRACE::2026-08-19.17:40:00::SCWMssOS::Completed writemss as part of save.
TRACE::2026-08-19.17:40:00::SCWMssOS::Commit changes completed.
TRACE::2026-08-19.17:40:00::SCWReader::Adding prebuilt librarypaths as   
TRACE::2026-08-19.17:40:00::SCWReader::Adding prebuilt incpaths  as   
TRACE::2026-08-19.17:40:00::SCWPlatform::Trying to open the hw design at C:/Users/tillkorsmeier/Desktop/MA/Z7-Nano/ParEIS-MSX/SW/HW_Export_V1/hw/HW_Export_V1.xsa
TRACE::2026-08-19.17:40:00::SCWPlatform::DSA given C:/Users/tillkorsmeier/Desktop/MA/Z7-Nano/ParEIS-MSX/SW/HW_Export_V1/hw/HW_Export_V1.xsa
TRACE::2026-08-19.17:40:00::SCWPlatform::DSA absoulate path C:/Users/tillkorsmeier/Desktop/MA/Z7-Nano/ParEIS-MSX/SW/HW_Export_V1/hw/HW_Export_V1.xsa
TRACE::2026-08-19.17:40:00::SCWPlatform::DSA directory C:/Users/tillkorsmeier/Desktop/MA/Z7-Nano/ParEIS-MSX/SW/HW_Export_V1/hw
TRACE::2026-08-19.17:40:00::SCWPlatform:: Platform Path C:/Users/tillkorsmeier/Desktop/MA/Z7-Nano/ParEIS-MSX/SW/HW_Export_V1/hw/HW_Export_V1.xsa
TRACE::2026-08-19.17:40:00::SCWPlatform:: Unique name xilinx:::0.0
TRACE::2026-08-19.17:40:00::SCWPlatform::Trying to set the existing hwdb with name design_1_wrapper_0
TRACE::2026-08-19.17:40:00::SCWPlatform::Opened existing hwdb design_1_wrapper_0
TRACE::2026-08-19.17:40:00::SCWPlatform::Found the Hw Db part of the input DSA
TRACE::2026-08-19.17:40:00::SCWMssOS::Checking the sw design at  C:/Users/tillkorsmeier/Desktop/MA/Z7-Nano/ParEIS-MSX/SW/HW_Export_V1/zynq_fsbl/zynq_fsbl_bsp/system.mss
TRACE::2026-08-19.17:40:00::SCWMssOS::DEBUG:  swdes dump  C:/Users/tillkorsmeier/Desktop/MA/Z7-Nano/ParEIS-MSX/SW/HW_Export_V1/zynq_fsbl/zynq_fsbl_bsp/system.mss|system||

TRACE::2026-08-19.17:40:00::SCWMssOS::Sw design exists and opened at  C:/Users/tillkorsmeier/Desktop/MA/Z7-Nano/ParEIS-MSX/SW/HW_Export_V1/zynq_fsbl/zynq_fsbl_bsp/system.mss
TRACE::2026-08-19.17:40:00::SCWReader::No isolation master present  
TRACE::2026-08-19.17:40:00::SCWDomain::checking for install qemu data   : 
TRACE::2026-08-19.17:40:00::SCWDomain:: Using the QEMU Data from install at  : C:/Xilinx/Vitis/Vitis/2024.2/data/emulation/platforms/zynq/sw/a9_standalone/qemu/
TRACE::2026-08-19.17:40:00::SCWDomain:: Using the QEMU args  from install at  : C:/Xilinx/Vitis/Vitis/2024.2/data/emulation/platforms/zynq/sw/a9_standalone/qemu/qemu_args.txt
TRACE::2026-08-19.17:40:00::SCWPlatform::Trying to open the hw design at C:/Users/tillkorsmeier/Desktop/MA/Z7-Nano/ParEIS-MSX/SW/HW_Export_V1/hw/HW_Export_V1.xsa
TRACE::2026-08-19.17:40:00::SCWPlatform::DSA given C:/Users/tillkorsmeier/Desktop/MA/Z7-Nano/ParEIS-MSX/SW/HW_Export_V1/hw/HW_Export_V1.xsa
TRACE::2026-08-19.17:40:00::SCWPlatform::DSA absoulate path C:/Users/tillkorsmeier/Desktop/MA/Z7-Nano/ParEIS-MSX/SW/HW_Export_V1/hw/HW_Export_V1.xsa
TRACE::2026-08-19.17:40:00::SCWPlatform::DSA directory C:/Users/tillkorsmeier/Desktop/MA/Z7-Nano/ParEIS-MSX/SW/HW_Export_V1/hw
TRACE::2026-08-19.17:40:00::SCWPlatform:: Platform Path C:/Users/tillkorsmeier/Desktop/MA/Z7-Nano/ParEIS-MSX/SW/HW_Export_V1/hw/HW_Export_V1.xsa
TRACE::2026-08-19.17:40:00::SCWPlatform:: Unique name xilinx:::0.0
TRACE::2026-08-19.17:40:00::SCWPlatform::Trying to set the existing hwdb with name design_1_wrapper_0
TRACE::2026-08-19.17:40:00::SCWPlatform::Opened existing hwdb design_1_wrapper_0
TRACE::2026-08-19.17:40:00::SCWPlatform::Found the Hw Db part of the input DSA
TRACE::2026-08-19.17:40:00::SCWPlatform::Trying to open the hw design at C:/Users/tillkorsmeier/Desktop/MA/Z7-Nano/ParEIS-MSX/SW/HW_Export_V1/hw/HW_Export_V1.xsa
TRACE::2026-08-19.17:40:00::SCWPlatform::DSA given C:/Users/tillkorsmeier/Desktop/MA/Z7-Nano/ParEIS-MSX/SW/HW_Export_V1/hw/HW_Export_V1.xsa
TRACE::2026-08-19.17:40:00::SCWPlatform::DSA absoulate path C:/Users/tillkorsmeier/Desktop/MA/Z7-Nano/ParEIS-MSX/SW/HW_Export_V1/hw/HW_Export_V1.xsa
TRACE::2026-08-19.17:40:00::SCWPlatform::DSA directory C:/Users/tillkorsmeier/Desktop/MA/Z7-Nano/ParEIS-MSX/SW/HW_Export_V1/hw
TRACE::2026-08-19.17:40:00::SCWPlatform:: Platform Path C:/Users/tillkorsmeier/Desktop/MA/Z7-Nano/ParEIS-MSX/SW/HW_Export_V1/hw/HW_Export_V1.xsa
TRACE::2026-08-19.17:40:00::SCWPlatform:: Unique name xilinx:::0.0
TRACE::2026-08-19.17:40:00::SCWPlatform::Trying to set the existing hwdb with name design_1_wrapper_0
TRACE::2026-08-19.17:40:00::SCWPlatform::Opened existing hwdb design_1_wrapper_0
TRACE::2026-08-19.17:40:00::SCWPlatform::Found the Hw Db part of the input DSA
TRACE::2026-08-19.17:40:00::SCWPlatform::Trying to open the hw design at C:/Users/tillkorsmeier/Desktop/MA/Z7-Nano/ParEIS-MSX/SW/HW_Export_V1/hw/HW_Export_V1.xsa
TRACE::2026-08-19.17:40:00::SCWPlatform::DSA given C:/Users/tillkorsmeier/Desktop/MA/Z7-Nano/ParEIS-MSX/SW/HW_Export_V1/hw/HW_Export_V1.xsa
TRACE::2026-08-19.17:40:00::SCWPlatform::DSA absoulate path C:/Users/tillkorsmeier/Desktop/MA/Z7-Nano/ParEIS-MSX/SW/HW_Export_V1/hw/HW_Export_V1.xsa
TRACE::2026-08-19.17:40:00::SCWPlatform::DSA directory C:/Users/tillkorsmeier/Desktop/MA/Z7-Nano/ParEIS-MSX/SW/HW_Export_V1/hw
TRACE::2026-08-19.17:40:00::SCWPlatform:: Platform Path C:/Users/tillkorsmeier/Desktop/MA/Z7-Nano/ParEIS-MSX/SW/HW_Export_V1/hw/HW_Export_V1.xsa
TRACE::2026-08-19.17:40:00::SCWPlatform:: Unique name xilinx:::0.0
TRACE::2026-08-19.17:40:00::SCWPlatform::Trying to set the existing hwdb with name design_1_wrapper_0
TRACE::2026-08-19.17:40:00::SCWPlatform::Opened existing hwdb design_1_wrapper_0
TRACE::2026-08-19.17:40:00::SCWPlatform::Found the Hw Db part of the input DSA
TRACE::2026-08-19.17:40:00::SCWMssOS::Checking the sw design at  C:/Users/tillkorsmeier/Desktop/MA/Z7-Nano/ParEIS-MSX/SW/HW_Export_V1/ps7_cortexa9_0/standalone_ps7_cortexa9_0/bsp/system.mss
TRACE::2026-08-19.17:40:00::SCWMssOS::DEBUG:  swdes dump  C:/Users/tillkorsmeier/Desktop/MA/Z7-Nano/ParEIS-MSX/SW/HW_Export_V1/zynq_fsbl/zynq_fsbl_bsp/system.mss|system||

TRACE::2026-08-19.17:40:00::SCWMssOS::No sw design opened at  C:/Users/tillkorsmeier/Desktop/MA/Z7-Nano/ParEIS-MSX/SW/HW_Export_V1/ps7_cortexa9_0/standalone_ps7_cortexa9_0/bsp/system.mss
TRACE::2026-08-19.17:40:00::SCWMssOS::mss exists loading the mss file  C:/Users/tillkorsmeier/Desktop/MA/Z7-Nano/ParEIS-MSX/SW/HW_Export_V1/ps7_cortexa9_0/standalone_ps7_cortexa9_0/bsp/system.mss
TRACE::2026-08-19.17:40:00::SCWMssOS::Opened the sw design from mss  C:/Users/tillkorsmeier/Desktop/MA/Z7-Nano/ParEIS-MSX/SW/HW_Export_V1/ps7_cortexa9_0/standalone_ps7_cortexa9_0/bsp/system.mss
TRACE::2026-08-19.17:40:00::SCWMssOS::Adding the swdes entry C:/Users/tillkorsmeier/Desktop/MA/Z7-Nano/ParEIS-MSX/SW/HW_Export_V1/ps7_cortexa9_0/standalone_ps7_cortexa9_0/bsp/system.mss with des name system_0
TRACE::2026-08-19.17:40:00::SCWMssOS::updating the scw layer about changes
TRACE::2026-08-19.17:40:00::SCWMssOS::Opened the sw design.  C:/Users/tillkorsmeier/Desktop/MA/Z7-Nano/ParEIS-MSX/SW/HW_Export_V1/ps7_cortexa9_0/standalone_ps7_cortexa9_0/bsp/system.mss
TRACE::2026-08-19.17:40:00::SCWPlatform::Trying to open the hw design at C:/Users/tillkorsmeier/Desktop/MA/Z7-Nano/ParEIS-MSX/SW/HW_Export_V1/hw/HW_Export_V1.xsa
TRACE::2026-08-19.17:40:00::SCWPlatform::DSA given C:/Users/tillkorsmeier/Desktop/MA/Z7-Nano/ParEIS-MSX/SW/HW_Export_V1/hw/HW_Export_V1.xsa
TRACE::2026-08-19.17:40:00::SCWPlatform::DSA absoulate path C:/Users/tillkorsmeier/Desktop/MA/Z7-Nano/ParEIS-MSX/SW/HW_Export_V1/hw/HW_Export_V1.xsa
TRACE::2026-08-19.17:40:00::SCWPlatform::DSA directory C:/Users/tillkorsmeier/Desktop/MA/Z7-Nano/ParEIS-MSX/SW/HW_Export_V1/hw
TRACE::2026-08-19.17:40:00::SCWPlatform:: Platform Path C:/Users/tillkorsmeier/Desktop/MA/Z7-Nano/ParEIS-MSX/SW/HW_Export_V1/hw/HW_Export_V1.xsa
TRACE::2026-08-19.17:40:00::SCWPlatform:: Unique name xilinx:::0.0
TRACE::2026-08-19.17:40:00::SCWPlatform::Trying to set the existing hwdb with name design_1_wrapper_0
TRACE::2026-08-19.17:40:00::SCWPlatform::Opened existing hwdb design_1_wrapper_0
TRACE::2026-08-19.17:40:00::SCWPlatform::Found the Hw Db part of the input DSA
TRACE::2026-08-19.17:40:00::SCWMssOS::Checking the sw design at  C:/Users/tillkorsmeier/Desktop/MA/Z7-Nano/ParEIS-MSX/SW/HW_Export_V1/ps7_cortexa9_0/standalone_ps7_cortexa9_0/bsp/system.mss
TRACE::2026-08-19.17:40:00::SCWMssOS::DEBUG:  swdes dump  C:/Users/tillkorsmeier/Desktop/MA/Z7-Nano/ParEIS-MSX/SW/HW_Export_V1/ps7_cortexa9_0/standalone_ps7_cortexa9_0/bsp/system.mss|system_0||
C:/Users/tillkorsmeier/Desktop/MA/Z7-Nano/ParEIS-MSX/SW/HW_Export_V1/zynq_fsbl/zynq_fsbl_bsp/system.mss|system||

TRACE::2026-08-19.17:40:00::SCWMssOS::Sw design exists and opened at  C:/Users/tillkorsmeier/Desktop/MA/Z7-Nano/ParEIS-MSX/SW/HW_Export_V1/ps7_cortexa9_0/standalone_ps7_cortexa9_0/bsp/system.mss
TRACE::2026-08-19.17:40:00::SCWMssOS:: library already available in sw design:  lwip220:1.1
TRACE::2026-08-19.17:40:00::SCWPlatform::Trying to open the hw design at C:/Users/tillkorsmeier/Desktop/MA/Z7-Nano/ParEIS-MSX/SW/HW_Export_V1/hw/HW_Export_V1.xsa
TRACE::2026-08-19.17:40:00::SCWPlatform::DSA given C:/Users/tillkorsmeier/Desktop/MA/Z7-Nano/ParEIS-MSX/SW/HW_Export_V1/hw/HW_Export_V1.xsa
TRACE::2026-08-19.17:40:00::SCWPlatform::DSA absoulate path C:/Users/tillkorsmeier/Desktop/MA/Z7-Nano/ParEIS-MSX/SW/HW_Export_V1/hw/HW_Export_V1.xsa
TRACE::2026-08-19.17:40:00::SCWPlatform::DSA directory C:/Users/tillkorsmeier/Desktop/MA/Z7-Nano/ParEIS-MSX/SW/HW_Export_V1/hw
TRACE::2026-08-19.17:40:00::SCWPlatform:: Platform Path C:/Users/tillkorsmeier/Desktop/MA/Z7-Nano/ParEIS-MSX/SW/HW_Export_V1/hw/HW_Export_V1.xsa
TRACE::2026-08-19.17:40:00::SCWPlatform:: Unique name xilinx:::0.0
TRACE::2026-08-19.17:40:00::SCWPlatform::Trying to set the existing hwdb with name design_1_wrapper_0
TRACE::2026-08-19.17:40:00::SCWPlatform::Opened existing hwdb design_1_wrapper_0
TRACE::2026-08-19.17:40:00::SCWPlatform::Found the Hw Db part of the input DSA
TRACE::2026-08-19.17:40:00::SCWMssOS::Checking the sw design at  C:/Users/tillkorsmeier/Desktop/MA/Z7-Nano/ParEIS-MSX/SW/HW_Export_V1/ps7_cortexa9_0/standalone_ps7_cortexa9_0/bsp/system.mss
TRACE::2026-08-19.17:40:00::SCWMssOS::DEBUG:  swdes dump  C:/Users/tillkorsmeier/Desktop/MA/Z7-Nano/ParEIS-MSX/SW/HW_Export_V1/ps7_cortexa9_0/standalone_ps7_cortexa9_0/bsp/system.mss|system_0||
C:/Users/tillkorsmeier/Desktop/MA/Z7-Nano/ParEIS-MSX/SW/HW_Export_V1/zynq_fsbl/zynq_fsbl_bsp/system.mss|system||

TRACE::2026-08-19.17:40:00::SCWMssOS::Sw design exists and opened at  C:/Users/tillkorsmeier/Desktop/MA/Z7-Nano/ParEIS-MSX/SW/HW_Export_V1/ps7_cortexa9_0/standalone_ps7_cortexa9_0/bsp/system.mss
TRACE::2026-08-19.17:40:00::SCWMssOS:: library already available in sw design:  xiltimer:2.1
TRACE::2026-08-19.17:40:00::SCWPlatform::Trying to open the hw design at C:/Users/tillkorsmeier/Desktop/MA/Z7-Nano/ParEIS-MSX/SW/HW_Export_V1/hw/HW_Export_V1.xsa
TRACE::2026-08-19.17:40:00::SCWPlatform::DSA given C:/Users/tillkorsmeier/Desktop/MA/Z7-Nano/ParEIS-MSX/SW/HW_Export_V1/hw/HW_Export_V1.xsa
TRACE::2026-08-19.17:40:00::SCWPlatform::DSA absoulate path C:/Users/tillkorsmeier/Desktop/MA/Z7-Nano/ParEIS-MSX/SW/HW_Export_V1/hw/HW_Export_V1.xsa
TRACE::2026-08-19.17:40:00::SCWPlatform::DSA directory C:/Users/tillkorsmeier/Desktop/MA/Z7-Nano/ParEIS-MSX/SW/HW_Export_V1/hw
TRACE::2026-08-19.17:40:00::SCWPlatform:: Platform Path C:/Users/tillkorsmeier/Desktop/MA/Z7-Nano/ParEIS-MSX/SW/HW_Export_V1/hw/HW_Export_V1.xsa
TRACE::2026-08-19.17:40:00::SCWPlatform:: Unique name xilinx:::0.0
TRACE::2026-08-19.17:40:00::SCWPlatform::Trying to set the existing hwdb with name design_1_wrapper_0
TRACE::2026-08-19.17:40:00::SCWPlatform::Opened existing hwdb design_1_wrapper_0
TRACE::2026-08-19.17:40:00::SCWPlatform::Found the Hw Db part of the input DSA
TRACE::2026-08-19.17:40:00::SCWMssOS::Checking the sw design at  C:/Users/tillkorsmeier/Desktop/MA/Z7-Nano/ParEIS-MSX/SW/HW_Export_V1/ps7_cortexa9_0/standalone_ps7_cortexa9_0/bsp/system.mss
TRACE::2026-08-19.17:40:00::SCWMssOS::DEBUG:  swdes dump  C:/Users/tillkorsmeier/Desktop/MA/Z7-Nano/ParEIS-MSX/SW/HW_Export_V1/ps7_cortexa9_0/standalone_ps7_cortexa9_0/bsp/system.mss|system_0||
C:/Users/tillkorsmeier/Desktop/MA/Z7-Nano/ParEIS-MSX/SW/HW_Export_V1/zynq_fsbl/zynq_fsbl_bsp/system.mss|system||

TRACE::2026-08-19.17:40:00::SCWMssOS::Sw design exists and opened at  C:/Users/tillkorsmeier/Desktop/MA/Z7-Nano/ParEIS-MSX/SW/HW_Export_V1/ps7_cortexa9_0/standalone_ps7_cortexa9_0/bsp/system.mss
TRACE::2026-08-19.17:40:00::SCWPlatform::Trying to open the hw design at C:/Users/tillkorsmeier/Desktop/MA/Z7-Nano/ParEIS-MSX/SW/HW_Export_V1/hw/HW_Export_V1.xsa
TRACE::2026-08-19.17:40:00::SCWPlatform::DSA given C:/Users/tillkorsmeier/Desktop/MA/Z7-Nano/ParEIS-MSX/SW/HW_Export_V1/hw/HW_Export_V1.xsa
TRACE::2026-08-19.17:40:00::SCWPlatform::DSA absoulate path C:/Users/tillkorsmeier/Desktop/MA/Z7-Nano/ParEIS-MSX/SW/HW_Export_V1/hw/HW_Export_V1.xsa
TRACE::2026-08-19.17:40:00::SCWPlatform::DSA directory C:/Users/tillkorsmeier/Desktop/MA/Z7-Nano/ParEIS-MSX/SW/HW_Export_V1/hw
TRACE::2026-08-19.17:40:00::SCWPlatform:: Platform Path C:/Users/tillkorsmeier/Desktop/MA/Z7-Nano/ParEIS-MSX/SW/HW_Export_V1/hw/HW_Export_V1.xsa
TRACE::2026-08-19.17:40:00::SCWPlatform:: Unique name xilinx:::0.0
TRACE::2026-08-19.17:40:00::SCWPlatform::Trying to set the existing hwdb with name design_1_wrapper_0
TRACE::2026-08-19.17:40:00::SCWPlatform::Opened existing hwdb design_1_wrapper_0
TRACE::2026-08-19.17:40:00::SCWPlatform::Found the Hw Db part of the input DSA
TRACE::2026-08-19.17:40:00::SCWMssOS::Checking the sw design at  C:/Users/tillkorsmeier/Desktop/MA/Z7-Nano/ParEIS-MSX/SW/HW_Export_V1/ps7_cortexa9_0/standalone_ps7_cortexa9_0/bsp/system.mss
TRACE::2026-08-19.17:40:00::SCWMssOS::DEBUG:  swdes dump  C:/Users/tillkorsmeier/Desktop/MA/Z7-Nano/ParEIS-MSX/SW/HW_Export_V1/ps7_cortexa9_0/standalone_ps7_cortexa9_0/bsp/system.mss|system_0||
C:/Users/tillkorsmeier/Desktop/MA/Z7-Nano/ParEIS-MSX/SW/HW_Export_V1/zynq_fsbl/zynq_fsbl_bsp/system.mss|system||

TRACE::2026-08-19.17:40:00::SCWMssOS::Sw design exists and opened at  C:/Users/tillkorsmeier/Desktop/MA/Z7-Nano/ParEIS-MSX/SW/HW_Export_V1/ps7_cortexa9_0/standalone_ps7_cortexa9_0/bsp/system.mss
TRACE::2026-08-19.17:40:00::SCWPlatform::Trying to open the hw design at C:/Users/tillkorsmeier/Desktop/MA/Z7-Nano/ParEIS-MSX/SW/HW_Export_V1/hw/HW_Export_V1.xsa
TRACE::2026-08-19.17:40:00::SCWPlatform::DSA given C:/Users/tillkorsmeier/Desktop/MA/Z7-Nano/ParEIS-MSX/SW/HW_Export_V1/hw/HW_Export_V1.xsa
TRACE::2026-08-19.17:40:00::SCWPlatform::DSA absoulate path C:/Users/tillkorsmeier/Desktop/MA/Z7-Nano/ParEIS-MSX/SW/HW_Export_V1/hw/HW_Export_V1.xsa
TRACE::2026-08-19.17:40:00::SCWPlatform::DSA directory C:/Users/tillkorsmeier/Desktop/MA/Z7-Nano/ParEIS-MSX/SW/HW_Export_V1/hw
TRACE::2026-08-19.17:40:00::SCWPlatform:: Platform Path C:/Users/tillkorsmeier/Desktop/MA/Z7-Nano/ParEIS-MSX/SW/HW_Export_V1/hw/HW_Export_V1.xsa
TRACE::2026-08-19.17:40:00::SCWPlatform:: Unique name xilinx:::0.0
TRACE::2026-08-19.17:40:00::SCWPlatform::Trying to set the existing hwdb with name design_1_wrapper_0
TRACE::2026-08-19.17:40:00::SCWPlatform::Opened existing hwdb design_1_wrapper_0
TRACE::2026-08-19.17:40:00::SCWPlatform::Found the Hw Db part of the input DSA
TRACE::2026-08-19.17:40:00::SCWMssOS::Checking the sw design at  C:/Users/tillkorsmeier/Desktop/MA/Z7-Nano/ParEIS-MSX/SW/HW_Export_V1/ps7_cortexa9_0/standalone_ps7_cortexa9_0/bsp/system.mss
TRACE::2026-08-19.17:40:00::SCWMssOS::DEBUG:  swdes dump  C:/Users/tillkorsmeier/Desktop/MA/Z7-Nano/ParEIS-MSX/SW/HW_Export_V1/ps7_cortexa9_0/standalone_ps7_cortexa9_0/bsp/system.mss|system_0||
C:/Users/tillkorsmeier/Desktop/MA/Z7-Nano/ParEIS-MSX/SW/HW_Export_V1/zynq_fsbl/zynq_fsbl_bsp/system.mss|system||

TRACE::2026-08-19.17:40:00::SCWMssOS::Sw design exists and opened at  C:/Users/tillkorsmeier/Desktop/MA/Z7-Nano/ParEIS-MSX/SW/HW_Export_V1/ps7_cortexa9_0/standalone_ps7_cortexa9_0/bsp/system.mss
TRACE::2026-08-19.17:40:00::SCWPlatform::Trying to open the hw design at C:/Users/tillkorsmeier/Desktop/MA/Z7-Nano/ParEIS-MSX/SW/HW_Export_V1/hw/HW_Export_V1.xsa
TRACE::2026-08-19.17:40:00::SCWPlatform::DSA given C:/Users/tillkorsmeier/Desktop/MA/Z7-Nano/ParEIS-MSX/SW/HW_Export_V1/hw/HW_Export_V1.xsa
TRACE::2026-08-19.17:40:00::SCWPlatform::DSA absoulate path C:/Users/tillkorsmeier/Desktop/MA/Z7-Nano/ParEIS-MSX/SW/HW_Export_V1/hw/HW_Export_V1.xsa
TRACE::2026-08-19.17:40:00::SCWPlatform::DSA directory C:/Users/tillkorsmeier/Desktop/MA/Z7-Nano/ParEIS-MSX/SW/HW_Export_V1/hw
TRACE::2026-08-19.17:40:00::SCWPlatform:: Platform Path C:/Users/tillkorsmeier/Desktop/MA/Z7-Nano/ParEIS-MSX/SW/HW_Export_V1/hw/HW_Export_V1.xsa
TRACE::2026-08-19.17:40:00::SCWPlatform:: Unique name xilinx:::0.0
TRACE::2026-08-19.17:40:00::SCWPlatform::Trying to set the existing hwdb with name design_1_wrapper_0
TRACE::2026-08-19.17:40:00::SCWPlatform::Opened existing hwdb design_1_wrapper_0
TRACE::2026-08-19.17:40:00::SCWPlatform::Found the Hw Db part of the input DSA
TRACE::2026-08-19.17:40:00::SCWMssOS::Checking the sw design at  C:/Users/tillkorsmeier/Desktop/MA/Z7-Nano/ParEIS-MSX/SW/HW_Export_V1/ps7_cortexa9_0/standalone_ps7_cortexa9_0/bsp/system.mss
TRACE::2026-08-19.17:40:00::SCWMssOS::DEBUG:  swdes dump  C:/Users/tillkorsmeier/Desktop/MA/Z7-Nano/ParEIS-MSX/SW/HW_Export_V1/ps7_cortexa9_0/standalone_ps7_cortexa9_0/bsp/system.mss|system_0||
C:/Users/tillkorsmeier/Desktop/MA/Z7-Nano/ParEIS-MSX/SW/HW_Export_V1/zynq_fsbl/zynq_fsbl_bsp/system.mss|system||

TRACE::2026-08-19.17:40:00::SCWMssOS::Sw design exists and opened at  C:/Users/tillkorsmeier/Desktop/MA/Z7-Nano/ParEIS-MSX/SW/HW_Export_V1/ps7_cortexa9_0/standalone_ps7_cortexa9_0/bsp/system.mss
TRACE::2026-08-19.17:40:00::SCWPlatform::Trying to open the hw design at C:/Users/tillkorsmeier/Desktop/MA/Z7-Nano/ParEIS-MSX/SW/HW_Export_V1/hw/HW_Export_V1.xsa
TRACE::2026-08-19.17:40:00::SCWPlatform::DSA given C:/Users/tillkorsmeier/Desktop/MA/Z7-Nano/ParEIS-MSX/SW/HW_Export_V1/hw/HW_Export_V1.xsa
TRACE::2026-08-19.17:40:00::SCWPlatform::DSA absoulate path C:/Users/tillkorsmeier/Desktop/MA/Z7-Nano/ParEIS-MSX/SW/HW_Export_V1/hw/HW_Export_V1.xsa
TRACE::2026-08-19.17:40:00::SCWPlatform::DSA directory C:/Users/tillkorsmeier/Desktop/MA/Z7-Nano/ParEIS-MSX/SW/HW_Export_V1/hw
TRACE::2026-08-19.17:40:00::SCWPlatform:: Platform Path C:/Users/tillkorsmeier/Desktop/MA/Z7-Nano/ParEIS-MSX/SW/HW_Export_V1/hw/HW_Export_V1.xsa
TRACE::2026-08-19.17:40:00::SCWPlatform:: Unique name xilinx:::0.0
TRACE::2026-08-19.17:40:00::SCWPlatform::Trying to set the existing hwdb with name design_1_wrapper_0
TRACE::2026-08-19.17:40:00::SCWPlatform::Opened existing hwdb design_1_wrapper_0
TRACE::2026-08-19.17:40:00::SCWPlatform::Found the Hw Db part of the input DSA
TRACE::2026-08-19.17:40:00::SCWMssOS::Checking the sw design at  C:/Users/tillkorsmeier/Desktop/MA/Z7-Nano/ParEIS-MSX/SW/HW_Export_V1/ps7_cortexa9_0/standalone_ps7_cortexa9_0/bsp/system.mss
TRACE::2026-08-19.17:40:00::SCWMssOS::DEBUG:  swdes dump  C:/Users/tillkorsmeier/Desktop/MA/Z7-Nano/ParEIS-MSX/SW/HW_Export_V1/ps7_cortexa9_0/standalone_ps7_cortexa9_0/bsp/system.mss|system_0||
C:/Users/tillkorsmeier/Desktop/MA/Z7-Nano/ParEIS-MSX/SW/HW_Export_V1/zynq_fsbl/zynq_fsbl_bsp/system.mss|system||

TRACE::2026-08-19.17:40:00::SCWMssOS::Sw design exists and opened at  C:/Users/tillkorsmeier/Desktop/MA/Z7-Nano/ParEIS-MSX/SW/HW_Export_V1/ps7_cortexa9_0/standalone_ps7_cortexa9_0/bsp/system.mss
TRACE::2026-08-19.17:40:00::SCWPlatform::Trying to open the hw design at C:/Users/tillkorsmeier/Desktop/MA/Z7-Nano/ParEIS-MSX/SW/HW_Export_V1/hw/HW_Export_V1.xsa
TRACE::2026-08-19.17:40:00::SCWPlatform::DSA given C:/Users/tillkorsmeier/Desktop/MA/Z7-Nano/ParEIS-MSX/SW/HW_Export_V1/hw/HW_Export_V1.xsa
TRACE::2026-08-19.17:40:00::SCWPlatform::DSA absoulate path C:/Users/tillkorsmeier/Desktop/MA/Z7-Nano/ParEIS-MSX/SW/HW_Export_V1/hw/HW_Export_V1.xsa
TRACE::2026-08-19.17:40:00::SCWPlatform::DSA directory C:/Users/tillkorsmeier/Desktop/MA/Z7-Nano/ParEIS-MSX/SW/HW_Export_V1/hw
TRACE::2026-08-19.17:40:00::SCWPlatform:: Platform Path C:/Users/tillkorsmeier/Desktop/MA/Z7-Nano/ParEIS-MSX/SW/HW_Export_V1/hw/HW_Export_V1.xsa
TRACE::2026-08-19.17:40:00::SCWPlatform:: Unique name xilinx:::0.0
TRACE::2026-08-19.17:40:00::SCWPlatform::Trying to set the existing hwdb with name design_1_wrapper_0
TRACE::2026-08-19.17:40:00::SCWPlatform::Opened existing hwdb design_1_wrapper_0
TRACE::2026-08-19.17:40:00::SCWPlatform::Found the Hw Db part of the input DSA
TRACE::2026-08-19.17:40:00::SCWMssOS::Checking the sw design at  C:/Users/tillkorsmeier/Desktop/MA/Z7-Nano/ParEIS-MSX/SW/HW_Export_V1/ps7_cortexa9_0/standalone_ps7_cortexa9_0/bsp/system.mss
TRACE::2026-08-19.17:40:00::SCWMssOS::DEBUG:  swdes dump  C:/Users/tillkorsmeier/Desktop/MA/Z7-Nano/ParEIS-MSX/SW/HW_Export_V1/ps7_cortexa9_0/standalone_ps7_cortexa9_0/bsp/system.mss|system_0||
C:/Users/tillkorsmeier/Desktop/MA/Z7-Nano/ParEIS-MSX/SW/HW_Export_V1/zynq_fsbl/zynq_fsbl_bsp/system.mss|system||

TRACE::2026-08-19.17:40:00::SCWMssOS::Sw design exists and opened at  C:/Users/tillkorsmeier/Desktop/MA/Z7-Nano/ParEIS-MSX/SW/HW_Export_V1/ps7_cortexa9_0/standalone_ps7_cortexa9_0/bsp/system.mss
TRACE::2026-08-19.17:40:00::SCWPlatform::Trying to open the hw design at C:/Users/tillkorsmeier/Desktop/MA/Z7-Nano/ParEIS-MSX/SW/HW_Export_V1/hw/HW_Export_V1.xsa
TRACE::2026-08-19.17:40:00::SCWPlatform::DSA given C:/Users/tillkorsmeier/Desktop/MA/Z7-Nano/ParEIS-MSX/SW/HW_Export_V1/hw/HW_Export_V1.xsa
TRACE::2026-08-19.17:40:00::SCWPlatform::DSA absoulate path C:/Users/tillkorsmeier/Desktop/MA/Z7-Nano/ParEIS-MSX/SW/HW_Export_V1/hw/HW_Export_V1.xsa
TRACE::2026-08-19.17:40:00::SCWPlatform::DSA directory C:/Users/tillkorsmeier/Desktop/MA/Z7-Nano/ParEIS-MSX/SW/HW_Export_V1/hw
TRACE::2026-08-19.17:40:00::SCWPlatform:: Platform Path C:/Users/tillkorsmeier/Desktop/MA/Z7-Nano/ParEIS-MSX/SW/HW_Export_V1/hw/HW_Export_V1.xsa
TRACE::2026-08-19.17:40:00::SCWPlatform:: Unique name xilinx:::0.0
TRACE::2026-08-19.17:40:00::SCWPlatform::Trying to set the existing hwdb with name design_1_wrapper_0
TRACE::2026-08-19.17:40:00::SCWPlatform::Opened existing hwdb design_1_wrapper_0
TRACE::2026-08-19.17:40:00::SCWPlatform::Found the Hw Db part of the input DSA
TRACE::2026-08-19.17:40:00::SCWMssOS::Checking the sw design at  C:/Users/tillkorsmeier/Desktop/MA/Z7-Nano/ParEIS-MSX/SW/HW_Export_V1/ps7_cortexa9_0/standalone_ps7_cortexa9_0/bsp/system.mss
TRACE::2026-08-19.17:40:00::SCWMssOS::DEBUG:  swdes dump  C:/Users/tillkorsmeier/Desktop/MA/Z7-Nano/ParEIS-MSX/SW/HW_Export_V1/ps7_cortexa9_0/standalone_ps7_cortexa9_0/bsp/system.mss|system_0||
C:/Users/tillkorsmeier/Desktop/MA/Z7-Nano/ParEIS-MSX/SW/HW_Export_V1/zynq_fsbl/zynq_fsbl_bsp/system.mss|system||

TRACE::2026-08-19.17:40:00::SCWMssOS::Sw design exists and opened at  C:/Users/tillkorsmeier/Desktop/MA/Z7-Nano/ParEIS-MSX/SW/HW_Export_V1/ps7_cortexa9_0/standalone_ps7_cortexa9_0/bsp/system.mss
TRACE::2026-08-19.17:40:00::SCWPlatform::Trying to open the hw design at C:/Users/tillkorsmeier/Desktop/MA/Z7-Nano/ParEIS-MSX/SW/HW_Export_V1/hw/HW_Export_V1.xsa
TRACE::2026-08-19.17:40:00::SCWPlatform::DSA given C:/Users/tillkorsmeier/Desktop/MA/Z7-Nano/ParEIS-MSX/SW/HW_Export_V1/hw/HW_Export_V1.xsa
TRACE::2026-08-19.17:40:00::SCWPlatform::DSA absoulate path C:/Users/tillkorsmeier/Desktop/MA/Z7-Nano/ParEIS-MSX/SW/HW_Export_V1/hw/HW_Export_V1.xsa
TRACE::2026-08-19.17:40:00::SCWPlatform::DSA directory C:/Users/tillkorsmeier/Desktop/MA/Z7-Nano/ParEIS-MSX/SW/HW_Export_V1/hw
TRACE::2026-08-19.17:40:00::SCWPlatform:: Platform Path C:/Users/tillkorsmeier/Desktop/MA/Z7-Nano/ParEIS-MSX/SW/HW_Export_V1/hw/HW_Export_V1.xsa
TRACE::2026-08-19.17:40:00::SCWPlatform:: Unique name xilinx:::0.0
TRACE::2026-08-19.17:40:00::SCWPlatform::Trying to set the existing hwdb with name design_1_wrapper_0
TRACE::2026-08-19.17:40:00::SCWPlatform::Opened existing hwdb design_1_wrapper_0
TRACE::2026-08-19.17:40:00::SCWPlatform::Found the Hw Db part of the input DSA
TRACE::2026-08-19.17:40:00::SCWMssOS::Checking the sw design at  C:/Users/tillkorsmeier/Desktop/MA/Z7-Nano/ParEIS-MSX/SW/HW_Export_V1/ps7_cortexa9_0/standalone_ps7_cortexa9_0/bsp/system.mss
TRACE::2026-08-19.17:40:00::SCWMssOS::DEBUG:  swdes dump  C:/Users/tillkorsmeier/Desktop/MA/Z7-Nano/ParEIS-MSX/SW/HW_Export_V1/ps7_cortexa9_0/standalone_ps7_cortexa9_0/bsp/system.mss|system_0||
C:/Users/tillkorsmeier/Desktop/MA/Z7-Nano/ParEIS-MSX/SW/HW_Export_V1/zynq_fsbl/zynq_fsbl_bsp/system.mss|system||

TRACE::2026-08-19.17:40:00::SCWMssOS::Sw design exists and opened at  C:/Users/tillkorsmeier/Desktop/MA/Z7-Nano/ParEIS-MSX/SW/HW_Export_V1/ps7_cortexa9_0/standalone_ps7_cortexa9_0/bsp/system.mss
TRACE::2026-08-19.17:40:00::SCWMssOS::Saving the mss changes C:/Users/tillkorsmeier/Desktop/MA/Z7-Nano/ParEIS-MSX/SW/HW_Export_V1/ps7_cortexa9_0/standalone_ps7_cortexa9_0/bsp/system.mss
TRACE::2026-08-19.17:40:00::SCWMssOS::Found a swdesign opened with the mssfile.
TRACE::2026-08-19.17:40:00::SCWMssOS::Completed writemss as part of save.
TRACE::2026-08-19.17:40:00::SCWMssOS::Commit changes completed.
TRACE::2026-08-19.17:40:00::SCWReader::Adding prebuilt librarypaths as   
TRACE::2026-08-19.17:40:00::SCWReader::Adding prebuilt incpaths  as   
TRACE::2026-08-19.17:40:00::SCWPlatform::Trying to open the hw design at C:/Users/tillkorsmeier/Desktop/MA/Z7-Nano/ParEIS-MSX/SW/HW_Export_V1/hw/HW_Export_V1.xsa
TRACE::2026-08-19.17:40:00::SCWPlatform::DSA given C:/Users/tillkorsmeier/Desktop/MA/Z7-Nano/ParEIS-MSX/SW/HW_Export_V1/hw/HW_Export_V1.xsa
TRACE::2026-08-19.17:40:00::SCWPlatform::DSA absoulate path C:/Users/tillkorsmeier/Desktop/MA/Z7-Nano/ParEIS-MSX/SW/HW_Export_V1/hw/HW_Export_V1.xsa
TRACE::2026-08-19.17:40:00::SCWPlatform::DSA directory C:/Users/tillkorsmeier/Desktop/MA/Z7-Nano/ParEIS-MSX/SW/HW_Export_V1/hw
TRACE::2026-08-19.17:40:00::SCWPlatform:: Platform Path C:/Users/tillkorsmeier/Desktop/MA/Z7-Nano/ParEIS-MSX/SW/HW_Export_V1/hw/HW_Export_V1.xsa
TRACE::2026-08-19.17:40:00::SCWPlatform:: Unique name xilinx:::0.0
TRACE::2026-08-19.17:40:00::SCWPlatform::Trying to set the existing hwdb with name design_1_wrapper_0
TRACE::2026-08-19.17:40:00::SCWPlatform::Opened existing hwdb design_1_wrapper_0
TRACE::2026-08-19.17:40:00::SCWPlatform::Found the Hw Db part of the input DSA
TRACE::2026-08-19.17:40:00::SCWMssOS::Checking the sw design at  C:/Users/tillkorsmeier/Desktop/MA/Z7-Nano/ParEIS-MSX/SW/HW_Export_V1/ps7_cortexa9_0/standalone_ps7_cortexa9_0/bsp/system.mss
TRACE::2026-08-19.17:40:00::SCWMssOS::DEBUG:  swdes dump  C:/Users/tillkorsmeier/Desktop/MA/Z7-Nano/ParEIS-MSX/SW/HW_Export_V1/ps7_cortexa9_0/standalone_ps7_cortexa9_0/bsp/system.mss|system_0||
C:/Users/tillkorsmeier/Desktop/MA/Z7-Nano/ParEIS-MSX/SW/HW_Export_V1/zynq_fsbl/zynq_fsbl_bsp/system.mss|system||

TRACE::2026-08-19.17:40:00::SCWMssOS::Sw design exists and opened at  C:/Users/tillkorsmeier/Desktop/MA/Z7-Nano/ParEIS-MSX/SW/HW_Export_V1/ps7_cortexa9_0/standalone_ps7_cortexa9_0/bsp/system.mss
TRACE::2026-08-19.17:40:00::SCWReader::No isolation master present  
TRACE::2026-08-19.17:40:08::SCWPlatform::DSA given C:/Users/tillkorsmeier/Desktop/MA/Z7-Nano/ParEIS-MSX/SW/HW_Export_V1/tempdsa/HW_Export_V2.xsa
TRACE::2026-08-19.17:40:08::SCWPlatform::DSA absoulate path C:/Users/tillkorsmeier/Desktop/MA/Z7-Nano/ParEIS-MSX/SW/HW_Export_V1/tempdsa/HW_Export_V2.xsa
TRACE::2026-08-19.17:40:08::SCWPlatform:: Platform location is C:/Users/tillkorsmeier/Desktop/MA/Z7-Nano/ParEIS-MSX/SW/HW_Export_V1/tempdsa
TRACE::2026-08-19.17:40:08::SCWPlatform:: Platform Path C:/Users/tillkorsmeier/Desktop/MA/Z7-Nano/ParEIS-MSX/SW/HW_Export_V1/tempdsa/HW_Export_V2.xsa
TRACE::2026-08-19.17:40:08::SCWPlatform:: Unique name xilinx:::0.0
TRACE::2026-08-19.17:40:11::SCWPlatform::Found the Hw Db part of the input DSA
TRACE::2026-08-19.17:40:11::SCWMssOS::Doing hw sync for the mss in domain: zynq_fsbl
TRACE::2026-08-19.17:40:11::SCWPlatform::Trying to open the hw design at C:/Users/tillkorsmeier/Desktop/MA/Z7-Nano/ParEIS-MSX/SW/HW_Export_V1/hw/HW_Export_V1.xsa
TRACE::2026-08-19.17:40:11::SCWPlatform::DSA given C:/Users/tillkorsmeier/Desktop/MA/Z7-Nano/ParEIS-MSX/SW/HW_Export_V1/hw/HW_Export_V1.xsa
TRACE::2026-08-19.17:40:11::SCWPlatform::DSA absoulate path C:/Users/tillkorsmeier/Desktop/MA/Z7-Nano/ParEIS-MSX/SW/HW_Export_V1/hw/HW_Export_V1.xsa
TRACE::2026-08-19.17:40:11::SCWPlatform::DSA directory C:/Users/tillkorsmeier/Desktop/MA/Z7-Nano/ParEIS-MSX/SW/HW_Export_V1/hw
TRACE::2026-08-19.17:40:11::SCWPlatform:: Platform Path C:/Users/tillkorsmeier/Desktop/MA/Z7-Nano/ParEIS-MSX/SW/HW_Export_V1/hw/HW_Export_V1.xsa
TRACE::2026-08-19.17:40:11::SCWPlatform:: Unique name xilinx:::0.0
TRACE::2026-08-19.17:40:11::SCWPlatform::Trying to set the existing hwdb with name design_1_wrapper_0
TRACE::2026-08-19.17:40:11::SCWPlatform::Opened existing hwdb design_1_wrapper_0
TRACE::2026-08-19.17:40:11::SCWPlatform::Found the Hw Db part of the input DSA
TRACE::2026-08-19.17:40:11::SCWPlatform::Trying to open the hw design at C:/Users/tillkorsmeier/Desktop/MA/Z7-Nano/ParEIS-MSX/SW/HW_Export_V1/hw/HW_Export_V1.xsa
TRACE::2026-08-19.17:40:11::SCWPlatform::DSA given C:/Users/tillkorsmeier/Desktop/MA/Z7-Nano/ParEIS-MSX/SW/HW_Export_V1/hw/HW_Export_V1.xsa
TRACE::2026-08-19.17:40:11::SCWPlatform::DSA absoulate path C:/Users/tillkorsmeier/Desktop/MA/Z7-Nano/ParEIS-MSX/SW/HW_Export_V1/hw/HW_Export_V1.xsa
TRACE::2026-08-19.17:40:11::SCWPlatform::DSA directory C:/Users/tillkorsmeier/Desktop/MA/Z7-Nano/ParEIS-MSX/SW/HW_Export_V1/hw
TRACE::2026-08-19.17:40:11::SCWPlatform:: Platform Path C:/Users/tillkorsmeier/Desktop/MA/Z7-Nano/ParEIS-MSX/SW/HW_Export_V1/hw/HW_Export_V1.xsa
TRACE::2026-08-19.17:40:11::SCWPlatform:: Unique name xilinx:::0.0
TRACE::2026-08-19.17:40:11::SCWPlatform::Trying to set the existing hwdb with name design_1_wrapper_0
TRACE::2026-08-19.17:40:11::SCWPlatform::Opened existing hwdb design_1_wrapper_0
TRACE::2026-08-19.17:40:11::SCWPlatform::Found the Hw Db part of the input DSA
TRACE::2026-08-19.17:40:11::SCWMssOS::Checking the sw design at  C:/Users/tillkorsmeier/Desktop/MA/Z7-Nano/ParEIS-MSX/SW/HW_Export_V1/zynq_fsbl/zynq_fsbl_bsp/system.mss
TRACE::2026-08-19.17:40:11::SCWMssOS::DEBUG:  swdes dump  C:/Users/tillkorsmeier/Desktop/MA/Z7-Nano/ParEIS-MSX/SW/HW_Export_V1/ps7_cortexa9_0/standalone_ps7_cortexa9_0/bsp/system.mss|system_0||
C:/Users/tillkorsmeier/Desktop/MA/Z7-Nano/ParEIS-MSX/SW/HW_Export_V1/zynq_fsbl/zynq_fsbl_bsp/system.mss|system||

TRACE::2026-08-19.17:40:11::SCWMssOS::Sw design exists and opened at  C:/Users/tillkorsmeier/Desktop/MA/Z7-Nano/ParEIS-MSX/SW/HW_Export_V1/zynq_fsbl/zynq_fsbl_bsp/system.mss
TRACE::2026-08-19.17:40:11::SCWPlatform::Trying to open the hw design at C:/Users/tillkorsmeier/Desktop/MA/Z7-Nano/ParEIS-MSX/SW/HW_Export_V1/tempdsa/HW_Export_V2.xsa
TRACE::2026-08-19.17:40:11::SCWPlatform::DSA given C:/Users/tillkorsmeier/Desktop/MA/Z7-Nano/ParEIS-MSX/SW/HW_Export_V1/tempdsa/HW_Export_V2.xsa
TRACE::2026-08-19.17:40:11::SCWPlatform::DSA absoulate path C:/Users/tillkorsmeier/Desktop/MA/Z7-Nano/ParEIS-MSX/SW/HW_Export_V1/tempdsa/HW_Export_V2.xsa
TRACE::2026-08-19.17:40:11::SCWPlatform::DSA directory C:/Users/tillkorsmeier/Desktop/MA/Z7-Nano/ParEIS-MSX/SW/HW_Export_V1/tempdsa
TRACE::2026-08-19.17:40:11::SCWPlatform:: Platform Path C:/Users/tillkorsmeier/Desktop/MA/Z7-Nano/ParEIS-MSX/SW/HW_Export_V1/tempdsa/HW_Export_V2.xsa
TRACE::2026-08-19.17:40:11::SCWPlatform:: Unique name xilinx:::0.0
TRACE::2026-08-19.17:40:11::SCWPlatform::update - Opened existing hwdb design_1_wrapper_1
TRACE::2026-08-19.17:40:11::SCWPlatform::Found the Hw Db part of the input DSA
TRACE::2026-08-19.17:40:11::SCWMssOS::Doing hw sync for the mss in domain: standalone_ps7_cortexa9_0
TRACE::2026-08-19.17:40:11::SCWPlatform::Trying to open the hw design at C:/Users/tillkorsmeier/Desktop/MA/Z7-Nano/ParEIS-MSX/SW/HW_Export_V1/hw/HW_Export_V1.xsa
TRACE::2026-08-19.17:40:11::SCWPlatform::DSA given C:/Users/tillkorsmeier/Desktop/MA/Z7-Nano/ParEIS-MSX/SW/HW_Export_V1/hw/HW_Export_V1.xsa
TRACE::2026-08-19.17:40:11::SCWPlatform::DSA absoulate path C:/Users/tillkorsmeier/Desktop/MA/Z7-Nano/ParEIS-MSX/SW/HW_Export_V1/hw/HW_Export_V1.xsa
TRACE::2026-08-19.17:40:11::SCWPlatform::DSA directory C:/Users/tillkorsmeier/Desktop/MA/Z7-Nano/ParEIS-MSX/SW/HW_Export_V1/hw
TRACE::2026-08-19.17:40:11::SCWPlatform:: Platform Path C:/Users/tillkorsmeier/Desktop/MA/Z7-Nano/ParEIS-MSX/SW/HW_Export_V1/hw/HW_Export_V1.xsa
TRACE::2026-08-19.17:40:11::SCWPlatform:: Unique name xilinx:::0.0
TRACE::2026-08-19.17:40:11::SCWPlatform::Trying to set the existing hwdb with name design_1_wrapper_0
TRACE::2026-08-19.17:40:11::SCWPlatform::Opened existing hwdb design_1_wrapper_0
TRACE::2026-08-19.17:40:11::SCWPlatform::Found the Hw Db part of the input DSA
TRACE::2026-08-19.17:40:11::SCWPlatform::Trying to open the hw design at C:/Users/tillkorsmeier/Desktop/MA/Z7-Nano/ParEIS-MSX/SW/HW_Export_V1/hw/HW_Export_V1.xsa
TRACE::2026-08-19.17:40:11::SCWPlatform::DSA given C:/Users/tillkorsmeier/Desktop/MA/Z7-Nano/ParEIS-MSX/SW/HW_Export_V1/hw/HW_Export_V1.xsa
TRACE::2026-08-19.17:40:11::SCWPlatform::DSA absoulate path C:/Users/tillkorsmeier/Desktop/MA/Z7-Nano/ParEIS-MSX/SW/HW_Export_V1/hw/HW_Export_V1.xsa
TRACE::2026-08-19.17:40:11::SCWPlatform::DSA directory C:/Users/tillkorsmeier/Desktop/MA/Z7-Nano/ParEIS-MSX/SW/HW_Export_V1/hw
TRACE::2026-08-19.17:40:11::SCWPlatform:: Platform Path C:/Users/tillkorsmeier/Desktop/MA/Z7-Nano/ParEIS-MSX/SW/HW_Export_V1/hw/HW_Export_V1.xsa
TRACE::2026-08-19.17:40:11::SCWPlatform:: Unique name xilinx:::0.0
TRACE::2026-08-19.17:40:11::SCWPlatform::Trying to set the existing hwdb with name design_1_wrapper_0
TRACE::2026-08-19.17:40:11::SCWPlatform::Opened existing hwdb design_1_wrapper_0
TRACE::2026-08-19.17:40:11::SCWPlatform::Found the Hw Db part of the input DSA
TRACE::2026-08-19.17:40:11::SCWMssOS::Checking the sw design at  C:/Users/tillkorsmeier/Desktop/MA/Z7-Nano/ParEIS-MSX/SW/HW_Export_V1/ps7_cortexa9_0/standalone_ps7_cortexa9_0/bsp/system.mss
TRACE::2026-08-19.17:40:11::SCWMssOS::DEBUG:  swdes dump  C:/Users/tillkorsmeier/Desktop/MA/Z7-Nano/ParEIS-MSX/SW/HW_Export_V1/ps7_cortexa9_0/standalone_ps7_cortexa9_0/bsp/system.mss|system_0||
C:/Users/tillkorsmeier/Desktop/MA/Z7-Nano/ParEIS-MSX/SW/HW_Export_V1/zynq_fsbl/zynq_fsbl_bsp/system.mss|system||

TRACE::2026-08-19.17:40:11::SCWMssOS::Sw design exists and opened at  C:/Users/tillkorsmeier/Desktop/MA/Z7-Nano/ParEIS-MSX/SW/HW_Export_V1/ps7_cortexa9_0/standalone_ps7_cortexa9_0/bsp/system.mss
TRACE::2026-08-19.17:40:11::SCWPlatform::Trying to open the hw design at C:/Users/tillkorsmeier/Desktop/MA/Z7-Nano/ParEIS-MSX/SW/HW_Export_V1/tempdsa/HW_Export_V2.xsa
TRACE::2026-08-19.17:40:11::SCWPlatform::DSA given C:/Users/tillkorsmeier/Desktop/MA/Z7-Nano/ParEIS-MSX/SW/HW_Export_V1/tempdsa/HW_Export_V2.xsa
TRACE::2026-08-19.17:40:11::SCWPlatform::DSA absoulate path C:/Users/tillkorsmeier/Desktop/MA/Z7-Nano/ParEIS-MSX/SW/HW_Export_V1/tempdsa/HW_Export_V2.xsa
TRACE::2026-08-19.17:40:11::SCWPlatform::DSA directory C:/Users/tillkorsmeier/Desktop/MA/Z7-Nano/ParEIS-MSX/SW/HW_Export_V1/tempdsa
TRACE::2026-08-19.17:40:11::SCWPlatform:: Platform Path C:/Users/tillkorsmeier/Desktop/MA/Z7-Nano/ParEIS-MSX/SW/HW_Export_V1/tempdsa/HW_Export_V2.xsa
TRACE::2026-08-19.17:40:11::SCWPlatform:: Unique name xilinx:::0.0
TRACE::2026-08-19.17:40:11::SCWPlatform::update - Opened existing hwdb design_1_wrapper_1
TRACE::2026-08-19.17:40:11::SCWPlatform::Found the Hw Db part of the input DSA
TRACE::2026-08-19.17:40:11::SCWMssOS::Saving the mss changes C:/Users/tillkorsmeier/Desktop/MA/Z7-Nano/ParEIS-MSX/SW/HW_Export_V1/zynq_fsbl/zynq_fsbl_bsp/system.mss
TRACE::2026-08-19.17:40:11::SCWMssOS::Found a swdesign opened with the mssfile.
TRACE::2026-08-19.17:40:11::SCWMssOS::Completed writemss as part of save.
TRACE::2026-08-19.17:40:11::SCWMssOS::Commit changes completed.
TRACE::2026-08-19.17:40:11::SCWMssOS::Completed hw sync for the mss in domain: zynq_fsbl
TRACE::2026-08-19.17:40:11::SCWMssOS::Removing the swdes entry for  C:/Users/tillkorsmeier/Desktop/MA/Z7-Nano/ParEIS-MSX/SW/HW_Export_V1/zynq_fsbl/zynq_fsbl_bsp/system.mss
TRACE::2026-08-19.17:40:11::SCWMssOS::Saving the mss changes C:/Users/tillkorsmeier/Desktop/MA/Z7-Nano/ParEIS-MSX/SW/HW_Export_V1/ps7_cortexa9_0/standalone_ps7_cortexa9_0/bsp/system.mss
TRACE::2026-08-19.17:40:11::SCWMssOS::Found a swdesign opened with the mssfile.
TRACE::2026-08-19.17:40:11::SCWMssOS::Completed writemss as part of save.
TRACE::2026-08-19.17:40:11::SCWMssOS::Commit changes completed.
TRACE::2026-08-19.17:40:11::SCWMssOS::Completed hw sync for the mss in domain: standalone_ps7_cortexa9_0
TRACE::2026-08-19.17:40:11::SCWMssOS::Removing the swdes entry for  C:/Users/tillkorsmeier/Desktop/MA/Z7-Nano/ParEIS-MSX/SW/HW_Export_V1/ps7_cortexa9_0/standalone_ps7_cortexa9_0/bsp/system.mss
TRACE::2026-08-19.17:40:11::SCWPlatform::Trying to open the hw design at C:/Users/tillkorsmeier/Desktop/MA/Z7-Nano/ParEIS-MSX/SW/HW_Export_V1/hw/HW_Export_V2.xsa
TRACE::2026-08-19.17:40:11::SCWPlatform::DSA given C:/Users/tillkorsmeier/Desktop/MA/Z7-Nano/ParEIS-MSX/SW/HW_Export_V1/hw/HW_Export_V2.xsa
TRACE::2026-08-19.17:40:11::SCWPlatform::DSA absoulate path C:/Users/tillkorsmeier/Desktop/MA/Z7-Nano/ParEIS-MSX/SW/HW_Export_V1/hw/HW_Export_V2.xsa
TRACE::2026-08-19.17:40:11::SCWPlatform::DSA directory C:/Users/tillkorsmeier/Desktop/MA/Z7-Nano/ParEIS-MSX/SW/HW_Export_V1/hw
TRACE::2026-08-19.17:40:11::SCWPlatform:: Platform Path C:/Users/tillkorsmeier/Desktop/MA/Z7-Nano/ParEIS-MSX/SW/HW_Export_V1/hw/HW_Export_V2.xsa
TRACE::2026-08-19.17:40:11::SCWPlatform:: Unique name xilinx:::0.0
TRACE::2026-08-19.17:40:11::SCWPlatform::Do not have an existing db opened. 
TRACE::2026-08-19.17:40:14::SCWPlatform::Opened new HwDB with name design_1_wrapper_2
TRACE::2026-08-19.17:40:14::SCWMssOS::Saving the mss changes C:/Users/tillkorsmeier/Desktop/MA/Z7-Nano/ParEIS-MSX/SW/HW_Export_V1/zynq_fsbl/zynq_fsbl_bsp/system.mss
TRACE::2026-08-19.17:40:14::SCWMssOS::Adding the swdes entry, mss present, able to open swdb C:/Users/tillkorsmeier/Desktop/MA/Z7-Nano/ParEIS-MSX/SW/HW_Export_V1/zynq_fsbl/zynq_fsbl_bsp/system.mss with des name system
TRACE::2026-08-19.17:40:14::SCWMssOS::Writing the mss file completed C:/Users/tillkorsmeier/Desktop/MA/Z7-Nano/ParEIS-MSX/SW/HW_Export_V1/zynq_fsbl/zynq_fsbl_bsp/system.mss
TRACE::2026-08-19.17:40:14::SCWMssOS::Commit changes completed.
TRACE::2026-08-19.17:40:14::SCWMssOS::Saving the mss changes C:/Users/tillkorsmeier/Desktop/MA/Z7-Nano/ParEIS-MSX/SW/HW_Export_V1/ps7_cortexa9_0/standalone_ps7_cortexa9_0/bsp/system.mss
TRACE::2026-08-19.17:40:14::SCWMssOS::Adding the swdes entry, mss present, able to open swdb C:/Users/tillkorsmeier/Desktop/MA/Z7-Nano/ParEIS-MSX/SW/HW_Export_V1/ps7_cortexa9_0/standalone_ps7_cortexa9_0/bsp/system.mss with des name system_0
TRACE::2026-08-19.17:40:14::SCWMssOS::Writing the mss file completed C:/Users/tillkorsmeier/Desktop/MA/Z7-Nano/ParEIS-MSX/SW/HW_Export_V1/ps7_cortexa9_0/standalone_ps7_cortexa9_0/bsp/system.mss
TRACE::2026-08-19.17:40:14::SCWMssOS::Commit changes completed.
TRACE::2026-08-19.17:40:14::SCWPlatform::Trying to open the hw design at C:/Users/tillkorsmeier/Desktop/MA/Z7-Nano/ParEIS-MSX/SW/HW_Export_V1/hw/HW_Export_V2.xsa
TRACE::2026-08-19.17:40:14::SCWPlatform::DSA given C:/Users/tillkorsmeier/Desktop/MA/Z7-Nano/ParEIS-MSX/SW/HW_Export_V1/hw/HW_Export_V2.xsa
TRACE::2026-08-19.17:40:14::SCWPlatform::DSA absoulate path C:/Users/tillkorsmeier/Desktop/MA/Z7-Nano/ParEIS-MSX/SW/HW_Export_V1/hw/HW_Export_V2.xsa
TRACE::2026-08-19.17:40:14::SCWPlatform::DSA directory C:/Users/tillkorsmeier/Desktop/MA/Z7-Nano/ParEIS-MSX/SW/HW_Export_V1/hw
TRACE::2026-08-19.17:40:14::SCWPlatform:: Platform Path C:/Users/tillkorsmeier/Desktop/MA/Z7-Nano/ParEIS-MSX/SW/HW_Export_V1/hw/HW_Export_V2.xsa
TRACE::2026-08-19.17:40:14::SCWPlatform:: Unique name xilinx:::0.0
TRACE::2026-08-19.17:40:14::SCWPlatform::Trying to set the existing hwdb with name design_1_wrapper_2
TRACE::2026-08-19.17:40:14::SCWPlatform::Opened existing hwdb design_1_wrapper_2
TRACE::2026-08-19.17:40:14::SCWPlatform::Found the Hw Db part of the input DSA
TRACE::2026-08-19.17:40:14::SCWMssOS::Checking the sw design at  C:/Users/tillkorsmeier/Desktop/MA/Z7-Nano/ParEIS-MSX/SW/HW_Export_V1/zynq_fsbl/zynq_fsbl_bsp/system.mss
TRACE::2026-08-19.17:40:14::SCWMssOS::DEBUG:  swdes dump  C:/Users/tillkorsmeier/Desktop/MA/Z7-Nano/ParEIS-MSX/SW/HW_Export_V1/ps7_cortexa9_0/standalone_ps7_cortexa9_0/bsp/system.mss|system_0||
C:/Users/tillkorsmeier/Desktop/MA/Z7-Nano/ParEIS-MSX/SW/HW_Export_V1/zynq_fsbl/zynq_fsbl_bsp/system.mss|system||

TRACE::2026-08-19.17:40:14::SCWMssOS::Sw design exists and opened at  C:/Users/tillkorsmeier/Desktop/MA/Z7-Nano/ParEIS-MSX/SW/HW_Export_V1/zynq_fsbl/zynq_fsbl_bsp/system.mss
TRACE::2026-08-19.17:40:14::SCWPlatform::Trying to open the hw design at C:/Users/tillkorsmeier/Desktop/MA/Z7-Nano/ParEIS-MSX/SW/HW_Export_V1/hw/HW_Export_V2.xsa
TRACE::2026-08-19.17:40:14::SCWPlatform::DSA given C:/Users/tillkorsmeier/Desktop/MA/Z7-Nano/ParEIS-MSX/SW/HW_Export_V1/hw/HW_Export_V2.xsa
TRACE::2026-08-19.17:40:14::SCWPlatform::DSA absoulate path C:/Users/tillkorsmeier/Desktop/MA/Z7-Nano/ParEIS-MSX/SW/HW_Export_V1/hw/HW_Export_V2.xsa
TRACE::2026-08-19.17:40:14::SCWPlatform::DSA directory C:/Users/tillkorsmeier/Desktop/MA/Z7-Nano/ParEIS-MSX/SW/HW_Export_V1/hw
TRACE::2026-08-19.17:40:14::SCWPlatform:: Platform Path C:/Users/tillkorsmeier/Desktop/MA/Z7-Nano/ParEIS-MSX/SW/HW_Export_V1/hw/HW_Export_V2.xsa
TRACE::2026-08-19.17:40:14::SCWPlatform:: Unique name xilinx:::0.0
TRACE::2026-08-19.17:40:14::SCWPlatform::Trying to set the existing hwdb with name design_1_wrapper_2
TRACE::2026-08-19.17:40:14::SCWPlatform::Opened existing hwdb design_1_wrapper_2
TRACE::2026-08-19.17:40:14::SCWPlatform::Found the Hw Db part of the input DSA
TRACE::2026-08-19.17:40:14::SCWMssOS::Checking the sw design at  C:/Users/tillkorsmeier/Desktop/MA/Z7-Nano/ParEIS-MSX/SW/HW_Export_V1/ps7_cortexa9_0/standalone_ps7_cortexa9_0/bsp/system.mss
TRACE::2026-08-19.17:40:14::SCWMssOS::DEBUG:  swdes dump  C:/Users/tillkorsmeier/Desktop/MA/Z7-Nano/ParEIS-MSX/SW/HW_Export_V1/ps7_cortexa9_0/standalone_ps7_cortexa9_0/bsp/system.mss|system_0||
C:/Users/tillkorsmeier/Desktop/MA/Z7-Nano/ParEIS-MSX/SW/HW_Export_V1/zynq_fsbl/zynq_fsbl_bsp/system.mss|system||

TRACE::2026-08-19.17:40:14::SCWMssOS::Sw design exists and opened at  C:/Users/tillkorsmeier/Desktop/MA/Z7-Nano/ParEIS-MSX/SW/HW_Export_V1/ps7_cortexa9_0/standalone_ps7_cortexa9_0/bsp/system.mss
TRACE::2026-08-19.17:40:14::SCWWriter::formatted JSON is {
	"platformName":	"HW_Export_V1",
	"sprVersion":	"2.0",
	"mode":	"gui",
	"dsaType":	"Fixed",
	"platformDesc":	"HW_Export_V1",
	"platHandOff":	"C:/Users/tillkorsmeier/Desktop/MA/Z7-Nano/ParEIS-MSX/SW/HW_Export_V2.xsa",
	"platIntHandOff":	"<platformDir>/hw/HW_Export_V2.xsa",
	"deviceType":	"zynq",
	"platIsPrebuiltAutogen":	"false",
	"platIsNoBootBsp":	"false",
	"hasFsblMakeHasChanges":	"false",
	"hasPmufwMakeHasChanges":	"false",
	"fsblExtraCompilerFlags":	"-MMD -MP       -mcpu=cortex-a9 -mfpu=vfpv3 -mfloat-abi=hard ",
	"platPreBuiltFlag":	false,
	"platformSamplesDir":	"",
	"platActiveSys":	"HW_Export_V1",
	"systems":	[{
			"systemName":	"HW_Export_V1",
			"systemDesc":	"HW_Export_V1",
			"sysIsBootAutoGen":	"true",
			"systemDispName":	"HW_Export_V1",
			"sysActiveDom":	"standalone_ps7_cortexa9_0",
			"sysDefaultDom":	"standalone_ps7_cortexa9_0",
			"domains":	[{
					"domainName":	"zynq_fsbl",
					"domainDispName":	"zynq_fsbl",
					"domainDesc":	"FSBL Application BSP - Auto Generated.",
					"processors":	"ps7_cortexa9_0",
					"os":	"standalone",
					"sdxOs":	"standalone",
					"debugEnable":	"",
					"domRuntimes":	["cpp"],
					"swRepo":	"",
					"mssOsVer":	"9.2",
					"mssFile":	"",
					"md5Digest":	"eb13c396dfacc0d4cf82f9f4d1da7be61",
					"compatibleApp":	"zynq_fsbl",
					"domType":	"bootDomain",
					"arch":	"32-bit",
					"appSettings":	{
						"appCompilerFlags":	"",
						"appLinkerFlags":	""
					},
					"addedLibs":	["xilffs:5.3", "xilrsa:1.8"],
					"libOptions":	{
						"libsContainingOptions":	[]
					},
					"prebuiltLibs":	{
						"prebuiltIncPath":	[],
						"prebuiltLibPath":	[]
					},
					"isolation":	{
					}
				}, {
					"domainName":	"standalone_ps7_cortexa9_0",
					"domainDispName":	"standalone_ps7_cortexa9_0",
					"domainDesc":	"standalone_ps7_cortexa9_0",
					"processors":	"ps7_cortexa9_0",
					"os":	"standalone",
					"sdxOs":	"standalone",
					"qemuArgs":	"<platformDir>/resources/HW_Export_V1/standalone_ps7_cortexa9_0/qemu_args.txt",
					"qemuData":	"<platformDir>/resources/HW_Export_V1/standalone_ps7_cortexa9_0/qemu",
					"debugEnable":	"False",
					"domRuntimes":	["cpp"],
					"swRepo":	"",
					"mssOsVer":	"9.2",
					"mssFile":	"",
					"md5Digest":	"35afe3afc5b1bf8f5a86c8734e9cd7a51",
					"compatibleApp":	"",
					"domType":	"mssDomain",
					"arch":	"32-bit",
					"appSettings":	{
						"appCompilerFlags":	"",
						"appLinkerFlags":	""
					},
					"addedLibs":	["lwip220:1.1", "xiltimer:2.1"],
					"libOptions":	{
						"lwip220":	{
							"mem_size":	"1000000",
							"memp_n_tcp_seg":	"65001",
							"phy_link_speed":	"CONFIG_LINKSPEED100",
							"tcp_snd_buf":	"65000",
							"libOptionNames":	["mem_size", "memp_n_tcp_seg", "phy_link_speed", "tcp_snd_buf"]
						},
						"libsContainingOptions":	["lwip220"]
					},
					"prebuiltLibs":	{
						"prebuiltIncPath":	[],
						"prebuiltLibPath":	[]
					},
					"isolation":	{
					}
				}]
		}]
}
TRACE::2026-08-19.17:40:21::SCWPlatform::Clearing the existing platform
TRACE::2026-08-19.17:40:21::SCWSystem::Clearing the existing sysconfig
TRACE::2026-08-19.17:40:21::SCWBDomain::clearing the fsbl build
TRACE::2026-08-19.17:40:21::SCWMssOS::Removing the swdes entry for  C:/Users/tillkorsmeier/Desktop/MA/Z7-Nano/ParEIS-MSX/SW/HW_Export_V1/zynq_fsbl/zynq_fsbl_bsp/system.mss
TRACE::2026-08-19.17:40:21::SCWMssOS::Removing the swdes entry for  C:/Users/tillkorsmeier/Desktop/MA/Z7-Nano/ParEIS-MSX/SW/HW_Export_V1/ps7_cortexa9_0/standalone_ps7_cortexa9_0/bsp/system.mss
TRACE::2026-08-19.17:40:21::SCWSystem::Clearing the domains completed.
TRACE::2026-08-19.17:40:21::SCWPlatform::Clearing the opened hw db.
TRACE::2026-08-19.17:40:21::SCWPlatform::DSA given C:/Users/tillkorsmeier/Desktop/MA/Z7-Nano/ParEIS-MSX/SW/HW_Export_V1/hw/HW_Export_V2.xsa
TRACE::2026-08-19.17:40:21::SCWPlatform::DSA absoulate path C:/Users/tillkorsmeier/Desktop/MA/Z7-Nano/ParEIS-MSX/SW/HW_Export_V1/hw/HW_Export_V2.xsa
TRACE::2026-08-19.17:40:21::SCWPlatform:: Platform location is C:/Users/tillkorsmeier/Desktop/MA/Z7-Nano/ParEIS-MSX/SW/HW_Export_V1/hw
TRACE::2026-08-19.17:40:21::SCWPlatform:: Platform Path C:/Users/tillkorsmeier/Desktop/MA/Z7-Nano/ParEIS-MSX/SW/HW_Export_V1/hw/HW_Export_V2.xsa
TRACE::2026-08-19.17:40:21::SCWPlatform:: Unique name xilinx:::0.0
TRACE::2026-08-19.17:40:21::SCWPlatform::Removing the HwDB with name C:/Users/tillkorsmeier/Desktop/MA/Z7-Nano/ParEIS-MSX/SW/HW_Export_V1/hw/HW_Export_V2.xsa
TRACE::2026-08-19.17:40:21::SCWPlatform::Trying to open the hw design at C:/Users/tillkorsmeier/Desktop/MA/Z7-Nano/ParEIS-MSX/SW/HW_Export_V1/hw/HW_Export_V2.xsa
TRACE::2026-08-19.17:40:21::SCWPlatform::DSA given C:/Users/tillkorsmeier/Desktop/MA/Z7-Nano/ParEIS-MSX/SW/HW_Export_V1/hw/HW_Export_V2.xsa
TRACE::2026-08-19.17:40:21::SCWPlatform::DSA absoulate path C:/Users/tillkorsmeier/Desktop/MA/Z7-Nano/ParEIS-MSX/SW/HW_Export_V1/hw/HW_Export_V2.xsa
TRACE::2026-08-19.17:40:21::SCWPlatform::DSA directory C:/Users/tillkorsmeier/Desktop/MA/Z7-Nano/ParEIS-MSX/SW/HW_Export_V1/hw
TRACE::2026-08-19.17:40:21::SCWPlatform:: Platform Path C:/Users/tillkorsmeier/Desktop/MA/Z7-Nano/ParEIS-MSX/SW/HW_Export_V1/hw/HW_Export_V2.xsa
TRACE::2026-08-19.17:40:21::SCWPlatform:: Unique name xilinx:::0.0
TRACE::2026-08-19.17:40:21::SCWPlatform::Do not have an existing db opened. 
TRACE::2026-08-19.17:40:24::SCWPlatform::Opened new HwDB with name design_1_wrapper_3
TRACE::2026-08-19.17:40:24::SCWReader::Active system found as  HW_Export_V1
TRACE::2026-08-19.17:40:24::SCWReader::Handling sysconfig HW_Export_V1
TRACE::2026-08-19.17:40:24::SCWDomain::checking for install qemu data   : 
TRACE::2026-08-19.17:40:24::SCWDomain:: Using the QEMU Data from install at  : C:/Xilinx/Vitis/Vitis/2024.2/data/emulation/platforms/zynq/sw/a9_standalone/qemu/
TRACE::2026-08-19.17:40:24::SCWDomain:: Using the QEMU args  from install at  : C:/Xilinx/Vitis/Vitis/2024.2/data/emulation/platforms/zynq/sw/a9_standalone/qemu/qemu_args.txt
TRACE::2026-08-19.17:40:24::SCWPlatform::Trying to open the hw design at C:/Users/tillkorsmeier/Desktop/MA/Z7-Nano/ParEIS-MSX/SW/HW_Export_V1/hw/HW_Export_V2.xsa
TRACE::2026-08-19.17:40:24::SCWPlatform::DSA given C:/Users/tillkorsmeier/Desktop/MA/Z7-Nano/ParEIS-MSX/SW/HW_Export_V1/hw/HW_Export_V2.xsa
TRACE::2026-08-19.17:40:24::SCWPlatform::DSA absoulate path C:/Users/tillkorsmeier/Desktop/MA/Z7-Nano/ParEIS-MSX/SW/HW_Export_V1/hw/HW_Export_V2.xsa
TRACE::2026-08-19.17:40:24::SCWPlatform::DSA directory C:/Users/tillkorsmeier/Desktop/MA/Z7-Nano/ParEIS-MSX/SW/HW_Export_V1/hw
TRACE::2026-08-19.17:40:24::SCWPlatform:: Platform Path C:/Users/tillkorsmeier/Desktop/MA/Z7-Nano/ParEIS-MSX/SW/HW_Export_V1/hw/HW_Export_V2.xsa
TRACE::2026-08-19.17:40:24::SCWPlatform:: Unique name xilinx:::0.0
TRACE::2026-08-19.17:40:24::SCWPlatform::Trying to set the existing hwdb with name design_1_wrapper_3
TRACE::2026-08-19.17:40:24::SCWPlatform::Opened existing hwdb design_1_wrapper_3
TRACE::2026-08-19.17:40:24::SCWPlatform::Found the Hw Db part of the input DSA
TRACE::2026-08-19.17:40:24::SCWPlatform::Trying to open the hw design at C:/Users/tillkorsmeier/Desktop/MA/Z7-Nano/ParEIS-MSX/SW/HW_Export_V1/hw/HW_Export_V2.xsa
TRACE::2026-08-19.17:40:24::SCWPlatform::DSA given C:/Users/tillkorsmeier/Desktop/MA/Z7-Nano/ParEIS-MSX/SW/HW_Export_V1/hw/HW_Export_V2.xsa
TRACE::2026-08-19.17:40:24::SCWPlatform::DSA absoulate path C:/Users/tillkorsmeier/Desktop/MA/Z7-Nano/ParEIS-MSX/SW/HW_Export_V1/hw/HW_Export_V2.xsa
TRACE::2026-08-19.17:40:24::SCWPlatform::DSA directory C:/Users/tillkorsmeier/Desktop/MA/Z7-Nano/ParEIS-MSX/SW/HW_Export_V1/hw
TRACE::2026-08-19.17:40:24::SCWPlatform:: Platform Path C:/Users/tillkorsmeier/Desktop/MA/Z7-Nano/ParEIS-MSX/SW/HW_Export_V1/hw/HW_Export_V2.xsa
TRACE::2026-08-19.17:40:24::SCWPlatform:: Unique name xilinx:::0.0
TRACE::2026-08-19.17:40:24::SCWPlatform::Trying to set the existing hwdb with name design_1_wrapper_3
TRACE::2026-08-19.17:40:24::SCWPlatform::Opened existing hwdb design_1_wrapper_3
TRACE::2026-08-19.17:40:24::SCWPlatform::Found the Hw Db part of the input DSA
TRACE::2026-08-19.17:40:24::SCWPlatform::Trying to open the hw design at C:/Users/tillkorsmeier/Desktop/MA/Z7-Nano/ParEIS-MSX/SW/HW_Export_V1/hw/HW_Export_V2.xsa
TRACE::2026-08-19.17:40:24::SCWPlatform::DSA given C:/Users/tillkorsmeier/Desktop/MA/Z7-Nano/ParEIS-MSX/SW/HW_Export_V1/hw/HW_Export_V2.xsa
TRACE::2026-08-19.17:40:24::SCWPlatform::DSA absoulate path C:/Users/tillkorsmeier/Desktop/MA/Z7-Nano/ParEIS-MSX/SW/HW_Export_V1/hw/HW_Export_V2.xsa
TRACE::2026-08-19.17:40:24::SCWPlatform::DSA directory C:/Users/tillkorsmeier/Desktop/MA/Z7-Nano/ParEIS-MSX/SW/HW_Export_V1/hw
TRACE::2026-08-19.17:40:24::SCWPlatform:: Platform Path C:/Users/tillkorsmeier/Desktop/MA/Z7-Nano/ParEIS-MSX/SW/HW_Export_V1/hw/HW_Export_V2.xsa
TRACE::2026-08-19.17:40:24::SCWPlatform:: Unique name xilinx:::0.0
TRACE::2026-08-19.17:40:24::SCWPlatform::Trying to set the existing hwdb with name design_1_wrapper_3
TRACE::2026-08-19.17:40:24::SCWPlatform::Opened existing hwdb design_1_wrapper_3
TRACE::2026-08-19.17:40:24::SCWPlatform::Found the Hw Db part of the input DSA
TRACE::2026-08-19.17:40:24::SCWReader::Boot application domain added for zynq_fsbl
TRACE::2026-08-19.17:40:24::SCWPlatform::Trying to open the hw design at C:/Users/tillkorsmeier/Desktop/MA/Z7-Nano/ParEIS-MSX/SW/HW_Export_V1/hw/HW_Export_V2.xsa
TRACE::2026-08-19.17:40:24::SCWPlatform::DSA given C:/Users/tillkorsmeier/Desktop/MA/Z7-Nano/ParEIS-MSX/SW/HW_Export_V1/hw/HW_Export_V2.xsa
TRACE::2026-08-19.17:40:24::SCWPlatform::DSA absoulate path C:/Users/tillkorsmeier/Desktop/MA/Z7-Nano/ParEIS-MSX/SW/HW_Export_V1/hw/HW_Export_V2.xsa
TRACE::2026-08-19.17:40:24::SCWPlatform::DSA directory C:/Users/tillkorsmeier/Desktop/MA/Z7-Nano/ParEIS-MSX/SW/HW_Export_V1/hw
TRACE::2026-08-19.17:40:24::SCWPlatform:: Platform Path C:/Users/tillkorsmeier/Desktop/MA/Z7-Nano/ParEIS-MSX/SW/HW_Export_V1/hw/HW_Export_V2.xsa
TRACE::2026-08-19.17:40:24::SCWPlatform:: Unique name xilinx:::0.0
TRACE::2026-08-19.17:40:24::SCWPlatform::Trying to set the existing hwdb with name design_1_wrapper_3
TRACE::2026-08-19.17:40:24::SCWPlatform::Opened existing hwdb design_1_wrapper_3
TRACE::2026-08-19.17:40:24::SCWPlatform::Found the Hw Db part of the input DSA
TRACE::2026-08-19.17:40:24::SCWMssOS::Checking the sw design at  C:/Users/tillkorsmeier/Desktop/MA/Z7-Nano/ParEIS-MSX/SW/HW_Export_V1/zynq_fsbl/zynq_fsbl_bsp/system.mss
TRACE::2026-08-19.17:40:24::SCWMssOS::DEBUG:  swdes dump  
TRACE::2026-08-19.17:40:24::SCWMssOS::No sw design opened at  C:/Users/tillkorsmeier/Desktop/MA/Z7-Nano/ParEIS-MSX/SW/HW_Export_V1/zynq_fsbl/zynq_fsbl_bsp/system.mss
TRACE::2026-08-19.17:40:24::SCWMssOS::mss exists loading the mss file  C:/Users/tillkorsmeier/Desktop/MA/Z7-Nano/ParEIS-MSX/SW/HW_Export_V1/zynq_fsbl/zynq_fsbl_bsp/system.mss
TRACE::2026-08-19.17:40:24::SCWMssOS::Opened the sw design from mss  C:/Users/tillkorsmeier/Desktop/MA/Z7-Nano/ParEIS-MSX/SW/HW_Export_V1/zynq_fsbl/zynq_fsbl_bsp/system.mss
TRACE::2026-08-19.17:40:24::SCWMssOS::Adding the swdes entry C:/Users/tillkorsmeier/Desktop/MA/Z7-Nano/ParEIS-MSX/SW/HW_Export_V1/zynq_fsbl/zynq_fsbl_bsp/system.mss with des name system
TRACE::2026-08-19.17:40:24::SCWMssOS::updating the scw layer about changes
TRACE::2026-08-19.17:40:24::SCWMssOS::Opened the sw design.  C:/Users/tillkorsmeier/Desktop/MA/Z7-Nano/ParEIS-MSX/SW/HW_Export_V1/zynq_fsbl/zynq_fsbl_bsp/system.mss
TRACE::2026-08-19.17:40:24::SCWPlatform::Trying to open the hw design at C:/Users/tillkorsmeier/Desktop/MA/Z7-Nano/ParEIS-MSX/SW/HW_Export_V1/hw/HW_Export_V2.xsa
TRACE::2026-08-19.17:40:24::SCWPlatform::DSA given C:/Users/tillkorsmeier/Desktop/MA/Z7-Nano/ParEIS-MSX/SW/HW_Export_V1/hw/HW_Export_V2.xsa
TRACE::2026-08-19.17:40:24::SCWPlatform::DSA absoulate path C:/Users/tillkorsmeier/Desktop/MA/Z7-Nano/ParEIS-MSX/SW/HW_Export_V1/hw/HW_Export_V2.xsa
TRACE::2026-08-19.17:40:24::SCWPlatform::DSA directory C:/Users/tillkorsmeier/Desktop/MA/Z7-Nano/ParEIS-MSX/SW/HW_Export_V1/hw
TRACE::2026-08-19.17:40:24::SCWPlatform:: Platform Path C:/Users/tillkorsmeier/Desktop/MA/Z7-Nano/ParEIS-MSX/SW/HW_Export_V1/hw/HW_Export_V2.xsa
TRACE::2026-08-19.17:40:24::SCWPlatform:: Unique name xilinx:::0.0
TRACE::2026-08-19.17:40:24::SCWPlatform::Trying to set the existing hwdb with name design_1_wrapper_3
TRACE::2026-08-19.17:40:24::SCWPlatform::Opened existing hwdb design_1_wrapper_3
TRACE::2026-08-19.17:40:24::SCWPlatform::Found the Hw Db part of the input DSA
TRACE::2026-08-19.17:40:24::SCWMssOS::Checking the sw design at  C:/Users/tillkorsmeier/Desktop/MA/Z7-Nano/ParEIS-MSX/SW/HW_Export_V1/zynq_fsbl/zynq_fsbl_bsp/system.mss
TRACE::2026-08-19.17:40:24::SCWMssOS::DEBUG:  swdes dump  C:/Users/tillkorsmeier/Desktop/MA/Z7-Nano/ParEIS-MSX/SW/HW_Export_V1/zynq_fsbl/zynq_fsbl_bsp/system.mss|system||

TRACE::2026-08-19.17:40:24::SCWMssOS::Sw design exists and opened at  C:/Users/tillkorsmeier/Desktop/MA/Z7-Nano/ParEIS-MSX/SW/HW_Export_V1/zynq_fsbl/zynq_fsbl_bsp/system.mss
TRACE::2026-08-19.17:40:24::SCWMssOS:: library already available in sw design:  xilffs:5.3
TRACE::2026-08-19.17:40:24::SCWPlatform::Trying to open the hw design at C:/Users/tillkorsmeier/Desktop/MA/Z7-Nano/ParEIS-MSX/SW/HW_Export_V1/hw/HW_Export_V2.xsa
TRACE::2026-08-19.17:40:24::SCWPlatform::DSA given C:/Users/tillkorsmeier/Desktop/MA/Z7-Nano/ParEIS-MSX/SW/HW_Export_V1/hw/HW_Export_V2.xsa
TRACE::2026-08-19.17:40:24::SCWPlatform::DSA absoulate path C:/Users/tillkorsmeier/Desktop/MA/Z7-Nano/ParEIS-MSX/SW/HW_Export_V1/hw/HW_Export_V2.xsa
TRACE::2026-08-19.17:40:24::SCWPlatform::DSA directory C:/Users/tillkorsmeier/Desktop/MA/Z7-Nano/ParEIS-MSX/SW/HW_Export_V1/hw
TRACE::2026-08-19.17:40:24::SCWPlatform:: Platform Path C:/Users/tillkorsmeier/Desktop/MA/Z7-Nano/ParEIS-MSX/SW/HW_Export_V1/hw/HW_Export_V2.xsa
TRACE::2026-08-19.17:40:24::SCWPlatform:: Unique name xilinx:::0.0
TRACE::2026-08-19.17:40:24::SCWPlatform::Trying to set the existing hwdb with name design_1_wrapper_3
TRACE::2026-08-19.17:40:24::SCWPlatform::Opened existing hwdb design_1_wrapper_3
TRACE::2026-08-19.17:40:24::SCWPlatform::Found the Hw Db part of the input DSA
TRACE::2026-08-19.17:40:24::SCWMssOS::Checking the sw design at  C:/Users/tillkorsmeier/Desktop/MA/Z7-Nano/ParEIS-MSX/SW/HW_Export_V1/zynq_fsbl/zynq_fsbl_bsp/system.mss
TRACE::2026-08-19.17:40:24::SCWMssOS::DEBUG:  swdes dump  C:/Users/tillkorsmeier/Desktop/MA/Z7-Nano/ParEIS-MSX/SW/HW_Export_V1/zynq_fsbl/zynq_fsbl_bsp/system.mss|system||

TRACE::2026-08-19.17:40:24::SCWMssOS::Sw design exists and opened at  C:/Users/tillkorsmeier/Desktop/MA/Z7-Nano/ParEIS-MSX/SW/HW_Export_V1/zynq_fsbl/zynq_fsbl_bsp/system.mss
TRACE::2026-08-19.17:40:24::SCWMssOS:: library already available in sw design:  xilrsa:1.8
TRACE::2026-08-19.17:40:24::SCWMssOS::Saving the mss changes C:/Users/tillkorsmeier/Desktop/MA/Z7-Nano/ParEIS-MSX/SW/HW_Export_V1/zynq_fsbl/zynq_fsbl_bsp/system.mss
TRACE::2026-08-19.17:40:24::SCWMssOS::Found a swdesign opened with the mssfile.
TRACE::2026-08-19.17:40:24::SCWMssOS::Completed writemss as part of save.
TRACE::2026-08-19.17:40:24::SCWMssOS::Commit changes completed.
TRACE::2026-08-19.17:40:24::SCWReader::Adding prebuilt librarypaths as   
TRACE::2026-08-19.17:40:24::SCWReader::Adding prebuilt incpaths  as   
TRACE::2026-08-19.17:40:24::SCWPlatform::Trying to open the hw design at C:/Users/tillkorsmeier/Desktop/MA/Z7-Nano/ParEIS-MSX/SW/HW_Export_V1/hw/HW_Export_V2.xsa
TRACE::2026-08-19.17:40:24::SCWPlatform::DSA given C:/Users/tillkorsmeier/Desktop/MA/Z7-Nano/ParEIS-MSX/SW/HW_Export_V1/hw/HW_Export_V2.xsa
TRACE::2026-08-19.17:40:24::SCWPlatform::DSA absoulate path C:/Users/tillkorsmeier/Desktop/MA/Z7-Nano/ParEIS-MSX/SW/HW_Export_V1/hw/HW_Export_V2.xsa
TRACE::2026-08-19.17:40:24::SCWPlatform::DSA directory C:/Users/tillkorsmeier/Desktop/MA/Z7-Nano/ParEIS-MSX/SW/HW_Export_V1/hw
TRACE::2026-08-19.17:40:24::SCWPlatform:: Platform Path C:/Users/tillkorsmeier/Desktop/MA/Z7-Nano/ParEIS-MSX/SW/HW_Export_V1/hw/HW_Export_V2.xsa
TRACE::2026-08-19.17:40:24::SCWPlatform:: Unique name xilinx:::0.0
TRACE::2026-08-19.17:40:24::SCWPlatform::Trying to set the existing hwdb with name design_1_wrapper_3
TRACE::2026-08-19.17:40:24::SCWPlatform::Opened existing hwdb design_1_wrapper_3
TRACE::2026-08-19.17:40:24::SCWPlatform::Found the Hw Db part of the input DSA
TRACE::2026-08-19.17:40:24::SCWMssOS::Checking the sw design at  C:/Users/tillkorsmeier/Desktop/MA/Z7-Nano/ParEIS-MSX/SW/HW_Export_V1/zynq_fsbl/zynq_fsbl_bsp/system.mss
TRACE::2026-08-19.17:40:24::SCWMssOS::DEBUG:  swdes dump  C:/Users/tillkorsmeier/Desktop/MA/Z7-Nano/ParEIS-MSX/SW/HW_Export_V1/zynq_fsbl/zynq_fsbl_bsp/system.mss|system||

TRACE::2026-08-19.17:40:24::SCWMssOS::Sw design exists and opened at  C:/Users/tillkorsmeier/Desktop/MA/Z7-Nano/ParEIS-MSX/SW/HW_Export_V1/zynq_fsbl/zynq_fsbl_bsp/system.mss
TRACE::2026-08-19.17:40:24::SCWReader::No isolation master present  
TRACE::2026-08-19.17:40:24::SCWDomain::checking for install qemu data   : 
TRACE::2026-08-19.17:40:24::SCWDomain:: Using the QEMU Data from install at  : C:/Xilinx/Vitis/Vitis/2024.2/data/emulation/platforms/zynq/sw/a9_standalone/qemu/
TRACE::2026-08-19.17:40:24::SCWDomain:: Using the QEMU args  from install at  : C:/Xilinx/Vitis/Vitis/2024.2/data/emulation/platforms/zynq/sw/a9_standalone/qemu/qemu_args.txt
TRACE::2026-08-19.17:40:24::SCWPlatform::Trying to open the hw design at C:/Users/tillkorsmeier/Desktop/MA/Z7-Nano/ParEIS-MSX/SW/HW_Export_V1/hw/HW_Export_V2.xsa
TRACE::2026-08-19.17:40:24::SCWPlatform::DSA given C:/Users/tillkorsmeier/Desktop/MA/Z7-Nano/ParEIS-MSX/SW/HW_Export_V1/hw/HW_Export_V2.xsa
TRACE::2026-08-19.17:40:24::SCWPlatform::DSA absoulate path C:/Users/tillkorsmeier/Desktop/MA/Z7-Nano/ParEIS-MSX/SW/HW_Export_V1/hw/HW_Export_V2.xsa
TRACE::2026-08-19.17:40:24::SCWPlatform::DSA directory C:/Users/tillkorsmeier/Desktop/MA/Z7-Nano/ParEIS-MSX/SW/HW_Export_V1/hw
TRACE::2026-08-19.17:40:24::SCWPlatform:: Platform Path C:/Users/tillkorsmeier/Desktop/MA/Z7-Nano/ParEIS-MSX/SW/HW_Export_V1/hw/HW_Export_V2.xsa
TRACE::2026-08-19.17:40:24::SCWPlatform:: Unique name xilinx:::0.0
TRACE::2026-08-19.17:40:24::SCWPlatform::Trying to set the existing hwdb with name design_1_wrapper_3
TRACE::2026-08-19.17:40:24::SCWPlatform::Opened existing hwdb design_1_wrapper_3
TRACE::2026-08-19.17:40:24::SCWPlatform::Found the Hw Db part of the input DSA
TRACE::2026-08-19.17:40:24::SCWPlatform::Trying to open the hw design at C:/Users/tillkorsmeier/Desktop/MA/Z7-Nano/ParEIS-MSX/SW/HW_Export_V1/hw/HW_Export_V2.xsa
TRACE::2026-08-19.17:40:24::SCWPlatform::DSA given C:/Users/tillkorsmeier/Desktop/MA/Z7-Nano/ParEIS-MSX/SW/HW_Export_V1/hw/HW_Export_V2.xsa
TRACE::2026-08-19.17:40:24::SCWPlatform::DSA absoulate path C:/Users/tillkorsmeier/Desktop/MA/Z7-Nano/ParEIS-MSX/SW/HW_Export_V1/hw/HW_Export_V2.xsa
TRACE::2026-08-19.17:40:24::SCWPlatform::DSA directory C:/Users/tillkorsmeier/Desktop/MA/Z7-Nano/ParEIS-MSX/SW/HW_Export_V1/hw
TRACE::2026-08-19.17:40:24::SCWPlatform:: Platform Path C:/Users/tillkorsmeier/Desktop/MA/Z7-Nano/ParEIS-MSX/SW/HW_Export_V1/hw/HW_Export_V2.xsa
TRACE::2026-08-19.17:40:24::SCWPlatform:: Unique name xilinx:::0.0
TRACE::2026-08-19.17:40:24::SCWPlatform::Trying to set the existing hwdb with name design_1_wrapper_3
TRACE::2026-08-19.17:40:24::SCWPlatform::Opened existing hwdb design_1_wrapper_3
TRACE::2026-08-19.17:40:24::SCWPlatform::Found the Hw Db part of the input DSA
TRACE::2026-08-19.17:40:24::SCWPlatform::Trying to open the hw design at C:/Users/tillkorsmeier/Desktop/MA/Z7-Nano/ParEIS-MSX/SW/HW_Export_V1/hw/HW_Export_V2.xsa
TRACE::2026-08-19.17:40:24::SCWPlatform::DSA given C:/Users/tillkorsmeier/Desktop/MA/Z7-Nano/ParEIS-MSX/SW/HW_Export_V1/hw/HW_Export_V2.xsa
TRACE::2026-08-19.17:40:24::SCWPlatform::DSA absoulate path C:/Users/tillkorsmeier/Desktop/MA/Z7-Nano/ParEIS-MSX/SW/HW_Export_V1/hw/HW_Export_V2.xsa
TRACE::2026-08-19.17:40:24::SCWPlatform::DSA directory C:/Users/tillkorsmeier/Desktop/MA/Z7-Nano/ParEIS-MSX/SW/HW_Export_V1/hw
TRACE::2026-08-19.17:40:24::SCWPlatform:: Platform Path C:/Users/tillkorsmeier/Desktop/MA/Z7-Nano/ParEIS-MSX/SW/HW_Export_V1/hw/HW_Export_V2.xsa
TRACE::2026-08-19.17:40:24::SCWPlatform:: Unique name xilinx:::0.0
TRACE::2026-08-19.17:40:24::SCWPlatform::Trying to set the existing hwdb with name design_1_wrapper_3
TRACE::2026-08-19.17:40:24::SCWPlatform::Opened existing hwdb design_1_wrapper_3
TRACE::2026-08-19.17:40:24::SCWPlatform::Found the Hw Db part of the input DSA
TRACE::2026-08-19.17:40:24::SCWMssOS::Checking the sw design at  C:/Users/tillkorsmeier/Desktop/MA/Z7-Nano/ParEIS-MSX/SW/HW_Export_V1/ps7_cortexa9_0/standalone_ps7_cortexa9_0/bsp/system.mss
TRACE::2026-08-19.17:40:24::SCWMssOS::DEBUG:  swdes dump  C:/Users/tillkorsmeier/Desktop/MA/Z7-Nano/ParEIS-MSX/SW/HW_Export_V1/zynq_fsbl/zynq_fsbl_bsp/system.mss|system||

TRACE::2026-08-19.17:40:24::SCWMssOS::No sw design opened at  C:/Users/tillkorsmeier/Desktop/MA/Z7-Nano/ParEIS-MSX/SW/HW_Export_V1/ps7_cortexa9_0/standalone_ps7_cortexa9_0/bsp/system.mss
TRACE::2026-08-19.17:40:24::SCWMssOS::mss exists loading the mss file  C:/Users/tillkorsmeier/Desktop/MA/Z7-Nano/ParEIS-MSX/SW/HW_Export_V1/ps7_cortexa9_0/standalone_ps7_cortexa9_0/bsp/system.mss
TRACE::2026-08-19.17:40:24::SCWMssOS::Opened the sw design from mss  C:/Users/tillkorsmeier/Desktop/MA/Z7-Nano/ParEIS-MSX/SW/HW_Export_V1/ps7_cortexa9_0/standalone_ps7_cortexa9_0/bsp/system.mss
TRACE::2026-08-19.17:40:24::SCWMssOS::Adding the swdes entry C:/Users/tillkorsmeier/Desktop/MA/Z7-Nano/ParEIS-MSX/SW/HW_Export_V1/ps7_cortexa9_0/standalone_ps7_cortexa9_0/bsp/system.mss with des name system_0
TRACE::2026-08-19.17:40:24::SCWMssOS::updating the scw layer about changes
TRACE::2026-08-19.17:40:24::SCWMssOS::Opened the sw design.  C:/Users/tillkorsmeier/Desktop/MA/Z7-Nano/ParEIS-MSX/SW/HW_Export_V1/ps7_cortexa9_0/standalone_ps7_cortexa9_0/bsp/system.mss
TRACE::2026-08-19.17:40:24::SCWPlatform::Trying to open the hw design at C:/Users/tillkorsmeier/Desktop/MA/Z7-Nano/ParEIS-MSX/SW/HW_Export_V1/hw/HW_Export_V2.xsa
TRACE::2026-08-19.17:40:24::SCWPlatform::DSA given C:/Users/tillkorsmeier/Desktop/MA/Z7-Nano/ParEIS-MSX/SW/HW_Export_V1/hw/HW_Export_V2.xsa
TRACE::2026-08-19.17:40:24::SCWPlatform::DSA absoulate path C:/Users/tillkorsmeier/Desktop/MA/Z7-Nano/ParEIS-MSX/SW/HW_Export_V1/hw/HW_Export_V2.xsa
TRACE::2026-08-19.17:40:24::SCWPlatform::DSA directory C:/Users/tillkorsmeier/Desktop/MA/Z7-Nano/ParEIS-MSX/SW/HW_Export_V1/hw
TRACE::2026-08-19.17:40:24::SCWPlatform:: Platform Path C:/Users/tillkorsmeier/Desktop/MA/Z7-Nano/ParEIS-MSX/SW/HW_Export_V1/hw/HW_Export_V2.xsa
TRACE::2026-08-19.17:40:24::SCWPlatform:: Unique name xilinx:::0.0
TRACE::2026-08-19.17:40:24::SCWPlatform::Trying to set the existing hwdb with name design_1_wrapper_3
TRACE::2026-08-19.17:40:24::SCWPlatform::Opened existing hwdb design_1_wrapper_3
TRACE::2026-08-19.17:40:24::SCWPlatform::Found the Hw Db part of the input DSA
TRACE::2026-08-19.17:40:24::SCWMssOS::Checking the sw design at  C:/Users/tillkorsmeier/Desktop/MA/Z7-Nano/ParEIS-MSX/SW/HW_Export_V1/ps7_cortexa9_0/standalone_ps7_cortexa9_0/bsp/system.mss
TRACE::2026-08-19.17:40:24::SCWMssOS::DEBUG:  swdes dump  C:/Users/tillkorsmeier/Desktop/MA/Z7-Nano/ParEIS-MSX/SW/HW_Export_V1/ps7_cortexa9_0/standalone_ps7_cortexa9_0/bsp/system.mss|system_0||
C:/Users/tillkorsmeier/Desktop/MA/Z7-Nano/ParEIS-MSX/SW/HW_Export_V1/zynq_fsbl/zynq_fsbl_bsp/system.mss|system||

TRACE::2026-08-19.17:40:24::SCWMssOS::Sw design exists and opened at  C:/Users/tillkorsmeier/Desktop/MA/Z7-Nano/ParEIS-MSX/SW/HW_Export_V1/ps7_cortexa9_0/standalone_ps7_cortexa9_0/bsp/system.mss
TRACE::2026-08-19.17:40:24::SCWMssOS:: library already available in sw design:  lwip220:1.1
TRACE::2026-08-19.17:40:24::SCWPlatform::Trying to open the hw design at C:/Users/tillkorsmeier/Desktop/MA/Z7-Nano/ParEIS-MSX/SW/HW_Export_V1/hw/HW_Export_V2.xsa
TRACE::2026-08-19.17:40:24::SCWPlatform::DSA given C:/Users/tillkorsmeier/Desktop/MA/Z7-Nano/ParEIS-MSX/SW/HW_Export_V1/hw/HW_Export_V2.xsa
TRACE::2026-08-19.17:40:24::SCWPlatform::DSA absoulate path C:/Users/tillkorsmeier/Desktop/MA/Z7-Nano/ParEIS-MSX/SW/HW_Export_V1/hw/HW_Export_V2.xsa
TRACE::2026-08-19.17:40:24::SCWPlatform::DSA directory C:/Users/tillkorsmeier/Desktop/MA/Z7-Nano/ParEIS-MSX/SW/HW_Export_V1/hw
TRACE::2026-08-19.17:40:24::SCWPlatform:: Platform Path C:/Users/tillkorsmeier/Desktop/MA/Z7-Nano/ParEIS-MSX/SW/HW_Export_V1/hw/HW_Export_V2.xsa
TRACE::2026-08-19.17:40:24::SCWPlatform:: Unique name xilinx:::0.0
TRACE::2026-08-19.17:40:24::SCWPlatform::Trying to set the existing hwdb with name design_1_wrapper_3
TRACE::2026-08-19.17:40:24::SCWPlatform::Opened existing hwdb design_1_wrapper_3
TRACE::2026-08-19.17:40:24::SCWPlatform::Found the Hw Db part of the input DSA
TRACE::2026-08-19.17:40:24::SCWMssOS::Checking the sw design at  C:/Users/tillkorsmeier/Desktop/MA/Z7-Nano/ParEIS-MSX/SW/HW_Export_V1/ps7_cortexa9_0/standalone_ps7_cortexa9_0/bsp/system.mss
TRACE::2026-08-19.17:40:24::SCWMssOS::DEBUG:  swdes dump  C:/Users/tillkorsmeier/Desktop/MA/Z7-Nano/ParEIS-MSX/SW/HW_Export_V1/ps7_cortexa9_0/standalone_ps7_cortexa9_0/bsp/system.mss|system_0||
C:/Users/tillkorsmeier/Desktop/MA/Z7-Nano/ParEIS-MSX/SW/HW_Export_V1/zynq_fsbl/zynq_fsbl_bsp/system.mss|system||

TRACE::2026-08-19.17:40:24::SCWMssOS::Sw design exists and opened at  C:/Users/tillkorsmeier/Desktop/MA/Z7-Nano/ParEIS-MSX/SW/HW_Export_V1/ps7_cortexa9_0/standalone_ps7_cortexa9_0/bsp/system.mss
TRACE::2026-08-19.17:40:24::SCWMssOS:: library already available in sw design:  xiltimer:2.1
TRACE::2026-08-19.17:40:24::SCWPlatform::Trying to open the hw design at C:/Users/tillkorsmeier/Desktop/MA/Z7-Nano/ParEIS-MSX/SW/HW_Export_V1/hw/HW_Export_V2.xsa
TRACE::2026-08-19.17:40:24::SCWPlatform::DSA given C:/Users/tillkorsmeier/Desktop/MA/Z7-Nano/ParEIS-MSX/SW/HW_Export_V1/hw/HW_Export_V2.xsa
TRACE::2026-08-19.17:40:24::SCWPlatform::DSA absoulate path C:/Users/tillkorsmeier/Desktop/MA/Z7-Nano/ParEIS-MSX/SW/HW_Export_V1/hw/HW_Export_V2.xsa
TRACE::2026-08-19.17:40:24::SCWPlatform::DSA directory C:/Users/tillkorsmeier/Desktop/MA/Z7-Nano/ParEIS-MSX/SW/HW_Export_V1/hw
TRACE::2026-08-19.17:40:24::SCWPlatform:: Platform Path C:/Users/tillkorsmeier/Desktop/MA/Z7-Nano/ParEIS-MSX/SW/HW_Export_V1/hw/HW_Export_V2.xsa
TRACE::2026-08-19.17:40:24::SCWPlatform:: Unique name xilinx:::0.0
TRACE::2026-08-19.17:40:24::SCWPlatform::Trying to set the existing hwdb with name design_1_wrapper_3
TRACE::2026-08-19.17:40:24::SCWPlatform::Opened existing hwdb design_1_wrapper_3
TRACE::2026-08-19.17:40:24::SCWPlatform::Found the Hw Db part of the input DSA
TRACE::2026-08-19.17:40:24::SCWMssOS::Checking the sw design at  C:/Users/tillkorsmeier/Desktop/MA/Z7-Nano/ParEIS-MSX/SW/HW_Export_V1/ps7_cortexa9_0/standalone_ps7_cortexa9_0/bsp/system.mss
TRACE::2026-08-19.17:40:24::SCWMssOS::DEBUG:  swdes dump  C:/Users/tillkorsmeier/Desktop/MA/Z7-Nano/ParEIS-MSX/SW/HW_Export_V1/ps7_cortexa9_0/standalone_ps7_cortexa9_0/bsp/system.mss|system_0||
C:/Users/tillkorsmeier/Desktop/MA/Z7-Nano/ParEIS-MSX/SW/HW_Export_V1/zynq_fsbl/zynq_fsbl_bsp/system.mss|system||

TRACE::2026-08-19.17:40:24::SCWMssOS::Sw design exists and opened at  C:/Users/tillkorsmeier/Desktop/MA/Z7-Nano/ParEIS-MSX/SW/HW_Export_V1/ps7_cortexa9_0/standalone_ps7_cortexa9_0/bsp/system.mss
TRACE::2026-08-19.17:40:24::SCWPlatform::Trying to open the hw design at C:/Users/tillkorsmeier/Desktop/MA/Z7-Nano/ParEIS-MSX/SW/HW_Export_V1/hw/HW_Export_V2.xsa
TRACE::2026-08-19.17:40:24::SCWPlatform::DSA given C:/Users/tillkorsmeier/Desktop/MA/Z7-Nano/ParEIS-MSX/SW/HW_Export_V1/hw/HW_Export_V2.xsa
TRACE::2026-08-19.17:40:24::SCWPlatform::DSA absoulate path C:/Users/tillkorsmeier/Desktop/MA/Z7-Nano/ParEIS-MSX/SW/HW_Export_V1/hw/HW_Export_V2.xsa
TRACE::2026-08-19.17:40:24::SCWPlatform::DSA directory C:/Users/tillkorsmeier/Desktop/MA/Z7-Nano/ParEIS-MSX/SW/HW_Export_V1/hw
TRACE::2026-08-19.17:40:24::SCWPlatform:: Platform Path C:/Users/tillkorsmeier/Desktop/MA/Z7-Nano/ParEIS-MSX/SW/HW_Export_V1/hw/HW_Export_V2.xsa
TRACE::2026-08-19.17:40:24::SCWPlatform:: Unique name xilinx:::0.0
TRACE::2026-08-19.17:40:24::SCWPlatform::Trying to set the existing hwdb with name design_1_wrapper_3
TRACE::2026-08-19.17:40:24::SCWPlatform::Opened existing hwdb design_1_wrapper_3
TRACE::2026-08-19.17:40:24::SCWPlatform::Found the Hw Db part of the input DSA
TRACE::2026-08-19.17:40:24::SCWMssOS::Checking the sw design at  C:/Users/tillkorsmeier/Desktop/MA/Z7-Nano/ParEIS-MSX/SW/HW_Export_V1/ps7_cortexa9_0/standalone_ps7_cortexa9_0/bsp/system.mss
TRACE::2026-08-19.17:40:24::SCWMssOS::DEBUG:  swdes dump  C:/Users/tillkorsmeier/Desktop/MA/Z7-Nano/ParEIS-MSX/SW/HW_Export_V1/ps7_cortexa9_0/standalone_ps7_cortexa9_0/bsp/system.mss|system_0||
C:/Users/tillkorsmeier/Desktop/MA/Z7-Nano/ParEIS-MSX/SW/HW_Export_V1/zynq_fsbl/zynq_fsbl_bsp/system.mss|system||

TRACE::2026-08-19.17:40:24::SCWMssOS::Sw design exists and opened at  C:/Users/tillkorsmeier/Desktop/MA/Z7-Nano/ParEIS-MSX/SW/HW_Export_V1/ps7_cortexa9_0/standalone_ps7_cortexa9_0/bsp/system.mss
TRACE::2026-08-19.17:40:24::SCWPlatform::Trying to open the hw design at C:/Users/tillkorsmeier/Desktop/MA/Z7-Nano/ParEIS-MSX/SW/HW_Export_V1/hw/HW_Export_V2.xsa
TRACE::2026-08-19.17:40:24::SCWPlatform::DSA given C:/Users/tillkorsmeier/Desktop/MA/Z7-Nano/ParEIS-MSX/SW/HW_Export_V1/hw/HW_Export_V2.xsa
TRACE::2026-08-19.17:40:24::SCWPlatform::DSA absoulate path C:/Users/tillkorsmeier/Desktop/MA/Z7-Nano/ParEIS-MSX/SW/HW_Export_V1/hw/HW_Export_V2.xsa
TRACE::2026-08-19.17:40:24::SCWPlatform::DSA directory C:/Users/tillkorsmeier/Desktop/MA/Z7-Nano/ParEIS-MSX/SW/HW_Export_V1/hw
TRACE::2026-08-19.17:40:24::SCWPlatform:: Platform Path C:/Users/tillkorsmeier/Desktop/MA/Z7-Nano/ParEIS-MSX/SW/HW_Export_V1/hw/HW_Export_V2.xsa
TRACE::2026-08-19.17:40:24::SCWPlatform:: Unique name xilinx:::0.0
TRACE::2026-08-19.17:40:24::SCWPlatform::Trying to set the existing hwdb with name design_1_wrapper_3
TRACE::2026-08-19.17:40:24::SCWPlatform::Opened existing hwdb design_1_wrapper_3
TRACE::2026-08-19.17:40:24::SCWPlatform::Found the Hw Db part of the input DSA
TRACE::2026-08-19.17:40:24::SCWMssOS::Checking the sw design at  C:/Users/tillkorsmeier/Desktop/MA/Z7-Nano/ParEIS-MSX/SW/HW_Export_V1/ps7_cortexa9_0/standalone_ps7_cortexa9_0/bsp/system.mss
TRACE::2026-08-19.17:40:24::SCWMssOS::DEBUG:  swdes dump  C:/Users/tillkorsmeier/Desktop/MA/Z7-Nano/ParEIS-MSX/SW/HW_Export_V1/ps7_cortexa9_0/standalone_ps7_cortexa9_0/bsp/system.mss|system_0||
C:/Users/tillkorsmeier/Desktop/MA/Z7-Nano/ParEIS-MSX/SW/HW_Export_V1/zynq_fsbl/zynq_fsbl_bsp/system.mss|system||

TRACE::2026-08-19.17:40:24::SCWMssOS::Sw design exists and opened at  C:/Users/tillkorsmeier/Desktop/MA/Z7-Nano/ParEIS-MSX/SW/HW_Export_V1/ps7_cortexa9_0/standalone_ps7_cortexa9_0/bsp/system.mss
TRACE::2026-08-19.17:40:24::SCWPlatform::Trying to open the hw design at C:/Users/tillkorsmeier/Desktop/MA/Z7-Nano/ParEIS-MSX/SW/HW_Export_V1/hw/HW_Export_V2.xsa
TRACE::2026-08-19.17:40:24::SCWPlatform::DSA given C:/Users/tillkorsmeier/Desktop/MA/Z7-Nano/ParEIS-MSX/SW/HW_Export_V1/hw/HW_Export_V2.xsa
TRACE::2026-08-19.17:40:24::SCWPlatform::DSA absoulate path C:/Users/tillkorsmeier/Desktop/MA/Z7-Nano/ParEIS-MSX/SW/HW_Export_V1/hw/HW_Export_V2.xsa
TRACE::2026-08-19.17:40:24::SCWPlatform::DSA directory C:/Users/tillkorsmeier/Desktop/MA/Z7-Nano/ParEIS-MSX/SW/HW_Export_V1/hw
TRACE::2026-08-19.17:40:24::SCWPlatform:: Platform Path C:/Users/tillkorsmeier/Desktop/MA/Z7-Nano/ParEIS-MSX/SW/HW_Export_V1/hw/HW_Export_V2.xsa
TRACE::2026-08-19.17:40:24::SCWPlatform:: Unique name xilinx:::0.0
TRACE::2026-08-19.17:40:24::SCWPlatform::Trying to set the existing hwdb with name design_1_wrapper_3
TRACE::2026-08-19.17:40:24::SCWPlatform::Opened existing hwdb design_1_wrapper_3
TRACE::2026-08-19.17:40:24::SCWPlatform::Found the Hw Db part of the input DSA
TRACE::2026-08-19.17:40:24::SCWMssOS::Checking the sw design at  C:/Users/tillkorsmeier/Desktop/MA/Z7-Nano/ParEIS-MSX/SW/HW_Export_V1/ps7_cortexa9_0/standalone_ps7_cortexa9_0/bsp/system.mss
TRACE::2026-08-19.17:40:24::SCWMssOS::DEBUG:  swdes dump  C:/Users/tillkorsmeier/Desktop/MA/Z7-Nano/ParEIS-MSX/SW/HW_Export_V1/ps7_cortexa9_0/standalone_ps7_cortexa9_0/bsp/system.mss|system_0||
C:/Users/tillkorsmeier/Desktop/MA/Z7-Nano/ParEIS-MSX/SW/HW_Export_V1/zynq_fsbl/zynq_fsbl_bsp/system.mss|system||

TRACE::2026-08-19.17:40:24::SCWMssOS::Sw design exists and opened at  C:/Users/tillkorsmeier/Desktop/MA/Z7-Nano/ParEIS-MSX/SW/HW_Export_V1/ps7_cortexa9_0/standalone_ps7_cortexa9_0/bsp/system.mss
TRACE::2026-08-19.17:40:24::SCWPlatform::Trying to open the hw design at C:/Users/tillkorsmeier/Desktop/MA/Z7-Nano/ParEIS-MSX/SW/HW_Export_V1/hw/HW_Export_V2.xsa
TRACE::2026-08-19.17:40:24::SCWPlatform::DSA given C:/Users/tillkorsmeier/Desktop/MA/Z7-Nano/ParEIS-MSX/SW/HW_Export_V1/hw/HW_Export_V2.xsa
TRACE::2026-08-19.17:40:24::SCWPlatform::DSA absoulate path C:/Users/tillkorsmeier/Desktop/MA/Z7-Nano/ParEIS-MSX/SW/HW_Export_V1/hw/HW_Export_V2.xsa
TRACE::2026-08-19.17:40:24::SCWPlatform::DSA directory C:/Users/tillkorsmeier/Desktop/MA/Z7-Nano/ParEIS-MSX/SW/HW_Export_V1/hw
TRACE::2026-08-19.17:40:24::SCWPlatform:: Platform Path C:/Users/tillkorsmeier/Desktop/MA/Z7-Nano/ParEIS-MSX/SW/HW_Export_V1/hw/HW_Export_V2.xsa
TRACE::2026-08-19.17:40:24::SCWPlatform:: Unique name xilinx:::0.0
TRACE::2026-08-19.17:40:24::SCWPlatform::Trying to set the existing hwdb with name design_1_wrapper_3
TRACE::2026-08-19.17:40:24::SCWPlatform::Opened existing hwdb design_1_wrapper_3
TRACE::2026-08-19.17:40:24::SCWPlatform::Found the Hw Db part of the input DSA
TRACE::2026-08-19.17:40:24::SCWMssOS::Checking the sw design at  C:/Users/tillkorsmeier/Desktop/MA/Z7-Nano/ParEIS-MSX/SW/HW_Export_V1/ps7_cortexa9_0/standalone_ps7_cortexa9_0/bsp/system.mss
TRACE::2026-08-19.17:40:24::SCWMssOS::DEBUG:  swdes dump  C:/Users/tillkorsmeier/Desktop/MA/Z7-Nano/ParEIS-MSX/SW/HW_Export_V1/ps7_cortexa9_0/standalone_ps7_cortexa9_0/bsp/system.mss|system_0||
C:/Users/tillkorsmeier/Desktop/MA/Z7-Nano/ParEIS-MSX/SW/HW_Export_V1/zynq_fsbl/zynq_fsbl_bsp/system.mss|system||

TRACE::2026-08-19.17:40:24::SCWMssOS::Sw design exists and opened at  C:/Users/tillkorsmeier/Desktop/MA/Z7-Nano/ParEIS-MSX/SW/HW_Export_V1/ps7_cortexa9_0/standalone_ps7_cortexa9_0/bsp/system.mss
TRACE::2026-08-19.17:40:24::SCWPlatform::Trying to open the hw design at C:/Users/tillkorsmeier/Desktop/MA/Z7-Nano/ParEIS-MSX/SW/HW_Export_V1/hw/HW_Export_V2.xsa
TRACE::2026-08-19.17:40:24::SCWPlatform::DSA given C:/Users/tillkorsmeier/Desktop/MA/Z7-Nano/ParEIS-MSX/SW/HW_Export_V1/hw/HW_Export_V2.xsa
TRACE::2026-08-19.17:40:24::SCWPlatform::DSA absoulate path C:/Users/tillkorsmeier/Desktop/MA/Z7-Nano/ParEIS-MSX/SW/HW_Export_V1/hw/HW_Export_V2.xsa
TRACE::2026-08-19.17:40:24::SCWPlatform::DSA directory C:/Users/tillkorsmeier/Desktop/MA/Z7-Nano/ParEIS-MSX/SW/HW_Export_V1/hw
TRACE::2026-08-19.17:40:24::SCWPlatform:: Platform Path C:/Users/tillkorsmeier/Desktop/MA/Z7-Nano/ParEIS-MSX/SW/HW_Export_V1/hw/HW_Export_V2.xsa
TRACE::2026-08-19.17:40:24::SCWPlatform:: Unique name xilinx:::0.0
TRACE::2026-08-19.17:40:24::SCWPlatform::Trying to set the existing hwdb with name design_1_wrapper_3
TRACE::2026-08-19.17:40:24::SCWPlatform::Opened existing hwdb design_1_wrapper_3
TRACE::2026-08-19.17:40:24::SCWPlatform::Found the Hw Db part of the input DSA
TRACE::2026-08-19.17:40:24::SCWMssOS::Checking the sw design at  C:/Users/tillkorsmeier/Desktop/MA/Z7-Nano/ParEIS-MSX/SW/HW_Export_V1/ps7_cortexa9_0/standalone_ps7_cortexa9_0/bsp/system.mss
TRACE::2026-08-19.17:40:24::SCWMssOS::DEBUG:  swdes dump  C:/Users/tillkorsmeier/Desktop/MA/Z7-Nano/ParEIS-MSX/SW/HW_Export_V1/ps7_cortexa9_0/standalone_ps7_cortexa9_0/bsp/system.mss|system_0||
C:/Users/tillkorsmeier/Desktop/MA/Z7-Nano/ParEIS-MSX/SW/HW_Export_V1/zynq_fsbl/zynq_fsbl_bsp/system.mss|system||

TRACE::2026-08-19.17:40:24::SCWMssOS::Sw design exists and opened at  C:/Users/tillkorsmeier/Desktop/MA/Z7-Nano/ParEIS-MSX/SW/HW_Export_V1/ps7_cortexa9_0/standalone_ps7_cortexa9_0/bsp/system.mss
TRACE::2026-08-19.17:40:24::SCWPlatform::Trying to open the hw design at C:/Users/tillkorsmeier/Desktop/MA/Z7-Nano/ParEIS-MSX/SW/HW_Export_V1/hw/HW_Export_V2.xsa
TRACE::2026-08-19.17:40:24::SCWPlatform::DSA given C:/Users/tillkorsmeier/Desktop/MA/Z7-Nano/ParEIS-MSX/SW/HW_Export_V1/hw/HW_Export_V2.xsa
TRACE::2026-08-19.17:40:24::SCWPlatform::DSA absoulate path C:/Users/tillkorsmeier/Desktop/MA/Z7-Nano/ParEIS-MSX/SW/HW_Export_V1/hw/HW_Export_V2.xsa
TRACE::2026-08-19.17:40:24::SCWPlatform::DSA directory C:/Users/tillkorsmeier/Desktop/MA/Z7-Nano/ParEIS-MSX/SW/HW_Export_V1/hw
TRACE::2026-08-19.17:40:24::SCWPlatform:: Platform Path C:/Users/tillkorsmeier/Desktop/MA/Z7-Nano/ParEIS-MSX/SW/HW_Export_V1/hw/HW_Export_V2.xsa
TRACE::2026-08-19.17:40:24::SCWPlatform:: Unique name xilinx:::0.0
TRACE::2026-08-19.17:40:24::SCWPlatform::Trying to set the existing hwdb with name design_1_wrapper_3
TRACE::2026-08-19.17:40:24::SCWPlatform::Opened existing hwdb design_1_wrapper_3
TRACE::2026-08-19.17:40:24::SCWPlatform::Found the Hw Db part of the input DSA
TRACE::2026-08-19.17:40:24::SCWMssOS::Checking the sw design at  C:/Users/tillkorsmeier/Desktop/MA/Z7-Nano/ParEIS-MSX/SW/HW_Export_V1/ps7_cortexa9_0/standalone_ps7_cortexa9_0/bsp/system.mss
TRACE::2026-08-19.17:40:24::SCWMssOS::DEBUG:  swdes dump  C:/Users/tillkorsmeier/Desktop/MA/Z7-Nano/ParEIS-MSX/SW/HW_Export_V1/ps7_cortexa9_0/standalone_ps7_cortexa9_0/bsp/system.mss|system_0||
C:/Users/tillkorsmeier/Desktop/MA/Z7-Nano/ParEIS-MSX/SW/HW_Export_V1/zynq_fsbl/zynq_fsbl_bsp/system.mss|system||

TRACE::2026-08-19.17:40:24::SCWMssOS::Sw design exists and opened at  C:/Users/tillkorsmeier/Desktop/MA/Z7-Nano/ParEIS-MSX/SW/HW_Export_V1/ps7_cortexa9_0/standalone_ps7_cortexa9_0/bsp/system.mss
TRACE::2026-08-19.17:40:24::SCWPlatform::Trying to open the hw design at C:/Users/tillkorsmeier/Desktop/MA/Z7-Nano/ParEIS-MSX/SW/HW_Export_V1/hw/HW_Export_V2.xsa
TRACE::2026-08-19.17:40:24::SCWPlatform::DSA given C:/Users/tillkorsmeier/Desktop/MA/Z7-Nano/ParEIS-MSX/SW/HW_Export_V1/hw/HW_Export_V2.xsa
TRACE::2026-08-19.17:40:24::SCWPlatform::DSA absoulate path C:/Users/tillkorsmeier/Desktop/MA/Z7-Nano/ParEIS-MSX/SW/HW_Export_V1/hw/HW_Export_V2.xsa
TRACE::2026-08-19.17:40:24::SCWPlatform::DSA directory C:/Users/tillkorsmeier/Desktop/MA/Z7-Nano/ParEIS-MSX/SW/HW_Export_V1/hw
TRACE::2026-08-19.17:40:24::SCWPlatform:: Platform Path C:/Users/tillkorsmeier/Desktop/MA/Z7-Nano/ParEIS-MSX/SW/HW_Export_V1/hw/HW_Export_V2.xsa
TRACE::2026-08-19.17:40:24::SCWPlatform:: Unique name xilinx:::0.0
TRACE::2026-08-19.17:40:24::SCWPlatform::Trying to set the existing hwdb with name design_1_wrapper_3
TRACE::2026-08-19.17:40:24::SCWPlatform::Opened existing hwdb design_1_wrapper_3
TRACE::2026-08-19.17:40:24::SCWPlatform::Found the Hw Db part of the input DSA
TRACE::2026-08-19.17:40:24::SCWMssOS::Checking the sw design at  C:/Users/tillkorsmeier/Desktop/MA/Z7-Nano/ParEIS-MSX/SW/HW_Export_V1/ps7_cortexa9_0/standalone_ps7_cortexa9_0/bsp/system.mss
TRACE::2026-08-19.17:40:24::SCWMssOS::DEBUG:  swdes dump  C:/Users/tillkorsmeier/Desktop/MA/Z7-Nano/ParEIS-MSX/SW/HW_Export_V1/ps7_cortexa9_0/standalone_ps7_cortexa9_0/bsp/system.mss|system_0||
C:/Users/tillkorsmeier/Desktop/MA/Z7-Nano/ParEIS-MSX/SW/HW_Export_V1/zynq_fsbl/zynq_fsbl_bsp/system.mss|system||

TRACE::2026-08-19.17:40:24::SCWMssOS::Sw design exists and opened at  C:/Users/tillkorsmeier/Desktop/MA/Z7-Nano/ParEIS-MSX/SW/HW_Export_V1/ps7_cortexa9_0/standalone_ps7_cortexa9_0/bsp/system.mss
TRACE::2026-08-19.17:40:24::SCWMssOS::Saving the mss changes C:/Users/tillkorsmeier/Desktop/MA/Z7-Nano/ParEIS-MSX/SW/HW_Export_V1/ps7_cortexa9_0/standalone_ps7_cortexa9_0/bsp/system.mss
TRACE::2026-08-19.17:40:24::SCWMssOS::Found a swdesign opened with the mssfile.
TRACE::2026-08-19.17:40:24::SCWMssOS::Completed writemss as part of save.
TRACE::2026-08-19.17:40:24::SCWMssOS::Commit changes completed.
TRACE::2026-08-19.17:40:24::SCWReader::Adding prebuilt librarypaths as   
TRACE::2026-08-19.17:40:24::SCWReader::Adding prebuilt incpaths  as   
TRACE::2026-08-19.17:40:24::SCWPlatform::Trying to open the hw design at C:/Users/tillkorsmeier/Desktop/MA/Z7-Nano/ParEIS-MSX/SW/HW_Export_V1/hw/HW_Export_V2.xsa
TRACE::2026-08-19.17:40:24::SCWPlatform::DSA given C:/Users/tillkorsmeier/Desktop/MA/Z7-Nano/ParEIS-MSX/SW/HW_Export_V1/hw/HW_Export_V2.xsa
TRACE::2026-08-19.17:40:24::SCWPlatform::DSA absoulate path C:/Users/tillkorsmeier/Desktop/MA/Z7-Nano/ParEIS-MSX/SW/HW_Export_V1/hw/HW_Export_V2.xsa
TRACE::2026-08-19.17:40:24::SCWPlatform::DSA directory C:/Users/tillkorsmeier/Desktop/MA/Z7-Nano/ParEIS-MSX/SW/HW_Export_V1/hw
TRACE::2026-08-19.17:40:24::SCWPlatform:: Platform Path C:/Users/tillkorsmeier/Desktop/MA/Z7-Nano/ParEIS-MSX/SW/HW_Export_V1/hw/HW_Export_V2.xsa
TRACE::2026-08-19.17:40:24::SCWPlatform:: Unique name xilinx:::0.0
TRACE::2026-08-19.17:40:24::SCWPlatform::Trying to set the existing hwdb with name design_1_wrapper_3
TRACE::2026-08-19.17:40:24::SCWPlatform::Opened existing hwdb design_1_wrapper_3
TRACE::2026-08-19.17:40:24::SCWPlatform::Found the Hw Db part of the input DSA
TRACE::2026-08-19.17:40:24::SCWMssOS::Checking the sw design at  C:/Users/tillkorsmeier/Desktop/MA/Z7-Nano/ParEIS-MSX/SW/HW_Export_V1/ps7_cortexa9_0/standalone_ps7_cortexa9_0/bsp/system.mss
TRACE::2026-08-19.17:40:24::SCWMssOS::DEBUG:  swdes dump  C:/Users/tillkorsmeier/Desktop/MA/Z7-Nano/ParEIS-MSX/SW/HW_Export_V1/ps7_cortexa9_0/standalone_ps7_cortexa9_0/bsp/system.mss|system_0||
C:/Users/tillkorsmeier/Desktop/MA/Z7-Nano/ParEIS-MSX/SW/HW_Export_V1/zynq_fsbl/zynq_fsbl_bsp/system.mss|system||

TRACE::2026-08-19.17:40:24::SCWMssOS::Sw design exists and opened at  C:/Users/tillkorsmeier/Desktop/MA/Z7-Nano/ParEIS-MSX/SW/HW_Export_V1/ps7_cortexa9_0/standalone_ps7_cortexa9_0/bsp/system.mss
TRACE::2026-08-19.17:40:24::SCWReader::No isolation master present  
TRACE::2026-08-19.17:40:24::SCWPlatform::Trying to open the hw design at C:/Users/tillkorsmeier/Desktop/MA/Z7-Nano/ParEIS-MSX/SW/HW_Export_V1/hw/HW_Export_V2.xsa
TRACE::2026-08-19.17:40:24::SCWPlatform::DSA given C:/Users/tillkorsmeier/Desktop/MA/Z7-Nano/ParEIS-MSX/SW/HW_Export_V1/hw/HW_Export_V2.xsa
TRACE::2026-08-19.17:40:24::SCWPlatform::DSA absoulate path C:/Users/tillkorsmeier/Desktop/MA/Z7-Nano/ParEIS-MSX/SW/HW_Export_V1/hw/HW_Export_V2.xsa
TRACE::2026-08-19.17:40:24::SCWPlatform::DSA directory C:/Users/tillkorsmeier/Desktop/MA/Z7-Nano/ParEIS-MSX/SW/HW_Export_V1/hw
TRACE::2026-08-19.17:40:24::SCWPlatform:: Platform Path C:/Users/tillkorsmeier/Desktop/MA/Z7-Nano/ParEIS-MSX/SW/HW_Export_V1/hw/HW_Export_V2.xsa
TRACE::2026-08-19.17:40:24::SCWPlatform:: Unique name xilinx:::0.0
TRACE::2026-08-19.17:40:24::SCWPlatform::Trying to set the existing hwdb with name design_1_wrapper_3
TRACE::2026-08-19.17:40:24::SCWPlatform::Opened existing hwdb design_1_wrapper_3
TRACE::2026-08-19.17:40:24::SCWPlatform::Found the Hw Db part of the input DSA
TRACE::2026-08-19.17:40:24::SCWMssOS::Checking the sw design at  C:/Users/tillkorsmeier/Desktop/MA/Z7-Nano/ParEIS-MSX/SW/HW_Export_V1/ps7_cortexa9_0/standalone_ps7_cortexa9_0/bsp/system.mss
TRACE::2026-08-19.17:40:24::SCWMssOS::DEBUG:  swdes dump  C:/Users/tillkorsmeier/Desktop/MA/Z7-Nano/ParEIS-MSX/SW/HW_Export_V1/ps7_cortexa9_0/standalone_ps7_cortexa9_0/bsp/system.mss|system_0||
C:/Users/tillkorsmeier/Desktop/MA/Z7-Nano/ParEIS-MSX/SW/HW_Export_V1/zynq_fsbl/zynq_fsbl_bsp/system.mss|system||

TRACE::2026-08-19.17:40:24::SCWMssOS::Sw design exists and opened at  C:/Users/tillkorsmeier/Desktop/MA/Z7-Nano/ParEIS-MSX/SW/HW_Export_V1/ps7_cortexa9_0/standalone_ps7_cortexa9_0/bsp/system.mss
TRACE::2026-08-19.17:40:25::SCWMssOS::In reload Mss file.
TRACE::2026-08-19.17:40:25::SCWPlatform::Trying to open the hw design at C:/Users/tillkorsmeier/Desktop/MA/Z7-Nano/ParEIS-MSX/SW/HW_Export_V1/hw/HW_Export_V2.xsa
TRACE::2026-08-19.17:40:25::SCWPlatform::DSA given C:/Users/tillkorsmeier/Desktop/MA/Z7-Nano/ParEIS-MSX/SW/HW_Export_V1/hw/HW_Export_V2.xsa
TRACE::2026-08-19.17:40:25::SCWPlatform::DSA absoulate path C:/Users/tillkorsmeier/Desktop/MA/Z7-Nano/ParEIS-MSX/SW/HW_Export_V1/hw/HW_Export_V2.xsa
TRACE::2026-08-19.17:40:25::SCWPlatform::DSA directory C:/Users/tillkorsmeier/Desktop/MA/Z7-Nano/ParEIS-MSX/SW/HW_Export_V1/hw
TRACE::2026-08-19.17:40:25::SCWPlatform:: Platform Path C:/Users/tillkorsmeier/Desktop/MA/Z7-Nano/ParEIS-MSX/SW/HW_Export_V1/hw/HW_Export_V2.xsa
TRACE::2026-08-19.17:40:25::SCWPlatform:: Unique name xilinx:::0.0
TRACE::2026-08-19.17:40:25::SCWPlatform::Trying to set the existing hwdb with name design_1_wrapper_3
TRACE::2026-08-19.17:40:25::SCWPlatform::Opened existing hwdb design_1_wrapper_3
TRACE::2026-08-19.17:40:25::SCWPlatform::Found the Hw Db part of the input DSA
TRACE::2026-08-19.17:40:25::SCWMssOS::Checking the sw design at  C:/Users/tillkorsmeier/Desktop/MA/Z7-Nano/ParEIS-MSX/SW/HW_Export_V1/ps7_cortexa9_0/standalone_ps7_cortexa9_0/bsp/system.mss
TRACE::2026-08-19.17:40:25::SCWMssOS::DEBUG:  swdes dump  C:/Users/tillkorsmeier/Desktop/MA/Z7-Nano/ParEIS-MSX/SW/HW_Export_V1/zynq_fsbl/zynq_fsbl_bsp/system.mss|system||

TRACE::2026-08-19.17:40:25::SCWMssOS::No sw design opened at  C:/Users/tillkorsmeier/Desktop/MA/Z7-Nano/ParEIS-MSX/SW/HW_Export_V1/ps7_cortexa9_0/standalone_ps7_cortexa9_0/bsp/system.mss
TRACE::2026-08-19.17:40:25::SCWMssOS::mss exists loading the mss file  C:/Users/tillkorsmeier/Desktop/MA/Z7-Nano/ParEIS-MSX/SW/HW_Export_V1/ps7_cortexa9_0/standalone_ps7_cortexa9_0/bsp/system.mss
TRACE::2026-08-19.17:40:25::SCWMssOS::Opened the sw design from mss  C:/Users/tillkorsmeier/Desktop/MA/Z7-Nano/ParEIS-MSX/SW/HW_Export_V1/ps7_cortexa9_0/standalone_ps7_cortexa9_0/bsp/system.mss
TRACE::2026-08-19.17:40:25::SCWMssOS::Adding the swdes entry C:/Users/tillkorsmeier/Desktop/MA/Z7-Nano/ParEIS-MSX/SW/HW_Export_V1/ps7_cortexa9_0/standalone_ps7_cortexa9_0/bsp/system.mss with des name system_0
TRACE::2026-08-19.17:40:25::SCWMssOS::updating the scw layer about changes
TRACE::2026-08-19.17:40:25::SCWMssOS::Opened the sw design.  C:/Users/tillkorsmeier/Desktop/MA/Z7-Nano/ParEIS-MSX/SW/HW_Export_V1/ps7_cortexa9_0/standalone_ps7_cortexa9_0/bsp/system.mss
TRACE::2026-08-19.17:40:25::SCWPlatform::Trying to open the hw design at C:/Users/tillkorsmeier/Desktop/MA/Z7-Nano/ParEIS-MSX/SW/HW_Export_V1/hw/HW_Export_V2.xsa
TRACE::2026-08-19.17:40:25::SCWPlatform::DSA given C:/Users/tillkorsmeier/Desktop/MA/Z7-Nano/ParEIS-MSX/SW/HW_Export_V1/hw/HW_Export_V2.xsa
TRACE::2026-08-19.17:40:25::SCWPlatform::DSA absoulate path C:/Users/tillkorsmeier/Desktop/MA/Z7-Nano/ParEIS-MSX/SW/HW_Export_V1/hw/HW_Export_V2.xsa
TRACE::2026-08-19.17:40:25::SCWPlatform::DSA directory C:/Users/tillkorsmeier/Desktop/MA/Z7-Nano/ParEIS-MSX/SW/HW_Export_V1/hw
TRACE::2026-08-19.17:40:25::SCWPlatform:: Platform Path C:/Users/tillkorsmeier/Desktop/MA/Z7-Nano/ParEIS-MSX/SW/HW_Export_V1/hw/HW_Export_V2.xsa
TRACE::2026-08-19.17:40:25::SCWPlatform:: Unique name xilinx:::0.0
TRACE::2026-08-19.17:40:25::SCWPlatform::Trying to set the existing hwdb with name design_1_wrapper_3
TRACE::2026-08-19.17:40:25::SCWPlatform::Opened existing hwdb design_1_wrapper_3
TRACE::2026-08-19.17:40:25::SCWPlatform::Found the Hw Db part of the input DSA
TRACE::2026-08-19.17:40:25::SCWMssOS::Checking the sw design at  C:/Users/tillkorsmeier/Desktop/MA/Z7-Nano/ParEIS-MSX/SW/HW_Export_V1/ps7_cortexa9_0/standalone_ps7_cortexa9_0/bsp/system.mss
TRACE::2026-08-19.17:40:25::SCWMssOS::DEBUG:  swdes dump  C:/Users/tillkorsmeier/Desktop/MA/Z7-Nano/ParEIS-MSX/SW/HW_Export_V1/ps7_cortexa9_0/standalone_ps7_cortexa9_0/bsp/system.mss|system_0||
C:/Users/tillkorsmeier/Desktop/MA/Z7-Nano/ParEIS-MSX/SW/HW_Export_V1/zynq_fsbl/zynq_fsbl_bsp/system.mss|system||

TRACE::2026-08-19.17:40:25::SCWMssOS::Sw design exists and opened at  C:/Users/tillkorsmeier/Desktop/MA/Z7-Nano/ParEIS-MSX/SW/HW_Export_V1/ps7_cortexa9_0/standalone_ps7_cortexa9_0/bsp/system.mss
TRACE::2026-08-19.17:40:25::SCWMssOS:: library already available in sw design:  lwip220:1.1
TRACE::2026-08-19.17:40:25::SCWPlatform::Trying to open the hw design at C:/Users/tillkorsmeier/Desktop/MA/Z7-Nano/ParEIS-MSX/SW/HW_Export_V1/hw/HW_Export_V2.xsa
TRACE::2026-08-19.17:40:25::SCWPlatform::DSA given C:/Users/tillkorsmeier/Desktop/MA/Z7-Nano/ParEIS-MSX/SW/HW_Export_V1/hw/HW_Export_V2.xsa
TRACE::2026-08-19.17:40:25::SCWPlatform::DSA absoulate path C:/Users/tillkorsmeier/Desktop/MA/Z7-Nano/ParEIS-MSX/SW/HW_Export_V1/hw/HW_Export_V2.xsa
TRACE::2026-08-19.17:40:25::SCWPlatform::DSA directory C:/Users/tillkorsmeier/Desktop/MA/Z7-Nano/ParEIS-MSX/SW/HW_Export_V1/hw
TRACE::2026-08-19.17:40:25::SCWPlatform:: Platform Path C:/Users/tillkorsmeier/Desktop/MA/Z7-Nano/ParEIS-MSX/SW/HW_Export_V1/hw/HW_Export_V2.xsa
TRACE::2026-08-19.17:40:25::SCWPlatform:: Unique name xilinx:::0.0
TRACE::2026-08-19.17:40:25::SCWPlatform::Trying to set the existing hwdb with name design_1_wrapper_3
TRACE::2026-08-19.17:40:25::SCWPlatform::Opened existing hwdb design_1_wrapper_3
TRACE::2026-08-19.17:40:25::SCWPlatform::Found the Hw Db part of the input DSA
TRACE::2026-08-19.17:40:25::SCWMssOS::Checking the sw design at  C:/Users/tillkorsmeier/Desktop/MA/Z7-Nano/ParEIS-MSX/SW/HW_Export_V1/ps7_cortexa9_0/standalone_ps7_cortexa9_0/bsp/system.mss
TRACE::2026-08-19.17:40:25::SCWMssOS::DEBUG:  swdes dump  C:/Users/tillkorsmeier/Desktop/MA/Z7-Nano/ParEIS-MSX/SW/HW_Export_V1/ps7_cortexa9_0/standalone_ps7_cortexa9_0/bsp/system.mss|system_0||
C:/Users/tillkorsmeier/Desktop/MA/Z7-Nano/ParEIS-MSX/SW/HW_Export_V1/zynq_fsbl/zynq_fsbl_bsp/system.mss|system||

TRACE::2026-08-19.17:40:25::SCWMssOS::Sw design exists and opened at  C:/Users/tillkorsmeier/Desktop/MA/Z7-Nano/ParEIS-MSX/SW/HW_Export_V1/ps7_cortexa9_0/standalone_ps7_cortexa9_0/bsp/system.mss
TRACE::2026-08-19.17:40:25::SCWMssOS:: library already available in sw design:  xiltimer:2.1
TRACE::2026-08-19.17:40:25::SCWPlatform::Trying to open the hw design at C:/Users/tillkorsmeier/Desktop/MA/Z7-Nano/ParEIS-MSX/SW/HW_Export_V1/hw/HW_Export_V2.xsa
TRACE::2026-08-19.17:40:25::SCWPlatform::DSA given C:/Users/tillkorsmeier/Desktop/MA/Z7-Nano/ParEIS-MSX/SW/HW_Export_V1/hw/HW_Export_V2.xsa
TRACE::2026-08-19.17:40:25::SCWPlatform::DSA absoulate path C:/Users/tillkorsmeier/Desktop/MA/Z7-Nano/ParEIS-MSX/SW/HW_Export_V1/hw/HW_Export_V2.xsa
TRACE::2026-08-19.17:40:25::SCWPlatform::DSA directory C:/Users/tillkorsmeier/Desktop/MA/Z7-Nano/ParEIS-MSX/SW/HW_Export_V1/hw
TRACE::2026-08-19.17:40:25::SCWPlatform:: Platform Path C:/Users/tillkorsmeier/Desktop/MA/Z7-Nano/ParEIS-MSX/SW/HW_Export_V1/hw/HW_Export_V2.xsa
TRACE::2026-08-19.17:40:25::SCWPlatform:: Unique name xilinx:::0.0
TRACE::2026-08-19.17:40:25::SCWPlatform::Trying to set the existing hwdb with name design_1_wrapper_3
TRACE::2026-08-19.17:40:25::SCWPlatform::Opened existing hwdb design_1_wrapper_3
TRACE::2026-08-19.17:40:25::SCWPlatform::Found the Hw Db part of the input DSA
TRACE::2026-08-19.17:40:25::SCWMssOS::Checking the sw design at  C:/Users/tillkorsmeier/Desktop/MA/Z7-Nano/ParEIS-MSX/SW/HW_Export_V1/ps7_cortexa9_0/standalone_ps7_cortexa9_0/bsp/system.mss
TRACE::2026-08-19.17:40:25::SCWMssOS::DEBUG:  swdes dump  C:/Users/tillkorsmeier/Desktop/MA/Z7-Nano/ParEIS-MSX/SW/HW_Export_V1/ps7_cortexa9_0/standalone_ps7_cortexa9_0/bsp/system.mss|system_0||
C:/Users/tillkorsmeier/Desktop/MA/Z7-Nano/ParEIS-MSX/SW/HW_Export_V1/zynq_fsbl/zynq_fsbl_bsp/system.mss|system||

TRACE::2026-08-19.17:40:25::SCWMssOS::Sw design exists and opened at  C:/Users/tillkorsmeier/Desktop/MA/Z7-Nano/ParEIS-MSX/SW/HW_Export_V1/ps7_cortexa9_0/standalone_ps7_cortexa9_0/bsp/system.mss
TRACE::2026-08-19.17:40:25::SCWPlatform::Trying to open the hw design at C:/Users/tillkorsmeier/Desktop/MA/Z7-Nano/ParEIS-MSX/SW/HW_Export_V1/hw/HW_Export_V2.xsa
TRACE::2026-08-19.17:40:25::SCWPlatform::DSA given C:/Users/tillkorsmeier/Desktop/MA/Z7-Nano/ParEIS-MSX/SW/HW_Export_V1/hw/HW_Export_V2.xsa
TRACE::2026-08-19.17:40:25::SCWPlatform::DSA absoulate path C:/Users/tillkorsmeier/Desktop/MA/Z7-Nano/ParEIS-MSX/SW/HW_Export_V1/hw/HW_Export_V2.xsa
TRACE::2026-08-19.17:40:25::SCWPlatform::DSA directory C:/Users/tillkorsmeier/Desktop/MA/Z7-Nano/ParEIS-MSX/SW/HW_Export_V1/hw
TRACE::2026-08-19.17:40:25::SCWPlatform:: Platform Path C:/Users/tillkorsmeier/Desktop/MA/Z7-Nano/ParEIS-MSX/SW/HW_Export_V1/hw/HW_Export_V2.xsa
TRACE::2026-08-19.17:40:25::SCWPlatform:: Unique name xilinx:::0.0
TRACE::2026-08-19.17:40:25::SCWPlatform::Trying to set the existing hwdb with name design_1_wrapper_3
TRACE::2026-08-19.17:40:25::SCWPlatform::Opened existing hwdb design_1_wrapper_3
TRACE::2026-08-19.17:40:25::SCWPlatform::Found the Hw Db part of the input DSA
TRACE::2026-08-19.17:40:25::SCWMssOS::Checking the sw design at  C:/Users/tillkorsmeier/Desktop/MA/Z7-Nano/ParEIS-MSX/SW/HW_Export_V1/ps7_cortexa9_0/standalone_ps7_cortexa9_0/bsp/system.mss
TRACE::2026-08-19.17:40:25::SCWMssOS::DEBUG:  swdes dump  C:/Users/tillkorsmeier/Desktop/MA/Z7-Nano/ParEIS-MSX/SW/HW_Export_V1/ps7_cortexa9_0/standalone_ps7_cortexa9_0/bsp/system.mss|system_0||
C:/Users/tillkorsmeier/Desktop/MA/Z7-Nano/ParEIS-MSX/SW/HW_Export_V1/zynq_fsbl/zynq_fsbl_bsp/system.mss|system||

TRACE::2026-08-19.17:40:25::SCWMssOS::Sw design exists and opened at  C:/Users/tillkorsmeier/Desktop/MA/Z7-Nano/ParEIS-MSX/SW/HW_Export_V1/ps7_cortexa9_0/standalone_ps7_cortexa9_0/bsp/system.mss
TRACE::2026-08-19.17:40:25::SCWPlatform::Trying to open the hw design at C:/Users/tillkorsmeier/Desktop/MA/Z7-Nano/ParEIS-MSX/SW/HW_Export_V1/hw/HW_Export_V2.xsa
TRACE::2026-08-19.17:40:25::SCWPlatform::DSA given C:/Users/tillkorsmeier/Desktop/MA/Z7-Nano/ParEIS-MSX/SW/HW_Export_V1/hw/HW_Export_V2.xsa
TRACE::2026-08-19.17:40:25::SCWPlatform::DSA absoulate path C:/Users/tillkorsmeier/Desktop/MA/Z7-Nano/ParEIS-MSX/SW/HW_Export_V1/hw/HW_Export_V2.xsa
TRACE::2026-08-19.17:40:25::SCWPlatform::DSA directory C:/Users/tillkorsmeier/Desktop/MA/Z7-Nano/ParEIS-MSX/SW/HW_Export_V1/hw
TRACE::2026-08-19.17:40:25::SCWPlatform:: Platform Path C:/Users/tillkorsmeier/Desktop/MA/Z7-Nano/ParEIS-MSX/SW/HW_Export_V1/hw/HW_Export_V2.xsa
TRACE::2026-08-19.17:40:25::SCWPlatform:: Unique name xilinx:::0.0
TRACE::2026-08-19.17:40:25::SCWPlatform::Trying to set the existing hwdb with name design_1_wrapper_3
TRACE::2026-08-19.17:40:25::SCWPlatform::Opened existing hwdb design_1_wrapper_3
TRACE::2026-08-19.17:40:25::SCWPlatform::Found the Hw Db part of the input DSA
TRACE::2026-08-19.17:40:25::SCWMssOS::Checking the sw design at  C:/Users/tillkorsmeier/Desktop/MA/Z7-Nano/ParEIS-MSX/SW/HW_Export_V1/ps7_cortexa9_0/standalone_ps7_cortexa9_0/bsp/system.mss
TRACE::2026-08-19.17:40:25::SCWMssOS::DEBUG:  swdes dump  C:/Users/tillkorsmeier/Desktop/MA/Z7-Nano/ParEIS-MSX/SW/HW_Export_V1/ps7_cortexa9_0/standalone_ps7_cortexa9_0/bsp/system.mss|system_0||
C:/Users/tillkorsmeier/Desktop/MA/Z7-Nano/ParEIS-MSX/SW/HW_Export_V1/zynq_fsbl/zynq_fsbl_bsp/system.mss|system||

TRACE::2026-08-19.17:40:25::SCWMssOS::Sw design exists and opened at  C:/Users/tillkorsmeier/Desktop/MA/Z7-Nano/ParEIS-MSX/SW/HW_Export_V1/ps7_cortexa9_0/standalone_ps7_cortexa9_0/bsp/system.mss
TRACE::2026-08-19.17:40:25::SCWPlatform::Trying to open the hw design at C:/Users/tillkorsmeier/Desktop/MA/Z7-Nano/ParEIS-MSX/SW/HW_Export_V1/hw/HW_Export_V2.xsa
TRACE::2026-08-19.17:40:25::SCWPlatform::DSA given C:/Users/tillkorsmeier/Desktop/MA/Z7-Nano/ParEIS-MSX/SW/HW_Export_V1/hw/HW_Export_V2.xsa
TRACE::2026-08-19.17:40:25::SCWPlatform::DSA absoulate path C:/Users/tillkorsmeier/Desktop/MA/Z7-Nano/ParEIS-MSX/SW/HW_Export_V1/hw/HW_Export_V2.xsa
TRACE::2026-08-19.17:40:25::SCWPlatform::DSA directory C:/Users/tillkorsmeier/Desktop/MA/Z7-Nano/ParEIS-MSX/SW/HW_Export_V1/hw
TRACE::2026-08-19.17:40:25::SCWPlatform:: Platform Path C:/Users/tillkorsmeier/Desktop/MA/Z7-Nano/ParEIS-MSX/SW/HW_Export_V1/hw/HW_Export_V2.xsa
TRACE::2026-08-19.17:40:25::SCWPlatform:: Unique name xilinx:::0.0
TRACE::2026-08-19.17:40:25::SCWPlatform::Trying to set the existing hwdb with name design_1_wrapper_3
TRACE::2026-08-19.17:40:25::SCWPlatform::Opened existing hwdb design_1_wrapper_3
TRACE::2026-08-19.17:40:25::SCWPlatform::Found the Hw Db part of the input DSA
TRACE::2026-08-19.17:40:25::SCWMssOS::Checking the sw design at  C:/Users/tillkorsmeier/Desktop/MA/Z7-Nano/ParEIS-MSX/SW/HW_Export_V1/ps7_cortexa9_0/standalone_ps7_cortexa9_0/bsp/system.mss
TRACE::2026-08-19.17:40:25::SCWMssOS::DEBUG:  swdes dump  C:/Users/tillkorsmeier/Desktop/MA/Z7-Nano/ParEIS-MSX/SW/HW_Export_V1/ps7_cortexa9_0/standalone_ps7_cortexa9_0/bsp/system.mss|system_0||
C:/Users/tillkorsmeier/Desktop/MA/Z7-Nano/ParEIS-MSX/SW/HW_Export_V1/zynq_fsbl/zynq_fsbl_bsp/system.mss|system||

TRACE::2026-08-19.17:40:25::SCWMssOS::Sw design exists and opened at  C:/Users/tillkorsmeier/Desktop/MA/Z7-Nano/ParEIS-MSX/SW/HW_Export_V1/ps7_cortexa9_0/standalone_ps7_cortexa9_0/bsp/system.mss
TRACE::2026-08-19.17:40:25::SCWPlatform::Trying to open the hw design at C:/Users/tillkorsmeier/Desktop/MA/Z7-Nano/ParEIS-MSX/SW/HW_Export_V1/hw/HW_Export_V2.xsa
TRACE::2026-08-19.17:40:25::SCWPlatform::DSA given C:/Users/tillkorsmeier/Desktop/MA/Z7-Nano/ParEIS-MSX/SW/HW_Export_V1/hw/HW_Export_V2.xsa
TRACE::2026-08-19.17:40:25::SCWPlatform::DSA absoulate path C:/Users/tillkorsmeier/Desktop/MA/Z7-Nano/ParEIS-MSX/SW/HW_Export_V1/hw/HW_Export_V2.xsa
TRACE::2026-08-19.17:40:25::SCWPlatform::DSA directory C:/Users/tillkorsmeier/Desktop/MA/Z7-Nano/ParEIS-MSX/SW/HW_Export_V1/hw
TRACE::2026-08-19.17:40:25::SCWPlatform:: Platform Path C:/Users/tillkorsmeier/Desktop/MA/Z7-Nano/ParEIS-MSX/SW/HW_Export_V1/hw/HW_Export_V2.xsa
TRACE::2026-08-19.17:40:25::SCWPlatform:: Unique name xilinx:::0.0
TRACE::2026-08-19.17:40:25::SCWPlatform::Trying to set the existing hwdb with name design_1_wrapper_3
TRACE::2026-08-19.17:40:25::SCWPlatform::Opened existing hwdb design_1_wrapper_3
TRACE::2026-08-19.17:40:25::SCWPlatform::Found the Hw Db part of the input DSA
TRACE::2026-08-19.17:40:25::SCWMssOS::Checking the sw design at  C:/Users/tillkorsmeier/Desktop/MA/Z7-Nano/ParEIS-MSX/SW/HW_Export_V1/ps7_cortexa9_0/standalone_ps7_cortexa9_0/bsp/system.mss
TRACE::2026-08-19.17:40:25::SCWMssOS::DEBUG:  swdes dump  C:/Users/tillkorsmeier/Desktop/MA/Z7-Nano/ParEIS-MSX/SW/HW_Export_V1/ps7_cortexa9_0/standalone_ps7_cortexa9_0/bsp/system.mss|system_0||
C:/Users/tillkorsmeier/Desktop/MA/Z7-Nano/ParEIS-MSX/SW/HW_Export_V1/zynq_fsbl/zynq_fsbl_bsp/system.mss|system||

TRACE::2026-08-19.17:40:25::SCWMssOS::Sw design exists and opened at  C:/Users/tillkorsmeier/Desktop/MA/Z7-Nano/ParEIS-MSX/SW/HW_Export_V1/ps7_cortexa9_0/standalone_ps7_cortexa9_0/bsp/system.mss
TRACE::2026-08-19.17:40:25::SCWPlatform::Trying to open the hw design at C:/Users/tillkorsmeier/Desktop/MA/Z7-Nano/ParEIS-MSX/SW/HW_Export_V1/hw/HW_Export_V2.xsa
TRACE::2026-08-19.17:40:25::SCWPlatform::DSA given C:/Users/tillkorsmeier/Desktop/MA/Z7-Nano/ParEIS-MSX/SW/HW_Export_V1/hw/HW_Export_V2.xsa
TRACE::2026-08-19.17:40:25::SCWPlatform::DSA absoulate path C:/Users/tillkorsmeier/Desktop/MA/Z7-Nano/ParEIS-MSX/SW/HW_Export_V1/hw/HW_Export_V2.xsa
TRACE::2026-08-19.17:40:25::SCWPlatform::DSA directory C:/Users/tillkorsmeier/Desktop/MA/Z7-Nano/ParEIS-MSX/SW/HW_Export_V1/hw
TRACE::2026-08-19.17:40:25::SCWPlatform:: Platform Path C:/Users/tillkorsmeier/Desktop/MA/Z7-Nano/ParEIS-MSX/SW/HW_Export_V1/hw/HW_Export_V2.xsa
TRACE::2026-08-19.17:40:25::SCWPlatform:: Unique name xilinx:::0.0
TRACE::2026-08-19.17:40:25::SCWPlatform::Trying to set the existing hwdb with name design_1_wrapper_3
TRACE::2026-08-19.17:40:25::SCWPlatform::Opened existing hwdb design_1_wrapper_3
TRACE::2026-08-19.17:40:25::SCWPlatform::Found the Hw Db part of the input DSA
TRACE::2026-08-19.17:40:25::SCWMssOS::Checking the sw design at  C:/Users/tillkorsmeier/Desktop/MA/Z7-Nano/ParEIS-MSX/SW/HW_Export_V1/ps7_cortexa9_0/standalone_ps7_cortexa9_0/bsp/system.mss
TRACE::2026-08-19.17:40:25::SCWMssOS::DEBUG:  swdes dump  C:/Users/tillkorsmeier/Desktop/MA/Z7-Nano/ParEIS-MSX/SW/HW_Export_V1/ps7_cortexa9_0/standalone_ps7_cortexa9_0/bsp/system.mss|system_0||
C:/Users/tillkorsmeier/Desktop/MA/Z7-Nano/ParEIS-MSX/SW/HW_Export_V1/zynq_fsbl/zynq_fsbl_bsp/system.mss|system||

TRACE::2026-08-19.17:40:25::SCWMssOS::Sw design exists and opened at  C:/Users/tillkorsmeier/Desktop/MA/Z7-Nano/ParEIS-MSX/SW/HW_Export_V1/ps7_cortexa9_0/standalone_ps7_cortexa9_0/bsp/system.mss
TRACE::2026-08-19.17:40:25::SCWPlatform::Trying to open the hw design at C:/Users/tillkorsmeier/Desktop/MA/Z7-Nano/ParEIS-MSX/SW/HW_Export_V1/hw/HW_Export_V2.xsa
TRACE::2026-08-19.17:40:25::SCWPlatform::DSA given C:/Users/tillkorsmeier/Desktop/MA/Z7-Nano/ParEIS-MSX/SW/HW_Export_V1/hw/HW_Export_V2.xsa
TRACE::2026-08-19.17:40:25::SCWPlatform::DSA absoulate path C:/Users/tillkorsmeier/Desktop/MA/Z7-Nano/ParEIS-MSX/SW/HW_Export_V1/hw/HW_Export_V2.xsa
TRACE::2026-08-19.17:40:25::SCWPlatform::DSA directory C:/Users/tillkorsmeier/Desktop/MA/Z7-Nano/ParEIS-MSX/SW/HW_Export_V1/hw
TRACE::2026-08-19.17:40:25::SCWPlatform:: Platform Path C:/Users/tillkorsmeier/Desktop/MA/Z7-Nano/ParEIS-MSX/SW/HW_Export_V1/hw/HW_Export_V2.xsa
TRACE::2026-08-19.17:40:25::SCWPlatform:: Unique name xilinx:::0.0
TRACE::2026-08-19.17:40:25::SCWPlatform::Trying to set the existing hwdb with name design_1_wrapper_3
TRACE::2026-08-19.17:40:25::SCWPlatform::Opened existing hwdb design_1_wrapper_3
TRACE::2026-08-19.17:40:25::SCWPlatform::Found the Hw Db part of the input DSA
TRACE::2026-08-19.17:40:25::SCWMssOS::Checking the sw design at  C:/Users/tillkorsmeier/Desktop/MA/Z7-Nano/ParEIS-MSX/SW/HW_Export_V1/ps7_cortexa9_0/standalone_ps7_cortexa9_0/bsp/system.mss
TRACE::2026-08-19.17:40:25::SCWMssOS::DEBUG:  swdes dump  C:/Users/tillkorsmeier/Desktop/MA/Z7-Nano/ParEIS-MSX/SW/HW_Export_V1/ps7_cortexa9_0/standalone_ps7_cortexa9_0/bsp/system.mss|system_0||
C:/Users/tillkorsmeier/Desktop/MA/Z7-Nano/ParEIS-MSX/SW/HW_Export_V1/zynq_fsbl/zynq_fsbl_bsp/system.mss|system||

TRACE::2026-08-19.17:40:25::SCWMssOS::Sw design exists and opened at  C:/Users/tillkorsmeier/Desktop/MA/Z7-Nano/ParEIS-MSX/SW/HW_Export_V1/ps7_cortexa9_0/standalone_ps7_cortexa9_0/bsp/system.mss
TRACE::2026-08-19.17:40:25::SCWPlatform::Trying to open the hw design at C:/Users/tillkorsmeier/Desktop/MA/Z7-Nano/ParEIS-MSX/SW/HW_Export_V1/hw/HW_Export_V2.xsa
TRACE::2026-08-19.17:40:25::SCWPlatform::DSA given C:/Users/tillkorsmeier/Desktop/MA/Z7-Nano/ParEIS-MSX/SW/HW_Export_V1/hw/HW_Export_V2.xsa
TRACE::2026-08-19.17:40:25::SCWPlatform::DSA absoulate path C:/Users/tillkorsmeier/Desktop/MA/Z7-Nano/ParEIS-MSX/SW/HW_Export_V1/hw/HW_Export_V2.xsa
TRACE::2026-08-19.17:40:25::SCWPlatform::DSA directory C:/Users/tillkorsmeier/Desktop/MA/Z7-Nano/ParEIS-MSX/SW/HW_Export_V1/hw
TRACE::2026-08-19.17:40:25::SCWPlatform:: Platform Path C:/Users/tillkorsmeier/Desktop/MA/Z7-Nano/ParEIS-MSX/SW/HW_Export_V1/hw/HW_Export_V2.xsa
TRACE::2026-08-19.17:40:25::SCWPlatform:: Unique name xilinx:::0.0
TRACE::2026-08-19.17:40:25::SCWPlatform::Trying to set the existing hwdb with name design_1_wrapper_3
TRACE::2026-08-19.17:40:25::SCWPlatform::Opened existing hwdb design_1_wrapper_3
TRACE::2026-08-19.17:40:25::SCWPlatform::Found the Hw Db part of the input DSA
TRACE::2026-08-19.17:40:25::SCWMssOS::Checking the sw design at  C:/Users/tillkorsmeier/Desktop/MA/Z7-Nano/ParEIS-MSX/SW/HW_Export_V1/ps7_cortexa9_0/standalone_ps7_cortexa9_0/bsp/system.mss
TRACE::2026-08-19.17:40:25::SCWMssOS::DEBUG:  swdes dump  C:/Users/tillkorsmeier/Desktop/MA/Z7-Nano/ParEIS-MSX/SW/HW_Export_V1/ps7_cortexa9_0/standalone_ps7_cortexa9_0/bsp/system.mss|system_0||
C:/Users/tillkorsmeier/Desktop/MA/Z7-Nano/ParEIS-MSX/SW/HW_Export_V1/zynq_fsbl/zynq_fsbl_bsp/system.mss|system||

TRACE::2026-08-19.17:40:25::SCWMssOS::Sw design exists and opened at  C:/Users/tillkorsmeier/Desktop/MA/Z7-Nano/ParEIS-MSX/SW/HW_Export_V1/ps7_cortexa9_0/standalone_ps7_cortexa9_0/bsp/system.mss
TRACE::2026-08-19.17:40:25::SCWMssOS::Saving the mss changes C:/Users/tillkorsmeier/Desktop/MA/Z7-Nano/ParEIS-MSX/SW/HW_Export_V1/ps7_cortexa9_0/standalone_ps7_cortexa9_0/bsp/system.mss
TRACE::2026-08-19.17:40:25::SCWMssOS::Found a swdesign opened with the mssfile.
TRACE::2026-08-19.17:40:25::SCWMssOS::Completed writemss as part of save.
TRACE::2026-08-19.17:40:25::SCWMssOS::Commit changes completed.
TRACE::2026-08-19.17:40:25::SCWPlatform::Trying to open the hw design at C:/Users/tillkorsmeier/Desktop/MA/Z7-Nano/ParEIS-MSX/SW/HW_Export_V1/hw/HW_Export_V2.xsa
TRACE::2026-08-19.17:40:25::SCWPlatform::DSA given C:/Users/tillkorsmeier/Desktop/MA/Z7-Nano/ParEIS-MSX/SW/HW_Export_V1/hw/HW_Export_V2.xsa
TRACE::2026-08-19.17:40:25::SCWPlatform::DSA absoulate path C:/Users/tillkorsmeier/Desktop/MA/Z7-Nano/ParEIS-MSX/SW/HW_Export_V1/hw/HW_Export_V2.xsa
TRACE::2026-08-19.17:40:25::SCWPlatform::DSA directory C:/Users/tillkorsmeier/Desktop/MA/Z7-Nano/ParEIS-MSX/SW/HW_Export_V1/hw
TRACE::2026-08-19.17:40:25::SCWPlatform:: Platform Path C:/Users/tillkorsmeier/Desktop/MA/Z7-Nano/ParEIS-MSX/SW/HW_Export_V1/hw/HW_Export_V2.xsa
TRACE::2026-08-19.17:40:25::SCWPlatform:: Unique name xilinx:::0.0
TRACE::2026-08-19.17:40:25::SCWPlatform::Trying to set the existing hwdb with name design_1_wrapper_3
TRACE::2026-08-19.17:40:25::SCWPlatform::Opened existing hwdb design_1_wrapper_3
TRACE::2026-08-19.17:40:25::SCWPlatform::Found the Hw Db part of the input DSA
TRACE::2026-08-19.17:40:25::SCWMssOS::Checking the sw design at  C:/Users/tillkorsmeier/Desktop/MA/Z7-Nano/ParEIS-MSX/SW/HW_Export_V1/ps7_cortexa9_0/standalone_ps7_cortexa9_0/bsp/system.mss
TRACE::2026-08-19.17:40:25::SCWMssOS::DEBUG:  swdes dump  C:/Users/tillkorsmeier/Desktop/MA/Z7-Nano/ParEIS-MSX/SW/HW_Export_V1/ps7_cortexa9_0/standalone_ps7_cortexa9_0/bsp/system.mss|system_0||
C:/Users/tillkorsmeier/Desktop/MA/Z7-Nano/ParEIS-MSX/SW/HW_Export_V1/zynq_fsbl/zynq_fsbl_bsp/system.mss|system||

TRACE::2026-08-19.17:40:25::SCWMssOS::Sw design exists and opened at  C:/Users/tillkorsmeier/Desktop/MA/Z7-Nano/ParEIS-MSX/SW/HW_Export_V1/ps7_cortexa9_0/standalone_ps7_cortexa9_0/bsp/system.mss
TRACE::2026-08-19.17:40:25::SCWMssOS::Removing the swdes entry for  C:/Users/tillkorsmeier/Desktop/MA/Z7-Nano/ParEIS-MSX/SW/HW_Export_V1/ps7_cortexa9_0/standalone_ps7_cortexa9_0/bsp/system.mss
TRACE::2026-08-19.17:40:26::SCWPlatform::Trying to open the hw design at C:/Users/tillkorsmeier/Desktop/MA/Z7-Nano/ParEIS-MSX/SW/HW_Export_V1/hw/HW_Export_V2.xsa
TRACE::2026-08-19.17:40:26::SCWPlatform::DSA given C:/Users/tillkorsmeier/Desktop/MA/Z7-Nano/ParEIS-MSX/SW/HW_Export_V1/hw/HW_Export_V2.xsa
TRACE::2026-08-19.17:40:26::SCWPlatform::DSA absoulate path C:/Users/tillkorsmeier/Desktop/MA/Z7-Nano/ParEIS-MSX/SW/HW_Export_V1/hw/HW_Export_V2.xsa
TRACE::2026-08-19.17:40:26::SCWPlatform::DSA directory C:/Users/tillkorsmeier/Desktop/MA/Z7-Nano/ParEIS-MSX/SW/HW_Export_V1/hw
TRACE::2026-08-19.17:40:26::SCWPlatform:: Platform Path C:/Users/tillkorsmeier/Desktop/MA/Z7-Nano/ParEIS-MSX/SW/HW_Export_V1/hw/HW_Export_V2.xsa
TRACE::2026-08-19.17:40:26::SCWPlatform:: Unique name xilinx:::0.0
TRACE::2026-08-19.17:40:26::SCWPlatform::Trying to set the existing hwdb with name design_1_wrapper_3
TRACE::2026-08-19.17:40:26::SCWPlatform::Opened existing hwdb design_1_wrapper_3
TRACE::2026-08-19.17:40:26::SCWPlatform::Found the Hw Db part of the input DSA
TRACE::2026-08-19.17:40:26::SCWMssOS::Checking the sw design at  C:/Users/tillkorsmeier/Desktop/MA/Z7-Nano/ParEIS-MSX/SW/HW_Export_V1/ps7_cortexa9_0/standalone_ps7_cortexa9_0/bsp/system.mss
TRACE::2026-08-19.17:40:26::SCWMssOS::DEBUG:  swdes dump  C:/Users/tillkorsmeier/Desktop/MA/Z7-Nano/ParEIS-MSX/SW/HW_Export_V1/zynq_fsbl/zynq_fsbl_bsp/system.mss|system||

TRACE::2026-08-19.17:40:26::SCWMssOS::No sw design opened at  C:/Users/tillkorsmeier/Desktop/MA/Z7-Nano/ParEIS-MSX/SW/HW_Export_V1/ps7_cortexa9_0/standalone_ps7_cortexa9_0/bsp/system.mss
TRACE::2026-08-19.17:40:26::SCWMssOS::mss exists loading the mss file  C:/Users/tillkorsmeier/Desktop/MA/Z7-Nano/ParEIS-MSX/SW/HW_Export_V1/ps7_cortexa9_0/standalone_ps7_cortexa9_0/bsp/system.mss
TRACE::2026-08-19.17:40:26::SCWMssOS::Opened the sw design from mss  C:/Users/tillkorsmeier/Desktop/MA/Z7-Nano/ParEIS-MSX/SW/HW_Export_V1/ps7_cortexa9_0/standalone_ps7_cortexa9_0/bsp/system.mss
TRACE::2026-08-19.17:40:26::SCWMssOS::Adding the swdes entry C:/Users/tillkorsmeier/Desktop/MA/Z7-Nano/ParEIS-MSX/SW/HW_Export_V1/ps7_cortexa9_0/standalone_ps7_cortexa9_0/bsp/system.mss with des name system_0
TRACE::2026-08-19.17:40:26::SCWMssOS::updating the scw layer about changes
TRACE::2026-08-19.17:40:26::SCWMssOS::Opened the sw design.  C:/Users/tillkorsmeier/Desktop/MA/Z7-Nano/ParEIS-MSX/SW/HW_Export_V1/ps7_cortexa9_0/standalone_ps7_cortexa9_0/bsp/system.mss
TRACE::2026-08-19.17:40:42::SCWPlatform::Trying to open the hw design at C:/Users/tillkorsmeier/Desktop/MA/Z7-Nano/ParEIS-MSX/SW/HW_Export_V1/hw/HW_Export_V2.xsa
TRACE::2026-08-19.17:40:42::SCWPlatform::DSA given C:/Users/tillkorsmeier/Desktop/MA/Z7-Nano/ParEIS-MSX/SW/HW_Export_V1/hw/HW_Export_V2.xsa
TRACE::2026-08-19.17:40:42::SCWPlatform::DSA absoulate path C:/Users/tillkorsmeier/Desktop/MA/Z7-Nano/ParEIS-MSX/SW/HW_Export_V1/hw/HW_Export_V2.xsa
TRACE::2026-08-19.17:40:42::SCWPlatform::DSA directory C:/Users/tillkorsmeier/Desktop/MA/Z7-Nano/ParEIS-MSX/SW/HW_Export_V1/hw
TRACE::2026-08-19.17:40:42::SCWPlatform:: Platform Path C:/Users/tillkorsmeier/Desktop/MA/Z7-Nano/ParEIS-MSX/SW/HW_Export_V1/hw/HW_Export_V2.xsa
TRACE::2026-08-19.17:40:42::SCWPlatform:: Unique name xilinx:::0.0
TRACE::2026-08-19.17:40:42::SCWPlatform::Trying to set the existing hwdb with name design_1_wrapper_3
TRACE::2026-08-19.17:40:42::SCWPlatform::Opened existing hwdb design_1_wrapper_3
TRACE::2026-08-19.17:40:42::SCWPlatform::Found the Hw Db part of the input DSA
TRACE::2026-08-19.17:40:42::SCWMssOS::Checking the sw design at  C:/Users/tillkorsmeier/Desktop/MA/Z7-Nano/ParEIS-MSX/SW/HW_Export_V1/ps7_cortexa9_0/standalone_ps7_cortexa9_0/bsp/system.mss
TRACE::2026-08-19.17:40:42::SCWMssOS::DEBUG:  swdes dump  C:/Users/tillkorsmeier/Desktop/MA/Z7-Nano/ParEIS-MSX/SW/HW_Export_V1/ps7_cortexa9_0/standalone_ps7_cortexa9_0/bsp/system.mss|system_0||
C:/Users/tillkorsmeier/Desktop/MA/Z7-Nano/ParEIS-MSX/SW/HW_Export_V1/zynq_fsbl/zynq_fsbl_bsp/system.mss|system||

TRACE::2026-08-19.17:40:42::SCWMssOS::Sw design exists and opened at  C:/Users/tillkorsmeier/Desktop/MA/Z7-Nano/ParEIS-MSX/SW/HW_Export_V1/ps7_cortexa9_0/standalone_ps7_cortexa9_0/bsp/system.mss
TRACE::2026-08-19.17:40:42::SCWPlatform::Trying to open the hw design at C:/Users/tillkorsmeier/Desktop/MA/Z7-Nano/ParEIS-MSX/SW/HW_Export_V1/hw/HW_Export_V2.xsa
TRACE::2026-08-19.17:40:42::SCWPlatform::DSA given C:/Users/tillkorsmeier/Desktop/MA/Z7-Nano/ParEIS-MSX/SW/HW_Export_V1/hw/HW_Export_V2.xsa
TRACE::2026-08-19.17:40:42::SCWPlatform::DSA absoulate path C:/Users/tillkorsmeier/Desktop/MA/Z7-Nano/ParEIS-MSX/SW/HW_Export_V1/hw/HW_Export_V2.xsa
TRACE::2026-08-19.17:40:42::SCWPlatform::DSA directory C:/Users/tillkorsmeier/Desktop/MA/Z7-Nano/ParEIS-MSX/SW/HW_Export_V1/hw
TRACE::2026-08-19.17:40:42::SCWPlatform:: Platform Path C:/Users/tillkorsmeier/Desktop/MA/Z7-Nano/ParEIS-MSX/SW/HW_Export_V1/hw/HW_Export_V2.xsa
TRACE::2026-08-19.17:40:42::SCWPlatform:: Unique name xilinx:::0.0
TRACE::2026-08-19.17:40:42::SCWPlatform::Trying to set the existing hwdb with name design_1_wrapper_3
TRACE::2026-08-19.17:40:42::SCWPlatform::Opened existing hwdb design_1_wrapper_3
TRACE::2026-08-19.17:40:42::SCWPlatform::Found the Hw Db part of the input DSA
TRACE::2026-08-19.17:40:42::SCWMssOS::Checking the sw design at  C:/Users/tillkorsmeier/Desktop/MA/Z7-Nano/ParEIS-MSX/SW/HW_Export_V1/ps7_cortexa9_0/standalone_ps7_cortexa9_0/bsp/system.mss
TRACE::2026-08-19.17:40:42::SCWMssOS::DEBUG:  swdes dump  C:/Users/tillkorsmeier/Desktop/MA/Z7-Nano/ParEIS-MSX/SW/HW_Export_V1/ps7_cortexa9_0/standalone_ps7_cortexa9_0/bsp/system.mss|system_0||
C:/Users/tillkorsmeier/Desktop/MA/Z7-Nano/ParEIS-MSX/SW/HW_Export_V1/zynq_fsbl/zynq_fsbl_bsp/system.mss|system||

TRACE::2026-08-19.17:40:42::SCWMssOS::Sw design exists and opened at  C:/Users/tillkorsmeier/Desktop/MA/Z7-Nano/ParEIS-MSX/SW/HW_Export_V1/ps7_cortexa9_0/standalone_ps7_cortexa9_0/bsp/system.mss
TRACE::2026-08-19.17:40:42::SCWPlatform::Trying to open the hw design at C:/Users/tillkorsmeier/Desktop/MA/Z7-Nano/ParEIS-MSX/SW/HW_Export_V1/hw/HW_Export_V2.xsa
TRACE::2026-08-19.17:40:42::SCWPlatform::DSA given C:/Users/tillkorsmeier/Desktop/MA/Z7-Nano/ParEIS-MSX/SW/HW_Export_V1/hw/HW_Export_V2.xsa
TRACE::2026-08-19.17:40:42::SCWPlatform::DSA absoulate path C:/Users/tillkorsmeier/Desktop/MA/Z7-Nano/ParEIS-MSX/SW/HW_Export_V1/hw/HW_Export_V2.xsa
TRACE::2026-08-19.17:40:42::SCWPlatform::DSA directory C:/Users/tillkorsmeier/Desktop/MA/Z7-Nano/ParEIS-MSX/SW/HW_Export_V1/hw
TRACE::2026-08-19.17:40:42::SCWPlatform:: Platform Path C:/Users/tillkorsmeier/Desktop/MA/Z7-Nano/ParEIS-MSX/SW/HW_Export_V1/hw/HW_Export_V2.xsa
TRACE::2026-08-19.17:40:42::SCWPlatform:: Unique name xilinx:::0.0
TRACE::2026-08-19.17:40:42::SCWPlatform::Trying to set the existing hwdb with name design_1_wrapper_3
TRACE::2026-08-19.17:40:42::SCWPlatform::Opened existing hwdb design_1_wrapper_3
TRACE::2026-08-19.17:40:42::SCWPlatform::Found the Hw Db part of the input DSA
TRACE::2026-08-19.17:40:42::SCWMssOS::Checking the sw design at  C:/Users/tillkorsmeier/Desktop/MA/Z7-Nano/ParEIS-MSX/SW/HW_Export_V1/ps7_cortexa9_0/standalone_ps7_cortexa9_0/bsp/system.mss
TRACE::2026-08-19.17:40:42::SCWMssOS::DEBUG:  swdes dump  C:/Users/tillkorsmeier/Desktop/MA/Z7-Nano/ParEIS-MSX/SW/HW_Export_V1/ps7_cortexa9_0/standalone_ps7_cortexa9_0/bsp/system.mss|system_0||
C:/Users/tillkorsmeier/Desktop/MA/Z7-Nano/ParEIS-MSX/SW/HW_Export_V1/zynq_fsbl/zynq_fsbl_bsp/system.mss|system||

TRACE::2026-08-19.17:40:42::SCWMssOS::Sw design exists and opened at  C:/Users/tillkorsmeier/Desktop/MA/Z7-Nano/ParEIS-MSX/SW/HW_Export_V1/ps7_cortexa9_0/standalone_ps7_cortexa9_0/bsp/system.mss
TRACE::2026-08-19.17:40:42::SCWPlatform::Trying to open the hw design at C:/Users/tillkorsmeier/Desktop/MA/Z7-Nano/ParEIS-MSX/SW/HW_Export_V1/hw/HW_Export_V2.xsa
TRACE::2026-08-19.17:40:42::SCWPlatform::DSA given C:/Users/tillkorsmeier/Desktop/MA/Z7-Nano/ParEIS-MSX/SW/HW_Export_V1/hw/HW_Export_V2.xsa
TRACE::2026-08-19.17:40:42::SCWPlatform::DSA absoulate path C:/Users/tillkorsmeier/Desktop/MA/Z7-Nano/ParEIS-MSX/SW/HW_Export_V1/hw/HW_Export_V2.xsa
TRACE::2026-08-19.17:40:42::SCWPlatform::DSA directory C:/Users/tillkorsmeier/Desktop/MA/Z7-Nano/ParEIS-MSX/SW/HW_Export_V1/hw
TRACE::2026-08-19.17:40:42::SCWPlatform:: Platform Path C:/Users/tillkorsmeier/Desktop/MA/Z7-Nano/ParEIS-MSX/SW/HW_Export_V1/hw/HW_Export_V2.xsa
TRACE::2026-08-19.17:40:42::SCWPlatform:: Unique name xilinx:::0.0
TRACE::2026-08-19.17:40:42::SCWPlatform::Trying to set the existing hwdb with name design_1_wrapper_3
TRACE::2026-08-19.17:40:42::SCWPlatform::Opened existing hwdb design_1_wrapper_3
TRACE::2026-08-19.17:40:42::SCWPlatform::Found the Hw Db part of the input DSA
TRACE::2026-08-19.17:40:42::SCWMssOS::Checking the sw design at  C:/Users/tillkorsmeier/Desktop/MA/Z7-Nano/ParEIS-MSX/SW/HW_Export_V1/ps7_cortexa9_0/standalone_ps7_cortexa9_0/bsp/system.mss
TRACE::2026-08-19.17:40:42::SCWMssOS::DEBUG:  swdes dump  C:/Users/tillkorsmeier/Desktop/MA/Z7-Nano/ParEIS-MSX/SW/HW_Export_V1/ps7_cortexa9_0/standalone_ps7_cortexa9_0/bsp/system.mss|system_0||
C:/Users/tillkorsmeier/Desktop/MA/Z7-Nano/ParEIS-MSX/SW/HW_Export_V1/zynq_fsbl/zynq_fsbl_bsp/system.mss|system||

TRACE::2026-08-19.17:40:42::SCWMssOS::Sw design exists and opened at  C:/Users/tillkorsmeier/Desktop/MA/Z7-Nano/ParEIS-MSX/SW/HW_Export_V1/ps7_cortexa9_0/standalone_ps7_cortexa9_0/bsp/system.mss
TRACE::2026-08-19.17:40:42::SCWPlatform::Trying to open the hw design at C:/Users/tillkorsmeier/Desktop/MA/Z7-Nano/ParEIS-MSX/SW/HW_Export_V1/hw/HW_Export_V2.xsa
TRACE::2026-08-19.17:40:42::SCWPlatform::DSA given C:/Users/tillkorsmeier/Desktop/MA/Z7-Nano/ParEIS-MSX/SW/HW_Export_V1/hw/HW_Export_V2.xsa
TRACE::2026-08-19.17:40:42::SCWPlatform::DSA absoulate path C:/Users/tillkorsmeier/Desktop/MA/Z7-Nano/ParEIS-MSX/SW/HW_Export_V1/hw/HW_Export_V2.xsa
TRACE::2026-08-19.17:40:42::SCWPlatform::DSA directory C:/Users/tillkorsmeier/Desktop/MA/Z7-Nano/ParEIS-MSX/SW/HW_Export_V1/hw
TRACE::2026-08-19.17:40:42::SCWPlatform:: Platform Path C:/Users/tillkorsmeier/Desktop/MA/Z7-Nano/ParEIS-MSX/SW/HW_Export_V1/hw/HW_Export_V2.xsa
TRACE::2026-08-19.17:40:42::SCWPlatform:: Unique name xilinx:::0.0
TRACE::2026-08-19.17:40:42::SCWPlatform::Trying to set the existing hwdb with name design_1_wrapper_3
TRACE::2026-08-19.17:40:42::SCWPlatform::Opened existing hwdb design_1_wrapper_3
TRACE::2026-08-19.17:40:42::SCWPlatform::Found the Hw Db part of the input DSA
TRACE::2026-08-19.17:40:42::SCWMssOS::Checking the sw design at  C:/Users/tillkorsmeier/Desktop/MA/Z7-Nano/ParEIS-MSX/SW/HW_Export_V1/ps7_cortexa9_0/standalone_ps7_cortexa9_0/bsp/system.mss
TRACE::2026-08-19.17:40:42::SCWMssOS::DEBUG:  swdes dump  C:/Users/tillkorsmeier/Desktop/MA/Z7-Nano/ParEIS-MSX/SW/HW_Export_V1/ps7_cortexa9_0/standalone_ps7_cortexa9_0/bsp/system.mss|system_0||
C:/Users/tillkorsmeier/Desktop/MA/Z7-Nano/ParEIS-MSX/SW/HW_Export_V1/zynq_fsbl/zynq_fsbl_bsp/system.mss|system||

TRACE::2026-08-19.17:40:42::SCWMssOS::Sw design exists and opened at  C:/Users/tillkorsmeier/Desktop/MA/Z7-Nano/ParEIS-MSX/SW/HW_Export_V1/ps7_cortexa9_0/standalone_ps7_cortexa9_0/bsp/system.mss
TRACE::2026-08-19.17:40:42::SCWPlatform::Trying to open the hw design at C:/Users/tillkorsmeier/Desktop/MA/Z7-Nano/ParEIS-MSX/SW/HW_Export_V1/hw/HW_Export_V2.xsa
TRACE::2026-08-19.17:40:42::SCWPlatform::DSA given C:/Users/tillkorsmeier/Desktop/MA/Z7-Nano/ParEIS-MSX/SW/HW_Export_V1/hw/HW_Export_V2.xsa
TRACE::2026-08-19.17:40:42::SCWPlatform::DSA absoulate path C:/Users/tillkorsmeier/Desktop/MA/Z7-Nano/ParEIS-MSX/SW/HW_Export_V1/hw/HW_Export_V2.xsa
TRACE::2026-08-19.17:40:42::SCWPlatform::DSA directory C:/Users/tillkorsmeier/Desktop/MA/Z7-Nano/ParEIS-MSX/SW/HW_Export_V1/hw
TRACE::2026-08-19.17:40:42::SCWPlatform:: Platform Path C:/Users/tillkorsmeier/Desktop/MA/Z7-Nano/ParEIS-MSX/SW/HW_Export_V1/hw/HW_Export_V2.xsa
TRACE::2026-08-19.17:40:42::SCWPlatform:: Unique name xilinx:::0.0
TRACE::2026-08-19.17:40:42::SCWPlatform::Trying to set the existing hwdb with name design_1_wrapper_3
TRACE::2026-08-19.17:40:42::SCWPlatform::Opened existing hwdb design_1_wrapper_3
TRACE::2026-08-19.17:40:42::SCWPlatform::Found the Hw Db part of the input DSA
TRACE::2026-08-19.17:40:42::SCWMssOS::Checking the sw design at  C:/Users/tillkorsmeier/Desktop/MA/Z7-Nano/ParEIS-MSX/SW/HW_Export_V1/ps7_cortexa9_0/standalone_ps7_cortexa9_0/bsp/system.mss
TRACE::2026-08-19.17:40:42::SCWMssOS::DEBUG:  swdes dump  C:/Users/tillkorsmeier/Desktop/MA/Z7-Nano/ParEIS-MSX/SW/HW_Export_V1/ps7_cortexa9_0/standalone_ps7_cortexa9_0/bsp/system.mss|system_0||
C:/Users/tillkorsmeier/Desktop/MA/Z7-Nano/ParEIS-MSX/SW/HW_Export_V1/zynq_fsbl/zynq_fsbl_bsp/system.mss|system||

TRACE::2026-08-19.17:40:42::SCWMssOS::Sw design exists and opened at  C:/Users/tillkorsmeier/Desktop/MA/Z7-Nano/ParEIS-MSX/SW/HW_Export_V1/ps7_cortexa9_0/standalone_ps7_cortexa9_0/bsp/system.mss
TRACE::2026-08-19.17:40:44::SCWMssOS::Saving the mss changes C:/Users/tillkorsmeier/Desktop/MA/Z7-Nano/ParEIS-MSX/SW/HW_Export_V1/zynq_fsbl/zynq_fsbl_bsp/system.mss
TRACE::2026-08-19.17:40:44::SCWMssOS::Found a swdesign opened with the mssfile.
TRACE::2026-08-19.17:40:44::SCWMssOS::Completed writemss as part of save.
TRACE::2026-08-19.17:40:44::SCWMssOS::Commit changes completed.
TRACE::2026-08-19.17:40:44::SCWMssOS::Saving the mss changes C:/Users/tillkorsmeier/Desktop/MA/Z7-Nano/ParEIS-MSX/SW/HW_Export_V1/ps7_cortexa9_0/standalone_ps7_cortexa9_0/bsp/system.mss
TRACE::2026-08-19.17:40:44::SCWMssOS::Found a swdesign opened with the mssfile.
TRACE::2026-08-19.17:40:44::SCWMssOS::Completed writemss as part of save.
TRACE::2026-08-19.17:40:44::SCWMssOS::Commit changes completed.
TRACE::2026-08-19.17:40:44::SCWPlatform::Trying to open the hw design at C:/Users/tillkorsmeier/Desktop/MA/Z7-Nano/ParEIS-MSX/SW/HW_Export_V1/hw/HW_Export_V2.xsa
TRACE::2026-08-19.17:40:44::SCWPlatform::DSA given C:/Users/tillkorsmeier/Desktop/MA/Z7-Nano/ParEIS-MSX/SW/HW_Export_V1/hw/HW_Export_V2.xsa
TRACE::2026-08-19.17:40:44::SCWPlatform::DSA absoulate path C:/Users/tillkorsmeier/Desktop/MA/Z7-Nano/ParEIS-MSX/SW/HW_Export_V1/hw/HW_Export_V2.xsa
TRACE::2026-08-19.17:40:44::SCWPlatform::DSA directory C:/Users/tillkorsmeier/Desktop/MA/Z7-Nano/ParEIS-MSX/SW/HW_Export_V1/hw
TRACE::2026-08-19.17:40:44::SCWPlatform:: Platform Path C:/Users/tillkorsmeier/Desktop/MA/Z7-Nano/ParEIS-MSX/SW/HW_Export_V1/hw/HW_Export_V2.xsa
TRACE::2026-08-19.17:40:44::SCWPlatform:: Unique name xilinx:::0.0
TRACE::2026-08-19.17:40:44::SCWPlatform::Trying to set the existing hwdb with name design_1_wrapper_3
TRACE::2026-08-19.17:40:44::SCWPlatform::Opened existing hwdb design_1_wrapper_3
TRACE::2026-08-19.17:40:44::SCWPlatform::Found the Hw Db part of the input DSA
TRACE::2026-08-19.17:40:44::SCWMssOS::Checking the sw design at  C:/Users/tillkorsmeier/Desktop/MA/Z7-Nano/ParEIS-MSX/SW/HW_Export_V1/zynq_fsbl/zynq_fsbl_bsp/system.mss
TRACE::2026-08-19.17:40:44::SCWMssOS::DEBUG:  swdes dump  C:/Users/tillkorsmeier/Desktop/MA/Z7-Nano/ParEIS-MSX/SW/HW_Export_V1/ps7_cortexa9_0/standalone_ps7_cortexa9_0/bsp/system.mss|system_0||
C:/Users/tillkorsmeier/Desktop/MA/Z7-Nano/ParEIS-MSX/SW/HW_Export_V1/zynq_fsbl/zynq_fsbl_bsp/system.mss|system||

TRACE::2026-08-19.17:40:44::SCWMssOS::Sw design exists and opened at  C:/Users/tillkorsmeier/Desktop/MA/Z7-Nano/ParEIS-MSX/SW/HW_Export_V1/zynq_fsbl/zynq_fsbl_bsp/system.mss
TRACE::2026-08-19.17:40:44::SCWPlatform::Trying to open the hw design at C:/Users/tillkorsmeier/Desktop/MA/Z7-Nano/ParEIS-MSX/SW/HW_Export_V1/hw/HW_Export_V2.xsa
TRACE::2026-08-19.17:40:44::SCWPlatform::DSA given C:/Users/tillkorsmeier/Desktop/MA/Z7-Nano/ParEIS-MSX/SW/HW_Export_V1/hw/HW_Export_V2.xsa
TRACE::2026-08-19.17:40:44::SCWPlatform::DSA absoulate path C:/Users/tillkorsmeier/Desktop/MA/Z7-Nano/ParEIS-MSX/SW/HW_Export_V1/hw/HW_Export_V2.xsa
TRACE::2026-08-19.17:40:44::SCWPlatform::DSA directory C:/Users/tillkorsmeier/Desktop/MA/Z7-Nano/ParEIS-MSX/SW/HW_Export_V1/hw
TRACE::2026-08-19.17:40:44::SCWPlatform:: Platform Path C:/Users/tillkorsmeier/Desktop/MA/Z7-Nano/ParEIS-MSX/SW/HW_Export_V1/hw/HW_Export_V2.xsa
TRACE::2026-08-19.17:40:44::SCWPlatform:: Unique name xilinx:::0.0
TRACE::2026-08-19.17:40:44::SCWPlatform::Trying to set the existing hwdb with name design_1_wrapper_3
TRACE::2026-08-19.17:40:44::SCWPlatform::Opened existing hwdb design_1_wrapper_3
TRACE::2026-08-19.17:40:44::SCWPlatform::Found the Hw Db part of the input DSA
TRACE::2026-08-19.17:40:44::SCWMssOS::Checking the sw design at  C:/Users/tillkorsmeier/Desktop/MA/Z7-Nano/ParEIS-MSX/SW/HW_Export_V1/ps7_cortexa9_0/standalone_ps7_cortexa9_0/bsp/system.mss
TRACE::2026-08-19.17:40:44::SCWMssOS::DEBUG:  swdes dump  C:/Users/tillkorsmeier/Desktop/MA/Z7-Nano/ParEIS-MSX/SW/HW_Export_V1/ps7_cortexa9_0/standalone_ps7_cortexa9_0/bsp/system.mss|system_0||
C:/Users/tillkorsmeier/Desktop/MA/Z7-Nano/ParEIS-MSX/SW/HW_Export_V1/zynq_fsbl/zynq_fsbl_bsp/system.mss|system||

TRACE::2026-08-19.17:40:44::SCWMssOS::Sw design exists and opened at  C:/Users/tillkorsmeier/Desktop/MA/Z7-Nano/ParEIS-MSX/SW/HW_Export_V1/ps7_cortexa9_0/standalone_ps7_cortexa9_0/bsp/system.mss
TRACE::2026-08-19.17:40:44::SCWWriter::formatted JSON is {
	"platformName":	"HW_Export_V1",
	"sprVersion":	"2.0",
	"mode":	"gui",
	"dsaType":	"Fixed",
	"platformDesc":	"HW_Export_V1",
	"platHandOff":	"C:/Users/tillkorsmeier/Desktop/MA/Z7-Nano/ParEIS-MSX/SW/HW_Export_V2.xsa",
	"platIntHandOff":	"<platformDir>/hw/HW_Export_V2.xsa",
	"deviceType":	"zynq",
	"platIsPrebuiltAutogen":	"false",
	"platIsNoBootBsp":	"false",
	"hasFsblMakeHasChanges":	"false",
	"hasPmufwMakeHasChanges":	"false",
	"fsblExtraCompilerFlags":	"-MMD -MP       -mcpu=cortex-a9 -mfpu=vfpv3 -mfloat-abi=hard ",
	"platPreBuiltFlag":	false,
	"platformSamplesDir":	"",
	"platActiveSys":	"HW_Export_V1",
	"systems":	[{
			"systemName":	"HW_Export_V1",
			"systemDesc":	"HW_Export_V1",
			"sysIsBootAutoGen":	"true",
			"systemDispName":	"HW_Export_V1",
			"sysActiveDom":	"standalone_ps7_cortexa9_0",
			"sysDefaultDom":	"standalone_ps7_cortexa9_0",
			"domains":	[{
					"domainName":	"zynq_fsbl",
					"domainDispName":	"zynq_fsbl",
					"domainDesc":	"FSBL Application BSP - Auto Generated.",
					"processors":	"ps7_cortexa9_0",
					"os":	"standalone",
					"sdxOs":	"standalone",
					"debugEnable":	"",
					"domRuntimes":	["cpp"],
					"swRepo":	"",
					"mssOsVer":	"9.2",
					"mssFile":	"",
					"md5Digest":	"eb13c396dfacc0d4cf82f9f4d1da7be61",
					"compatibleApp":	"zynq_fsbl",
					"domType":	"bootDomain",
					"arch":	"32-bit",
					"appSettings":	{
						"appCompilerFlags":	"",
						"appLinkerFlags":	""
					},
					"addedLibs":	["xilffs:5.3", "xilrsa:1.8"],
					"libOptions":	{
						"libsContainingOptions":	[]
					},
					"prebuiltLibs":	{
						"prebuiltIncPath":	[],
						"prebuiltLibPath":	[]
					},
					"isolation":	{
					}
				}, {
					"domainName":	"standalone_ps7_cortexa9_0",
					"domainDispName":	"standalone_ps7_cortexa9_0",
					"domainDesc":	"standalone_ps7_cortexa9_0",
					"processors":	"ps7_cortexa9_0",
					"os":	"standalone",
					"sdxOs":	"standalone",
					"qemuArgs":	"<platformDir>/resources/HW_Export_V1/standalone_ps7_cortexa9_0/qemu_args.txt",
					"qemuData":	"<platformDir>/resources/HW_Export_V1/standalone_ps7_cortexa9_0/qemu",
					"debugEnable":	"False",
					"domRuntimes":	["cpp"],
					"swRepo":	"",
					"mssOsVer":	"9.2",
					"mssFile":	"",
					"md5Digest":	"35afe3afc5b1bf8f5a86c8734e9cd7a51",
					"compatibleApp":	"",
					"domType":	"mssDomain",
					"arch":	"32-bit",
					"appSettings":	{
						"appCompilerFlags":	"",
						"appLinkerFlags":	""
					},
					"addedLibs":	["lwip220:1.1", "xiltimer:2.1"],
					"libOptions":	{
						"lwip220":	{
							"mem_size":	"1000000",
							"memp_n_tcp_seg":	"65001",
							"phy_link_speed":	"CONFIG_LINKSPEED1000",
							"tcp_snd_buf":	"65000",
							"libOptionNames":	["mem_size", "memp_n_tcp_seg", "phy_link_speed", "tcp_snd_buf"]
						},
						"libsContainingOptions":	["lwip220"]
					},
					"prebuiltLibs":	{
						"prebuiltIncPath":	[],
						"prebuiltLibPath":	[]
					},
					"isolation":	{
					}
				}]
		}]
}
TRACE::2026-08-19.17:40:44::SCWMssOS::Saving the mss changes C:/Users/tillkorsmeier/Desktop/MA/Z7-Nano/ParEIS-MSX/SW/HW_Export_V1/ps7_cortexa9_0/standalone_ps7_cortexa9_0/bsp/system.mss
TRACE::2026-08-19.17:40:44::SCWMssOS::Found a swdesign opened with the mssfile.
TRACE::2026-08-19.17:40:44::SCWMssOS::Completed writemss as part of save.
TRACE::2026-08-19.17:40:44::SCWMssOS::Commit changes completed.
TRACE::2026-08-19.17:40:44::SCWPlatform::Trying to open the hw design at C:/Users/tillkorsmeier/Desktop/MA/Z7-Nano/ParEIS-MSX/SW/HW_Export_V1/hw/HW_Export_V2.xsa
TRACE::2026-08-19.17:40:44::SCWPlatform::DSA given C:/Users/tillkorsmeier/Desktop/MA/Z7-Nano/ParEIS-MSX/SW/HW_Export_V1/hw/HW_Export_V2.xsa
TRACE::2026-08-19.17:40:44::SCWPlatform::DSA absoulate path C:/Users/tillkorsmeier/Desktop/MA/Z7-Nano/ParEIS-MSX/SW/HW_Export_V1/hw/HW_Export_V2.xsa
TRACE::2026-08-19.17:40:44::SCWPlatform::DSA directory C:/Users/tillkorsmeier/Desktop/MA/Z7-Nano/ParEIS-MSX/SW/HW_Export_V1/hw
TRACE::2026-08-19.17:40:44::SCWPlatform:: Platform Path C:/Users/tillkorsmeier/Desktop/MA/Z7-Nano/ParEIS-MSX/SW/HW_Export_V1/hw/HW_Export_V2.xsa
TRACE::2026-08-19.17:40:44::SCWPlatform:: Unique name xilinx:::0.0
TRACE::2026-08-19.17:40:44::SCWPlatform::Trying to set the existing hwdb with name design_1_wrapper_3
TRACE::2026-08-19.17:40:44::SCWPlatform::Opened existing hwdb design_1_wrapper_3
TRACE::2026-08-19.17:40:44::SCWPlatform::Found the Hw Db part of the input DSA
TRACE::2026-08-19.17:40:44::SCWMssOS::Checking the sw design at  C:/Users/tillkorsmeier/Desktop/MA/Z7-Nano/ParEIS-MSX/SW/HW_Export_V1/ps7_cortexa9_0/standalone_ps7_cortexa9_0/bsp/system.mss
TRACE::2026-08-19.17:40:44::SCWMssOS::DEBUG:  swdes dump  C:/Users/tillkorsmeier/Desktop/MA/Z7-Nano/ParEIS-MSX/SW/HW_Export_V1/ps7_cortexa9_0/standalone_ps7_cortexa9_0/bsp/system.mss|system_0||
C:/Users/tillkorsmeier/Desktop/MA/Z7-Nano/ParEIS-MSX/SW/HW_Export_V1/zynq_fsbl/zynq_fsbl_bsp/system.mss|system||

TRACE::2026-08-19.17:40:44::SCWMssOS::Sw design exists and opened at  C:/Users/tillkorsmeier/Desktop/MA/Z7-Nano/ParEIS-MSX/SW/HW_Export_V1/ps7_cortexa9_0/standalone_ps7_cortexa9_0/bsp/system.mss
TRACE::2026-08-19.17:40:44::SCWMssOS::Removing the swdes entry for  C:/Users/tillkorsmeier/Desktop/MA/Z7-Nano/ParEIS-MSX/SW/HW_Export_V1/ps7_cortexa9_0/standalone_ps7_cortexa9_0/bsp/system.mss
TRACE::2026-08-19.17:40:44::SCWMssOS::In reload Mss file.
TRACE::2026-08-19.17:40:44::SCWPlatform::Trying to open the hw design at C:/Users/tillkorsmeier/Desktop/MA/Z7-Nano/ParEIS-MSX/SW/HW_Export_V1/hw/HW_Export_V2.xsa
TRACE::2026-08-19.17:40:44::SCWPlatform::DSA given C:/Users/tillkorsmeier/Desktop/MA/Z7-Nano/ParEIS-MSX/SW/HW_Export_V1/hw/HW_Export_V2.xsa
TRACE::2026-08-19.17:40:44::SCWPlatform::DSA absoulate path C:/Users/tillkorsmeier/Desktop/MA/Z7-Nano/ParEIS-MSX/SW/HW_Export_V1/hw/HW_Export_V2.xsa
TRACE::2026-08-19.17:40:44::SCWPlatform::DSA directory C:/Users/tillkorsmeier/Desktop/MA/Z7-Nano/ParEIS-MSX/SW/HW_Export_V1/hw
TRACE::2026-08-19.17:40:44::SCWPlatform:: Platform Path C:/Users/tillkorsmeier/Desktop/MA/Z7-Nano/ParEIS-MSX/SW/HW_Export_V1/hw/HW_Export_V2.xsa
TRACE::2026-08-19.17:40:44::SCWPlatform:: Unique name xilinx:::0.0
TRACE::2026-08-19.17:40:44::SCWPlatform::Trying to set the existing hwdb with name design_1_wrapper_3
TRACE::2026-08-19.17:40:44::SCWPlatform::Opened existing hwdb design_1_wrapper_3
TRACE::2026-08-19.17:40:44::SCWPlatform::Found the Hw Db part of the input DSA
TRACE::2026-08-19.17:40:44::SCWMssOS::Checking the sw design at  C:/Users/tillkorsmeier/Desktop/MA/Z7-Nano/ParEIS-MSX/SW/HW_Export_V1/ps7_cortexa9_0/standalone_ps7_cortexa9_0/bsp/system.mss
TRACE::2026-08-19.17:40:44::SCWMssOS::DEBUG:  swdes dump  C:/Users/tillkorsmeier/Desktop/MA/Z7-Nano/ParEIS-MSX/SW/HW_Export_V1/zynq_fsbl/zynq_fsbl_bsp/system.mss|system||

TRACE::2026-08-19.17:40:44::SCWMssOS::No sw design opened at  C:/Users/tillkorsmeier/Desktop/MA/Z7-Nano/ParEIS-MSX/SW/HW_Export_V1/ps7_cortexa9_0/standalone_ps7_cortexa9_0/bsp/system.mss
TRACE::2026-08-19.17:40:44::SCWMssOS::mss exists loading the mss file  C:/Users/tillkorsmeier/Desktop/MA/Z7-Nano/ParEIS-MSX/SW/HW_Export_V1/ps7_cortexa9_0/standalone_ps7_cortexa9_0/bsp/system.mss
TRACE::2026-08-19.17:40:45::SCWMssOS::Opened the sw design from mss  C:/Users/tillkorsmeier/Desktop/MA/Z7-Nano/ParEIS-MSX/SW/HW_Export_V1/ps7_cortexa9_0/standalone_ps7_cortexa9_0/bsp/system.mss
TRACE::2026-08-19.17:40:45::SCWMssOS::Adding the swdes entry C:/Users/tillkorsmeier/Desktop/MA/Z7-Nano/ParEIS-MSX/SW/HW_Export_V1/ps7_cortexa9_0/standalone_ps7_cortexa9_0/bsp/system.mss with des name system_0
TRACE::2026-08-19.17:40:45::SCWMssOS::updating the scw layer about changes
TRACE::2026-08-19.17:40:45::SCWMssOS::Opened the sw design.  C:/Users/tillkorsmeier/Desktop/MA/Z7-Nano/ParEIS-MSX/SW/HW_Export_V1/ps7_cortexa9_0/standalone_ps7_cortexa9_0/bsp/system.mss
TRACE::2026-08-19.17:40:45::SCWPlatform::Trying to open the hw design at C:/Users/tillkorsmeier/Desktop/MA/Z7-Nano/ParEIS-MSX/SW/HW_Export_V1/hw/HW_Export_V2.xsa
TRACE::2026-08-19.17:40:45::SCWPlatform::DSA given C:/Users/tillkorsmeier/Desktop/MA/Z7-Nano/ParEIS-MSX/SW/HW_Export_V1/hw/HW_Export_V2.xsa
TRACE::2026-08-19.17:40:45::SCWPlatform::DSA absoulate path C:/Users/tillkorsmeier/Desktop/MA/Z7-Nano/ParEIS-MSX/SW/HW_Export_V1/hw/HW_Export_V2.xsa
TRACE::2026-08-19.17:40:45::SCWPlatform::DSA directory C:/Users/tillkorsmeier/Desktop/MA/Z7-Nano/ParEIS-MSX/SW/HW_Export_V1/hw
TRACE::2026-08-19.17:40:45::SCWPlatform:: Platform Path C:/Users/tillkorsmeier/Desktop/MA/Z7-Nano/ParEIS-MSX/SW/HW_Export_V1/hw/HW_Export_V2.xsa
TRACE::2026-08-19.17:40:45::SCWPlatform:: Unique name xilinx:::0.0
TRACE::2026-08-19.17:40:45::SCWPlatform::Trying to set the existing hwdb with name design_1_wrapper_3
TRACE::2026-08-19.17:40:45::SCWPlatform::Opened existing hwdb design_1_wrapper_3
TRACE::2026-08-19.17:40:45::SCWPlatform::Found the Hw Db part of the input DSA
TRACE::2026-08-19.17:40:45::SCWMssOS::Checking the sw design at  C:/Users/tillkorsmeier/Desktop/MA/Z7-Nano/ParEIS-MSX/SW/HW_Export_V1/ps7_cortexa9_0/standalone_ps7_cortexa9_0/bsp/system.mss
TRACE::2026-08-19.17:40:45::SCWMssOS::DEBUG:  swdes dump  C:/Users/tillkorsmeier/Desktop/MA/Z7-Nano/ParEIS-MSX/SW/HW_Export_V1/ps7_cortexa9_0/standalone_ps7_cortexa9_0/bsp/system.mss|system_0||
C:/Users/tillkorsmeier/Desktop/MA/Z7-Nano/ParEIS-MSX/SW/HW_Export_V1/zynq_fsbl/zynq_fsbl_bsp/system.mss|system||

TRACE::2026-08-19.17:40:45::SCWMssOS::Sw design exists and opened at  C:/Users/tillkorsmeier/Desktop/MA/Z7-Nano/ParEIS-MSX/SW/HW_Export_V1/ps7_cortexa9_0/standalone_ps7_cortexa9_0/bsp/system.mss
TRACE::2026-08-19.17:40:45::SCWMssOS:: library already available in sw design:  lwip220:1.1
TRACE::2026-08-19.17:40:45::SCWPlatform::Trying to open the hw design at C:/Users/tillkorsmeier/Desktop/MA/Z7-Nano/ParEIS-MSX/SW/HW_Export_V1/hw/HW_Export_V2.xsa
TRACE::2026-08-19.17:40:45::SCWPlatform::DSA given C:/Users/tillkorsmeier/Desktop/MA/Z7-Nano/ParEIS-MSX/SW/HW_Export_V1/hw/HW_Export_V2.xsa
TRACE::2026-08-19.17:40:45::SCWPlatform::DSA absoulate path C:/Users/tillkorsmeier/Desktop/MA/Z7-Nano/ParEIS-MSX/SW/HW_Export_V1/hw/HW_Export_V2.xsa
TRACE::2026-08-19.17:40:45::SCWPlatform::DSA directory C:/Users/tillkorsmeier/Desktop/MA/Z7-Nano/ParEIS-MSX/SW/HW_Export_V1/hw
TRACE::2026-08-19.17:40:45::SCWPlatform:: Platform Path C:/Users/tillkorsmeier/Desktop/MA/Z7-Nano/ParEIS-MSX/SW/HW_Export_V1/hw/HW_Export_V2.xsa
TRACE::2026-08-19.17:40:45::SCWPlatform:: Unique name xilinx:::0.0
TRACE::2026-08-19.17:40:45::SCWPlatform::Trying to set the existing hwdb with name design_1_wrapper_3
TRACE::2026-08-19.17:40:45::SCWPlatform::Opened existing hwdb design_1_wrapper_3
TRACE::2026-08-19.17:40:45::SCWPlatform::Found the Hw Db part of the input DSA
TRACE::2026-08-19.17:40:45::SCWMssOS::Checking the sw design at  C:/Users/tillkorsmeier/Desktop/MA/Z7-Nano/ParEIS-MSX/SW/HW_Export_V1/ps7_cortexa9_0/standalone_ps7_cortexa9_0/bsp/system.mss
TRACE::2026-08-19.17:40:45::SCWMssOS::DEBUG:  swdes dump  C:/Users/tillkorsmeier/Desktop/MA/Z7-Nano/ParEIS-MSX/SW/HW_Export_V1/ps7_cortexa9_0/standalone_ps7_cortexa9_0/bsp/system.mss|system_0||
C:/Users/tillkorsmeier/Desktop/MA/Z7-Nano/ParEIS-MSX/SW/HW_Export_V1/zynq_fsbl/zynq_fsbl_bsp/system.mss|system||

TRACE::2026-08-19.17:40:45::SCWMssOS::Sw design exists and opened at  C:/Users/tillkorsmeier/Desktop/MA/Z7-Nano/ParEIS-MSX/SW/HW_Export_V1/ps7_cortexa9_0/standalone_ps7_cortexa9_0/bsp/system.mss
TRACE::2026-08-19.17:40:45::SCWMssOS:: library already available in sw design:  xiltimer:2.1
TRACE::2026-08-19.17:40:45::SCWPlatform::Trying to open the hw design at C:/Users/tillkorsmeier/Desktop/MA/Z7-Nano/ParEIS-MSX/SW/HW_Export_V1/hw/HW_Export_V2.xsa
TRACE::2026-08-19.17:40:45::SCWPlatform::DSA given C:/Users/tillkorsmeier/Desktop/MA/Z7-Nano/ParEIS-MSX/SW/HW_Export_V1/hw/HW_Export_V2.xsa
TRACE::2026-08-19.17:40:45::SCWPlatform::DSA absoulate path C:/Users/tillkorsmeier/Desktop/MA/Z7-Nano/ParEIS-MSX/SW/HW_Export_V1/hw/HW_Export_V2.xsa
TRACE::2026-08-19.17:40:45::SCWPlatform::DSA directory C:/Users/tillkorsmeier/Desktop/MA/Z7-Nano/ParEIS-MSX/SW/HW_Export_V1/hw
TRACE::2026-08-19.17:40:45::SCWPlatform:: Platform Path C:/Users/tillkorsmeier/Desktop/MA/Z7-Nano/ParEIS-MSX/SW/HW_Export_V1/hw/HW_Export_V2.xsa
TRACE::2026-08-19.17:40:45::SCWPlatform:: Unique name xilinx:::0.0
TRACE::2026-08-19.17:40:45::SCWPlatform::Trying to set the existing hwdb with name design_1_wrapper_3
TRACE::2026-08-19.17:40:45::SCWPlatform::Opened existing hwdb design_1_wrapper_3
TRACE::2026-08-19.17:40:45::SCWPlatform::Found the Hw Db part of the input DSA
TRACE::2026-08-19.17:40:45::SCWMssOS::Checking the sw design at  C:/Users/tillkorsmeier/Desktop/MA/Z7-Nano/ParEIS-MSX/SW/HW_Export_V1/ps7_cortexa9_0/standalone_ps7_cortexa9_0/bsp/system.mss
TRACE::2026-08-19.17:40:45::SCWMssOS::DEBUG:  swdes dump  C:/Users/tillkorsmeier/Desktop/MA/Z7-Nano/ParEIS-MSX/SW/HW_Export_V1/ps7_cortexa9_0/standalone_ps7_cortexa9_0/bsp/system.mss|system_0||
C:/Users/tillkorsmeier/Desktop/MA/Z7-Nano/ParEIS-MSX/SW/HW_Export_V1/zynq_fsbl/zynq_fsbl_bsp/system.mss|system||

TRACE::2026-08-19.17:40:45::SCWMssOS::Sw design exists and opened at  C:/Users/tillkorsmeier/Desktop/MA/Z7-Nano/ParEIS-MSX/SW/HW_Export_V1/ps7_cortexa9_0/standalone_ps7_cortexa9_0/bsp/system.mss
TRACE::2026-08-19.17:40:45::SCWPlatform::Trying to open the hw design at C:/Users/tillkorsmeier/Desktop/MA/Z7-Nano/ParEIS-MSX/SW/HW_Export_V1/hw/HW_Export_V2.xsa
TRACE::2026-08-19.17:40:45::SCWPlatform::DSA given C:/Users/tillkorsmeier/Desktop/MA/Z7-Nano/ParEIS-MSX/SW/HW_Export_V1/hw/HW_Export_V2.xsa
TRACE::2026-08-19.17:40:45::SCWPlatform::DSA absoulate path C:/Users/tillkorsmeier/Desktop/MA/Z7-Nano/ParEIS-MSX/SW/HW_Export_V1/hw/HW_Export_V2.xsa
TRACE::2026-08-19.17:40:45::SCWPlatform::DSA directory C:/Users/tillkorsmeier/Desktop/MA/Z7-Nano/ParEIS-MSX/SW/HW_Export_V1/hw
TRACE::2026-08-19.17:40:45::SCWPlatform:: Platform Path C:/Users/tillkorsmeier/Desktop/MA/Z7-Nano/ParEIS-MSX/SW/HW_Export_V1/hw/HW_Export_V2.xsa
TRACE::2026-08-19.17:40:45::SCWPlatform:: Unique name xilinx:::0.0
TRACE::2026-08-19.17:40:45::SCWPlatform::Trying to set the existing hwdb with name design_1_wrapper_3
TRACE::2026-08-19.17:40:45::SCWPlatform::Opened existing hwdb design_1_wrapper_3
TRACE::2026-08-19.17:40:45::SCWPlatform::Found the Hw Db part of the input DSA
TRACE::2026-08-19.17:40:45::SCWMssOS::Checking the sw design at  C:/Users/tillkorsmeier/Desktop/MA/Z7-Nano/ParEIS-MSX/SW/HW_Export_V1/ps7_cortexa9_0/standalone_ps7_cortexa9_0/bsp/system.mss
TRACE::2026-08-19.17:40:45::SCWMssOS::DEBUG:  swdes dump  C:/Users/tillkorsmeier/Desktop/MA/Z7-Nano/ParEIS-MSX/SW/HW_Export_V1/ps7_cortexa9_0/standalone_ps7_cortexa9_0/bsp/system.mss|system_0||
C:/Users/tillkorsmeier/Desktop/MA/Z7-Nano/ParEIS-MSX/SW/HW_Export_V1/zynq_fsbl/zynq_fsbl_bsp/system.mss|system||

TRACE::2026-08-19.17:40:45::SCWMssOS::Sw design exists and opened at  C:/Users/tillkorsmeier/Desktop/MA/Z7-Nano/ParEIS-MSX/SW/HW_Export_V1/ps7_cortexa9_0/standalone_ps7_cortexa9_0/bsp/system.mss
TRACE::2026-08-19.17:40:45::SCWPlatform::Trying to open the hw design at C:/Users/tillkorsmeier/Desktop/MA/Z7-Nano/ParEIS-MSX/SW/HW_Export_V1/hw/HW_Export_V2.xsa
TRACE::2026-08-19.17:40:45::SCWPlatform::DSA given C:/Users/tillkorsmeier/Desktop/MA/Z7-Nano/ParEIS-MSX/SW/HW_Export_V1/hw/HW_Export_V2.xsa
TRACE::2026-08-19.17:40:45::SCWPlatform::DSA absoulate path C:/Users/tillkorsmeier/Desktop/MA/Z7-Nano/ParEIS-MSX/SW/HW_Export_V1/hw/HW_Export_V2.xsa
TRACE::2026-08-19.17:40:45::SCWPlatform::DSA directory C:/Users/tillkorsmeier/Desktop/MA/Z7-Nano/ParEIS-MSX/SW/HW_Export_V1/hw
TRACE::2026-08-19.17:40:45::SCWPlatform:: Platform Path C:/Users/tillkorsmeier/Desktop/MA/Z7-Nano/ParEIS-MSX/SW/HW_Export_V1/hw/HW_Export_V2.xsa
TRACE::2026-08-19.17:40:45::SCWPlatform:: Unique name xilinx:::0.0
TRACE::2026-08-19.17:40:45::SCWPlatform::Trying to set the existing hwdb with name design_1_wrapper_3
TRACE::2026-08-19.17:40:45::SCWPlatform::Opened existing hwdb design_1_wrapper_3
TRACE::2026-08-19.17:40:45::SCWPlatform::Found the Hw Db part of the input DSA
TRACE::2026-08-19.17:40:45::SCWMssOS::Checking the sw design at  C:/Users/tillkorsmeier/Desktop/MA/Z7-Nano/ParEIS-MSX/SW/HW_Export_V1/ps7_cortexa9_0/standalone_ps7_cortexa9_0/bsp/system.mss
TRACE::2026-08-19.17:40:45::SCWMssOS::DEBUG:  swdes dump  C:/Users/tillkorsmeier/Desktop/MA/Z7-Nano/ParEIS-MSX/SW/HW_Export_V1/ps7_cortexa9_0/standalone_ps7_cortexa9_0/bsp/system.mss|system_0||
C:/Users/tillkorsmeier/Desktop/MA/Z7-Nano/ParEIS-MSX/SW/HW_Export_V1/zynq_fsbl/zynq_fsbl_bsp/system.mss|system||

TRACE::2026-08-19.17:40:45::SCWMssOS::Sw design exists and opened at  C:/Users/tillkorsmeier/Desktop/MA/Z7-Nano/ParEIS-MSX/SW/HW_Export_V1/ps7_cortexa9_0/standalone_ps7_cortexa9_0/bsp/system.mss
TRACE::2026-08-19.17:40:45::SCWPlatform::Trying to open the hw design at C:/Users/tillkorsmeier/Desktop/MA/Z7-Nano/ParEIS-MSX/SW/HW_Export_V1/hw/HW_Export_V2.xsa
TRACE::2026-08-19.17:40:45::SCWPlatform::DSA given C:/Users/tillkorsmeier/Desktop/MA/Z7-Nano/ParEIS-MSX/SW/HW_Export_V1/hw/HW_Export_V2.xsa
TRACE::2026-08-19.17:40:45::SCWPlatform::DSA absoulate path C:/Users/tillkorsmeier/Desktop/MA/Z7-Nano/ParEIS-MSX/SW/HW_Export_V1/hw/HW_Export_V2.xsa
TRACE::2026-08-19.17:40:45::SCWPlatform::DSA directory C:/Users/tillkorsmeier/Desktop/MA/Z7-Nano/ParEIS-MSX/SW/HW_Export_V1/hw
TRACE::2026-08-19.17:40:45::SCWPlatform:: Platform Path C:/Users/tillkorsmeier/Desktop/MA/Z7-Nano/ParEIS-MSX/SW/HW_Export_V1/hw/HW_Export_V2.xsa
TRACE::2026-08-19.17:40:45::SCWPlatform:: Unique name xilinx:::0.0
TRACE::2026-08-19.17:40:45::SCWPlatform::Trying to set the existing hwdb with name design_1_wrapper_3
TRACE::2026-08-19.17:40:45::SCWPlatform::Opened existing hwdb design_1_wrapper_3
TRACE::2026-08-19.17:40:45::SCWPlatform::Found the Hw Db part of the input DSA
TRACE::2026-08-19.17:40:45::SCWMssOS::Checking the sw design at  C:/Users/tillkorsmeier/Desktop/MA/Z7-Nano/ParEIS-MSX/SW/HW_Export_V1/ps7_cortexa9_0/standalone_ps7_cortexa9_0/bsp/system.mss
TRACE::2026-08-19.17:40:45::SCWMssOS::DEBUG:  swdes dump  C:/Users/tillkorsmeier/Desktop/MA/Z7-Nano/ParEIS-MSX/SW/HW_Export_V1/ps7_cortexa9_0/standalone_ps7_cortexa9_0/bsp/system.mss|system_0||
C:/Users/tillkorsmeier/Desktop/MA/Z7-Nano/ParEIS-MSX/SW/HW_Export_V1/zynq_fsbl/zynq_fsbl_bsp/system.mss|system||

TRACE::2026-08-19.17:40:45::SCWMssOS::Sw design exists and opened at  C:/Users/tillkorsmeier/Desktop/MA/Z7-Nano/ParEIS-MSX/SW/HW_Export_V1/ps7_cortexa9_0/standalone_ps7_cortexa9_0/bsp/system.mss
TRACE::2026-08-19.17:40:45::SCWPlatform::Trying to open the hw design at C:/Users/tillkorsmeier/Desktop/MA/Z7-Nano/ParEIS-MSX/SW/HW_Export_V1/hw/HW_Export_V2.xsa
TRACE::2026-08-19.17:40:45::SCWPlatform::DSA given C:/Users/tillkorsmeier/Desktop/MA/Z7-Nano/ParEIS-MSX/SW/HW_Export_V1/hw/HW_Export_V2.xsa
TRACE::2026-08-19.17:40:45::SCWPlatform::DSA absoulate path C:/Users/tillkorsmeier/Desktop/MA/Z7-Nano/ParEIS-MSX/SW/HW_Export_V1/hw/HW_Export_V2.xsa
TRACE::2026-08-19.17:40:45::SCWPlatform::DSA directory C:/Users/tillkorsmeier/Desktop/MA/Z7-Nano/ParEIS-MSX/SW/HW_Export_V1/hw
TRACE::2026-08-19.17:40:45::SCWPlatform:: Platform Path C:/Users/tillkorsmeier/Desktop/MA/Z7-Nano/ParEIS-MSX/SW/HW_Export_V1/hw/HW_Export_V2.xsa
TRACE::2026-08-19.17:40:45::SCWPlatform:: Unique name xilinx:::0.0
TRACE::2026-08-19.17:40:45::SCWPlatform::Trying to set the existing hwdb with name design_1_wrapper_3
TRACE::2026-08-19.17:40:45::SCWPlatform::Opened existing hwdb design_1_wrapper_3
TRACE::2026-08-19.17:40:45::SCWPlatform::Found the Hw Db part of the input DSA
TRACE::2026-08-19.17:40:45::SCWMssOS::Checking the sw design at  C:/Users/tillkorsmeier/Desktop/MA/Z7-Nano/ParEIS-MSX/SW/HW_Export_V1/ps7_cortexa9_0/standalone_ps7_cortexa9_0/bsp/system.mss
TRACE::2026-08-19.17:40:45::SCWMssOS::DEBUG:  swdes dump  C:/Users/tillkorsmeier/Desktop/MA/Z7-Nano/ParEIS-MSX/SW/HW_Export_V1/ps7_cortexa9_0/standalone_ps7_cortexa9_0/bsp/system.mss|system_0||
C:/Users/tillkorsmeier/Desktop/MA/Z7-Nano/ParEIS-MSX/SW/HW_Export_V1/zynq_fsbl/zynq_fsbl_bsp/system.mss|system||

TRACE::2026-08-19.17:40:45::SCWMssOS::Sw design exists and opened at  C:/Users/tillkorsmeier/Desktop/MA/Z7-Nano/ParEIS-MSX/SW/HW_Export_V1/ps7_cortexa9_0/standalone_ps7_cortexa9_0/bsp/system.mss
TRACE::2026-08-19.17:40:45::SCWPlatform::Trying to open the hw design at C:/Users/tillkorsmeier/Desktop/MA/Z7-Nano/ParEIS-MSX/SW/HW_Export_V1/hw/HW_Export_V2.xsa
TRACE::2026-08-19.17:40:45::SCWPlatform::DSA given C:/Users/tillkorsmeier/Desktop/MA/Z7-Nano/ParEIS-MSX/SW/HW_Export_V1/hw/HW_Export_V2.xsa
TRACE::2026-08-19.17:40:45::SCWPlatform::DSA absoulate path C:/Users/tillkorsmeier/Desktop/MA/Z7-Nano/ParEIS-MSX/SW/HW_Export_V1/hw/HW_Export_V2.xsa
TRACE::2026-08-19.17:40:45::SCWPlatform::DSA directory C:/Users/tillkorsmeier/Desktop/MA/Z7-Nano/ParEIS-MSX/SW/HW_Export_V1/hw
TRACE::2026-08-19.17:40:45::SCWPlatform:: Platform Path C:/Users/tillkorsmeier/Desktop/MA/Z7-Nano/ParEIS-MSX/SW/HW_Export_V1/hw/HW_Export_V2.xsa
TRACE::2026-08-19.17:40:45::SCWPlatform:: Unique name xilinx:::0.0
TRACE::2026-08-19.17:40:45::SCWPlatform::Trying to set the existing hwdb with name design_1_wrapper_3
TRACE::2026-08-19.17:40:45::SCWPlatform::Opened existing hwdb design_1_wrapper_3
TRACE::2026-08-19.17:40:45::SCWPlatform::Found the Hw Db part of the input DSA
TRACE::2026-08-19.17:40:45::SCWMssOS::Checking the sw design at  C:/Users/tillkorsmeier/Desktop/MA/Z7-Nano/ParEIS-MSX/SW/HW_Export_V1/ps7_cortexa9_0/standalone_ps7_cortexa9_0/bsp/system.mss
TRACE::2026-08-19.17:40:45::SCWMssOS::DEBUG:  swdes dump  C:/Users/tillkorsmeier/Desktop/MA/Z7-Nano/ParEIS-MSX/SW/HW_Export_V1/ps7_cortexa9_0/standalone_ps7_cortexa9_0/bsp/system.mss|system_0||
C:/Users/tillkorsmeier/Desktop/MA/Z7-Nano/ParEIS-MSX/SW/HW_Export_V1/zynq_fsbl/zynq_fsbl_bsp/system.mss|system||

TRACE::2026-08-19.17:40:45::SCWMssOS::Sw design exists and opened at  C:/Users/tillkorsmeier/Desktop/MA/Z7-Nano/ParEIS-MSX/SW/HW_Export_V1/ps7_cortexa9_0/standalone_ps7_cortexa9_0/bsp/system.mss
TRACE::2026-08-19.17:40:45::SCWPlatform::Trying to open the hw design at C:/Users/tillkorsmeier/Desktop/MA/Z7-Nano/ParEIS-MSX/SW/HW_Export_V1/hw/HW_Export_V2.xsa
TRACE::2026-08-19.17:40:45::SCWPlatform::DSA given C:/Users/tillkorsmeier/Desktop/MA/Z7-Nano/ParEIS-MSX/SW/HW_Export_V1/hw/HW_Export_V2.xsa
TRACE::2026-08-19.17:40:45::SCWPlatform::DSA absoulate path C:/Users/tillkorsmeier/Desktop/MA/Z7-Nano/ParEIS-MSX/SW/HW_Export_V1/hw/HW_Export_V2.xsa
TRACE::2026-08-19.17:40:45::SCWPlatform::DSA directory C:/Users/tillkorsmeier/Desktop/MA/Z7-Nano/ParEIS-MSX/SW/HW_Export_V1/hw
TRACE::2026-08-19.17:40:45::SCWPlatform:: Platform Path C:/Users/tillkorsmeier/Desktop/MA/Z7-Nano/ParEIS-MSX/SW/HW_Export_V1/hw/HW_Export_V2.xsa
TRACE::2026-08-19.17:40:45::SCWPlatform:: Unique name xilinx:::0.0
TRACE::2026-08-19.17:40:45::SCWPlatform::Trying to set the existing hwdb with name design_1_wrapper_3
TRACE::2026-08-19.17:40:45::SCWPlatform::Opened existing hwdb design_1_wrapper_3
TRACE::2026-08-19.17:40:45::SCWPlatform::Found the Hw Db part of the input DSA
TRACE::2026-08-19.17:40:45::SCWMssOS::Checking the sw design at  C:/Users/tillkorsmeier/Desktop/MA/Z7-Nano/ParEIS-MSX/SW/HW_Export_V1/ps7_cortexa9_0/standalone_ps7_cortexa9_0/bsp/system.mss
TRACE::2026-08-19.17:40:45::SCWMssOS::DEBUG:  swdes dump  C:/Users/tillkorsmeier/Desktop/MA/Z7-Nano/ParEIS-MSX/SW/HW_Export_V1/ps7_cortexa9_0/standalone_ps7_cortexa9_0/bsp/system.mss|system_0||
C:/Users/tillkorsmeier/Desktop/MA/Z7-Nano/ParEIS-MSX/SW/HW_Export_V1/zynq_fsbl/zynq_fsbl_bsp/system.mss|system||

TRACE::2026-08-19.17:40:45::SCWMssOS::Sw design exists and opened at  C:/Users/tillkorsmeier/Desktop/MA/Z7-Nano/ParEIS-MSX/SW/HW_Export_V1/ps7_cortexa9_0/standalone_ps7_cortexa9_0/bsp/system.mss
TRACE::2026-08-19.17:40:45::SCWPlatform::Trying to open the hw design at C:/Users/tillkorsmeier/Desktop/MA/Z7-Nano/ParEIS-MSX/SW/HW_Export_V1/hw/HW_Export_V2.xsa
TRACE::2026-08-19.17:40:45::SCWPlatform::DSA given C:/Users/tillkorsmeier/Desktop/MA/Z7-Nano/ParEIS-MSX/SW/HW_Export_V1/hw/HW_Export_V2.xsa
TRACE::2026-08-19.17:40:45::SCWPlatform::DSA absoulate path C:/Users/tillkorsmeier/Desktop/MA/Z7-Nano/ParEIS-MSX/SW/HW_Export_V1/hw/HW_Export_V2.xsa
TRACE::2026-08-19.17:40:45::SCWPlatform::DSA directory C:/Users/tillkorsmeier/Desktop/MA/Z7-Nano/ParEIS-MSX/SW/HW_Export_V1/hw
TRACE::2026-08-19.17:40:45::SCWPlatform:: Platform Path C:/Users/tillkorsmeier/Desktop/MA/Z7-Nano/ParEIS-MSX/SW/HW_Export_V1/hw/HW_Export_V2.xsa
TRACE::2026-08-19.17:40:45::SCWPlatform:: Unique name xilinx:::0.0
TRACE::2026-08-19.17:40:45::SCWPlatform::Trying to set the existing hwdb with name design_1_wrapper_3
TRACE::2026-08-19.17:40:45::SCWPlatform::Opened existing hwdb design_1_wrapper_3
TRACE::2026-08-19.17:40:45::SCWPlatform::Found the Hw Db part of the input DSA
TRACE::2026-08-19.17:40:45::SCWMssOS::Checking the sw design at  C:/Users/tillkorsmeier/Desktop/MA/Z7-Nano/ParEIS-MSX/SW/HW_Export_V1/ps7_cortexa9_0/standalone_ps7_cortexa9_0/bsp/system.mss
TRACE::2026-08-19.17:40:45::SCWMssOS::DEBUG:  swdes dump  C:/Users/tillkorsmeier/Desktop/MA/Z7-Nano/ParEIS-MSX/SW/HW_Export_V1/ps7_cortexa9_0/standalone_ps7_cortexa9_0/bsp/system.mss|system_0||
C:/Users/tillkorsmeier/Desktop/MA/Z7-Nano/ParEIS-MSX/SW/HW_Export_V1/zynq_fsbl/zynq_fsbl_bsp/system.mss|system||

TRACE::2026-08-19.17:40:45::SCWMssOS::Sw design exists and opened at  C:/Users/tillkorsmeier/Desktop/MA/Z7-Nano/ParEIS-MSX/SW/HW_Export_V1/ps7_cortexa9_0/standalone_ps7_cortexa9_0/bsp/system.mss
TRACE::2026-08-19.17:40:45::SCWMssOS::Saving the mss changes C:/Users/tillkorsmeier/Desktop/MA/Z7-Nano/ParEIS-MSX/SW/HW_Export_V1/ps7_cortexa9_0/standalone_ps7_cortexa9_0/bsp/system.mss
TRACE::2026-08-19.17:40:45::SCWMssOS::Found a swdesign opened with the mssfile.
TRACE::2026-08-19.17:40:45::SCWMssOS::Completed writemss as part of save.
TRACE::2026-08-19.17:40:45::SCWMssOS::Commit changes completed.
TRACE::2026-08-19.17:40:45::SCWPlatform::Trying to open the hw design at C:/Users/tillkorsmeier/Desktop/MA/Z7-Nano/ParEIS-MSX/SW/HW_Export_V1/hw/HW_Export_V2.xsa
TRACE::2026-08-19.17:40:45::SCWPlatform::DSA given C:/Users/tillkorsmeier/Desktop/MA/Z7-Nano/ParEIS-MSX/SW/HW_Export_V1/hw/HW_Export_V2.xsa
TRACE::2026-08-19.17:40:45::SCWPlatform::DSA absoulate path C:/Users/tillkorsmeier/Desktop/MA/Z7-Nano/ParEIS-MSX/SW/HW_Export_V1/hw/HW_Export_V2.xsa
TRACE::2026-08-19.17:40:45::SCWPlatform::DSA directory C:/Users/tillkorsmeier/Desktop/MA/Z7-Nano/ParEIS-MSX/SW/HW_Export_V1/hw
TRACE::2026-08-19.17:40:45::SCWPlatform:: Platform Path C:/Users/tillkorsmeier/Desktop/MA/Z7-Nano/ParEIS-MSX/SW/HW_Export_V1/hw/HW_Export_V2.xsa
TRACE::2026-08-19.17:40:45::SCWPlatform:: Unique name xilinx:::0.0
TRACE::2026-08-19.17:40:45::SCWPlatform::Trying to set the existing hwdb with name design_1_wrapper_3
TRACE::2026-08-19.17:40:45::SCWPlatform::Opened existing hwdb design_1_wrapper_3
TRACE::2026-08-19.17:40:45::SCWPlatform::Found the Hw Db part of the input DSA
TRACE::2026-08-19.17:40:45::SCWMssOS::Checking the sw design at  C:/Users/tillkorsmeier/Desktop/MA/Z7-Nano/ParEIS-MSX/SW/HW_Export_V1/ps7_cortexa9_0/standalone_ps7_cortexa9_0/bsp/system.mss
TRACE::2026-08-19.17:40:45::SCWMssOS::DEBUG:  swdes dump  C:/Users/tillkorsmeier/Desktop/MA/Z7-Nano/ParEIS-MSX/SW/HW_Export_V1/ps7_cortexa9_0/standalone_ps7_cortexa9_0/bsp/system.mss|system_0||
C:/Users/tillkorsmeier/Desktop/MA/Z7-Nano/ParEIS-MSX/SW/HW_Export_V1/zynq_fsbl/zynq_fsbl_bsp/system.mss|system||

TRACE::2026-08-19.17:40:45::SCWMssOS::Sw design exists and opened at  C:/Users/tillkorsmeier/Desktop/MA/Z7-Nano/ParEIS-MSX/SW/HW_Export_V1/ps7_cortexa9_0/standalone_ps7_cortexa9_0/bsp/system.mss
TRACE::2026-08-19.17:40:45::SCWMssOS::Removing the swdes entry for  C:/Users/tillkorsmeier/Desktop/MA/Z7-Nano/ParEIS-MSX/SW/HW_Export_V1/ps7_cortexa9_0/standalone_ps7_cortexa9_0/bsp/system.mss
TRACE::2026-08-19.17:40:45::SCWPlatform::Trying to open the hw design at C:/Users/tillkorsmeier/Desktop/MA/Z7-Nano/ParEIS-MSX/SW/HW_Export_V1/hw/HW_Export_V2.xsa
TRACE::2026-08-19.17:40:45::SCWPlatform::DSA given C:/Users/tillkorsmeier/Desktop/MA/Z7-Nano/ParEIS-MSX/SW/HW_Export_V1/hw/HW_Export_V2.xsa
TRACE::2026-08-19.17:40:45::SCWPlatform::DSA absoulate path C:/Users/tillkorsmeier/Desktop/MA/Z7-Nano/ParEIS-MSX/SW/HW_Export_V1/hw/HW_Export_V2.xsa
TRACE::2026-08-19.17:40:45::SCWPlatform::DSA directory C:/Users/tillkorsmeier/Desktop/MA/Z7-Nano/ParEIS-MSX/SW/HW_Export_V1/hw
TRACE::2026-08-19.17:40:45::SCWPlatform:: Platform Path C:/Users/tillkorsmeier/Desktop/MA/Z7-Nano/ParEIS-MSX/SW/HW_Export_V1/hw/HW_Export_V2.xsa
TRACE::2026-08-19.17:40:45::SCWPlatform:: Unique name xilinx:::0.0
TRACE::2026-08-19.17:40:45::SCWPlatform::Trying to set the existing hwdb with name design_1_wrapper_3
TRACE::2026-08-19.17:40:45::SCWPlatform::Opened existing hwdb design_1_wrapper_3
TRACE::2026-08-19.17:40:45::SCWPlatform::Found the Hw Db part of the input DSA
TRACE::2026-08-19.17:40:45::SCWMssOS::Checking the sw design at  C:/Users/tillkorsmeier/Desktop/MA/Z7-Nano/ParEIS-MSX/SW/HW_Export_V1/ps7_cortexa9_0/standalone_ps7_cortexa9_0/bsp/system.mss
TRACE::2026-08-19.17:40:45::SCWMssOS::DEBUG:  swdes dump  C:/Users/tillkorsmeier/Desktop/MA/Z7-Nano/ParEIS-MSX/SW/HW_Export_V1/zynq_fsbl/zynq_fsbl_bsp/system.mss|system||

TRACE::2026-08-19.17:40:45::SCWMssOS::No sw design opened at  C:/Users/tillkorsmeier/Desktop/MA/Z7-Nano/ParEIS-MSX/SW/HW_Export_V1/ps7_cortexa9_0/standalone_ps7_cortexa9_0/bsp/system.mss
TRACE::2026-08-19.17:40:45::SCWMssOS::mss exists loading the mss file  C:/Users/tillkorsmeier/Desktop/MA/Z7-Nano/ParEIS-MSX/SW/HW_Export_V1/ps7_cortexa9_0/standalone_ps7_cortexa9_0/bsp/system.mss
TRACE::2026-08-19.17:40:45::SCWMssOS::Opened the sw design from mss  C:/Users/tillkorsmeier/Desktop/MA/Z7-Nano/ParEIS-MSX/SW/HW_Export_V1/ps7_cortexa9_0/standalone_ps7_cortexa9_0/bsp/system.mss
TRACE::2026-08-19.17:40:45::SCWMssOS::Adding the swdes entry C:/Users/tillkorsmeier/Desktop/MA/Z7-Nano/ParEIS-MSX/SW/HW_Export_V1/ps7_cortexa9_0/standalone_ps7_cortexa9_0/bsp/system.mss with des name system_0
TRACE::2026-08-19.17:40:45::SCWMssOS::updating the scw layer about changes
TRACE::2026-08-19.17:40:45::SCWMssOS::Opened the sw design.  C:/Users/tillkorsmeier/Desktop/MA/Z7-Nano/ParEIS-MSX/SW/HW_Export_V1/ps7_cortexa9_0/standalone_ps7_cortexa9_0/bsp/system.mss
TRACE::2026-08-19.17:40:45::SCWMssOS::Completed writing the mss file at C:/Users/tillkorsmeier/Desktop/MA/Z7-Nano/ParEIS-MSX/SW/HW_Export_V1/ps7_cortexa9_0/standalone_ps7_cortexa9_0/bsp
TRACE::2026-08-19.17:40:45::SCWMssOS::Forcing BSP Sources regeneration.
KEYINFO::2026-08-19.17:40:49::SCWMssOS::Removing file C:/Users/tillkorsmeier/Desktop/MA/Z7-Nano/ParEIS-MSX/SW/HW_Export_V1/ps7_cortexa9_0/standalone_ps7_cortexa9_0/bsp\system_0.mss
LOG::2026-08-19.17:42:20::SCWPlatform::Started generating the artifacts platform HW_Export_V1
TRACE::2026-08-19.17:42:20::SCWPlatform::Sanity checking of platform is completed
LOG::2026-08-19.17:42:20::SCWPlatform::Started generating the artifacts for system configuration HW_Export_V1
LOG::2026-08-19.17:42:20::SCWSystem::Checking the domain zynq_fsbl
LOG::2026-08-19.17:42:20::SCWSystem::Doing application build for :  zynq_fsbl
TRACE::2026-08-19.17:42:20::SCWBDomain::Not a forced makefile updation, No changes are present. 
TRACE::2026-08-19.17:42:20::SCWDomain::Skipping the build for domain :  zynq_fsbl
LOG::2026-08-19.17:42:20::SCWSystem::Checking the domain standalone_ps7_cortexa9_0
LOG::2026-08-19.17:42:20::SCWSystem::Not a boot domain 
LOG::2026-08-19.17:42:20::SCWSystem::Started Processing the domain standalone_ps7_cortexa9_0
TRACE::2026-08-19.17:42:20::SCWDomain::Generating domain artifcats
TRACE::2026-08-19.17:42:20::SCWMssOS::Generating standalone artifcats
TRACE::2026-08-19.17:42:20::SCWMssOS::Copying the qemu file from  C:/Users/tillkorsmeier/Desktop/MA/Z7-Nano/ParEIS-MSX/SW/HW_Export_V1/resources/HW_Export_V1/standalone_ps7_cortexa9_0/qemu_args.txt To C:/Users/tillkorsmeier/Desktop/MA/Z7-Nano/ParEIS-MSX/SW/HW_Export_V1/export/HW_Export_V1/sw/HW_Export_V1/qemu/
TRACE::2026-08-19.17:42:20::SCWMssOS::Copying the qemu file from  C:/Users/tillkorsmeier/Desktop/MA/Z7-Nano/ParEIS-MSX/SW/HW_Export_V1/resources/HW_Export_V1/standalone_ps7_cortexa9_0/qemu_args.txt To C:/Users/tillkorsmeier/Desktop/MA/Z7-Nano/ParEIS-MSX/SW/HW_Export_V1/export/HW_Export_V1/sw/HW_Export_V1/standalone_ps7_cortexa9_0/qemu/
TRACE::2026-08-19.17:42:20::SCWMssOS:: Copying the user libraries. 
TRACE::2026-08-19.17:42:20::SCWPlatform::Trying to open the hw design at C:/Users/tillkorsmeier/Desktop/MA/Z7-Nano/ParEIS-MSX/SW/HW_Export_V1/hw/HW_Export_V2.xsa
TRACE::2026-08-19.17:42:20::SCWPlatform::DSA given C:/Users/tillkorsmeier/Desktop/MA/Z7-Nano/ParEIS-MSX/SW/HW_Export_V1/hw/HW_Export_V2.xsa
TRACE::2026-08-19.17:42:20::SCWPlatform::DSA absoulate path C:/Users/tillkorsmeier/Desktop/MA/Z7-Nano/ParEIS-MSX/SW/HW_Export_V1/hw/HW_Export_V2.xsa
TRACE::2026-08-19.17:42:20::SCWPlatform::DSA directory C:/Users/tillkorsmeier/Desktop/MA/Z7-Nano/ParEIS-MSX/SW/HW_Export_V1/hw
TRACE::2026-08-19.17:42:20::SCWPlatform:: Platform Path C:/Users/tillkorsmeier/Desktop/MA/Z7-Nano/ParEIS-MSX/SW/HW_Export_V1/hw/HW_Export_V2.xsa
TRACE::2026-08-19.17:42:20::SCWPlatform:: Unique name xilinx:::0.0
TRACE::2026-08-19.17:42:20::SCWPlatform::Trying to set the existing hwdb with name design_1_wrapper_3
TRACE::2026-08-19.17:42:20::SCWPlatform::Opened existing hwdb design_1_wrapper_3
TRACE::2026-08-19.17:42:20::SCWPlatform::Found the Hw Db part of the input DSA
TRACE::2026-08-19.17:42:20::SCWMssOS::Checking the sw design at  C:/Users/tillkorsmeier/Desktop/MA/Z7-Nano/ParEIS-MSX/SW/HW_Export_V1/ps7_cortexa9_0/standalone_ps7_cortexa9_0/bsp/system.mss
TRACE::2026-08-19.17:42:20::SCWMssOS::DEBUG:  swdes dump  C:/Users/tillkorsmeier/Desktop/MA/Z7-Nano/ParEIS-MSX/SW/HW_Export_V1/zynq_fsbl/zynq_fsbl_bsp/system.mss|system||

TRACE::2026-08-19.17:42:20::SCWMssOS::No sw design opened at  C:/Users/tillkorsmeier/Desktop/MA/Z7-Nano/ParEIS-MSX/SW/HW_Export_V1/ps7_cortexa9_0/standalone_ps7_cortexa9_0/bsp/system.mss
TRACE::2026-08-19.17:42:20::SCWMssOS::mss exists loading the mss file  C:/Users/tillkorsmeier/Desktop/MA/Z7-Nano/ParEIS-MSX/SW/HW_Export_V1/ps7_cortexa9_0/standalone_ps7_cortexa9_0/bsp/system.mss
TRACE::2026-08-19.17:42:20::SCWMssOS::Opened the sw design from mss  C:/Users/tillkorsmeier/Desktop/MA/Z7-Nano/ParEIS-MSX/SW/HW_Export_V1/ps7_cortexa9_0/standalone_ps7_cortexa9_0/bsp/system.mss
TRACE::2026-08-19.17:42:20::SCWMssOS::Adding the swdes entry C:/Users/tillkorsmeier/Desktop/MA/Z7-Nano/ParEIS-MSX/SW/HW_Export_V1/ps7_cortexa9_0/standalone_ps7_cortexa9_0/bsp/system.mss with des name system_0
TRACE::2026-08-19.17:42:20::SCWMssOS::updating the scw layer about changes
TRACE::2026-08-19.17:42:20::SCWMssOS::Opened the sw design.  C:/Users/tillkorsmeier/Desktop/MA/Z7-Nano/ParEIS-MSX/SW/HW_Export_V1/ps7_cortexa9_0/standalone_ps7_cortexa9_0/bsp/system.mss
TRACE::2026-08-19.17:42:20::SCWMssOS::Completed writing the mss file at C:/Users/tillkorsmeier/Desktop/MA/Z7-Nano/ParEIS-MSX/SW/HW_Export_V1/ps7_cortexa9_0/standalone_ps7_cortexa9_0/bsp
TRACE::2026-08-19.17:42:20::SCWMssOS::Mss edits present, copying mssfile into export location C:/Users/tillkorsmeier/Desktop/MA/Z7-Nano/ParEIS-MSX/SW/HW_Export_V1/ps7_cortexa9_0/standalone_ps7_cortexa9_0/bsp/system.mss
TRACE::2026-08-19.17:42:20::SCWMssOS::bsp generated is upto date with the mss file. Skipping bsp generation.
TRACE::2026-08-19.17:42:20::SCWMssOS::BSP is already built. skipping the bsp build ... 
TRACE::2026-08-19.17:42:20::SCWDomain::Building the domain :  standalone_ps7_cortexa9_0
TRACE::2026-08-19.17:42:20::SCWMssOS::doing bsp build ... 
TRACE::2026-08-19.17:42:20::SCWMssOS::System Command Ran  C: & cd  C:/Users/tillkorsmeier/Desktop/MA/Z7-Nano/ParEIS-MSX/SW/HW_Export_V1/ps7_cortexa9_0/standalone_ps7_cortexa9_0/bsp & make 
TRACE::2026-08-19.17:42:21::SCWMssOS::make --no-print-directory seq_libs

TRACE::2026-08-19.17:42:21::SCWMssOS::"Running Make include in ps7_cortexa9_0/libsrc/AddCycle_Acquisition_v1_0/src"

TRACE::2026-08-19.17:42:21::SCWMssOS::make -C ps7_cortexa9_0/libsrc/AddCycle_Acquisition_v1_0/src -s include  "SHELL=CMD" "COMPILER=arm-none-eabi-gcc" "ASSEMBLER=arm
TRACE::2026-08-19.17:42:21::SCWMssOS::-none-eabi-as" "ARCHIVER=arm-none-eabi-ar" "COMPILER_FLAGS=  -O2 -c" "EXTRA_COMPILER_FLAGS=-mcpu=cortex-a9 -mfpu=vfpv3 -mfloat-
TRACE::2026-08-19.17:42:21::SCWMssOS::abi=hard -nostartfiles -g -Wall -Wextra -fno-tree-loop-distribute-patterns"

TRACE::2026-08-19.17:42:21::SCWMssOS::"Running Make include in ps7_cortexa9_0/libsrc/axidma_v9_19/src"

TRACE::2026-08-19.17:42:21::SCWMssOS::make -C ps7_cortexa9_0/libsrc/axidma_v9_19/src -s include  "SHELL=CMD" "COMPILER=arm-none-eabi-gcc" "ASSEMBLER=arm-none-eabi-as
TRACE::2026-08-19.17:42:21::SCWMssOS::" "ARCHIVER=arm-none-eabi-ar" "COMPILER_FLAGS=  -O2 -c" "EXTRA_COMPILER_FLAGS=-mcpu=cortex-a9 -mfpu=vfpv3 -mfloat-abi=hard -nos
TRACE::2026-08-19.17:42:21::SCWMssOS::tartfiles -g -Wall -Wextra -fno-tree-loop-distribute-patterns"

TRACE::2026-08-19.17:42:22::SCWMssOS::"Running Make include in ps7_cortexa9_0/libsrc/canps_v3_9/src"

TRACE::2026-08-19.17:42:22::SCWMssOS::make -C ps7_cortexa9_0/libsrc/canps_v3_9/src -s include  "SHELL=CMD" "COMPILER=arm-none-eabi-gcc" "ASSEMBLER=arm-none-eabi-as" 
TRACE::2026-08-19.17:42:22::SCWMssOS::"ARCHIVER=arm-none-eabi-ar" "COMPILER_FLAGS=  -O2 -c" "EXTRA_COMPILER_FLAGS=-mcpu=cortex-a9 -mfpu=vfpv3 -mfloat-abi=hard -nosta
TRACE::2026-08-19.17:42:22::SCWMssOS::rtfiles -g -Wall -Wextra -fno-tree-loop-distribute-patterns"

TRACE::2026-08-19.17:42:22::SCWMssOS::"Running Make include in ps7_cortexa9_0/libsrc/coresightps_dcc_v1_11/src"

TRACE::2026-08-19.17:42:22::SCWMssOS::make -C ps7_cortexa9_0/libsrc/coresightps_dcc_v1_11/src -s include  "SHELL=CMD" "COMPILER=arm-none-eabi-gcc" "ASSEMBLER=arm-non
TRACE::2026-08-19.17:42:22::SCWMssOS::e-eabi-as" "ARCHIVER=arm-none-eabi-ar" "COMPILER_FLAGS=  -O2 -c" "EXTRA_COMPILER_FLAGS=-mcpu=cortex-a9 -mfpu=vfpv3 -mfloat-abi=
TRACE::2026-08-19.17:42:22::SCWMssOS::hard -nostartfiles -g -Wall -Wextra -fno-tree-loop-distribute-patterns"

TRACE::2026-08-19.17:42:22::SCWMssOS::"Running Make include in ps7_cortexa9_0/libsrc/cpu_cortexa9_v2_12/src"

TRACE::2026-08-19.17:42:22::SCWMssOS::make -C ps7_cortexa9_0/libsrc/cpu_cortexa9_v2_12/src -s include  "SHELL=CMD" "COMPILER=arm-none-eabi-gcc" "ASSEMBLER=arm-none-e
TRACE::2026-08-19.17:42:22::SCWMssOS::abi-as" "ARCHIVER=arm-none-eabi-ar" "COMPILER_FLAGS=  -O2 -c" "EXTRA_COMPILER_FLAGS=-mcpu=cortex-a9 -mfpu=vfpv3 -mfloat-abi=har
TRACE::2026-08-19.17:42:22::SCWMssOS::d -nostartfiles -g -Wall -Wextra -fno-tree-loop-distribute-patterns"

TRACE::2026-08-19.17:42:22::SCWMssOS::"Running Make include in ps7_cortexa9_0/libsrc/ddrps_v1_2/src"

TRACE::2026-08-19.17:42:22::SCWMssOS::make -C ps7_cortexa9_0/libsrc/ddrps_v1_2/src -s include  "SHELL=CMD" "COMPILER=arm-none-eabi-gcc" "ASSEMBLER=arm-none-eabi-as" 
TRACE::2026-08-19.17:42:22::SCWMssOS::"ARCHIVER=arm-none-eabi-ar" "COMPILER_FLAGS=  -O2 -c" "EXTRA_COMPILER_FLAGS=-mcpu=cortex-a9 -mfpu=vfpv3 -mfloat-abi=hard -nosta
TRACE::2026-08-19.17:42:22::SCWMssOS::rtfiles -g -Wall -Wextra -fno-tree-loop-distribute-patterns"

TRACE::2026-08-19.17:42:22::SCWMssOS::"Running Make include in ps7_cortexa9_0/libsrc/devcfg_v3_8/src"

TRACE::2026-08-19.17:42:22::SCWMssOS::make -C ps7_cortexa9_0/libsrc/devcfg_v3_8/src -s include  "SHELL=CMD" "COMPILER=arm-none-eabi-gcc" "ASSEMBLER=arm-none-eabi-as"
TRACE::2026-08-19.17:42:22::SCWMssOS:: "ARCHIVER=arm-none-eabi-ar" "COMPILER_FLAGS=  -O2 -c" "EXTRA_COMPILER_FLAGS=-mcpu=cortex-a9 -mfpu=vfpv3 -mfloat-abi=hard -nost
TRACE::2026-08-19.17:42:22::SCWMssOS::artfiles -g -Wall -Wextra -fno-tree-loop-distribute-patterns"

TRACE::2026-08-19.17:42:23::SCWMssOS::"Running Make include in ps7_cortexa9_0/libsrc/dmaps_v2_11/src"

TRACE::2026-08-19.17:42:23::SCWMssOS::make -C ps7_cortexa9_0/libsrc/dmaps_v2_11/src -s include  "SHELL=CMD" "COMPILER=arm-none-eabi-gcc" "ASSEMBLER=arm-none-eabi-as"
TRACE::2026-08-19.17:42:23::SCWMssOS:: "ARCHIVER=arm-none-eabi-ar" "COMPILER_FLAGS=  -O2 -c" "EXTRA_COMPILER_FLAGS=-mcpu=cortex-a9 -mfpu=vfpv3 -mfloat-abi=hard -nost
TRACE::2026-08-19.17:42:23::SCWMssOS::artfiles -g -Wall -Wextra -fno-tree-loop-distribute-patterns"

TRACE::2026-08-19.17:42:23::SCWMssOS::"Running Make include in ps7_cortexa9_0/libsrc/emacps_v3_21/src"

TRACE::2026-08-19.17:42:23::SCWMssOS::make -C ps7_cortexa9_0/libsrc/emacps_v3_21/src -s include  "SHELL=CMD" "COMPILER=arm-none-eabi-gcc" "ASSEMBLER=arm-none-eabi-as
TRACE::2026-08-19.17:42:23::SCWMssOS::" "ARCHIVER=arm-none-eabi-ar" "COMPILER_FLAGS=  -O2 -c" "EXTRA_COMPILER_FLAGS=-mcpu=cortex-a9 -mfpu=vfpv3 -mfloat-abi=hard -nos
TRACE::2026-08-19.17:42:23::SCWMssOS::tartfiles -g -Wall -Wextra -fno-tree-loop-distribute-patterns"

TRACE::2026-08-19.17:42:23::SCWMssOS::"Running Make include in ps7_cortexa9_0/libsrc/gpiops_v3_13/src"

TRACE::2026-08-19.17:42:23::SCWMssOS::make -C ps7_cortexa9_0/libsrc/gpiops_v3_13/src -s include  "SHELL=CMD" "COMPILER=arm-none-eabi-gcc" "ASSEMBLER=arm-none-eabi-as
TRACE::2026-08-19.17:42:23::SCWMssOS::" "ARCHIVER=arm-none-eabi-ar" "COMPILER_FLAGS=  -O2 -c" "EXTRA_COMPILER_FLAGS=-mcpu=cortex-a9 -mfpu=vfpv3 -mfloat-abi=hard -nos
TRACE::2026-08-19.17:42:23::SCWMssOS::tartfiles -g -Wall -Wextra -fno-tree-loop-distribute-patterns"

TRACE::2026-08-19.17:42:23::SCWMssOS::"Running Make include in ps7_cortexa9_0/libsrc/lwip220_v1_1/src"

TRACE::2026-08-19.17:42:23::SCWMssOS::make -C ps7_cortexa9_0/libsrc/lwip220_v1_1/src -s include  "SHELL=CMD" "COMPILER=arm-none-eabi-gcc" "ASSEMBLER=arm-none-eabi-as
TRACE::2026-08-19.17:42:23::SCWMssOS::" "ARCHIVER=arm-none-eabi-ar" "COMPILER_FLAGS=  -O2 -c" "EXTRA_COMPILER_FLAGS=-mcpu=cortex-a9 -mfpu=vfpv3 -mfloat-abi=hard -nos
TRACE::2026-08-19.17:42:23::SCWMssOS::tartfiles -g -Wall -Wextra -fno-tree-loop-distribute-patterns"

TRACE::2026-08-19.17:42:26::SCWMssOS::"Running Make include in ps7_cortexa9_0/libsrc/qspips_v3_13/src"

TRACE::2026-08-19.17:42:26::SCWMssOS::make -C ps7_cortexa9_0/libsrc/qspips_v3_13/src -s include  "SHELL=CMD" "COMPILER=arm-none-eabi-gcc" "ASSEMBLER=arm-none-eabi-as
TRACE::2026-08-19.17:42:26::SCWMssOS::" "ARCHIVER=arm-none-eabi-ar" "COMPILER_FLAGS=  -O2 -c" "EXTRA_COMPILER_FLAGS=-mcpu=cortex-a9 -mfpu=vfpv3 -mfloat-abi=hard -nos
TRACE::2026-08-19.17:42:26::SCWMssOS::tartfiles -g -Wall -Wextra -fno-tree-loop-distribute-patterns"

TRACE::2026-08-19.17:42:26::SCWMssOS::"Running Make include in ps7_cortexa9_0/libsrc/scugic_v5_4/src"

TRACE::2026-08-19.17:42:26::SCWMssOS::make -C ps7_cortexa9_0/libsrc/scugic_v5_4/src -s include  "SHELL=CMD" "COMPILER=arm-none-eabi-gcc" "ASSEMBLER=arm-none-eabi-as"
TRACE::2026-08-19.17:42:26::SCWMssOS:: "ARCHIVER=arm-none-eabi-ar" "COMPILER_FLAGS=  -O2 -c" "EXTRA_COMPILER_FLAGS=-mcpu=cortex-a9 -mfpu=vfpv3 -mfloat-abi=hard -nost
TRACE::2026-08-19.17:42:26::SCWMssOS::artfiles -g -Wall -Wextra -fno-tree-loop-distribute-patterns"

TRACE::2026-08-19.17:42:26::SCWMssOS::"Running Make include in ps7_cortexa9_0/libsrc/scutimer_v2_6/src"

TRACE::2026-08-19.17:42:26::SCWMssOS::make -C ps7_cortexa9_0/libsrc/scutimer_v2_6/src -s include  "SHELL=CMD" "COMPILER=arm-none-eabi-gcc" "ASSEMBLER=arm-none-eabi-a
TRACE::2026-08-19.17:42:26::SCWMssOS::s" "ARCHIVER=arm-none-eabi-ar" "COMPILER_FLAGS=  -O2 -c" "EXTRA_COMPILER_FLAGS=-mcpu=cortex-a9 -mfpu=vfpv3 -mfloat-abi=hard -no
TRACE::2026-08-19.17:42:26::SCWMssOS::startfiles -g -Wall -Wextra -fno-tree-loop-distribute-patterns"

TRACE::2026-08-19.17:42:26::SCWMssOS::"Running Make include in ps7_cortexa9_0/libsrc/scuwdt_v2_6/src"

TRACE::2026-08-19.17:42:26::SCWMssOS::make -C ps7_cortexa9_0/libsrc/scuwdt_v2_6/src -s include  "SHELL=CMD" "COMPILER=arm-none-eabi-gcc" "ASSEMBLER=arm-none-eabi-as"
TRACE::2026-08-19.17:42:26::SCWMssOS:: "ARCHIVER=arm-none-eabi-ar" "COMPILER_FLAGS=  -O2 -c" "EXTRA_COMPILER_FLAGS=-mcpu=cortex-a9 -mfpu=vfpv3 -mfloat-abi=hard -nost
TRACE::2026-08-19.17:42:26::SCWMssOS::artfiles -g -Wall -Wextra -fno-tree-loop-distribute-patterns"

TRACE::2026-08-19.17:42:26::SCWMssOS::"Running Make include in ps7_cortexa9_0/libsrc/sdps_v4_4/src"

TRACE::2026-08-19.17:42:26::SCWMssOS::make -C ps7_cortexa9_0/libsrc/sdps_v4_4/src -s include  "SHELL=CMD" "COMPILER=arm-none-eabi-gcc" "ASSEMBLER=arm-none-eabi-as" "
TRACE::2026-08-19.17:42:26::SCWMssOS::ARCHIVER=arm-none-eabi-ar" "COMPILER_FLAGS=  -O2 -c" "EXTRA_COMPILER_FLAGS=-mcpu=cortex-a9 -mfpu=vfpv3 -mfloat-abi=hard -nostar
TRACE::2026-08-19.17:42:26::SCWMssOS::tfiles -g -Wall -Wextra -fno-tree-loop-distribute-patterns"

TRACE::2026-08-19.17:42:27::SCWMssOS::"Running Make include in ps7_cortexa9_0/libsrc/standalone_v9_2/src"

TRACE::2026-08-19.17:42:27::SCWMssOS::make -C ps7_cortexa9_0/libsrc/standalone_v9_2/src -s include  "SHELL=CMD" "COMPILER=arm-none-eabi-gcc" "ASSEMBLER=arm-none-eabi
TRACE::2026-08-19.17:42:27::SCWMssOS::-as" "ARCHIVER=arm-none-eabi-ar" "COMPILER_FLAGS=  -O2 -c" "EXTRA_COMPILER_FLAGS=-mcpu=cortex-a9 -mfpu=vfpv3 -mfloat-abi=hard -
TRACE::2026-08-19.17:42:27::SCWMssOS::nostartfiles -g -Wall -Wextra -fno-tree-loop-distribute-patterns"

TRACE::2026-08-19.17:42:29::SCWMssOS::"Running Make include in ps7_cortexa9_0/libsrc/uartps_v3_15/src"

TRACE::2026-08-19.17:42:29::SCWMssOS::make -C ps7_cortexa9_0/libsrc/uartps_v3_15/src -s include  "SHELL=CMD" "COMPILER=arm-none-eabi-gcc" "ASSEMBLER=arm-none-eabi-as
TRACE::2026-08-19.17:42:29::SCWMssOS::" "ARCHIVER=arm-none-eabi-ar" "COMPILER_FLAGS=  -O2 -c" "EXTRA_COMPILER_FLAGS=-mcpu=cortex-a9 -mfpu=vfpv3 -mfloat-abi=hard -nos
TRACE::2026-08-19.17:42:29::SCWMssOS::tartfiles -g -Wall -Wextra -fno-tree-loop-distribute-patterns"

TRACE::2026-08-19.17:42:29::SCWMssOS::"Running Make include in ps7_cortexa9_0/libsrc/usbps_v2_9/src"

TRACE::2026-08-19.17:42:29::SCWMssOS::make -C ps7_cortexa9_0/libsrc/usbps_v2_9/src -s include  "SHELL=CMD" "COMPILER=arm-none-eabi-gcc" "ASSEMBLER=arm-none-eabi-as" 
TRACE::2026-08-19.17:42:29::SCWMssOS::"ARCHIVER=arm-none-eabi-ar" "COMPILER_FLAGS=  -O2 -c" "EXTRA_COMPILER_FLAGS=-mcpu=cortex-a9 -mfpu=vfpv3 -mfloat-abi=hard -nosta
TRACE::2026-08-19.17:42:29::SCWMssOS::rtfiles -g -Wall -Wextra -fno-tree-loop-distribute-patterns"

TRACE::2026-08-19.17:42:29::SCWMssOS::"Running Make include in ps7_cortexa9_0/libsrc/xadcps_v2_7/src"

TRACE::2026-08-19.17:42:29::SCWMssOS::make -C ps7_cortexa9_0/libsrc/xadcps_v2_7/src -s include  "SHELL=CMD" "COMPILER=arm-none-eabi-gcc" "ASSEMBLER=arm-none-eabi-as"
TRACE::2026-08-19.17:42:29::SCWMssOS:: "ARCHIVER=arm-none-eabi-ar" "COMPILER_FLAGS=  -O2 -c" "EXTRA_COMPILER_FLAGS=-mcpu=cortex-a9 -mfpu=vfpv3 -mfloat-abi=hard -nost
TRACE::2026-08-19.17:42:29::SCWMssOS::artfiles -g -Wall -Wextra -fno-tree-loop-distribute-patterns"

TRACE::2026-08-19.17:42:29::SCWMssOS::"Running Make include in ps7_cortexa9_0/libsrc/xiltimer_v2_1/src"

TRACE::2026-08-19.17:42:29::SCWMssOS::make -C ps7_cortexa9_0/libsrc/xiltimer_v2_1/src -s include  "SHELL=CMD" "COMPILER=arm-none-eabi-gcc" "ASSEMBLER=arm-none-eabi-a
TRACE::2026-08-19.17:42:29::SCWMssOS::s" "ARCHIVER=arm-none-eabi-ar" "COMPILER_FLAGS=  -O2 -c" "EXTRA_COMPILER_FLAGS=-mcpu=cortex-a9 -mfpu=vfpv3 -mfloat-abi=hard -no
TRACE::2026-08-19.17:42:29::SCWMssOS::startfiles -g -Wall -Wextra -fno-tree-loop-distribute-patterns"

TRACE::2026-08-19.17:42:29::SCWMssOS::"Running Make libs in ps7_cortexa9_0/libsrc/AddCycle_Acquisition_v1_0/src"

TRACE::2026-08-19.17:42:29::SCWMssOS::make -C ps7_cortexa9_0/libsrc/AddCycle_Acquisition_v1_0/src -s libs  "SHELL=CMD" "COMPILER=arm-none-eabi-gcc" "ASSEMBLER=arm-no
TRACE::2026-08-19.17:42:29::SCWMssOS::ne-eabi-as" "ARCHIVER=arm-none-eabi-ar" "COMPILER_FLAGS=  -O2 -c" "EXTRA_COMPILER_FLAGS=-mcpu=cortex-a9 -mfpu=vfpv3 -mfloat-abi
TRACE::2026-08-19.17:42:29::SCWMssOS::=hard -nostartfiles -g -Wall -Wextra -fno-tree-loop-distribute-patterns"

TRACE::2026-08-19.17:42:30::SCWMssOS::"Compiling AddCycle_Acquisition..."

TRACE::2026-08-19.17:42:32::SCWMssOS::"Running Make libs in ps7_cortexa9_0/libsrc/lwip220_v1_1/src"

TRACE::2026-08-19.17:42:32::SCWMssOS::make -C ps7_cortexa9_0/libsrc/lwip220_v1_1/src -s libs  "SHELL=CMD" "COMPILER=arm-none-eabi-gcc" "ASSEMBLER=arm-none-eabi-as" "
TRACE::2026-08-19.17:42:32::SCWMssOS::ARCHIVER=arm-none-eabi-ar" "COMPILER_FLAGS=  -O2 -c" "EXTRA_COMPILER_FLAGS=-mcpu=cortex-a9 -mfpu=vfpv3 -mfloat-abi=hard -nostar
TRACE::2026-08-19.17:42:32::SCWMssOS::tfiles -g -Wall -Wextra -fno-tree-loop-distribute-patterns"

TRACE::2026-08-19.17:42:32::SCWMssOS::"Compiling lwip src and adapter files"

TRACE::2026-08-19.17:42:44::SCWMssOS::'Finished building libraries sequentially.'

TRACE::2026-08-19.17:42:44::SCWMssOS::make -j 2 --no-print-directory par_libs

TRACE::2026-08-19.17:42:44::SCWMssOS::"Running Make include in ps7_cortexa9_0/libsrc/AddCycle_Acquisition_v1_0/src"

TRACE::2026-08-19.17:42:44::SCWMssOS::make -C ps7_cortexa9_0/libsrc/AddCycle_Acquisition_v1_0/src -s include  "SHELL=CMD" "COMPILER=arm-none-eabi-gcc" "ASSEMBLER=arm
TRACE::2026-08-19.17:42:44::SCWMssOS::-none-eabi-as" "ARCHIVER=arm-none-eabi-ar" "COMPILER_FLAGS=  -O2 -c" "EXTRA_COMPILER_FLAGS=-mcpu=cortex-a9 -mfpu=vfpv3 -mfloat-
TRACE::2026-08-19.17:42:44::SCWMssOS::abi=hard -nostartfiles -g -Wall -Wextra -fno-tree-loop-distribute-patterns"

TRACE::2026-08-19.17:42:44::SCWMssOS::"Running Make include in ps7_cortexa9_0/libsrc/axidma_v9_19/src"

TRACE::2026-08-19.17:42:44::SCWMssOS::make -C ps7_cortexa9_0/libsrc/axidma_v9_19/src -s include  "SHELL=CMD" "COMPILER=arm-none-eabi-gcc" "ASSEMBLER=arm-none-eabi-as
TRACE::2026-08-19.17:42:44::SCWMssOS::" "ARCHIVER=arm-none-eabi-ar" "COMPILER_FLAGS=  -O2 -c" "EXTRA_COMPILER_FLAGS=-mcpu=cortex-a9 -mfpu=vfpv3 -mfloat-abi=hard -nos
TRACE::2026-08-19.17:42:44::SCWMssOS::tartfiles -g -Wall -Wextra -fno-tree-loop-distribute-patterns"

TRACE::2026-08-19.17:42:44::SCWMssOS::"Running Make include in ps7_cortexa9_0/libsrc/canps_v3_9/src"

TRACE::2026-08-19.17:42:44::SCWMssOS::make -C ps7_cortexa9_0/libsrc/canps_v3_9/src -s include  "SHELL=CMD" "COMPILER=arm-none-eabi-gcc" "ASSEMBLER=arm-none-eabi-as" 
TRACE::2026-08-19.17:42:44::SCWMssOS::"ARCHIVER=arm-none-eabi-ar" "COMPILER_FLAGS=  -O2 -c" "EXTRA_COMPILER_FLAGS=-mcpu=cortex-a9 -mfpu=vfpv3 -mfloat-abi=hard -nosta
TRACE::2026-08-19.17:42:44::SCWMssOS::rtfiles -g -Wall -Wextra -fno-tree-loop-distribute-patterns"

TRACE::2026-08-19.17:42:44::SCWMssOS::"Running Make include in ps7_cortexa9_0/libsrc/coresightps_dcc_v1_11/src"

TRACE::2026-08-19.17:42:44::SCWMssOS::make -C ps7_cortexa9_0/libsrc/coresightps_dcc_v1_11/src -s include  "SHELL=CMD" "COMPILER=arm-none-eabi-gcc" "ASSEMBLER=arm-non
TRACE::2026-08-19.17:42:44::SCWMssOS::e-eabi-as" "ARCHIVER=arm-none-eabi-ar" "COMPILER_FLAGS=  -O2 -c" "EXTRA_COMPILER_FLAGS=-mcpu=cortex-a9 -mfpu=vfpv3 -mfloat-abi=
TRACE::2026-08-19.17:42:44::SCWMssOS::hard -nostartfiles -g -Wall -Wextra -fno-tree-loop-distribute-patterns"

TRACE::2026-08-19.17:42:45::SCWMssOS::"Running Make include in ps7_cortexa9_0/libsrc/cpu_cortexa9_v2_12/src"

TRACE::2026-08-19.17:42:45::SCWMssOS::make -C ps7_cortexa9_0/libsrc/cpu_cortexa9_v2_12/src -s include  "SHELL=CMD" "COMPILER=arm-none-eabi-gcc" "ASSEMBLER=arm-none-e
TRACE::2026-08-19.17:42:45::SCWMssOS::abi-as" "ARCHIVER=arm-none-eabi-ar" "COMPILER_FLAGS=  -O2 -c" "EXTRA_COMPILER_FLAGS=-mcpu=cortex-a9 -mfpu=vfpv3 -mfloat-abi=har
TRACE::2026-08-19.17:42:45::SCWMssOS::d -nostartfiles -g -Wall -Wextra -fno-tree-loop-distribute-patterns"

TRACE::2026-08-19.17:42:45::SCWMssOS::"Running Make include in ps7_cortexa9_0/libsrc/ddrps_v1_2/src"

TRACE::2026-08-19.17:42:45::SCWMssOS::make -C ps7_cortexa9_0/libsrc/ddrps_v1_2/src -s include  "SHELL=CMD" "COMPILER=arm-none-eabi-gcc" "ASSEMBLER=arm-none-eabi-as" 
TRACE::2026-08-19.17:42:45::SCWMssOS::"ARCHIVER=arm-none-eabi-ar" "COMPILER_FLAGS=  -O2 -c" "EXTRA_COMPILER_FLAGS=-mcpu=cortex-a9 -mfpu=vfpv3 -mfloat-abi=hard -nosta
TRACE::2026-08-19.17:42:45::SCWMssOS::rtfiles -g -Wall -Wextra -fno-tree-loop-distribute-patterns"

TRACE::2026-08-19.17:42:45::SCWMssOS::"Running Make include in ps7_cortexa9_0/libsrc/devcfg_v3_8/src"

TRACE::2026-08-19.17:42:45::SCWMssOS::make -C ps7_cortexa9_0/libsrc/devcfg_v3_8/src -s include  "SHELL=CMD" "COMPILER=arm-none-eabi-gcc" "ASSEMBLER=arm-none-eabi-as"
TRACE::2026-08-19.17:42:45::SCWMssOS:: "ARCHIVER=arm-none-eabi-ar" "COMPILER_FLAGS=  -O2 -c" "EXTRA_COMPILER_FLAGS=-mcpu=cortex-a9 -mfpu=vfpv3 -mfloat-abi=hard -nost
TRACE::2026-08-19.17:42:45::SCWMssOS::artfiles -g -Wall -Wextra -fno-tree-loop-distribute-patterns"

TRACE::2026-08-19.17:42:45::SCWMssOS::"Running Make include in ps7_cortexa9_0/libsrc/dmaps_v2_11/src"

TRACE::2026-08-19.17:42:45::SCWMssOS::make -C ps7_cortexa9_0/libsrc/dmaps_v2_11/src -s include  "SHELL=CMD" "COMPILER=arm-none-eabi-gcc" "ASSEMBLER=arm-none-eabi-as"
TRACE::2026-08-19.17:42:45::SCWMssOS:: "ARCHIVER=arm-none-eabi-ar" "COMPILER_FLAGS=  -O2 -c" "EXTRA_COMPILER_FLAGS=-mcpu=cortex-a9 -mfpu=vfpv3 -mfloat-abi=hard -nost
TRACE::2026-08-19.17:42:45::SCWMssOS::artfiles -g -Wall -Wextra -fno-tree-loop-distribute-patterns"

TRACE::2026-08-19.17:42:45::SCWMssOS::"Running Make include in ps7_cortexa9_0/libsrc/emacps_v3_21/src"

TRACE::2026-08-19.17:42:45::SCWMssOS::make -C ps7_cortexa9_0/libsrc/emacps_v3_21/src -s include  "SHELL=CMD" "COMPILER=arm-none-eabi-gcc" "ASSEMBLER=arm-none-eabi-as
TRACE::2026-08-19.17:42:45::SCWMssOS::" "ARCHIVER=arm-none-eabi-ar" "COMPILER_FLAGS=  -O2 -c" "EXTRA_COMPILER_FLAGS=-mcpu=cortex-a9 -mfpu=vfpv3 -mfloat-abi=hard -nos
TRACE::2026-08-19.17:42:45::SCWMssOS::tartfiles -g -Wall -Wextra -fno-tree-loop-distribute-patterns"

TRACE::2026-08-19.17:42:45::SCWMssOS::"Running Make include in ps7_cortexa9_0/libsrc/gpiops_v3_13/src"

TRACE::2026-08-19.17:42:45::SCWMssOS::make -C ps7_cortexa9_0/libsrc/gpiops_v3_13/src -s include  "SHELL=CMD" "COMPILER=arm-none-eabi-gcc" "ASSEMBLER=arm-none-eabi-as
TRACE::2026-08-19.17:42:45::SCWMssOS::" "ARCHIVER=arm-none-eabi-ar" "COMPILER_FLAGS=  -O2 -c" "EXTRA_COMPILER_FLAGS=-mcpu=cortex-a9 -mfpu=vfpv3 -mfloat-abi=hard -nos
TRACE::2026-08-19.17:42:45::SCWMssOS::tartfiles -g -Wall -Wextra -fno-tree-loop-distribute-patterns"

TRACE::2026-08-19.17:42:45::SCWMssOS::"Running Make include in ps7_cortexa9_0/libsrc/lwip220_v1_1/src"

TRACE::2026-08-19.17:42:45::SCWMssOS::make -C ps7_cortexa9_0/libsrc/lwip220_v1_1/src -s include  "SHELL=CMD" "COMPILER=arm-none-eabi-gcc" "ASSEMBLER=arm-none-eabi-as
TRACE::2026-08-19.17:42:45::SCWMssOS::" "ARCHIVER=arm-none-eabi-ar" "COMPILER_FLAGS=  -O2 -c" "EXTRA_COMPILER_FLAGS=-mcpu=cortex-a9 -mfpu=vfpv3 -mfloat-abi=hard -nos
TRACE::2026-08-19.17:42:45::SCWMssOS::tartfiles -g -Wall -Wextra -fno-tree-loop-distribute-patterns"

TRACE::2026-08-19.17:42:45::SCWMssOS::"Running Make include in ps7_cortexa9_0/libsrc/qspips_v3_13/src"

TRACE::2026-08-19.17:42:45::SCWMssOS::make -C ps7_cortexa9_0/libsrc/qspips_v3_13/src -s include  "SHELL=CMD" "COMPILER=arm-none-eabi-gcc" "ASSEMBLER=arm-none-eabi-as
TRACE::2026-08-19.17:42:45::SCWMssOS::" "ARCHIVER=arm-none-eabi-ar" "COMPILER_FLAGS=  -O2 -c" "EXTRA_COMPILER_FLAGS=-mcpu=cortex-a9 -mfpu=vfpv3 -mfloat-abi=hard -nos
TRACE::2026-08-19.17:42:45::SCWMssOS::tartfiles -g -Wall -Wextra -fno-tree-loop-distribute-patterns"

TRACE::2026-08-19.17:42:45::SCWMssOS::"Running Make include in ps7_cortexa9_0/libsrc/scugic_v5_4/src"

TRACE::2026-08-19.17:42:45::SCWMssOS::make -C ps7_cortexa9_0/libsrc/scugic_v5_4/src -s include  "SHELL=CMD" "COMPILER=arm-none-eabi-gcc" "ASSEMBLER=arm-none-eabi-as"
TRACE::2026-08-19.17:42:45::SCWMssOS:: "ARCHIVER=arm-none-eabi-ar" "COMPILER_FLAGS=  -O2 -c" "EXTRA_COMPILER_FLAGS=-mcpu=cortex-a9 -mfpu=vfpv3 -mfloat-abi=hard -nost
TRACE::2026-08-19.17:42:45::SCWMssOS::artfiles -g -Wall -Wextra -fno-tree-loop-distribute-patterns"

TRACE::2026-08-19.17:42:45::SCWMssOS::"Running Make include in ps7_cortexa9_0/libsrc/scutimer_v2_6/src"

TRACE::2026-08-19.17:42:45::SCWMssOS::make -C ps7_cortexa9_0/libsrc/scutimer_v2_6/src -s include  "SHELL=CMD" "COMPILER=arm-none-eabi-gcc" "ASSEMBLER=arm-none-eabi-a
TRACE::2026-08-19.17:42:45::SCWMssOS::s" "ARCHIVER=arm-none-eabi-ar" "COMPILER_FLAGS=  -O2 -c" "EXTRA_COMPILER_FLAGS=-mcpu=cortex-a9 -mfpu=vfpv3 -mfloat-abi=hard -no
TRACE::2026-08-19.17:42:45::SCWMssOS::startfiles -g -Wall -Wextra -fno-tree-loop-distribute-patterns"

TRACE::2026-08-19.17:42:45::SCWMssOS::"Running Make include in ps7_cortexa9_0/libsrc/scuwdt_v2_6/src"

TRACE::2026-08-19.17:42:45::SCWMssOS::make -C ps7_cortexa9_0/libsrc/scuwdt_v2_6/src -s include  "SHELL=CMD" "COMPILER=arm-none-eabi-gcc" "ASSEMBLER=arm-none-eabi-as"
TRACE::2026-08-19.17:42:45::SCWMssOS:: "ARCHIVER=arm-none-eabi-ar" "COMPILER_FLAGS=  -O2 -c" "EXTRA_COMPILER_FLAGS=-mcpu=cortex-a9 -mfpu=vfpv3 -mfloat-abi=hard -nost
TRACE::2026-08-19.17:42:45::SCWMssOS::artfiles -g -Wall -Wextra -fno-tree-loop-distribute-patterns"

TRACE::2026-08-19.17:42:45::SCWMssOS::"Running Make include in ps7_cortexa9_0/libsrc/sdps_v4_4/src"

TRACE::2026-08-19.17:42:45::SCWMssOS::make -C ps7_cortexa9_0/libsrc/sdps_v4_4/src -s include  "SHELL=CMD" "COMPILER=arm-none-eabi-gcc" "ASSEMBLER=arm-none-eabi-as" "
TRACE::2026-08-19.17:42:45::SCWMssOS::ARCHIVER=arm-none-eabi-ar" "COMPILER_FLAGS=  -O2 -c" "EXTRA_COMPILER_FLAGS=-mcpu=cortex-a9 -mfpu=vfpv3 -mfloat-abi=hard -nostar
TRACE::2026-08-19.17:42:45::SCWMssOS::tfiles -g -Wall -Wextra -fno-tree-loop-distribute-patterns"

TRACE::2026-08-19.17:42:46::SCWMssOS::"Running Make include in ps7_cortexa9_0/libsrc/standalone_v9_2/src"

TRACE::2026-08-19.17:42:46::SCWMssOS::make -C ps7_cortexa9_0/libsrc/standalone_v9_2/src -s include  "SHELL=CMD" "COMPILER=arm-none-eabi-gcc" "ASSEMBLER=arm-none-eabi
TRACE::2026-08-19.17:42:46::SCWMssOS::-as" "ARCHIVER=arm-none-eabi-ar" "COMPILER_FLAGS=  -O2 -c" "EXTRA_COMPILER_FLAGS=-mcpu=cortex-a9 -mfpu=vfpv3 -mfloat-abi=hard -
TRACE::2026-08-19.17:42:46::SCWMssOS::nostartfiles -g -Wall -Wextra -fno-tree-loop-distribute-patterns"

TRACE::2026-08-19.17:42:46::SCWMssOS::"Running Make include in ps7_cortexa9_0/libsrc/uartps_v3_15/src"

TRACE::2026-08-19.17:42:46::SCWMssOS::make -C ps7_cortexa9_0/libsrc/uartps_v3_15/src -s include  "SHELL=CMD" "COMPILER=arm-none-eabi-gcc" "ASSEMBLER=arm-none-eabi-as
TRACE::2026-08-19.17:42:46::SCWMssOS::" "ARCHIVER=arm-none-eabi-ar" "COMPILER_FLAGS=  -O2 -c" "EXTRA_COMPILER_FLAGS=-mcpu=cortex-a9 -mfpu=vfpv3 -mfloat-abi=hard -nos
TRACE::2026-08-19.17:42:46::SCWMssOS::tartfiles -g -Wall -Wextra -fno-tree-loop-distribute-patterns"

TRACE::2026-08-19.17:42:46::SCWMssOS::"Running Make include in ps7_cortexa9_0/libsrc/usbps_v2_9/src"

TRACE::2026-08-19.17:42:46::SCWMssOS::make -C ps7_cortexa9_0/libsrc/usbps_v2_9/src -s include  "SHELL=CMD" "COMPILER=arm-none-eabi-gcc" "ASSEMBLER=arm-none-eabi-as" 
TRACE::2026-08-19.17:42:46::SCWMssOS::"ARCHIVER=arm-none-eabi-ar" "COMPILER_FLAGS=  -O2 -c" "EXTRA_COMPILER_FLAGS=-mcpu=cortex-a9 -mfpu=vfpv3 -mfloat-abi=hard -nosta
TRACE::2026-08-19.17:42:46::SCWMssOS::rtfiles -g -Wall -Wextra -fno-tree-loop-distribute-patterns"

TRACE::2026-08-19.17:42:46::SCWMssOS::"Running Make include in ps7_cortexa9_0/libsrc/xadcps_v2_7/src"

TRACE::2026-08-19.17:42:46::SCWMssOS::make -C ps7_cortexa9_0/libsrc/xadcps_v2_7/src -s include  "SHELL=CMD" "COMPILER=arm-none-eabi-gcc" "ASSEMBLER=arm-none-eabi-as"
TRACE::2026-08-19.17:42:46::SCWMssOS:: "ARCHIVER=arm-none-eabi-ar" "COMPILER_FLAGS=  -O2 -c" "EXTRA_COMPILER_FLAGS=-mcpu=cortex-a9 -mfpu=vfpv3 -mfloat-abi=hard -nost
TRACE::2026-08-19.17:42:46::SCWMssOS::artfiles -g -Wall -Wextra -fno-tree-loop-distribute-patterns"

TRACE::2026-08-19.17:42:46::SCWMssOS::"Running Make include in ps7_cortexa9_0/libsrc/xiltimer_v2_1/src"

TRACE::2026-08-19.17:42:46::SCWMssOS::make -C ps7_cortexa9_0/libsrc/xiltimer_v2_1/src -s include  "SHELL=CMD" "COMPILER=arm-none-eabi-gcc" "ASSEMBLER=arm-none-eabi-a
TRACE::2026-08-19.17:42:46::SCWMssOS::s" "ARCHIVER=arm-none-eabi-ar" "COMPILER_FLAGS=  -O2 -c" "EXTRA_COMPILER_FLAGS=-mcpu=cortex-a9 -mfpu=vfpv3 -mfloat-abi=hard -no
TRACE::2026-08-19.17:42:46::SCWMssOS::startfiles -g -Wall -Wextra -fno-tree-loop-distribute-patterns"

TRACE::2026-08-19.17:42:46::SCWMssOS::"Running Make libs in ps7_cortexa9_0/libsrc/axidma_v9_19/src"

TRACE::2026-08-19.17:42:46::SCWMssOS::make -C ps7_cortexa9_0/libsrc/axidma_v9_19/src -s libs  "SHELL=CMD" "COMPILER=arm-none-eabi-gcc" "ASSEMBLER=arm-none-eabi-as" "
TRACE::2026-08-19.17:42:46::SCWMssOS::ARCHIVER=arm-none-eabi-ar" "COMPILER_FLAGS=  -O2 -c" "EXTRA_COMPILER_FLAGS=-mcpu=cortex-a9 -mfpu=vfpv3 -mfloat-abi=hard -nostar
TRACE::2026-08-19.17:42:46::SCWMssOS::tfiles -g -Wall -Wextra -fno-tree-loop-distribute-patterns"

TRACE::2026-08-19.17:42:46::SCWMssOS::"Running Make libs in ps7_cortexa9_0/libsrc/canps_v3_9/src"

TRACE::2026-08-19.17:42:46::SCWMssOS::make -C ps7_cortexa9_0/libsrc/canps_v3_9/src -s libs  "SHELL=CMD" "COMPILER=arm-none-eabi-gcc" "ASSEMBLER=arm-none-eabi-as" "AR
TRACE::2026-08-19.17:42:46::SCWMssOS::CHIVER=arm-none-eabi-ar" "COMPILER_FLAGS=  -O2 -c" "EXTRA_COMPILER_FLAGS=-mcpu=cortex-a9 -mfpu=vfpv3 -mfloat-abi=hard -nostartf
TRACE::2026-08-19.17:42:46::SCWMssOS::iles -g -Wall -Wextra -fno-tree-loop-distribute-patterns"

TRACE::2026-08-19.17:42:48::SCWMssOS::"Running Make libs in ps7_cortexa9_0/libsrc/coresightps_dcc_v1_11/src"

TRACE::2026-08-19.17:42:48::SCWMssOS::make -C ps7_cortexa9_0/libsrc/coresightps_dcc_v1_11/src -s libs  "SHELL=CMD" "COMPILER=arm-none-eabi-gcc" "ASSEMBLER=arm-none-e
TRACE::2026-08-19.17:42:48::SCWMssOS::abi-as" "ARCHIVER=arm-none-eabi-ar" "COMPILER_FLAGS=  -O2 -c" "EXTRA_COMPILER_FLAGS=-mcpu=cortex-a9 -mfpu=vfpv3 -mfloat-abi=har
TRACE::2026-08-19.17:42:48::SCWMssOS::d -nostartfiles -g -Wall -Wextra -fno-tree-loop-distribute-patterns"

TRACE::2026-08-19.17:42:48::SCWMssOS::"Running Make libs in ps7_cortexa9_0/libsrc/cpu_cortexa9_v2_12/src"

TRACE::2026-08-19.17:42:48::SCWMssOS::make -C ps7_cortexa9_0/libsrc/cpu_cortexa9_v2_12/src -s libs  "SHELL=CMD" "COMPILER=arm-none-eabi-gcc" "ASSEMBLER=arm-none-eabi
TRACE::2026-08-19.17:42:48::SCWMssOS::-as" "ARCHIVER=arm-none-eabi-ar" "COMPILER_FLAGS=  -O2 -c" "EXTRA_COMPILER_FLAGS=-mcpu=cortex-a9 -mfpu=vfpv3 -mfloat-abi=hard -
TRACE::2026-08-19.17:42:48::SCWMssOS::nostartfiles -g -Wall -Wextra -fno-tree-loop-distribute-patterns"

TRACE::2026-08-19.17:42:48::SCWMssOS::"Running Make libs in ps7_cortexa9_0/libsrc/ddrps_v1_2/src"

TRACE::2026-08-19.17:42:48::SCWMssOS::make -C ps7_cortexa9_0/libsrc/ddrps_v1_2/src -s libs  "SHELL=CMD" "COMPILER=arm-none-eabi-gcc" "ASSEMBLER=arm-none-eabi-as" "AR
TRACE::2026-08-19.17:42:48::SCWMssOS::CHIVER=arm-none-eabi-ar" "COMPILER_FLAGS=  -O2 -c" "EXTRA_COMPILER_FLAGS=-mcpu=cortex-a9 -mfpu=vfpv3 -mfloat-abi=hard -nostartf
TRACE::2026-08-19.17:42:48::SCWMssOS::iles -g -Wall -Wextra -fno-tree-loop-distribute-patterns"

TRACE::2026-08-19.17:42:48::SCWMssOS::"Running Make libs in ps7_cortexa9_0/libsrc/devcfg_v3_8/src"

TRACE::2026-08-19.17:42:48::SCWMssOS::make -C ps7_cortexa9_0/libsrc/devcfg_v3_8/src -s libs  "SHELL=CMD" "COMPILER=arm-none-eabi-gcc" "ASSEMBLER=arm-none-eabi-as" "A
TRACE::2026-08-19.17:42:48::SCWMssOS::RCHIVER=arm-none-eabi-ar" "COMPILER_FLAGS=  -O2 -c" "EXTRA_COMPILER_FLAGS=-mcpu=cortex-a9 -mfpu=vfpv3 -mfloat-abi=hard -nostart
TRACE::2026-08-19.17:42:48::SCWMssOS::files -g -Wall -Wextra -fno-tree-loop-distribute-patterns"

TRACE::2026-08-19.17:42:48::SCWMssOS::"Running Make libs in ps7_cortexa9_0/libsrc/dmaps_v2_11/src"

TRACE::2026-08-19.17:42:48::SCWMssOS::make -C ps7_cortexa9_0/libsrc/dmaps_v2_11/src -s libs  "SHELL=CMD" "COMPILER=arm-none-eabi-gcc" "ASSEMBLER=arm-none-eabi-as" "A
TRACE::2026-08-19.17:42:48::SCWMssOS::RCHIVER=arm-none-eabi-ar" "COMPILER_FLAGS=  -O2 -c" "EXTRA_COMPILER_FLAGS=-mcpu=cortex-a9 -mfpu=vfpv3 -mfloat-abi=hard -nostart
TRACE::2026-08-19.17:42:48::SCWMssOS::files -g -Wall -Wextra -fno-tree-loop-distribute-patterns"

TRACE::2026-08-19.17:42:49::SCWMssOS::"Running Make libs in ps7_cortexa9_0/libsrc/emacps_v3_21/src"

TRACE::2026-08-19.17:42:50::SCWMssOS::make -C ps7_cortexa9_0/libsrc/emacps_v3_21/src -s libs  "SHELL=CMD" "COMPILER=arm-none-eabi-gcc" "ASSEMBLER=arm-none-eabi-as" "
TRACE::2026-08-19.17:42:50::SCWMssOS::ARCHIVER=arm-none-eabi-ar" "COMPILER_FLAGS=  -O2 -c" "EXTRA_COMPILER_FLAGS=-mcpu=cortex-a9 -mfpu=vfpv3 -mfloat-abi=hard -nostar
TRACE::2026-08-19.17:42:50::SCWMssOS::tfiles -g -Wall -Wextra -fno-tree-loop-distribute-patterns"

TRACE::2026-08-19.17:42:50::SCWMssOS::"Running Make libs in ps7_cortexa9_0/libsrc/gpiops_v3_13/src"

TRACE::2026-08-19.17:42:50::SCWMssOS::make -C ps7_cortexa9_0/libsrc/gpiops_v3_13/src -s libs  "SHELL=CMD" "COMPILER=arm-none-eabi-gcc" "ASSEMBLER=arm-none-eabi-as" "
TRACE::2026-08-19.17:42:50::SCWMssOS::ARCHIVER=arm-none-eabi-ar" "COMPILER_FLAGS=  -O2 -c" "EXTRA_COMPILER_FLAGS=-mcpu=cortex-a9 -mfpu=vfpv3 -mfloat-abi=hard -nostar
TRACE::2026-08-19.17:42:50::SCWMssOS::tfiles -g -Wall -Wextra -fno-tree-loop-distribute-patterns"

TRACE::2026-08-19.17:42:51::SCWMssOS::"Running Make libs in ps7_cortexa9_0/libsrc/qspips_v3_13/src"

TRACE::2026-08-19.17:42:51::SCWMssOS::make -C ps7_cortexa9_0/libsrc/qspips_v3_13/src -s libs  "SHELL=CMD" "COMPILER=arm-none-eabi-gcc" "ASSEMBLER=arm-none-eabi-as" "
TRACE::2026-08-19.17:42:51::SCWMssOS::ARCHIVER=arm-none-eabi-ar" "COMPILER_FLAGS=  -O2 -c" "EXTRA_COMPILER_FLAGS=-mcpu=cortex-a9 -mfpu=vfpv3 -mfloat-abi=hard -nostar
TRACE::2026-08-19.17:42:51::SCWMssOS::tfiles -g -Wall -Wextra -fno-tree-loop-distribute-patterns"

TRACE::2026-08-19.17:42:52::SCWMssOS::"Running Make libs in ps7_cortexa9_0/libsrc/scugic_v5_4/src"

TRACE::2026-08-19.17:42:52::SCWMssOS::make -C ps7_cortexa9_0/libsrc/scugic_v5_4/src -s libs  "SHELL=CMD" "COMPILER=arm-none-eabi-gcc" "ASSEMBLER=arm-none-eabi-as" "A
TRACE::2026-08-19.17:42:52::SCWMssOS::RCHIVER=arm-none-eabi-ar" "COMPILER_FLAGS=  -O2 -c" "EXTRA_COMPILER_FLAGS=-mcpu=cortex-a9 -mfpu=vfpv3 -mfloat-abi=hard -nostart
TRACE::2026-08-19.17:42:52::SCWMssOS::files -g -Wall -Wextra -fno-tree-loop-distribute-patterns"

TRACE::2026-08-19.17:42:53::SCWMssOS::"Running Make libs in ps7_cortexa9_0/libsrc/scutimer_v2_6/src"

TRACE::2026-08-19.17:42:53::SCWMssOS::make -C ps7_cortexa9_0/libsrc/scutimer_v2_6/src -s libs  "SHELL=CMD" "COMPILER=arm-none-eabi-gcc" "ASSEMBLER=arm-none-eabi-as" 
TRACE::2026-08-19.17:42:53::SCWMssOS::"ARCHIVER=arm-none-eabi-ar" "COMPILER_FLAGS=  -O2 -c" "EXTRA_COMPILER_FLAGS=-mcpu=cortex-a9 -mfpu=vfpv3 -mfloat-abi=hard -nosta
TRACE::2026-08-19.17:42:53::SCWMssOS::rtfiles -g -Wall -Wextra -fno-tree-loop-distribute-patterns"

TRACE::2026-08-19.17:42:53::SCWMssOS::"Running Make libs in ps7_cortexa9_0/libsrc/scuwdt_v2_6/src"

TRACE::2026-08-19.17:42:53::SCWMssOS::make -C ps7_cortexa9_0/libsrc/scuwdt_v2_6/src -s libs  "SHELL=CMD" "COMPILER=arm-none-eabi-gcc" "ASSEMBLER=arm-none-eabi-as" "A
TRACE::2026-08-19.17:42:53::SCWMssOS::RCHIVER=arm-none-eabi-ar" "COMPILER_FLAGS=  -O2 -c" "EXTRA_COMPILER_FLAGS=-mcpu=cortex-a9 -mfpu=vfpv3 -mfloat-abi=hard -nostart
TRACE::2026-08-19.17:42:53::SCWMssOS::files -g -Wall -Wextra -fno-tree-loop-distribute-patterns"

TRACE::2026-08-19.17:42:54::SCWMssOS::"Running Make libs in ps7_cortexa9_0/libsrc/sdps_v4_4/src"

TRACE::2026-08-19.17:42:54::SCWMssOS::make -C ps7_cortexa9_0/libsrc/sdps_v4_4/src -s libs  "SHELL=CMD" "COMPILER=arm-none-eabi-gcc" "ASSEMBLER=arm-none-eabi-as" "ARC
TRACE::2026-08-19.17:42:54::SCWMssOS::HIVER=arm-none-eabi-ar" "COMPILER_FLAGS=  -O2 -c" "EXTRA_COMPILER_FLAGS=-mcpu=cortex-a9 -mfpu=vfpv3 -mfloat-abi=hard -nostartfi
TRACE::2026-08-19.17:42:54::SCWMssOS::les -g -Wall -Wextra -fno-tree-loop-distribute-patterns"

TRACE::2026-08-19.17:42:54::SCWMssOS::"Running Make libs in ps7_cortexa9_0/libsrc/standalone_v9_2/src"

TRACE::2026-08-19.17:42:54::SCWMssOS::make -C ps7_cortexa9_0/libsrc/standalone_v9_2/src -s libs  "SHELL=CMD" "COMPILER=arm-none-eabi-gcc" "ASSEMBLER=arm-none-eabi-as
TRACE::2026-08-19.17:42:54::SCWMssOS::" "ARCHIVER=arm-none-eabi-ar" "COMPILER_FLAGS=  -O2 -c" "EXTRA_COMPILER_FLAGS=-mcpu=cortex-a9 -mfpu=vfpv3 -mfloat-abi=hard -nos
TRACE::2026-08-19.17:42:54::SCWMssOS::tartfiles -g -Wall -Wextra -fno-tree-loop-distribute-patterns"

TRACE::2026-08-19.17:42:56::SCWMssOS::"Running Make libs in ps7_cortexa9_0/libsrc/uartps_v3_15/src"

TRACE::2026-08-19.17:42:56::SCWMssOS::make -C ps7_cortexa9_0/libsrc/uartps_v3_15/src -s libs  "SHELL=CMD" "COMPILER=arm-none-eabi-gcc" "ASSEMBLER=arm-none-eabi-as" "
TRACE::2026-08-19.17:42:56::SCWMssOS::ARCHIVER=arm-none-eabi-ar" "COMPILER_FLAGS=  -O2 -c" "EXTRA_COMPILER_FLAGS=-mcpu=cortex-a9 -mfpu=vfpv3 -mfloat-abi=hard -nostar
TRACE::2026-08-19.17:42:56::SCWMssOS::tfiles -g -Wall -Wextra -fno-tree-loop-distribute-patterns"

TRACE::2026-08-19.17:42:58::SCWMssOS::"Running Make libs in ps7_cortexa9_0/libsrc/usbps_v2_9/src"

TRACE::2026-08-19.17:42:58::SCWMssOS::make -C ps7_cortexa9_0/libsrc/usbps_v2_9/src -s libs  "SHELL=CMD" "COMPILER=arm-none-eabi-gcc" "ASSEMBLER=arm-none-eabi-as" "AR
TRACE::2026-08-19.17:42:58::SCWMssOS::CHIVER=arm-none-eabi-ar" "COMPILER_FLAGS=  -O2 -c" "EXTRA_COMPILER_FLAGS=-mcpu=cortex-a9 -mfpu=vfpv3 -mfloat-abi=hard -nostartf
TRACE::2026-08-19.17:42:58::SCWMssOS::iles -g -Wall -Wextra -fno-tree-loop-distribute-patterns"

TRACE::2026-08-19.17:43:01::SCWMssOS::"Running Make libs in ps7_cortexa9_0/libsrc/xadcps_v2_7/src"

TRACE::2026-08-19.17:43:01::SCWMssOS::make -C ps7_cortexa9_0/libsrc/xadcps_v2_7/src -s libs  "SHELL=CMD" "COMPILER=arm-none-eabi-gcc" "ASSEMBLER=arm-none-eabi-as" "A
TRACE::2026-08-19.17:43:01::SCWMssOS::RCHIVER=arm-none-eabi-ar" "COMPILER_FLAGS=  -O2 -c" "EXTRA_COMPILER_FLAGS=-mcpu=cortex-a9 -mfpu=vfpv3 -mfloat-abi=hard -nostart
TRACE::2026-08-19.17:43:01::SCWMssOS::files -g -Wall -Wextra -fno-tree-loop-distribute-patterns"

TRACE::2026-08-19.17:43:03::SCWMssOS::"Running Make libs in ps7_cortexa9_0/libsrc/xiltimer_v2_1/src"

TRACE::2026-08-19.17:43:03::SCWMssOS::make -C ps7_cortexa9_0/libsrc/xiltimer_v2_1/src -s libs  "SHELL=CMD" "COMPILER=arm-none-eabi-gcc" "ASSEMBLER=arm-none-eabi-as" 
TRACE::2026-08-19.17:43:03::SCWMssOS::"ARCHIVER=arm-none-eabi-ar" "COMPILER_FLAGS=  -O2 -c" "EXTRA_COMPILER_FLAGS=-mcpu=cortex-a9 -mfpu=vfpv3 -mfloat-abi=hard -nosta
TRACE::2026-08-19.17:43:03::SCWMssOS::rtfiles -g -Wall -Wextra -fno-tree-loop-distribute-patterns"

TRACE::2026-08-19.17:43:03::SCWMssOS::"Compiling xiltimer Library"

TRACE::2026-08-19.17:43:05::SCWMssOS::'Finished building libraries parallelly.'

TRACE::2026-08-19.17:43:05::SCWMssOS::make --no-print-directory archive

TRACE::2026-08-19.17:43:05::SCWMssOS::arm-none-eabi-ar -r  ps7_cortexa9_0/lib/libxil.a ps7_cortexa9_0/lib/_exit.o ps7_cortexa9_0/lib/_open.o ps7_cortexa9_0/lib/_sbrk
TRACE::2026-08-19.17:43:05::SCWMssOS::.o ps7_cortexa9_0/lib/abort.o ps7_cortexa9_0/lib/asm_vectors.o ps7_cortexa9_0/lib/boot.o ps7_cortexa9_0/lib/close.o ps7_cortexa
TRACE::2026-08-19.17:43:05::SCWMssOS::9_0/lib/cpputest_time.o ps7_cortexa9_0/lib/cpu_init.o ps7_cortexa9_0/lib/errno.o ps7_cortexa9_0/lib/fcntl.o ps7_cortexa9_0/lib/
TRACE::2026-08-19.17:43:05::SCWMssOS::fstat.o ps7_cortexa9_0/lib/getentropy.o ps7_cortexa9_0/lib/getpid.o ps7_cortexa9_0/lib/gettimeofday.o ps7_cortexa9_0/lib/inbyte
TRACE::2026-08-19.17:43:05::SCWMssOS::.o ps7_cortexa9_0/lib/isatty.o ps7_cortexa9_0/lib/kill.o ps7_cortexa9_0/lib/lseek.o ps7_cortexa9_0/lib/open.o ps7_cortexa9_0/li
TRACE::2026-08-19.17:43:05::SCWMssOS::b/outbyte.o ps7_cortexa9_0/lib/print.o ps7_cortexa9_0/lib/putnum.o ps7_cortexa9_0/lib/read.o ps7_cortexa9_0/lib/sbrk.o ps7_cort
TRACE::2026-08-19.17:43:05::SCWMssOS::exa9_0/lib/time.o ps7_cortexa9_0/lib/translation_table.o ps7_cortexa9_0/lib/unlink.o ps7_cortexa9_0/lib/vectors.o ps7_cortexa9_
TRACE::2026-08-19.17:43:05::SCWMssOS::0/lib/write.o ps7_cortexa9_0/lib/xadcps.o ps7_cortexa9_0/lib/xadcps_g.o ps7_cortexa9_0/lib/xadcps_intr.o ps7_cortexa9_0/lib/xad
TRACE::2026-08-19.17:43:05::SCWMssOS::cps_selftest.o ps7_cortexa9_0/lib/xadcps_sinit.o ps7_cortexa9_0/lib/xaxidma.o ps7_cortexa9_0/lib/xaxidma_bd.o ps7_cortexa9_0/li
TRACE::2026-08-19.17:43:05::SCWMssOS::b/xaxidma_bdring.o ps7_cortexa9_0/lib/xaxidma_g.o ps7_cortexa9_0/lib/xaxidma_selftest.o ps7_cortexa9_0/lib/xaxidma_sinit.o ps7_
TRACE::2026-08-19.17:43:05::SCWMssOS::cortexa9_0/lib/xcanps.o ps7_cortexa9_0/lib/xcanps_g.o ps7_cortexa9_0/lib/xcanps_hw.o ps7_cortexa9_0/lib/xcanps_intr.o ps7_corte
TRACE::2026-08-19.17:43:05::SCWMssOS::xa9_0/lib/xcanps_selftest.o ps7_cortexa9_0/lib/xcanps_sinit.o ps7_cortexa9_0/lib/xcoresightpsdcc.o ps7_cortexa9_0/lib/xdevcfg.o
TRACE::2026-08-19.17:43:05::SCWMssOS:: ps7_cortexa9_0/lib/xdevcfg_g.o ps7_cortexa9_0/lib/xdevcfg_hw.o ps7_cortexa9_0/lib/xdevcfg_intr.o ps7_cortexa9_0/lib/xdevcfg_se
TRACE::2026-08-19.17:43:05::SCWMssOS::lftest.o ps7_cortexa9_0/lib/xdevcfg_sinit.o ps7_cortexa9_0/lib/xdmaps.o ps7_cortexa9_0/lib/xdmaps_g.o ps7_cortexa9_0/lib/xdmaps
TRACE::2026-08-19.17:43:05::SCWMssOS::_hw.o ps7_cortexa9_0/lib/xdmaps_selftest.o ps7_cortexa9_0/lib/xdmaps_sinit.o ps7_cortexa9_0/lib/xemacps.o ps7_cortexa9_0/lib/xe
TRACE::2026-08-19.17:43:05::SCWMssOS::macps_bdring.o ps7_cortexa9_0/lib/xemacps_control.o ps7_cortexa9_0/lib/xemacps_g.o ps7_cortexa9_0/lib/xemacps_hw.o ps7_cortexa9
TRACE::2026-08-19.17:43:05::SCWMssOS::_0/lib/xemacps_intr.o ps7_cortexa9_0/lib/xemacps_sinit.o ps7_cortexa9_0/lib/xgpiops.o ps7_cortexa9_0/lib/xgpiops_g.o ps7_cortex
TRACE::2026-08-19.17:43:05::SCWMssOS::a9_0/lib/xgpiops_hw.o ps7_cortexa9_0/lib/xgpiops_intr.o ps7_cortexa9_0/lib/xgpiops_selftest.o ps7_cortexa9_0/lib/xgpiops_sinit.
TRACE::2026-08-19.17:43:05::SCWMssOS::o ps7_cortexa9_0/lib/xil-crt0.o ps7_cortexa9_0/lib/xil_assert.o ps7_cortexa9_0/lib/xil_cache.o ps7_cortexa9_0/lib/xil_clocking.
TRACE::2026-08-19.17:43:05::SCWMssOS::o ps7_cortexa9_0/lib/xil_exception.o ps7_cortexa9_0/lib/xil_mem.o ps7_cortexa9_0/lib/xil_misc_psreset_api.o ps7_cortexa9_0/lib/
TRACE::2026-08-19.17:43:05::SCWMssOS::xil_mmu.o ps7_cortexa9_0/lib/xil_printf.o ps7_cortexa9_0/lib/xil_spinlock.o ps7_cortexa9_0/lib/xil_sutil.o ps7_cortexa9_0/lib/x
TRACE::2026-08-19.17:43:05::SCWMssOS::il_testcache.o ps7_cortexa9_0/lib/xil_testio.o ps7_cortexa9_0/lib/xil_testmem.o ps7_cortexa9_0/lib/xil_util.o ps7_cortexa9_0/li
TRACE::2026-08-19.17:43:05::SCWMssOS::b/xinterrupt_wrap.o ps7_cortexa9_0/lib/xl2cc_counter.o ps7_cortexa9_0/lib/xplatform_info.o ps7_cortexa9_0/lib/xpm_counter.o ps7
TRACE::2026-08-19.17:43:05::SCWMssOS::_cortexa9_0/lib/xpm_init.o ps7_cortexa9_0/lib/xqspips.o ps7_cortexa9_0/lib/xqspips_g.o ps7_cortexa9_0/lib/xqspips_hw.o ps7_cort
TRACE::2026-08-19.17:43:05::SCWMssOS::exa9_0/lib/xqspips_options.o ps7_cortexa9_0/lib/xqspips_selftest.o ps7_cortexa9_0/lib/xqspips_sinit.o ps7_cortexa9_0/lib/xscugi
TRACE::2026-08-19.17:43:05::SCWMssOS::c.o ps7_cortexa9_0/lib/xscugic_g.o ps7_cortexa9_0/lib/xscugic_hw.o ps7_cortexa9_0/lib/xscugic_intr.o ps7_cortexa9_0/lib/xscugic
TRACE::2026-08-19.17:43:05::SCWMssOS::_selftest.o ps7_cortexa9_0/lib/xscugic_sinit.o ps7_cortexa9_0/lib/xscutimer.o ps7_cortexa9_0/lib/xscutimer_g.o ps7_cortexa9_0/l
TRACE::2026-08-19.17:43:05::SCWMssOS::ib/xscutimer_selftest.o ps7_cortexa9_0/lib/xscutimer_sinit.o ps7_cortexa9_0/lib/xscuwdt.o ps7_cortexa9_0/lib/xscuwdt_g.o ps7_co
TRACE::2026-08-19.17:43:05::SCWMssOS::rtexa9_0/lib/xscuwdt_selftest.o ps7_cortexa9_0/lib/xscuwdt_sinit.o ps7_cortexa9_0/lib/xsdps.o ps7_cortexa9_0/lib/xsdps_card.o p
TRACE::2026-08-19.17:43:05::SCWMssOS::s7_cortexa9_0/lib/xsdps_g.o ps7_cortexa9_0/lib/xsdps_host.o ps7_cortexa9_0/lib/xsdps_options.o ps7_cortexa9_0/lib/xsdps_sinit.o
TRACE::2026-08-19.17:43:05::SCWMssOS:: ps7_cortexa9_0/lib/xuartps.o ps7_cortexa9_0/lib/xuartps_g.o ps7_cortexa9_0/lib/xuartps_hw.o ps7_cortexa9_0/lib/xuartps_intr.o 
TRACE::2026-08-19.17:43:05::SCWMssOS::ps7_cortexa9_0/lib/xuartps_options.o ps7_cortexa9_0/lib/xuartps_selftest.o ps7_cortexa9_0/lib/xuartps_sinit.o ps7_cortexa9_0/li
TRACE::2026-08-19.17:43:05::SCWMssOS::b/xusbps.o ps7_cortexa9_0/lib/xusbps_endpoint.o ps7_cortexa9_0/lib/xusbps_g.o ps7_cortexa9_0/lib/xusbps_hw.o ps7_cortexa9_0/lib
TRACE::2026-08-19.17:43:05::SCWMssOS::/xusbps_intr.o ps7_cortexa9_0/lib/xusbps_sinit.o

TRACE::2026-08-19.17:43:05::SCWMssOS::'Finished building libraries'

TRACE::2026-08-19.17:43:05::SCWMssOS::Copying to export directory.
TRACE::2026-08-19.17:43:06::SCWMssOS:: Checking if to create the Supporting Applications
TRACE::2026-08-19.17:43:06::SCWMssOS:: No Linux domain exists, trying to generate FSBL 
LOG::2026-08-19.17:43:06::SCWSystem::Completed Processing the domain standalone_ps7_cortexa9_0
LOG::2026-08-19.17:43:06::SCWSystem::Completed Processing the sysconfig HW_Export_V1
LOG::2026-08-19.17:43:06::SCWPlatform::Completed generating the artifacts for system configuration HW_Export_V1
TRACE::2026-08-19.17:43:06::SCWPlatform::Started preparing the platform 
TRACE::2026-08-19.17:43:06::SCWSystem::Writing the bif file for system config HW_Export_V1
TRACE::2026-08-19.17:43:06::SCWSystem::dir created 
TRACE::2026-08-19.17:43:06::SCWSystem::Writing the bif 
TRACE::2026-08-19.17:43:06::SCWPlatform::Started writing the spfm file 
TRACE::2026-08-19.17:43:06::SCWPlatform::Started writing the xpfm file 
TRACE::2026-08-19.17:43:06::SCWPlatform::Completed generating the platform
TRACE::2026-08-19.17:43:06::SCWMssOS::Saving the mss changes C:/Users/tillkorsmeier/Desktop/MA/Z7-Nano/ParEIS-MSX/SW/HW_Export_V1/zynq_fsbl/zynq_fsbl_bsp/system.mss
TRACE::2026-08-19.17:43:06::SCWMssOS::Found a swdesign opened with the mssfile.
TRACE::2026-08-19.17:43:06::SCWMssOS::Completed writemss as part of save.
TRACE::2026-08-19.17:43:06::SCWMssOS::Commit changes completed.
TRACE::2026-08-19.17:43:06::SCWMssOS::Saving the mss changes C:/Users/tillkorsmeier/Desktop/MA/Z7-Nano/ParEIS-MSX/SW/HW_Export_V1/ps7_cortexa9_0/standalone_ps7_cortexa9_0/bsp/system.mss
TRACE::2026-08-19.17:43:06::SCWMssOS::Found a swdesign opened with the mssfile.
TRACE::2026-08-19.17:43:06::SCWMssOS::Completed writemss as part of save.
TRACE::2026-08-19.17:43:06::SCWMssOS::Commit changes completed.
TRACE::2026-08-19.17:43:06::SCWPlatform::Trying to open the hw design at C:/Users/tillkorsmeier/Desktop/MA/Z7-Nano/ParEIS-MSX/SW/HW_Export_V1/hw/HW_Export_V2.xsa
TRACE::2026-08-19.17:43:06::SCWPlatform::DSA given C:/Users/tillkorsmeier/Desktop/MA/Z7-Nano/ParEIS-MSX/SW/HW_Export_V1/hw/HW_Export_V2.xsa
TRACE::2026-08-19.17:43:06::SCWPlatform::DSA absoulate path C:/Users/tillkorsmeier/Desktop/MA/Z7-Nano/ParEIS-MSX/SW/HW_Export_V1/hw/HW_Export_V2.xsa
TRACE::2026-08-19.17:43:06::SCWPlatform::DSA directory C:/Users/tillkorsmeier/Desktop/MA/Z7-Nano/ParEIS-MSX/SW/HW_Export_V1/hw
TRACE::2026-08-19.17:43:06::SCWPlatform:: Platform Path C:/Users/tillkorsmeier/Desktop/MA/Z7-Nano/ParEIS-MSX/SW/HW_Export_V1/hw/HW_Export_V2.xsa
TRACE::2026-08-19.17:43:06::SCWPlatform:: Unique name xilinx:::0.0
TRACE::2026-08-19.17:43:06::SCWPlatform::Trying to set the existing hwdb with name design_1_wrapper_3
TRACE::2026-08-19.17:43:06::SCWPlatform::Opened existing hwdb design_1_wrapper_3
TRACE::2026-08-19.17:43:06::SCWPlatform::Found the Hw Db part of the input DSA
TRACE::2026-08-19.17:43:06::SCWMssOS::Checking the sw design at  C:/Users/tillkorsmeier/Desktop/MA/Z7-Nano/ParEIS-MSX/SW/HW_Export_V1/zynq_fsbl/zynq_fsbl_bsp/system.mss
TRACE::2026-08-19.17:43:06::SCWMssOS::DEBUG:  swdes dump  C:/Users/tillkorsmeier/Desktop/MA/Z7-Nano/ParEIS-MSX/SW/HW_Export_V1/ps7_cortexa9_0/standalone_ps7_cortexa9_0/bsp/system.mss|system_0||
C:/Users/tillkorsmeier/Desktop/MA/Z7-Nano/ParEIS-MSX/SW/HW_Export_V1/zynq_fsbl/zynq_fsbl_bsp/system.mss|system||

TRACE::2026-08-19.17:43:06::SCWMssOS::Sw design exists and opened at  C:/Users/tillkorsmeier/Desktop/MA/Z7-Nano/ParEIS-MSX/SW/HW_Export_V1/zynq_fsbl/zynq_fsbl_bsp/system.mss
TRACE::2026-08-19.17:43:06::SCWPlatform::Trying to open the hw design at C:/Users/tillkorsmeier/Desktop/MA/Z7-Nano/ParEIS-MSX/SW/HW_Export_V1/hw/HW_Export_V2.xsa
TRACE::2026-08-19.17:43:06::SCWPlatform::DSA given C:/Users/tillkorsmeier/Desktop/MA/Z7-Nano/ParEIS-MSX/SW/HW_Export_V1/hw/HW_Export_V2.xsa
TRACE::2026-08-19.17:43:06::SCWPlatform::DSA absoulate path C:/Users/tillkorsmeier/Desktop/MA/Z7-Nano/ParEIS-MSX/SW/HW_Export_V1/hw/HW_Export_V2.xsa
TRACE::2026-08-19.17:43:06::SCWPlatform::DSA directory C:/Users/tillkorsmeier/Desktop/MA/Z7-Nano/ParEIS-MSX/SW/HW_Export_V1/hw
TRACE::2026-08-19.17:43:06::SCWPlatform:: Platform Path C:/Users/tillkorsmeier/Desktop/MA/Z7-Nano/ParEIS-MSX/SW/HW_Export_V1/hw/HW_Export_V2.xsa
TRACE::2026-08-19.17:43:06::SCWPlatform:: Unique name xilinx:::0.0
TRACE::2026-08-19.17:43:06::SCWPlatform::Trying to set the existing hwdb with name design_1_wrapper_3
TRACE::2026-08-19.17:43:06::SCWPlatform::Opened existing hwdb design_1_wrapper_3
TRACE::2026-08-19.17:43:06::SCWPlatform::Found the Hw Db part of the input DSA
TRACE::2026-08-19.17:43:06::SCWMssOS::Checking the sw design at  C:/Users/tillkorsmeier/Desktop/MA/Z7-Nano/ParEIS-MSX/SW/HW_Export_V1/ps7_cortexa9_0/standalone_ps7_cortexa9_0/bsp/system.mss
TRACE::2026-08-19.17:43:06::SCWMssOS::DEBUG:  swdes dump  C:/Users/tillkorsmeier/Desktop/MA/Z7-Nano/ParEIS-MSX/SW/HW_Export_V1/ps7_cortexa9_0/standalone_ps7_cortexa9_0/bsp/system.mss|system_0||
C:/Users/tillkorsmeier/Desktop/MA/Z7-Nano/ParEIS-MSX/SW/HW_Export_V1/zynq_fsbl/zynq_fsbl_bsp/system.mss|system||

TRACE::2026-08-19.17:43:06::SCWMssOS::Sw design exists and opened at  C:/Users/tillkorsmeier/Desktop/MA/Z7-Nano/ParEIS-MSX/SW/HW_Export_V1/ps7_cortexa9_0/standalone_ps7_cortexa9_0/bsp/system.mss
TRACE::2026-08-19.17:43:06::SCWWriter::formatted JSON is {
	"platformName":	"HW_Export_V1",
	"sprVersion":	"2.0",
	"mode":	"gui",
	"dsaType":	"Fixed",
	"platformDesc":	"HW_Export_V1",
	"platHandOff":	"C:/Users/tillkorsmeier/Desktop/MA/Z7-Nano/ParEIS-MSX/SW/HW_Export_V2.xsa",
	"platIntHandOff":	"<platformDir>/hw/HW_Export_V2.xsa",
	"deviceType":	"zynq",
	"platIsPrebuiltAutogen":	"false",
	"platIsNoBootBsp":	"false",
	"hasFsblMakeHasChanges":	"false",
	"hasPmufwMakeHasChanges":	"false",
	"fsblExtraCompilerFlags":	"-MMD -MP       -mcpu=cortex-a9 -mfpu=vfpv3 -mfloat-abi=hard ",
	"platPreBuiltFlag":	false,
	"platformSamplesDir":	"",
	"platActiveSys":	"HW_Export_V1",
	"systems":	[{
			"systemName":	"HW_Export_V1",
			"systemDesc":	"HW_Export_V1",
			"sysIsBootAutoGen":	"true",
			"systemDispName":	"HW_Export_V1",
			"sysActiveDom":	"standalone_ps7_cortexa9_0",
			"sysDefaultDom":	"standalone_ps7_cortexa9_0",
			"domains":	[{
					"domainName":	"zynq_fsbl",
					"domainDispName":	"zynq_fsbl",
					"domainDesc":	"FSBL Application BSP - Auto Generated.",
					"processors":	"ps7_cortexa9_0",
					"os":	"standalone",
					"sdxOs":	"standalone",
					"debugEnable":	"",
					"domRuntimes":	["cpp"],
					"swRepo":	"",
					"mssOsVer":	"9.2",
					"mssFile":	"",
					"md5Digest":	"eb13c396dfacc0d4cf82f9f4d1da7be61",
					"compatibleApp":	"zynq_fsbl",
					"domType":	"bootDomain",
					"arch":	"32-bit",
					"appSettings":	{
						"appCompilerFlags":	"",
						"appLinkerFlags":	""
					},
					"addedLibs":	["xilffs:5.3", "xilrsa:1.8"],
					"libOptions":	{
						"libsContainingOptions":	[]
					},
					"prebuiltLibs":	{
						"prebuiltIncPath":	[],
						"prebuiltLibPath":	[]
					},
					"isolation":	{
					}
				}, {
					"domainName":	"standalone_ps7_cortexa9_0",
					"domainDispName":	"standalone_ps7_cortexa9_0",
					"domainDesc":	"standalone_ps7_cortexa9_0",
					"processors":	"ps7_cortexa9_0",
					"os":	"standalone",
					"sdxOs":	"standalone",
					"qemuArgs":	"<platformDir>/resources/HW_Export_V1/standalone_ps7_cortexa9_0/qemu_args.txt",
					"qemuData":	"<platformDir>/resources/HW_Export_V1/standalone_ps7_cortexa9_0/qemu",
					"debugEnable":	"False",
					"domRuntimes":	["cpp"],
					"swRepo":	"",
					"mssOsVer":	"9.2",
					"mssFile":	"",
					"md5Digest":	"7563290f83b5490ef9d40f34975ccc51",
					"compatibleApp":	"",
					"domType":	"mssDomain",
					"arch":	"32-bit",
					"appSettings":	{
						"appCompilerFlags":	"",
						"appLinkerFlags":	""
					},
					"addedLibs":	["lwip220:1.1", "xiltimer:2.1"],
					"libOptions":	{
						"lwip220":	{
							"mem_size":	"1000000",
							"memp_n_tcp_seg":	"65001",
							"phy_link_speed":	"CONFIG_LINKSPEED1000",
							"tcp_snd_buf":	"65000",
							"libOptionNames":	["mem_size", "memp_n_tcp_seg", "phy_link_speed", "tcp_snd_buf"]
						},
						"libsContainingOptions":	["lwip220"]
					},
					"prebuiltLibs":	{
						"prebuiltIncPath":	[],
						"prebuiltLibPath":	[]
					},
					"isolation":	{
					}
				}]
		}]
}
KEYINFO::2026-08-19.17:43:06::SCWPlatform::updated the xpfm file.
TRACE::2026-08-19.17:43:06::SCWPlatform::Trying to open the hw design at C:/Users/tillkorsmeier/Desktop/MA/Z7-Nano/ParEIS-MSX/SW/HW_Export_V1/hw/HW_Export_V2.xsa
TRACE::2026-08-19.17:43:06::SCWPlatform::DSA given C:/Users/tillkorsmeier/Desktop/MA/Z7-Nano/ParEIS-MSX/SW/HW_Export_V1/hw/HW_Export_V2.xsa
TRACE::2026-08-19.17:43:06::SCWPlatform::DSA absoulate path C:/Users/tillkorsmeier/Desktop/MA/Z7-Nano/ParEIS-MSX/SW/HW_Export_V1/hw/HW_Export_V2.xsa
TRACE::2026-08-19.17:43:06::SCWPlatform::DSA directory C:/Users/tillkorsmeier/Desktop/MA/Z7-Nano/ParEIS-MSX/SW/HW_Export_V1/hw
TRACE::2026-08-19.17:43:06::SCWPlatform:: Platform Path C:/Users/tillkorsmeier/Desktop/MA/Z7-Nano/ParEIS-MSX/SW/HW_Export_V1/hw/HW_Export_V2.xsa
TRACE::2026-08-19.17:43:06::SCWPlatform:: Unique name xilinx:::0.0
TRACE::2026-08-19.17:43:06::SCWPlatform::Trying to set the existing hwdb with name design_1_wrapper_3
TRACE::2026-08-19.17:43:06::SCWPlatform::Opened existing hwdb design_1_wrapper_3
TRACE::2026-08-19.17:43:06::SCWPlatform::Found the Hw Db part of the input DSA
TRACE::2026-08-19.17:43:06::SCWMssOS::Checking the sw design at  C:/Users/tillkorsmeier/Desktop/MA/Z7-Nano/ParEIS-MSX/SW/HW_Export_V1/ps7_cortexa9_0/standalone_ps7_cortexa9_0/bsp/system.mss
TRACE::2026-08-19.17:43:06::SCWMssOS::DEBUG:  swdes dump  C:/Users/tillkorsmeier/Desktop/MA/Z7-Nano/ParEIS-MSX/SW/HW_Export_V1/ps7_cortexa9_0/standalone_ps7_cortexa9_0/bsp/system.mss|system_0||
C:/Users/tillkorsmeier/Desktop/MA/Z7-Nano/ParEIS-MSX/SW/HW_Export_V1/zynq_fsbl/zynq_fsbl_bsp/system.mss|system||

TRACE::2026-08-19.17:43:06::SCWMssOS::Sw design exists and opened at  C:/Users/tillkorsmeier/Desktop/MA/Z7-Nano/ParEIS-MSX/SW/HW_Export_V1/ps7_cortexa9_0/standalone_ps7_cortexa9_0/bsp/system.mss
TRACE::2026-08-19.17:43:52::SCWBDomain::System Command Ran  C:&  cd  C:/Users/tillkorsmeier/Desktop/MA/Z7-Nano/ParEIS-MSX/SW/HW_Export_V1/zynq_fsbl & make clean
TRACE::2026-08-19.17:43:53::SCWBDomain::rm -rf  sd.o  nand.o  image_mover.o  md5.o  fsbl_hooks.o  main.o  nor.o  qspi.o  rsa.o  ps7_init.o  pcap.o  fsbl_handoff.o zynq
TRACE::2026-08-19.17:43:53::SCWBDomain::_fsbl_bsp/ps7_cortexa9_0/lib/libxil.a fsbl.elf *.o

TRACE::2026-08-19.17:43:53::SCWBDomain::System Command Ran  C:&  cd  C:/Users/tillkorsmeier/Desktop/MA/Z7-Nano/ParEIS-MSX/SW/HW_Export_V1/zynq_fsbl/zynq_fsbl_bsp & make clean
TRACE::2026-08-19.17:43:53::SCWBDomain::make -C ps7_cortexa9_0/libsrc/AddCycle_Acquisition_v1_0/src -s clean 

TRACE::2026-08-19.17:43:53::SCWBDomain::make -C ps7_cortexa9_0/libsrc/axidma_v9_19/src -s clean 

TRACE::2026-08-19.17:43:53::SCWBDomain::make -C ps7_cortexa9_0/libsrc/canps_v3_9/src -s clean 

TRACE::2026-08-19.17:43:53::SCWBDomain::make -C ps7_cortexa9_0/libsrc/coresightps_dcc_v1_11/src -s clean 

TRACE::2026-08-19.17:43:53::SCWBDomain::make -C ps7_cortexa9_0/libsrc/cpu_cortexa9_v2_12/src -s clean 

TRACE::2026-08-19.17:43:53::SCWBDomain::make -C ps7_cortexa9_0/libsrc/ddrps_v1_2/src -s clean 

TRACE::2026-08-19.17:43:53::SCWBDomain::make -C ps7_cortexa9_0/libsrc/devcfg_v3_8/src -s clean 

TRACE::2026-08-19.17:43:54::SCWBDomain::make -C ps7_cortexa9_0/libsrc/dmaps_v2_11/src -s clean 

TRACE::2026-08-19.17:43:54::SCWBDomain::make -C ps7_cortexa9_0/libsrc/emacps_v3_21/src -s clean 

TRACE::2026-08-19.17:43:54::SCWBDomain::make -C ps7_cortexa9_0/libsrc/gpiops_v3_13/src -s clean 

TRACE::2026-08-19.17:43:54::SCWBDomain::make -C ps7_cortexa9_0/libsrc/qspips_v3_13/src -s clean 

TRACE::2026-08-19.17:43:54::SCWBDomain::make -C ps7_cortexa9_0/libsrc/scugic_v5_4/src -s clean 

TRACE::2026-08-19.17:43:55::SCWBDomain::make -C ps7_cortexa9_0/libsrc/scutimer_v2_6/src -s clean 

TRACE::2026-08-19.17:43:55::SCWBDomain::make -C ps7_cortexa9_0/libsrc/scuwdt_v2_6/src -s clean 

TRACE::2026-08-19.17:43:55::SCWBDomain::make -C ps7_cortexa9_0/libsrc/sdps_v4_4/src -s clean 

TRACE::2026-08-19.17:43:55::SCWBDomain::make -C ps7_cortexa9_0/libsrc/standalone_v9_2/src -s clean 

TRACE::2026-08-19.17:43:56::SCWBDomain::make -C ps7_cortexa9_0/libsrc/uartps_v3_15/src -s clean 

TRACE::2026-08-19.17:43:56::SCWBDomain::make -C ps7_cortexa9_0/libsrc/usbps_v2_9/src -s clean 

TRACE::2026-08-19.17:43:56::SCWBDomain::make -C ps7_cortexa9_0/libsrc/xadcps_v2_7/src -s clean 

TRACE::2026-08-19.17:43:56::SCWBDomain::make -C ps7_cortexa9_0/libsrc/xilffs_v5_3/src -s clean 

TRACE::2026-08-19.17:43:56::SCWBDomain::make -C ps7_cortexa9_0/libsrc/xilrsa_v1_8/src -s clean 

TRACE::2026-08-19.17:43:57::SCWBDomain::rm -f ps7_cortexa9_0/lib/libxil.a

TRACE::2026-08-19.17:43:57::SCWMssOS::cleaning the bsp 
TRACE::2026-08-19.17:43:57::SCWMssOS::System Command Ran  C: & cd  C:/Users/tillkorsmeier/Desktop/MA/Z7-Nano/ParEIS-MSX/SW/HW_Export_V1/ps7_cortexa9_0/standalone_ps7_cortexa9_0/bsp & make clean 
TRACE::2026-08-19.17:43:57::SCWMssOS::make -C ps7_cortexa9_0/libsrc/AddCycle_Acquisition_v1_0/src -s clean 

TRACE::2026-08-19.17:43:57::SCWMssOS::make -C ps7_cortexa9_0/libsrc/axidma_v9_19/src -s clean 

TRACE::2026-08-19.17:43:57::SCWMssOS::make -C ps7_cortexa9_0/libsrc/canps_v3_9/src -s clean 

TRACE::2026-08-19.17:43:57::SCWMssOS::make -C ps7_cortexa9_0/libsrc/coresightps_dcc_v1_11/src -s clean 

TRACE::2026-08-19.17:43:57::SCWMssOS::make -C ps7_cortexa9_0/libsrc/cpu_cortexa9_v2_12/src -s clean 

TRACE::2026-08-19.17:43:57::SCWMssOS::make -C ps7_cortexa9_0/libsrc/ddrps_v1_2/src -s clean 

TRACE::2026-08-19.17:43:57::SCWMssOS::make -C ps7_cortexa9_0/libsrc/devcfg_v3_8/src -s clean 

TRACE::2026-08-19.17:43:57::SCWMssOS::make -C ps7_cortexa9_0/libsrc/dmaps_v2_11/src -s clean 

TRACE::2026-08-19.17:43:58::SCWMssOS::make -C ps7_cortexa9_0/libsrc/emacps_v3_21/src -s clean 

TRACE::2026-08-19.17:43:58::SCWMssOS::make -C ps7_cortexa9_0/libsrc/gpiops_v3_13/src -s clean 

TRACE::2026-08-19.17:43:58::SCWMssOS::make -C ps7_cortexa9_0/libsrc/lwip220_v1_1/src -s clean 

TRACE::2026-08-19.17:43:58::SCWMssOS::make -C ps7_cortexa9_0/libsrc/qspips_v3_13/src -s clean 

TRACE::2026-08-19.17:43:58::SCWMssOS::make -C ps7_cortexa9_0/libsrc/scugic_v5_4/src -s clean 

TRACE::2026-08-19.17:43:58::SCWMssOS::make -C ps7_cortexa9_0/libsrc/scutimer_v2_6/src -s clean 

TRACE::2026-08-19.17:43:58::SCWMssOS::make -C ps7_cortexa9_0/libsrc/scuwdt_v2_6/src -s clean 

TRACE::2026-08-19.17:43:59::SCWMssOS::make -C ps7_cortexa9_0/libsrc/sdps_v4_4/src -s clean 

TRACE::2026-08-19.17:43:59::SCWMssOS::make -C ps7_cortexa9_0/libsrc/standalone_v9_2/src -s clean 

TRACE::2026-08-19.17:43:59::SCWMssOS::make -C ps7_cortexa9_0/libsrc/uartps_v3_15/src -s clean 

TRACE::2026-08-19.17:43:59::SCWMssOS::make -C ps7_cortexa9_0/libsrc/usbps_v2_9/src -s clean 

TRACE::2026-08-19.17:43:59::SCWMssOS::make -C ps7_cortexa9_0/libsrc/xadcps_v2_7/src -s clean 

TRACE::2026-08-19.17:43:59::SCWMssOS::make -C ps7_cortexa9_0/libsrc/xiltimer_v2_1/src -s clean 

TRACE::2026-08-19.17:44:00::SCWMssOS::rm -f ps7_cortexa9_0/lib/libxil.a

LOG::2026-08-19.17:44:15::SCWPlatform::Started generating the artifacts platform HW_Export_V1
TRACE::2026-08-19.17:44:15::SCWPlatform::Sanity checking of platform is completed
LOG::2026-08-19.17:44:15::SCWPlatform::Started generating the artifacts for system configuration HW_Export_V1
LOG::2026-08-19.17:44:15::SCWSystem::Checking the domain zynq_fsbl
LOG::2026-08-19.17:44:15::SCWSystem::Doing application build for :  zynq_fsbl
TRACE::2026-08-19.17:44:15::SCWBDomain::Not a forced makefile updation, No changes are present. 
TRACE::2026-08-19.17:44:15::SCWDomain::Building the domain as part of full build :  zynq_fsbl
TRACE::2026-08-19.17:44:15::SCWPlatform::Trying to open the hw design at C:/Users/tillkorsmeier/Desktop/MA/Z7-Nano/ParEIS-MSX/SW/HW_Export_V1/hw/HW_Export_V2.xsa
TRACE::2026-08-19.17:44:15::SCWPlatform::DSA given C:/Users/tillkorsmeier/Desktop/MA/Z7-Nano/ParEIS-MSX/SW/HW_Export_V1/hw/HW_Export_V2.xsa
TRACE::2026-08-19.17:44:15::SCWPlatform::DSA absoulate path C:/Users/tillkorsmeier/Desktop/MA/Z7-Nano/ParEIS-MSX/SW/HW_Export_V1/hw/HW_Export_V2.xsa
TRACE::2026-08-19.17:44:15::SCWPlatform::DSA directory C:/Users/tillkorsmeier/Desktop/MA/Z7-Nano/ParEIS-MSX/SW/HW_Export_V1/hw
TRACE::2026-08-19.17:44:15::SCWPlatform:: Platform Path C:/Users/tillkorsmeier/Desktop/MA/Z7-Nano/ParEIS-MSX/SW/HW_Export_V1/hw/HW_Export_V2.xsa
TRACE::2026-08-19.17:44:15::SCWPlatform:: Unique name xilinx:::0.0
TRACE::2026-08-19.17:44:15::SCWPlatform::Trying to set the existing hwdb with name design_1_wrapper_3
TRACE::2026-08-19.17:44:15::SCWPlatform::Opened existing hwdb design_1_wrapper_3
TRACE::2026-08-19.17:44:15::SCWPlatform::Found the Hw Db part of the input DSA
TRACE::2026-08-19.17:44:15::SCWMssOS::Checking the sw design at  C:/Users/tillkorsmeier/Desktop/MA/Z7-Nano/ParEIS-MSX/SW/HW_Export_V1/zynq_fsbl/zynq_fsbl_bsp/system.mss
TRACE::2026-08-19.17:44:15::SCWMssOS::DEBUG:  swdes dump  C:/Users/tillkorsmeier/Desktop/MA/Z7-Nano/ParEIS-MSX/SW/HW_Export_V1/ps7_cortexa9_0/standalone_ps7_cortexa9_0/bsp/system.mss|system_0||
C:/Users/tillkorsmeier/Desktop/MA/Z7-Nano/ParEIS-MSX/SW/HW_Export_V1/zynq_fsbl/zynq_fsbl_bsp/system.mss|system||

TRACE::2026-08-19.17:44:15::SCWMssOS::Sw design exists and opened at  C:/Users/tillkorsmeier/Desktop/MA/Z7-Nano/ParEIS-MSX/SW/HW_Export_V1/zynq_fsbl/zynq_fsbl_bsp/system.mss
TRACE::2026-08-19.17:44:15::SCWBDomain::Completed writing the mss file at C:/Users/tillkorsmeier/Desktop/MA/Z7-Nano/ParEIS-MSX/SW/HW_Export_V1/zynq_fsbl/zynq_fsbl_bsp
TRACE::2026-08-19.17:44:15::SCWBDomain::bsp generated is stale removing and regenerating. 
TRACE::2026-08-19.17:44:17::SCWBDomain::Updating the makefile used for building the Application zynq_fsbl
TRACE::2026-08-19.17:44:17::SCWPlatform::Trying to open the hw design at C:/Users/tillkorsmeier/Desktop/MA/Z7-Nano/ParEIS-MSX/SW/HW_Export_V1/hw/HW_Export_V2.xsa
TRACE::2026-08-19.17:44:17::SCWPlatform::DSA given C:/Users/tillkorsmeier/Desktop/MA/Z7-Nano/ParEIS-MSX/SW/HW_Export_V1/hw/HW_Export_V2.xsa
TRACE::2026-08-19.17:44:17::SCWPlatform::DSA absoulate path C:/Users/tillkorsmeier/Desktop/MA/Z7-Nano/ParEIS-MSX/SW/HW_Export_V1/hw/HW_Export_V2.xsa
TRACE::2026-08-19.17:44:17::SCWPlatform::DSA directory C:/Users/tillkorsmeier/Desktop/MA/Z7-Nano/ParEIS-MSX/SW/HW_Export_V1/hw
TRACE::2026-08-19.17:44:17::SCWPlatform:: Platform Path C:/Users/tillkorsmeier/Desktop/MA/Z7-Nano/ParEIS-MSX/SW/HW_Export_V1/hw/HW_Export_V2.xsa
TRACE::2026-08-19.17:44:17::SCWPlatform:: Unique name xilinx:::0.0
TRACE::2026-08-19.17:44:17::SCWPlatform::Trying to set the existing hwdb with name design_1_wrapper_3
TRACE::2026-08-19.17:44:17::SCWPlatform::Opened existing hwdb design_1_wrapper_3
TRACE::2026-08-19.17:44:17::SCWPlatform::Found the Hw Db part of the input DSA
TRACE::2026-08-19.17:44:17::SCWMssOS::Checking the sw design at  C:/Users/tillkorsmeier/Desktop/MA/Z7-Nano/ParEIS-MSX/SW/HW_Export_V1/zynq_fsbl/zynq_fsbl_bsp/system.mss
TRACE::2026-08-19.17:44:17::SCWMssOS::DEBUG:  swdes dump  C:/Users/tillkorsmeier/Desktop/MA/Z7-Nano/ParEIS-MSX/SW/HW_Export_V1/ps7_cortexa9_0/standalone_ps7_cortexa9_0/bsp/system.mss|system_0||

TRACE::2026-08-19.17:44:17::SCWMssOS::No sw design opened at  C:/Users/tillkorsmeier/Desktop/MA/Z7-Nano/ParEIS-MSX/SW/HW_Export_V1/zynq_fsbl/zynq_fsbl_bsp/system.mss
TRACE::2026-08-19.17:44:17::SCWMssOS::mss exists loading the mss file  C:/Users/tillkorsmeier/Desktop/MA/Z7-Nano/ParEIS-MSX/SW/HW_Export_V1/zynq_fsbl/zynq_fsbl_bsp/system.mss
TRACE::2026-08-19.17:44:17::SCWMssOS::Opened the sw design from mss  C:/Users/tillkorsmeier/Desktop/MA/Z7-Nano/ParEIS-MSX/SW/HW_Export_V1/zynq_fsbl/zynq_fsbl_bsp/system.mss
TRACE::2026-08-19.17:44:17::SCWMssOS::Adding the swdes entry C:/Users/tillkorsmeier/Desktop/MA/Z7-Nano/ParEIS-MSX/SW/HW_Export_V1/zynq_fsbl/zynq_fsbl_bsp/system.mss with des name system
TRACE::2026-08-19.17:44:17::SCWMssOS::updating the scw layer about changes
TRACE::2026-08-19.17:44:17::SCWMssOS::Opened the sw design.  C:/Users/tillkorsmeier/Desktop/MA/Z7-Nano/ParEIS-MSX/SW/HW_Export_V1/zynq_fsbl/zynq_fsbl_bsp/system.mss
TRACE::2026-08-19.17:44:24::SCWBDomain::removing the temporary location in _platform.
TRACE::2026-08-19.17:44:24::SCWBDomain::Makefile is Updated.
TRACE::2026-08-19.17:44:24::SCWBDomain::doing clean.
TRACE::2026-08-19.17:44:24::SCWBDomain::System Command Ran  C:&  cd  C:/Users/tillkorsmeier/Desktop/MA/Z7-Nano/ParEIS-MSX/SW/HW_Export_V1/zynq_fsbl & make clean
TRACE::2026-08-19.17:44:24::SCWBDomain::rm -rf  sd.o  nand.o  image_mover.o  md5.o  fsbl_hooks.o  main.o  rsa.o  nor.o  qspi.o  ps7_init.o  pcap.o  fsbl_handoff.o zynq
TRACE::2026-08-19.17:44:24::SCWBDomain::_fsbl_bsp/ps7_cortexa9_0/lib/libxil.a fsbl.elf *.o

TRACE::2026-08-19.17:44:24::SCWBDomain::System Command Ran  C:&  cd  C:/Users/tillkorsmeier/Desktop/MA/Z7-Nano/ParEIS-MSX/SW/HW_Export_V1/zynq_fsbl& make -C  zynq_fsbl_bsp & make 
TRACE::2026-08-19.17:44:24::SCWBDomain::make: Entering directory 'C:/Users/tillkorsmeier/Desktop/MA/Z7-Nano/ParEIS-MSX/SW/HW_Export_V1/zynq_fsbl/zynq_fsbl_bsp'

TRACE::2026-08-19.17:44:24::SCWBDomain::make --no-print-directory seq_libs

TRACE::2026-08-19.17:44:24::SCWBDomain::"Running Make include in ps7_cortexa9_0/libsrc/AddCycle_Acquisition_v1_0/src"

TRACE::2026-08-19.17:44:24::SCWBDomain::make -C ps7_cortexa9_0/libsrc/AddCycle_Acquisition_v1_0/src -s include  "SHELL=CMD" "COMPILER=arm-none-eabi-gcc" "ASSEMBLER=arm
TRACE::2026-08-19.17:44:24::SCWBDomain::-none-eabi-as" "ARCHIVER=arm-none-eabi-ar" "COMPILER_FLAGS=  -O2 -c" "EXTRA_COMPILER_FLAGS=-mcpu=cortex-a9 -mfpu=vfpv3 -mfloat-
TRACE::2026-08-19.17:44:24::SCWBDomain::abi=hard -nostartfiles -g -Wall -Wextra -fno-tree-loop-distribute-patterns"

TRACE::2026-08-19.17:44:25::SCWBDomain::"Running Make include in ps7_cortexa9_0/libsrc/axidma_v9_19/src"

TRACE::2026-08-19.17:44:25::SCWBDomain::make -C ps7_cortexa9_0/libsrc/axidma_v9_19/src -s include  "SHELL=CMD" "COMPILER=arm-none-eabi-gcc" "ASSEMBLER=arm-none-eabi-as
TRACE::2026-08-19.17:44:25::SCWBDomain::" "ARCHIVER=arm-none-eabi-ar" "COMPILER_FLAGS=  -O2 -c" "EXTRA_COMPILER_FLAGS=-mcpu=cortex-a9 -mfpu=vfpv3 -mfloat-abi=hard -nos
TRACE::2026-08-19.17:44:25::SCWBDomain::tartfiles -g -Wall -Wextra -fno-tree-loop-distribute-patterns"

TRACE::2026-08-19.17:44:25::SCWBDomain::"Running Make include in ps7_cortexa9_0/libsrc/canps_v3_9/src"

TRACE::2026-08-19.17:44:25::SCWBDomain::make -C ps7_cortexa9_0/libsrc/canps_v3_9/src -s include  "SHELL=CMD" "COMPILER=arm-none-eabi-gcc" "ASSEMBLER=arm-none-eabi-as" 
TRACE::2026-08-19.17:44:25::SCWBDomain::"ARCHIVER=arm-none-eabi-ar" "COMPILER_FLAGS=  -O2 -c" "EXTRA_COMPILER_FLAGS=-mcpu=cortex-a9 -mfpu=vfpv3 -mfloat-abi=hard -nosta
TRACE::2026-08-19.17:44:25::SCWBDomain::rtfiles -g -Wall -Wextra -fno-tree-loop-distribute-patterns"

TRACE::2026-08-19.17:44:25::SCWBDomain::"Running Make include in ps7_cortexa9_0/libsrc/coresightps_dcc_v1_11/src"

TRACE::2026-08-19.17:44:25::SCWBDomain::make -C ps7_cortexa9_0/libsrc/coresightps_dcc_v1_11/src -s include  "SHELL=CMD" "COMPILER=arm-none-eabi-gcc" "ASSEMBLER=arm-non
TRACE::2026-08-19.17:44:25::SCWBDomain::e-eabi-as" "ARCHIVER=arm-none-eabi-ar" "COMPILER_FLAGS=  -O2 -c" "EXTRA_COMPILER_FLAGS=-mcpu=cortex-a9 -mfpu=vfpv3 -mfloat-abi=
TRACE::2026-08-19.17:44:25::SCWBDomain::hard -nostartfiles -g -Wall -Wextra -fno-tree-loop-distribute-patterns"

TRACE::2026-08-19.17:44:25::SCWBDomain::"Running Make include in ps7_cortexa9_0/libsrc/cpu_cortexa9_v2_12/src"

TRACE::2026-08-19.17:44:25::SCWBDomain::make -C ps7_cortexa9_0/libsrc/cpu_cortexa9_v2_12/src -s include  "SHELL=CMD" "COMPILER=arm-none-eabi-gcc" "ASSEMBLER=arm-none-e
TRACE::2026-08-19.17:44:25::SCWBDomain::abi-as" "ARCHIVER=arm-none-eabi-ar" "COMPILER_FLAGS=  -O2 -c" "EXTRA_COMPILER_FLAGS=-mcpu=cortex-a9 -mfpu=vfpv3 -mfloat-abi=har
TRACE::2026-08-19.17:44:25::SCWBDomain::d -nostartfiles -g -Wall -Wextra -fno-tree-loop-distribute-patterns"

TRACE::2026-08-19.17:44:25::SCWBDomain::"Running Make include in ps7_cortexa9_0/libsrc/ddrps_v1_2/src"

TRACE::2026-08-19.17:44:25::SCWBDomain::make -C ps7_cortexa9_0/libsrc/ddrps_v1_2/src -s include  "SHELL=CMD" "COMPILER=arm-none-eabi-gcc" "ASSEMBLER=arm-none-eabi-as" 
TRACE::2026-08-19.17:44:25::SCWBDomain::"ARCHIVER=arm-none-eabi-ar" "COMPILER_FLAGS=  -O2 -c" "EXTRA_COMPILER_FLAGS=-mcpu=cortex-a9 -mfpu=vfpv3 -mfloat-abi=hard -nosta
TRACE::2026-08-19.17:44:25::SCWBDomain::rtfiles -g -Wall -Wextra -fno-tree-loop-distribute-patterns"

TRACE::2026-08-19.17:44:26::SCWBDomain::"Running Make include in ps7_cortexa9_0/libsrc/devcfg_v3_8/src"

TRACE::2026-08-19.17:44:26::SCWBDomain::make -C ps7_cortexa9_0/libsrc/devcfg_v3_8/src -s include  "SHELL=CMD" "COMPILER=arm-none-eabi-gcc" "ASSEMBLER=arm-none-eabi-as"
TRACE::2026-08-19.17:44:26::SCWBDomain:: "ARCHIVER=arm-none-eabi-ar" "COMPILER_FLAGS=  -O2 -c" "EXTRA_COMPILER_FLAGS=-mcpu=cortex-a9 -mfpu=vfpv3 -mfloat-abi=hard -nost
TRACE::2026-08-19.17:44:26::SCWBDomain::artfiles -g -Wall -Wextra -fno-tree-loop-distribute-patterns"

TRACE::2026-08-19.17:44:26::SCWBDomain::"Running Make include in ps7_cortexa9_0/libsrc/dmaps_v2_11/src"

TRACE::2026-08-19.17:44:26::SCWBDomain::make -C ps7_cortexa9_0/libsrc/dmaps_v2_11/src -s include  "SHELL=CMD" "COMPILER=arm-none-eabi-gcc" "ASSEMBLER=arm-none-eabi-as"
TRACE::2026-08-19.17:44:26::SCWBDomain:: "ARCHIVER=arm-none-eabi-ar" "COMPILER_FLAGS=  -O2 -c" "EXTRA_COMPILER_FLAGS=-mcpu=cortex-a9 -mfpu=vfpv3 -mfloat-abi=hard -nost
TRACE::2026-08-19.17:44:26::SCWBDomain::artfiles -g -Wall -Wextra -fno-tree-loop-distribute-patterns"

TRACE::2026-08-19.17:44:26::SCWBDomain::"Running Make include in ps7_cortexa9_0/libsrc/emacps_v3_21/src"

TRACE::2026-08-19.17:44:26::SCWBDomain::make -C ps7_cortexa9_0/libsrc/emacps_v3_21/src -s include  "SHELL=CMD" "COMPILER=arm-none-eabi-gcc" "ASSEMBLER=arm-none-eabi-as
TRACE::2026-08-19.17:44:26::SCWBDomain::" "ARCHIVER=arm-none-eabi-ar" "COMPILER_FLAGS=  -O2 -c" "EXTRA_COMPILER_FLAGS=-mcpu=cortex-a9 -mfpu=vfpv3 -mfloat-abi=hard -nos
TRACE::2026-08-19.17:44:26::SCWBDomain::tartfiles -g -Wall -Wextra -fno-tree-loop-distribute-patterns"

TRACE::2026-08-19.17:44:26::SCWBDomain::"Running Make include in ps7_cortexa9_0/libsrc/gpiops_v3_13/src"

TRACE::2026-08-19.17:44:26::SCWBDomain::make -C ps7_cortexa9_0/libsrc/gpiops_v3_13/src -s include  "SHELL=CMD" "COMPILER=arm-none-eabi-gcc" "ASSEMBLER=arm-none-eabi-as
TRACE::2026-08-19.17:44:26::SCWBDomain::" "ARCHIVER=arm-none-eabi-ar" "COMPILER_FLAGS=  -O2 -c" "EXTRA_COMPILER_FLAGS=-mcpu=cortex-a9 -mfpu=vfpv3 -mfloat-abi=hard -nos
TRACE::2026-08-19.17:44:26::SCWBDomain::tartfiles -g -Wall -Wextra -fno-tree-loop-distribute-patterns"

TRACE::2026-08-19.17:44:26::SCWBDomain::"Running Make include in ps7_cortexa9_0/libsrc/qspips_v3_13/src"

TRACE::2026-08-19.17:44:26::SCWBDomain::make -C ps7_cortexa9_0/libsrc/qspips_v3_13/src -s include  "SHELL=CMD" "COMPILER=arm-none-eabi-gcc" "ASSEMBLER=arm-none-eabi-as
TRACE::2026-08-19.17:44:26::SCWBDomain::" "ARCHIVER=arm-none-eabi-ar" "COMPILER_FLAGS=  -O2 -c" "EXTRA_COMPILER_FLAGS=-mcpu=cortex-a9 -mfpu=vfpv3 -mfloat-abi=hard -nos
TRACE::2026-08-19.17:44:26::SCWBDomain::tartfiles -g -Wall -Wextra -fno-tree-loop-distribute-patterns"

TRACE::2026-08-19.17:44:27::SCWBDomain::"Running Make include in ps7_cortexa9_0/libsrc/scugic_v5_4/src"

TRACE::2026-08-19.17:44:27::SCWBDomain::make -C ps7_cortexa9_0/libsrc/scugic_v5_4/src -s include  "SHELL=CMD" "COMPILER=arm-none-eabi-gcc" "ASSEMBLER=arm-none-eabi-as"
TRACE::2026-08-19.17:44:27::SCWBDomain:: "ARCHIVER=arm-none-eabi-ar" "COMPILER_FLAGS=  -O2 -c" "EXTRA_COMPILER_FLAGS=-mcpu=cortex-a9 -mfpu=vfpv3 -mfloat-abi=hard -nost
TRACE::2026-08-19.17:44:27::SCWBDomain::artfiles -g -Wall -Wextra -fno-tree-loop-distribute-patterns"

TRACE::2026-08-19.17:44:27::SCWBDomain::"Running Make include in ps7_cortexa9_0/libsrc/scutimer_v2_6/src"

TRACE::2026-08-19.17:44:27::SCWBDomain::make -C ps7_cortexa9_0/libsrc/scutimer_v2_6/src -s include  "SHELL=CMD" "COMPILER=arm-none-eabi-gcc" "ASSEMBLER=arm-none-eabi-a
TRACE::2026-08-19.17:44:27::SCWBDomain::s" "ARCHIVER=arm-none-eabi-ar" "COMPILER_FLAGS=  -O2 -c" "EXTRA_COMPILER_FLAGS=-mcpu=cortex-a9 -mfpu=vfpv3 -mfloat-abi=hard -no
TRACE::2026-08-19.17:44:27::SCWBDomain::startfiles -g -Wall -Wextra -fno-tree-loop-distribute-patterns"

TRACE::2026-08-19.17:44:27::SCWBDomain::"Running Make include in ps7_cortexa9_0/libsrc/scuwdt_v2_6/src"

TRACE::2026-08-19.17:44:27::SCWBDomain::make -C ps7_cortexa9_0/libsrc/scuwdt_v2_6/src -s include  "SHELL=CMD" "COMPILER=arm-none-eabi-gcc" "ASSEMBLER=arm-none-eabi-as"
TRACE::2026-08-19.17:44:27::SCWBDomain:: "ARCHIVER=arm-none-eabi-ar" "COMPILER_FLAGS=  -O2 -c" "EXTRA_COMPILER_FLAGS=-mcpu=cortex-a9 -mfpu=vfpv3 -mfloat-abi=hard -nost
TRACE::2026-08-19.17:44:27::SCWBDomain::artfiles -g -Wall -Wextra -fno-tree-loop-distribute-patterns"

TRACE::2026-08-19.17:44:27::SCWBDomain::"Running Make include in ps7_cortexa9_0/libsrc/sdps_v4_4/src"

TRACE::2026-08-19.17:44:27::SCWBDomain::make -C ps7_cortexa9_0/libsrc/sdps_v4_4/src -s include  "SHELL=CMD" "COMPILER=arm-none-eabi-gcc" "ASSEMBLER=arm-none-eabi-as" "
TRACE::2026-08-19.17:44:27::SCWBDomain::ARCHIVER=arm-none-eabi-ar" "COMPILER_FLAGS=  -O2 -c" "EXTRA_COMPILER_FLAGS=-mcpu=cortex-a9 -mfpu=vfpv3 -mfloat-abi=hard -nostar
TRACE::2026-08-19.17:44:27::SCWBDomain::tfiles -g -Wall -Wextra -fno-tree-loop-distribute-patterns"

TRACE::2026-08-19.17:44:27::SCWBDomain::"Running Make include in ps7_cortexa9_0/libsrc/standalone_v9_2/src"

TRACE::2026-08-19.17:44:27::SCWBDomain::make -C ps7_cortexa9_0/libsrc/standalone_v9_2/src -s include  "SHELL=CMD" "COMPILER=arm-none-eabi-gcc" "ASSEMBLER=arm-none-eabi
TRACE::2026-08-19.17:44:27::SCWBDomain::-as" "ARCHIVER=arm-none-eabi-ar" "COMPILER_FLAGS=  -O2 -c" "EXTRA_COMPILER_FLAGS=-mcpu=cortex-a9 -mfpu=vfpv3 -mfloat-abi=hard -
TRACE::2026-08-19.17:44:27::SCWBDomain::nostartfiles -g -Wall -Wextra -fno-tree-loop-distribute-patterns"

TRACE::2026-08-19.17:44:30::SCWBDomain::"Running Make include in ps7_cortexa9_0/libsrc/uartps_v3_15/src"

TRACE::2026-08-19.17:44:30::SCWBDomain::make -C ps7_cortexa9_0/libsrc/uartps_v3_15/src -s include  "SHELL=CMD" "COMPILER=arm-none-eabi-gcc" "ASSEMBLER=arm-none-eabi-as
TRACE::2026-08-19.17:44:30::SCWBDomain::" "ARCHIVER=arm-none-eabi-ar" "COMPILER_FLAGS=  -O2 -c" "EXTRA_COMPILER_FLAGS=-mcpu=cortex-a9 -mfpu=vfpv3 -mfloat-abi=hard -nos
TRACE::2026-08-19.17:44:30::SCWBDomain::tartfiles -g -Wall -Wextra -fno-tree-loop-distribute-patterns"

TRACE::2026-08-19.17:44:30::SCWBDomain::"Running Make include in ps7_cortexa9_0/libsrc/usbps_v2_9/src"

TRACE::2026-08-19.17:44:30::SCWBDomain::make -C ps7_cortexa9_0/libsrc/usbps_v2_9/src -s include  "SHELL=CMD" "COMPILER=arm-none-eabi-gcc" "ASSEMBLER=arm-none-eabi-as" 
TRACE::2026-08-19.17:44:30::SCWBDomain::"ARCHIVER=arm-none-eabi-ar" "COMPILER_FLAGS=  -O2 -c" "EXTRA_COMPILER_FLAGS=-mcpu=cortex-a9 -mfpu=vfpv3 -mfloat-abi=hard -nosta
TRACE::2026-08-19.17:44:30::SCWBDomain::rtfiles -g -Wall -Wextra -fno-tree-loop-distribute-patterns"

TRACE::2026-08-19.17:44:30::SCWBDomain::"Running Make include in ps7_cortexa9_0/libsrc/xadcps_v2_7/src"

TRACE::2026-08-19.17:44:30::SCWBDomain::make -C ps7_cortexa9_0/libsrc/xadcps_v2_7/src -s include  "SHELL=CMD" "COMPILER=arm-none-eabi-gcc" "ASSEMBLER=arm-none-eabi-as"
TRACE::2026-08-19.17:44:30::SCWBDomain:: "ARCHIVER=arm-none-eabi-ar" "COMPILER_FLAGS=  -O2 -c" "EXTRA_COMPILER_FLAGS=-mcpu=cortex-a9 -mfpu=vfpv3 -mfloat-abi=hard -nost
TRACE::2026-08-19.17:44:30::SCWBDomain::artfiles -g -Wall -Wextra -fno-tree-loop-distribute-patterns"

TRACE::2026-08-19.17:44:30::SCWBDomain::"Running Make include in ps7_cortexa9_0/libsrc/xilffs_v5_3/src"

TRACE::2026-08-19.17:44:30::SCWBDomain::make -C ps7_cortexa9_0/libsrc/xilffs_v5_3/src -s include  "SHELL=CMD" "COMPILER=arm-none-eabi-gcc" "ASSEMBLER=arm-none-eabi-as"
TRACE::2026-08-19.17:44:30::SCWBDomain:: "ARCHIVER=arm-none-eabi-ar" "COMPILER_FLAGS=  -O2 -c" "EXTRA_COMPILER_FLAGS=-mcpu=cortex-a9 -mfpu=vfpv3 -mfloat-abi=hard -nost
TRACE::2026-08-19.17:44:30::SCWBDomain::artfiles -g -Wall -Wextra -fno-tree-loop-distribute-patterns"

TRACE::2026-08-19.17:44:30::SCWBDomain::"Running Make include in ps7_cortexa9_0/libsrc/xilrsa_v1_8/src"

TRACE::2026-08-19.17:44:30::SCWBDomain::make -C ps7_cortexa9_0/libsrc/xilrsa_v1_8/src -s include  "SHELL=CMD" "COMPILER=arm-none-eabi-gcc" "ASSEMBLER=arm-none-eabi-as"
TRACE::2026-08-19.17:44:30::SCWBDomain:: "ARCHIVER=arm-none-eabi-ar" "COMPILER_FLAGS=  -O2 -c" "EXTRA_COMPILER_FLAGS=-mcpu=cortex-a9 -mfpu=vfpv3 -mfloat-abi=hard -nost
TRACE::2026-08-19.17:44:30::SCWBDomain::artfiles -g -Wall -Wextra -fno-tree-loop-distribute-patterns"

TRACE::2026-08-19.17:44:31::SCWBDomain::"Running Make libs in ps7_cortexa9_0/libsrc/AddCycle_Acquisition_v1_0/src"

TRACE::2026-08-19.17:44:31::SCWBDomain::make -C ps7_cortexa9_0/libsrc/AddCycle_Acquisition_v1_0/src -s libs  "SHELL=CMD" "COMPILER=arm-none-eabi-gcc" "ASSEMBLER=arm-no
TRACE::2026-08-19.17:44:31::SCWBDomain::ne-eabi-as" "ARCHIVER=arm-none-eabi-ar" "COMPILER_FLAGS=  -O2 -c" "EXTRA_COMPILER_FLAGS=-mcpu=cortex-a9 -mfpu=vfpv3 -mfloat-abi
TRACE::2026-08-19.17:44:31::SCWBDomain::=hard -nostartfiles -g -Wall -Wextra -fno-tree-loop-distribute-patterns"

TRACE::2026-08-19.17:44:31::SCWBDomain::"Compiling AddCycle_Acquisition..."

TRACE::2026-08-19.17:44:31::SCWBDomain::"Running Make libs in ps7_cortexa9_0/libsrc/xilrsa_v1_8/src"

TRACE::2026-08-19.17:44:31::SCWBDomain::make -C ps7_cortexa9_0/libsrc/xilrsa_v1_8/src -s libs  "SHELL=CMD" "COMPILER=arm-none-eabi-gcc" "ASSEMBLER=arm-none-eabi-as" "A
TRACE::2026-08-19.17:44:31::SCWBDomain::RCHIVER=arm-none-eabi-ar" "COMPILER_FLAGS=  -O2 -c" "EXTRA_COMPILER_FLAGS=-mcpu=cortex-a9 -mfpu=vfpv3 -mfloat-abi=hard -nostart
TRACE::2026-08-19.17:44:31::SCWBDomain::files -g -Wall -Wextra -fno-tree-loop-distribute-patterns"

TRACE::2026-08-19.17:44:31::SCWBDomain::'Finished building libraries sequentially.'

TRACE::2026-08-19.17:44:31::SCWBDomain::make -j 2 --no-print-directory par_libs

TRACE::2026-08-19.17:44:31::SCWBDomain::"Running Make include in ps7_cortexa9_0/libsrc/AddCycle_Acquisition_v1_0/src"

TRACE::2026-08-19.17:44:31::SCWBDomain::make -C ps7_cortexa9_0/libsrc/AddCycle_Acquisition_v1_0/src -s include  "SHELL=CMD" "COMPILER=arm-none-eabi-gcc" "ASSEMBLER=arm
TRACE::2026-08-19.17:44:31::SCWBDomain::-none-eabi-as" "ARCHIVER=arm-none-eabi-ar" "COMPILER_FLAGS=  -O2 -c" "EXTRA_COMPILER_FLAGS=-mcpu=cortex-a9 -mfpu=vfpv3 -mfloat-
TRACE::2026-08-19.17:44:31::SCWBDomain::abi=hard -nostartfiles -g -Wall -Wextra -fno-tree-loop-distribute-patterns"

TRACE::2026-08-19.17:44:31::SCWBDomain::"Running Make include in ps7_cortexa9_0/libsrc/axidma_v9_19/src"

TRACE::2026-08-19.17:44:31::SCWBDomain::make -C ps7_cortexa9_0/libsrc/axidma_v9_19/src -s include  "SHELL=CMD" "COMPILER=arm-none-eabi-gcc" "ASSEMBLER=arm-none-eabi-as
TRACE::2026-08-19.17:44:31::SCWBDomain::" "ARCHIVER=arm-none-eabi-ar" "COMPILER_FLAGS=  -O2 -c" "EXTRA_COMPILER_FLAGS=-mcpu=cortex-a9 -mfpu=vfpv3 -mfloat-abi=hard -nos
TRACE::2026-08-19.17:44:31::SCWBDomain::tartfiles -g -Wall -Wextra -fno-tree-loop-distribute-patterns"

TRACE::2026-08-19.17:44:31::SCWBDomain::"Running Make include in ps7_cortexa9_0/libsrc/canps_v3_9/src"

TRACE::2026-08-19.17:44:31::SCWBDomain::make -C ps7_cortexa9_0/libsrc/canps_v3_9/src -s include  "SHELL=CMD" "COMPILER=arm-none-eabi-gcc" "ASSEMBLER=arm-none-eabi-as" 
TRACE::2026-08-19.17:44:31::SCWBDomain::"ARCHIVER=arm-none-eabi-ar" "COMPILER_FLAGS=  -O2 -c" "EXTRA_COMPILER_FLAGS=-mcpu=cortex-a9 -mfpu=vfpv3 -mfloat-abi=hard -nosta
TRACE::2026-08-19.17:44:31::SCWBDomain::rtfiles -g -Wall -Wextra -fno-tree-loop-distribute-patterns"

TRACE::2026-08-19.17:44:31::SCWBDomain::"Running Make include in ps7_cortexa9_0/libsrc/coresightps_dcc_v1_11/src"

TRACE::2026-08-19.17:44:32::SCWBDomain::make -C ps7_cortexa9_0/libsrc/coresightps_dcc_v1_11/src -s include  "SHELL=CMD" "COMPILER=arm-none-eabi-gcc" "ASSEMBLER=arm-non
TRACE::2026-08-19.17:44:32::SCWBDomain::e-eabi-as" "ARCHIVER=arm-none-eabi-ar" "COMPILER_FLAGS=  -O2 -c" "EXTRA_COMPILER_FLAGS=-mcpu=cortex-a9 -mfpu=vfpv3 -mfloat-abi=
TRACE::2026-08-19.17:44:32::SCWBDomain::hard -nostartfiles -g -Wall -Wextra -fno-tree-loop-distribute-patterns"

TRACE::2026-08-19.17:44:32::SCWBDomain::"Running Make include in ps7_cortexa9_0/libsrc/cpu_cortexa9_v2_12/src"

TRACE::2026-08-19.17:44:32::SCWBDomain::make -C ps7_cortexa9_0/libsrc/cpu_cortexa9_v2_12/src -s include  "SHELL=CMD" "COMPILER=arm-none-eabi-gcc" "ASSEMBLER=arm-none-e
TRACE::2026-08-19.17:44:32::SCWBDomain::abi-as" "ARCHIVER=arm-none-eabi-ar" "COMPILER_FLAGS=  -O2 -c" "EXTRA_COMPILER_FLAGS=-mcpu=cortex-a9 -mfpu=vfpv3 -mfloat-abi=har
TRACE::2026-08-19.17:44:32::SCWBDomain::d -nostartfiles -g -Wall -Wextra -fno-tree-loop-distribute-patterns"

TRACE::2026-08-19.17:44:32::SCWBDomain::"Running Make include in ps7_cortexa9_0/libsrc/ddrps_v1_2/src"

TRACE::2026-08-19.17:44:32::SCWBDomain::make -C ps7_cortexa9_0/libsrc/ddrps_v1_2/src -s include  "SHELL=CMD" "COMPILER=arm-none-eabi-gcc" "ASSEMBLER=arm-none-eabi-as" 
TRACE::2026-08-19.17:44:32::SCWBDomain::"ARCHIVER=arm-none-eabi-ar" "COMPILER_FLAGS=  -O2 -c" "EXTRA_COMPILER_FLAGS=-mcpu=cortex-a9 -mfpu=vfpv3 -mfloat-abi=hard -nosta
TRACE::2026-08-19.17:44:32::SCWBDomain::rtfiles -g -Wall -Wextra -fno-tree-loop-distribute-patterns"

TRACE::2026-08-19.17:44:32::SCWBDomain::"Running Make include in ps7_cortexa9_0/libsrc/devcfg_v3_8/src"

TRACE::2026-08-19.17:44:32::SCWBDomain::make -C ps7_cortexa9_0/libsrc/devcfg_v3_8/src -s include  "SHELL=CMD" "COMPILER=arm-none-eabi-gcc" "ASSEMBLER=arm-none-eabi-as"
TRACE::2026-08-19.17:44:32::SCWBDomain:: "ARCHIVER=arm-none-eabi-ar" "COMPILER_FLAGS=  -O2 -c" "EXTRA_COMPILER_FLAGS=-mcpu=cortex-a9 -mfpu=vfpv3 -mfloat-abi=hard -nost
TRACE::2026-08-19.17:44:32::SCWBDomain::artfiles -g -Wall -Wextra -fno-tree-loop-distribute-patterns"

TRACE::2026-08-19.17:44:32::SCWBDomain::"Running Make include in ps7_cortexa9_0/libsrc/dmaps_v2_11/src"

TRACE::2026-08-19.17:44:32::SCWBDomain::make -C ps7_cortexa9_0/libsrc/dmaps_v2_11/src -s include  "SHELL=CMD" "COMPILER=arm-none-eabi-gcc" "ASSEMBLER=arm-none-eabi-as"
TRACE::2026-08-19.17:44:32::SCWBDomain:: "ARCHIVER=arm-none-eabi-ar" "COMPILER_FLAGS=  -O2 -c" "EXTRA_COMPILER_FLAGS=-mcpu=cortex-a9 -mfpu=vfpv3 -mfloat-abi=hard -nost
TRACE::2026-08-19.17:44:32::SCWBDomain::artfiles -g -Wall -Wextra -fno-tree-loop-distribute-patterns"

TRACE::2026-08-19.17:44:32::SCWBDomain::"Running Make include in ps7_cortexa9_0/libsrc/emacps_v3_21/src"

TRACE::2026-08-19.17:44:32::SCWBDomain::make -C ps7_cortexa9_0/libsrc/emacps_v3_21/src -s include  "SHELL=CMD" "COMPILER=arm-none-eabi-gcc" "ASSEMBLER=arm-none-eabi-as
TRACE::2026-08-19.17:44:32::SCWBDomain::" "ARCHIVER=arm-none-eabi-ar" "COMPILER_FLAGS=  -O2 -c" "EXTRA_COMPILER_FLAGS=-mcpu=cortex-a9 -mfpu=vfpv3 -mfloat-abi=hard -nos
TRACE::2026-08-19.17:44:32::SCWBDomain::tartfiles -g -Wall -Wextra -fno-tree-loop-distribute-patterns"

TRACE::2026-08-19.17:44:32::SCWBDomain::"Running Make include in ps7_cortexa9_0/libsrc/gpiops_v3_13/src"

TRACE::2026-08-19.17:44:32::SCWBDomain::make -C ps7_cortexa9_0/libsrc/gpiops_v3_13/src -s include  "SHELL=CMD" "COMPILER=arm-none-eabi-gcc" "ASSEMBLER=arm-none-eabi-as
TRACE::2026-08-19.17:44:32::SCWBDomain::" "ARCHIVER=arm-none-eabi-ar" "COMPILER_FLAGS=  -O2 -c" "EXTRA_COMPILER_FLAGS=-mcpu=cortex-a9 -mfpu=vfpv3 -mfloat-abi=hard -nos
TRACE::2026-08-19.17:44:32::SCWBDomain::tartfiles -g -Wall -Wextra -fno-tree-loop-distribute-patterns"

TRACE::2026-08-19.17:44:32::SCWBDomain::"Running Make include in ps7_cortexa9_0/libsrc/qspips_v3_13/src"

TRACE::2026-08-19.17:44:32::SCWBDomain::make -C ps7_cortexa9_0/libsrc/qspips_v3_13/src -s include  "SHELL=CMD" "COMPILER=arm-none-eabi-gcc" "ASSEMBLER=arm-none-eabi-as
TRACE::2026-08-19.17:44:32::SCWBDomain::" "ARCHIVER=arm-none-eabi-ar" "COMPILER_FLAGS=  -O2 -c" "EXTRA_COMPILER_FLAGS=-mcpu=cortex-a9 -mfpu=vfpv3 -mfloat-abi=hard -nos
TRACE::2026-08-19.17:44:32::SCWBDomain::tartfiles -g -Wall -Wextra -fno-tree-loop-distribute-patterns"

TRACE::2026-08-19.17:44:32::SCWBDomain::"Running Make include in ps7_cortexa9_0/libsrc/scugic_v5_4/src"

TRACE::2026-08-19.17:44:32::SCWBDomain::make -C ps7_cortexa9_0/libsrc/scugic_v5_4/src -s include  "SHELL=CMD" "COMPILER=arm-none-eabi-gcc" "ASSEMBLER=arm-none-eabi-as"
TRACE::2026-08-19.17:44:32::SCWBDomain:: "ARCHIVER=arm-none-eabi-ar" "COMPILER_FLAGS=  -O2 -c" "EXTRA_COMPILER_FLAGS=-mcpu=cortex-a9 -mfpu=vfpv3 -mfloat-abi=hard -nost
TRACE::2026-08-19.17:44:32::SCWBDomain::artfiles -g -Wall -Wextra -fno-tree-loop-distribute-patterns"

TRACE::2026-08-19.17:44:32::SCWBDomain::"Running Make include in ps7_cortexa9_0/libsrc/scutimer_v2_6/src"

TRACE::2026-08-19.17:44:32::SCWBDomain::make -C ps7_cortexa9_0/libsrc/scutimer_v2_6/src -s include  "SHELL=CMD" "COMPILER=arm-none-eabi-gcc" "ASSEMBLER=arm-none-eabi-a
TRACE::2026-08-19.17:44:32::SCWBDomain::s" "ARCHIVER=arm-none-eabi-ar" "COMPILER_FLAGS=  -O2 -c" "EXTRA_COMPILER_FLAGS=-mcpu=cortex-a9 -mfpu=vfpv3 -mfloat-abi=hard -no
TRACE::2026-08-19.17:44:32::SCWBDomain::startfiles -g -Wall -Wextra -fno-tree-loop-distribute-patterns"

TRACE::2026-08-19.17:44:32::SCWBDomain::"Running Make include in ps7_cortexa9_0/libsrc/scuwdt_v2_6/src"

TRACE::2026-08-19.17:44:32::SCWBDomain::make -C ps7_cortexa9_0/libsrc/scuwdt_v2_6/src -s include  "SHELL=CMD" "COMPILER=arm-none-eabi-gcc" "ASSEMBLER=arm-none-eabi-as"
TRACE::2026-08-19.17:44:32::SCWBDomain:: "ARCHIVER=arm-none-eabi-ar" "COMPILER_FLAGS=  -O2 -c" "EXTRA_COMPILER_FLAGS=-mcpu=cortex-a9 -mfpu=vfpv3 -mfloat-abi=hard -nost
TRACE::2026-08-19.17:44:32::SCWBDomain::artfiles -g -Wall -Wextra -fno-tree-loop-distribute-patterns"

TRACE::2026-08-19.17:44:32::SCWBDomain::"Running Make include in ps7_cortexa9_0/libsrc/sdps_v4_4/src"

TRACE::2026-08-19.17:44:32::SCWBDomain::make -C ps7_cortexa9_0/libsrc/sdps_v4_4/src -s include  "SHELL=CMD" "COMPILER=arm-none-eabi-gcc" "ASSEMBLER=arm-none-eabi-as" "
TRACE::2026-08-19.17:44:32::SCWBDomain::ARCHIVER=arm-none-eabi-ar" "COMPILER_FLAGS=  -O2 -c" "EXTRA_COMPILER_FLAGS=-mcpu=cortex-a9 -mfpu=vfpv3 -mfloat-abi=hard -nostar
TRACE::2026-08-19.17:44:32::SCWBDomain::tfiles -g -Wall -Wextra -fno-tree-loop-distribute-patterns"

TRACE::2026-08-19.17:44:32::SCWBDomain::"Running Make include in ps7_cortexa9_0/libsrc/standalone_v9_2/src"

TRACE::2026-08-19.17:44:32::SCWBDomain::make -C ps7_cortexa9_0/libsrc/standalone_v9_2/src -s include  "SHELL=CMD" "COMPILER=arm-none-eabi-gcc" "ASSEMBLER=arm-none-eabi
TRACE::2026-08-19.17:44:32::SCWBDomain::-as" "ARCHIVER=arm-none-eabi-ar" "COMPILER_FLAGS=  -O2 -c" "EXTRA_COMPILER_FLAGS=-mcpu=cortex-a9 -mfpu=vfpv3 -mfloat-abi=hard -
TRACE::2026-08-19.17:44:32::SCWBDomain::nostartfiles -g -Wall -Wextra -fno-tree-loop-distribute-patterns"

TRACE::2026-08-19.17:44:32::SCWBDomain::"Running Make include in ps7_cortexa9_0/libsrc/uartps_v3_15/src"

TRACE::2026-08-19.17:44:32::SCWBDomain::make -C ps7_cortexa9_0/libsrc/uartps_v3_15/src -s include  "SHELL=CMD" "COMPILER=arm-none-eabi-gcc" "ASSEMBLER=arm-none-eabi-as
TRACE::2026-08-19.17:44:32::SCWBDomain::" "ARCHIVER=arm-none-eabi-ar" "COMPILER_FLAGS=  -O2 -c" "EXTRA_COMPILER_FLAGS=-mcpu=cortex-a9 -mfpu=vfpv3 -mfloat-abi=hard -nos
TRACE::2026-08-19.17:44:32::SCWBDomain::tartfiles -g -Wall -Wextra -fno-tree-loop-distribute-patterns"

TRACE::2026-08-19.17:44:32::SCWBDomain::"Running Make include in ps7_cortexa9_0/libsrc/usbps_v2_9/src"

TRACE::2026-08-19.17:44:32::SCWBDomain::make -C ps7_cortexa9_0/libsrc/usbps_v2_9/src -s include  "SHELL=CMD" "COMPILER=arm-none-eabi-gcc" "ASSEMBLER=arm-none-eabi-as" 
TRACE::2026-08-19.17:44:32::SCWBDomain::"ARCHIVER=arm-none-eabi-ar" "COMPILER_FLAGS=  -O2 -c" "EXTRA_COMPILER_FLAGS=-mcpu=cortex-a9 -mfpu=vfpv3 -mfloat-abi=hard -nosta
TRACE::2026-08-19.17:44:32::SCWBDomain::rtfiles -g -Wall -Wextra -fno-tree-loop-distribute-patterns"

TRACE::2026-08-19.17:44:32::SCWBDomain::"Running Make include in ps7_cortexa9_0/libsrc/xadcps_v2_7/src"

TRACE::2026-08-19.17:44:32::SCWBDomain::make -C ps7_cortexa9_0/libsrc/xadcps_v2_7/src -s include  "SHELL=CMD" "COMPILER=arm-none-eabi-gcc" "ASSEMBLER=arm-none-eabi-as"
TRACE::2026-08-19.17:44:32::SCWBDomain:: "ARCHIVER=arm-none-eabi-ar" "COMPILER_FLAGS=  -O2 -c" "EXTRA_COMPILER_FLAGS=-mcpu=cortex-a9 -mfpu=vfpv3 -mfloat-abi=hard -nost
TRACE::2026-08-19.17:44:32::SCWBDomain::artfiles -g -Wall -Wextra -fno-tree-loop-distribute-patterns"

TRACE::2026-08-19.17:44:33::SCWBDomain::"Running Make include in ps7_cortexa9_0/libsrc/xilffs_v5_3/src"

TRACE::2026-08-19.17:44:33::SCWBDomain::make -C ps7_cortexa9_0/libsrc/xilffs_v5_3/src -s include  "SHELL=CMD" "COMPILER=arm-none-eabi-gcc" "ASSEMBLER=arm-none-eabi-as"
TRACE::2026-08-19.17:44:33::SCWBDomain:: "ARCHIVER=arm-none-eabi-ar" "COMPILER_FLAGS=  -O2 -c" "EXTRA_COMPILER_FLAGS=-mcpu=cortex-a9 -mfpu=vfpv3 -mfloat-abi=hard -nost
TRACE::2026-08-19.17:44:33::SCWBDomain::artfiles -g -Wall -Wextra -fno-tree-loop-distribute-patterns"

TRACE::2026-08-19.17:44:33::SCWBDomain::"Running Make include in ps7_cortexa9_0/libsrc/xilrsa_v1_8/src"

TRACE::2026-08-19.17:44:33::SCWBDomain::make -C ps7_cortexa9_0/libsrc/xilrsa_v1_8/src -s include  "SHELL=CMD" "COMPILER=arm-none-eabi-gcc" "ASSEMBLER=arm-none-eabi-as"
TRACE::2026-08-19.17:44:33::SCWBDomain:: "ARCHIVER=arm-none-eabi-ar" "COMPILER_FLAGS=  -O2 -c" "EXTRA_COMPILER_FLAGS=-mcpu=cortex-a9 -mfpu=vfpv3 -mfloat-abi=hard -nost
TRACE::2026-08-19.17:44:33::SCWBDomain::artfiles -g -Wall -Wextra -fno-tree-loop-distribute-patterns"

TRACE::2026-08-19.17:44:33::SCWBDomain::"Running Make libs in ps7_cortexa9_0/libsrc/axidma_v9_19/src"

TRACE::2026-08-19.17:44:33::SCWBDomain::make -C ps7_cortexa9_0/libsrc/axidma_v9_19/src -s libs  "SHELL=CMD" "COMPILER=arm-none-eabi-gcc" "ASSEMBLER=arm-none-eabi-as" "
TRACE::2026-08-19.17:44:33::SCWBDomain::ARCHIVER=arm-none-eabi-ar" "COMPILER_FLAGS=  -O2 -c" "EXTRA_COMPILER_FLAGS=-mcpu=cortex-a9 -mfpu=vfpv3 -mfloat-abi=hard -nostar
TRACE::2026-08-19.17:44:33::SCWBDomain::tfiles -g -Wall -Wextra -fno-tree-loop-distribute-patterns"

TRACE::2026-08-19.17:44:33::SCWBDomain::"Running Make libs in ps7_cortexa9_0/libsrc/canps_v3_9/src"

TRACE::2026-08-19.17:44:33::SCWBDomain::make -C ps7_cortexa9_0/libsrc/canps_v3_9/src -s libs  "SHELL=CMD" "COMPILER=arm-none-eabi-gcc" "ASSEMBLER=arm-none-eabi-as" "AR
TRACE::2026-08-19.17:44:33::SCWBDomain::CHIVER=arm-none-eabi-ar" "COMPILER_FLAGS=  -O2 -c" "EXTRA_COMPILER_FLAGS=-mcpu=cortex-a9 -mfpu=vfpv3 -mfloat-abi=hard -nostartf
TRACE::2026-08-19.17:44:33::SCWBDomain::iles -g -Wall -Wextra -fno-tree-loop-distribute-patterns"

TRACE::2026-08-19.17:44:34::SCWBDomain::"Running Make libs in ps7_cortexa9_0/libsrc/coresightps_dcc_v1_11/src"

TRACE::2026-08-19.17:44:34::SCWBDomain::make -C ps7_cortexa9_0/libsrc/coresightps_dcc_v1_11/src -s libs  "SHELL=CMD" "COMPILER=arm-none-eabi-gcc" "ASSEMBLER=arm-none-e
TRACE::2026-08-19.17:44:34::SCWBDomain::abi-as" "ARCHIVER=arm-none-eabi-ar" "COMPILER_FLAGS=  -O2 -c" "EXTRA_COMPILER_FLAGS=-mcpu=cortex-a9 -mfpu=vfpv3 -mfloat-abi=har
TRACE::2026-08-19.17:44:34::SCWBDomain::d -nostartfiles -g -Wall -Wextra -fno-tree-loop-distribute-patterns"

TRACE::2026-08-19.17:44:34::SCWBDomain::"Running Make libs in ps7_cortexa9_0/libsrc/cpu_cortexa9_v2_12/src"

TRACE::2026-08-19.17:44:34::SCWBDomain::make -C ps7_cortexa9_0/libsrc/cpu_cortexa9_v2_12/src -s libs  "SHELL=CMD" "COMPILER=arm-none-eabi-gcc" "ASSEMBLER=arm-none-eabi
TRACE::2026-08-19.17:44:34::SCWBDomain::-as" "ARCHIVER=arm-none-eabi-ar" "COMPILER_FLAGS=  -O2 -c" "EXTRA_COMPILER_FLAGS=-mcpu=cortex-a9 -mfpu=vfpv3 -mfloat-abi=hard -
TRACE::2026-08-19.17:44:34::SCWBDomain::nostartfiles -g -Wall -Wextra -fno-tree-loop-distribute-patterns"

TRACE::2026-08-19.17:44:35::SCWBDomain::"Running Make libs in ps7_cortexa9_0/libsrc/ddrps_v1_2/src"

TRACE::2026-08-19.17:44:35::SCWBDomain::make -C ps7_cortexa9_0/libsrc/ddrps_v1_2/src -s libs  "SHELL=CMD" "COMPILER=arm-none-eabi-gcc" "ASSEMBLER=arm-none-eabi-as" "AR
TRACE::2026-08-19.17:44:35::SCWBDomain::CHIVER=arm-none-eabi-ar" "COMPILER_FLAGS=  -O2 -c" "EXTRA_COMPILER_FLAGS=-mcpu=cortex-a9 -mfpu=vfpv3 -mfloat-abi=hard -nostartf
TRACE::2026-08-19.17:44:35::SCWBDomain::iles -g -Wall -Wextra -fno-tree-loop-distribute-patterns"

TRACE::2026-08-19.17:44:35::SCWBDomain::"Running Make libs in ps7_cortexa9_0/libsrc/devcfg_v3_8/src"

TRACE::2026-08-19.17:44:35::SCWBDomain::make -C ps7_cortexa9_0/libsrc/devcfg_v3_8/src -s libs  "SHELL=CMD" "COMPILER=arm-none-eabi-gcc" "ASSEMBLER=arm-none-eabi-as" "A
TRACE::2026-08-19.17:44:35::SCWBDomain::RCHIVER=arm-none-eabi-ar" "COMPILER_FLAGS=  -O2 -c" "EXTRA_COMPILER_FLAGS=-mcpu=cortex-a9 -mfpu=vfpv3 -mfloat-abi=hard -nostart
TRACE::2026-08-19.17:44:35::SCWBDomain::files -g -Wall -Wextra -fno-tree-loop-distribute-patterns"

TRACE::2026-08-19.17:44:35::SCWBDomain::"Running Make libs in ps7_cortexa9_0/libsrc/dmaps_v2_11/src"

TRACE::2026-08-19.17:44:35::SCWBDomain::make -C ps7_cortexa9_0/libsrc/dmaps_v2_11/src -s libs  "SHELL=CMD" "COMPILER=arm-none-eabi-gcc" "ASSEMBLER=arm-none-eabi-as" "A
TRACE::2026-08-19.17:44:35::SCWBDomain::RCHIVER=arm-none-eabi-ar" "COMPILER_FLAGS=  -O2 -c" "EXTRA_COMPILER_FLAGS=-mcpu=cortex-a9 -mfpu=vfpv3 -mfloat-abi=hard -nostart
TRACE::2026-08-19.17:44:35::SCWBDomain::files -g -Wall -Wextra -fno-tree-loop-distribute-patterns"

TRACE::2026-08-19.17:44:36::SCWBDomain::"Running Make libs in ps7_cortexa9_0/libsrc/emacps_v3_21/src"

TRACE::2026-08-19.17:44:36::SCWBDomain::make -C ps7_cortexa9_0/libsrc/emacps_v3_21/src -s libs  "SHELL=CMD" "COMPILER=arm-none-eabi-gcc" "ASSEMBLER=arm-none-eabi-as" "
TRACE::2026-08-19.17:44:36::SCWBDomain::ARCHIVER=arm-none-eabi-ar" "COMPILER_FLAGS=  -O2 -c" "EXTRA_COMPILER_FLAGS=-mcpu=cortex-a9 -mfpu=vfpv3 -mfloat-abi=hard -nostar
TRACE::2026-08-19.17:44:36::SCWBDomain::tfiles -g -Wall -Wextra -fno-tree-loop-distribute-patterns"

TRACE::2026-08-19.17:44:36::SCWBDomain::"Running Make libs in ps7_cortexa9_0/libsrc/gpiops_v3_13/src"

TRACE::2026-08-19.17:44:36::SCWBDomain::make -C ps7_cortexa9_0/libsrc/gpiops_v3_13/src -s libs  "SHELL=CMD" "COMPILER=arm-none-eabi-gcc" "ASSEMBLER=arm-none-eabi-as" "
TRACE::2026-08-19.17:44:36::SCWBDomain::ARCHIVER=arm-none-eabi-ar" "COMPILER_FLAGS=  -O2 -c" "EXTRA_COMPILER_FLAGS=-mcpu=cortex-a9 -mfpu=vfpv3 -mfloat-abi=hard -nostar
TRACE::2026-08-19.17:44:36::SCWBDomain::tfiles -g -Wall -Wextra -fno-tree-loop-distribute-patterns"

TRACE::2026-08-19.17:44:38::SCWBDomain::"Running Make libs in ps7_cortexa9_0/libsrc/qspips_v3_13/src"

TRACE::2026-08-19.17:44:38::SCWBDomain::make -C ps7_cortexa9_0/libsrc/qspips_v3_13/src -s libs  "SHELL=CMD" "COMPILER=arm-none-eabi-gcc" "ASSEMBLER=arm-none-eabi-as" "
TRACE::2026-08-19.17:44:38::SCWBDomain::ARCHIVER=arm-none-eabi-ar" "COMPILER_FLAGS=  -O2 -c" "EXTRA_COMPILER_FLAGS=-mcpu=cortex-a9 -mfpu=vfpv3 -mfloat-abi=hard -nostar
TRACE::2026-08-19.17:44:38::SCWBDomain::tfiles -g -Wall -Wextra -fno-tree-loop-distribute-patterns"

TRACE::2026-08-19.17:44:38::SCWBDomain::"Running Make libs in ps7_cortexa9_0/libsrc/scugic_v5_4/src"

TRACE::2026-08-19.17:44:38::SCWBDomain::make -C ps7_cortexa9_0/libsrc/scugic_v5_4/src -s libs  "SHELL=CMD" "COMPILER=arm-none-eabi-gcc" "ASSEMBLER=arm-none-eabi-as" "A
TRACE::2026-08-19.17:44:38::SCWBDomain::RCHIVER=arm-none-eabi-ar" "COMPILER_FLAGS=  -O2 -c" "EXTRA_COMPILER_FLAGS=-mcpu=cortex-a9 -mfpu=vfpv3 -mfloat-abi=hard -nostart
TRACE::2026-08-19.17:44:38::SCWBDomain::files -g -Wall -Wextra -fno-tree-loop-distribute-patterns"

TRACE::2026-08-19.17:44:40::SCWBDomain::"Running Make libs in ps7_cortexa9_0/libsrc/scutimer_v2_6/src"

TRACE::2026-08-19.17:44:40::SCWBDomain::make -C ps7_cortexa9_0/libsrc/scutimer_v2_6/src -s libs  "SHELL=CMD" "COMPILER=arm-none-eabi-gcc" "ASSEMBLER=arm-none-eabi-as" 
TRACE::2026-08-19.17:44:40::SCWBDomain::"ARCHIVER=arm-none-eabi-ar" "COMPILER_FLAGS=  -O2 -c" "EXTRA_COMPILER_FLAGS=-mcpu=cortex-a9 -mfpu=vfpv3 -mfloat-abi=hard -nosta
TRACE::2026-08-19.17:44:40::SCWBDomain::rtfiles -g -Wall -Wextra -fno-tree-loop-distribute-patterns"

TRACE::2026-08-19.17:44:40::SCWBDomain::"Running Make libs in ps7_cortexa9_0/libsrc/scuwdt_v2_6/src"

TRACE::2026-08-19.17:44:40::SCWBDomain::make -C ps7_cortexa9_0/libsrc/scuwdt_v2_6/src -s libs  "SHELL=CMD" "COMPILER=arm-none-eabi-gcc" "ASSEMBLER=arm-none-eabi-as" "A
TRACE::2026-08-19.17:44:40::SCWBDomain::RCHIVER=arm-none-eabi-ar" "COMPILER_FLAGS=  -O2 -c" "EXTRA_COMPILER_FLAGS=-mcpu=cortex-a9 -mfpu=vfpv3 -mfloat-abi=hard -nostart
TRACE::2026-08-19.17:44:40::SCWBDomain::files -g -Wall -Wextra -fno-tree-loop-distribute-patterns"

TRACE::2026-08-19.17:44:41::SCWBDomain::"Running Make libs in ps7_cortexa9_0/libsrc/sdps_v4_4/src"

TRACE::2026-08-19.17:44:41::SCWBDomain::make -C ps7_cortexa9_0/libsrc/sdps_v4_4/src -s libs  "SHELL=CMD" "COMPILER=arm-none-eabi-gcc" "ASSEMBLER=arm-none-eabi-as" "ARC
TRACE::2026-08-19.17:44:41::SCWBDomain::HIVER=arm-none-eabi-ar" "COMPILER_FLAGS=  -O2 -c" "EXTRA_COMPILER_FLAGS=-mcpu=cortex-a9 -mfpu=vfpv3 -mfloat-abi=hard -nostartfi
TRACE::2026-08-19.17:44:41::SCWBDomain::les -g -Wall -Wextra -fno-tree-loop-distribute-patterns"

TRACE::2026-08-19.17:44:41::SCWBDomain::"Running Make libs in ps7_cortexa9_0/libsrc/standalone_v9_2/src"

TRACE::2026-08-19.17:44:41::SCWBDomain::make -C ps7_cortexa9_0/libsrc/standalone_v9_2/src -s libs  "SHELL=CMD" "COMPILER=arm-none-eabi-gcc" "ASSEMBLER=arm-none-eabi-as
TRACE::2026-08-19.17:44:41::SCWBDomain::" "ARCHIVER=arm-none-eabi-ar" "COMPILER_FLAGS=  -O2 -c" "EXTRA_COMPILER_FLAGS=-mcpu=cortex-a9 -mfpu=vfpv3 -mfloat-abi=hard -nos
TRACE::2026-08-19.17:44:41::SCWBDomain::tartfiles -g -Wall -Wextra -fno-tree-loop-distribute-patterns"

TRACE::2026-08-19.17:44:43::SCWBDomain::"Running Make libs in ps7_cortexa9_0/libsrc/uartps_v3_15/src"

TRACE::2026-08-19.17:44:43::SCWBDomain::make -C ps7_cortexa9_0/libsrc/uartps_v3_15/src -s libs  "SHELL=CMD" "COMPILER=arm-none-eabi-gcc" "ASSEMBLER=arm-none-eabi-as" "
TRACE::2026-08-19.17:44:43::SCWBDomain::ARCHIVER=arm-none-eabi-ar" "COMPILER_FLAGS=  -O2 -c" "EXTRA_COMPILER_FLAGS=-mcpu=cortex-a9 -mfpu=vfpv3 -mfloat-abi=hard -nostar
TRACE::2026-08-19.17:44:43::SCWBDomain::tfiles -g -Wall -Wextra -fno-tree-loop-distribute-patterns"

TRACE::2026-08-19.17:44:45::SCWBDomain::"Running Make libs in ps7_cortexa9_0/libsrc/usbps_v2_9/src"

TRACE::2026-08-19.17:44:45::SCWBDomain::make -C ps7_cortexa9_0/libsrc/usbps_v2_9/src -s libs  "SHELL=CMD" "COMPILER=arm-none-eabi-gcc" "ASSEMBLER=arm-none-eabi-as" "AR
TRACE::2026-08-19.17:44:45::SCWBDomain::CHIVER=arm-none-eabi-ar" "COMPILER_FLAGS=  -O2 -c" "EXTRA_COMPILER_FLAGS=-mcpu=cortex-a9 -mfpu=vfpv3 -mfloat-abi=hard -nostartf
TRACE::2026-08-19.17:44:45::SCWBDomain::iles -g -Wall -Wextra -fno-tree-loop-distribute-patterns"

TRACE::2026-08-19.17:44:47::SCWBDomain::"Running Make libs in ps7_cortexa9_0/libsrc/xadcps_v2_7/src"

TRACE::2026-08-19.17:44:47::SCWBDomain::make -C ps7_cortexa9_0/libsrc/xadcps_v2_7/src -s libs  "SHELL=CMD" "COMPILER=arm-none-eabi-gcc" "ASSEMBLER=arm-none-eabi-as" "A
TRACE::2026-08-19.17:44:47::SCWBDomain::RCHIVER=arm-none-eabi-ar" "COMPILER_FLAGS=  -O2 -c" "EXTRA_COMPILER_FLAGS=-mcpu=cortex-a9 -mfpu=vfpv3 -mfloat-abi=hard -nostart
TRACE::2026-08-19.17:44:47::SCWBDomain::files -g -Wall -Wextra -fno-tree-loop-distribute-patterns"

TRACE::2026-08-19.17:44:48::SCWBDomain::"Running Make libs in ps7_cortexa9_0/libsrc/xilffs_v5_3/src"

TRACE::2026-08-19.17:44:48::SCWBDomain::make -C ps7_cortexa9_0/libsrc/xilffs_v5_3/src -s libs  "SHELL=CMD" "COMPILER=arm-none-eabi-gcc" "ASSEMBLER=arm-none-eabi-as" "A
TRACE::2026-08-19.17:44:48::SCWBDomain::RCHIVER=arm-none-eabi-ar" "COMPILER_FLAGS=  -O2 -c" "EXTRA_COMPILER_FLAGS=-mcpu=cortex-a9 -mfpu=vfpv3 -mfloat-abi=hard -nostart
TRACE::2026-08-19.17:44:48::SCWBDomain::files -g -Wall -Wextra -fno-tree-loop-distribute-patterns"

TRACE::2026-08-19.17:44:51::SCWBDomain::'Finished building libraries parallelly.'

TRACE::2026-08-19.17:44:51::SCWBDomain::make --no-print-directory archive

TRACE::2026-08-19.17:44:51::SCWBDomain::arm-none-eabi-ar -r  ps7_cortexa9_0/lib/libxil.a ps7_cortexa9_0/lib/_exit.o ps7_cortexa9_0/lib/_open.o ps7_cortexa9_0/lib/_sbrk
TRACE::2026-08-19.17:44:51::SCWBDomain::.o ps7_cortexa9_0/lib/abort.o ps7_cortexa9_0/lib/asm_vectors.o ps7_cortexa9_0/lib/boot.o ps7_cortexa9_0/lib/close.o ps7_cortexa
TRACE::2026-08-19.17:44:51::SCWBDomain::9_0/lib/cpputest_time.o ps7_cortexa9_0/lib/cpu_init.o ps7_cortexa9_0/lib/errno.o ps7_cortexa9_0/lib/fcntl.o ps7_cortexa9_0/lib/
TRACE::2026-08-19.17:44:51::SCWBDomain::fstat.o ps7_cortexa9_0/lib/getentropy.o ps7_cortexa9_0/lib/getpid.o ps7_cortexa9_0/lib/gettimeofday.o ps7_cortexa9_0/lib/inbyte
TRACE::2026-08-19.17:44:51::SCWBDomain::.o ps7_cortexa9_0/lib/isatty.o ps7_cortexa9_0/lib/kill.o ps7_cortexa9_0/lib/lseek.o ps7_cortexa9_0/lib/open.o ps7_cortexa9_0/li
TRACE::2026-08-19.17:44:51::SCWBDomain::b/outbyte.o ps7_cortexa9_0/lib/print.o ps7_cortexa9_0/lib/putnum.o ps7_cortexa9_0/lib/read.o ps7_cortexa9_0/lib/sbrk.o ps7_cort
TRACE::2026-08-19.17:44:51::SCWBDomain::exa9_0/lib/sleep.o ps7_cortexa9_0/lib/time.o ps7_cortexa9_0/lib/translation_table.o ps7_cortexa9_0/lib/unlink.o ps7_cortexa9_0/
TRACE::2026-08-19.17:44:51::SCWBDomain::lib/usleep.o ps7_cortexa9_0/lib/vectors.o ps7_cortexa9_0/lib/write.o ps7_cortexa9_0/lib/xadcps.o ps7_cortexa9_0/lib/xadcps_g.o 
TRACE::2026-08-19.17:44:51::SCWBDomain::ps7_cortexa9_0/lib/xadcps_intr.o ps7_cortexa9_0/lib/xadcps_selftest.o ps7_cortexa9_0/lib/xadcps_sinit.o ps7_cortexa9_0/lib/xaxi
TRACE::2026-08-19.17:44:51::SCWBDomain::dma.o ps7_cortexa9_0/lib/xaxidma_bd.o ps7_cortexa9_0/lib/xaxidma_bdring.o ps7_cortexa9_0/lib/xaxidma_g.o ps7_cortexa9_0/lib/xax
TRACE::2026-08-19.17:44:51::SCWBDomain::idma_selftest.o ps7_cortexa9_0/lib/xaxidma_sinit.o ps7_cortexa9_0/lib/xcanps.o ps7_cortexa9_0/lib/xcanps_g.o ps7_cortexa9_0/lib
TRACE::2026-08-19.17:44:51::SCWBDomain::/xcanps_hw.o ps7_cortexa9_0/lib/xcanps_intr.o ps7_cortexa9_0/lib/xcanps_selftest.o ps7_cortexa9_0/lib/xcanps_sinit.o ps7_cortex
TRACE::2026-08-19.17:44:51::SCWBDomain::a9_0/lib/xcoresightpsdcc.o ps7_cortexa9_0/lib/xdevcfg.o ps7_cortexa9_0/lib/xdevcfg_g.o ps7_cortexa9_0/lib/xdevcfg_hw.o ps7_cort
TRACE::2026-08-19.17:44:51::SCWBDomain::exa9_0/lib/xdevcfg_intr.o ps7_cortexa9_0/lib/xdevcfg_selftest.o ps7_cortexa9_0/lib/xdevcfg_sinit.o ps7_cortexa9_0/lib/xdmaps.o 
TRACE::2026-08-19.17:44:51::SCWBDomain::ps7_cortexa9_0/lib/xdmaps_g.o ps7_cortexa9_0/lib/xdmaps_hw.o ps7_cortexa9_0/lib/xdmaps_selftest.o ps7_cortexa9_0/lib/xdmaps_sin
TRACE::2026-08-19.17:44:51::SCWBDomain::it.o ps7_cortexa9_0/lib/xemacps.o ps7_cortexa9_0/lib/xemacps_bdring.o ps7_cortexa9_0/lib/xemacps_control.o ps7_cortexa9_0/lib/x
TRACE::2026-08-19.17:44:51::SCWBDomain::emacps_g.o ps7_cortexa9_0/lib/xemacps_hw.o ps7_cortexa9_0/lib/xemacps_intr.o ps7_cortexa9_0/lib/xemacps_sinit.o ps7_cortexa9_0/
TRACE::2026-08-19.17:44:51::SCWBDomain::lib/xgpiops.o ps7_cortexa9_0/lib/xgpiops_g.o ps7_cortexa9_0/lib/xgpiops_hw.o ps7_cortexa9_0/lib/xgpiops_intr.o ps7_cortexa9_0/l
TRACE::2026-08-19.17:44:51::SCWBDomain::ib/xgpiops_selftest.o ps7_cortexa9_0/lib/xgpiops_sinit.o ps7_cortexa9_0/lib/xil-crt0.o ps7_cortexa9_0/lib/xil_assert.o ps7_cort
TRACE::2026-08-19.17:44:51::SCWBDomain::exa9_0/lib/xil_cache.o ps7_cortexa9_0/lib/xil_clocking.o ps7_cortexa9_0/lib/xil_exception.o ps7_cortexa9_0/lib/xil_mem.o ps7_co
TRACE::2026-08-19.17:44:51::SCWBDomain::rtexa9_0/lib/xil_misc_psreset_api.o ps7_cortexa9_0/lib/xil_mmu.o ps7_cortexa9_0/lib/xil_printf.o ps7_cortexa9_0/lib/xil_sleepco
TRACE::2026-08-19.17:44:51::SCWBDomain::mmon.o ps7_cortexa9_0/lib/xil_sleeptimer.o ps7_cortexa9_0/lib/xil_spinlock.o ps7_cortexa9_0/lib/xil_sutil.o ps7_cortexa9_0/lib/
TRACE::2026-08-19.17:44:51::SCWBDomain::xil_testcache.o ps7_cortexa9_0/lib/xil_testio.o ps7_cortexa9_0/lib/xil_testmem.o ps7_cortexa9_0/lib/xil_util.o ps7_cortexa9_0/l
TRACE::2026-08-19.17:44:51::SCWBDomain::ib/xinterrupt_wrap.o ps7_cortexa9_0/lib/xl2cc_counter.o ps7_cortexa9_0/lib/xplatform_info.o ps7_cortexa9_0/lib/xpm_counter.o ps
TRACE::2026-08-19.17:44:51::SCWBDomain::7_cortexa9_0/lib/xpm_init.o ps7_cortexa9_0/lib/xqspips.o ps7_cortexa9_0/lib/xqspips_g.o ps7_cortexa9_0/lib/xqspips_hw.o ps7_cor
TRACE::2026-08-19.17:44:51::SCWBDomain::texa9_0/lib/xqspips_options.o ps7_cortexa9_0/lib/xqspips_selftest.o ps7_cortexa9_0/lib/xqspips_sinit.o ps7_cortexa9_0/lib/xscug
TRACE::2026-08-19.17:44:51::SCWBDomain::ic.o ps7_cortexa9_0/lib/xscugic_g.o ps7_cortexa9_0/lib/xscugic_hw.o ps7_cortexa9_0/lib/xscugic_intr.o ps7_cortexa9_0/lib/xscugi
TRACE::2026-08-19.17:44:51::SCWBDomain::c_selftest.o ps7_cortexa9_0/lib/xscugic_sinit.o ps7_cortexa9_0/lib/xscutimer.o ps7_cortexa9_0/lib/xscutimer_g.o ps7_cortexa9_0/
TRACE::2026-08-19.17:44:51::SCWBDomain::lib/xscutimer_selftest.o ps7_cortexa9_0/lib/xscutimer_sinit.o ps7_cortexa9_0/lib/xscuwdt.o ps7_cortexa9_0/lib/xscuwdt_g.o ps7_c
TRACE::2026-08-19.17:44:51::SCWBDomain::ortexa9_0/lib/xscuwdt_selftest.o ps7_cortexa9_0/lib/xscuwdt_sinit.o ps7_cortexa9_0/lib/xsdps.o ps7_cortexa9_0/lib/xsdps_card.o 
TRACE::2026-08-19.17:44:51::SCWBDomain::ps7_cortexa9_0/lib/xsdps_g.o ps7_cortexa9_0/lib/xsdps_host.o ps7_cortexa9_0/lib/xsdps_options.o ps7_cortexa9_0/lib/xsdps_sinit.
TRACE::2026-08-19.17:44:51::SCWBDomain::o ps7_cortexa9_0/lib/xtime_l.o ps7_cortexa9_0/lib/xuartps.o ps7_cortexa9_0/lib/xuartps_g.o ps7_cortexa9_0/lib/xuartps_hw.o ps7_
TRACE::2026-08-19.17:44:51::SCWBDomain::cortexa9_0/lib/xuartps_intr.o ps7_cortexa9_0/lib/xuartps_options.o ps7_cortexa9_0/lib/xuartps_selftest.o ps7_cortexa9_0/lib/xua
TRACE::2026-08-19.17:44:51::SCWBDomain::rtps_sinit.o ps7_cortexa9_0/lib/xusbps.o ps7_cortexa9_0/lib/xusbps_endpoint.o ps7_cortexa9_0/lib/xusbps_g.o ps7_cortexa9_0/lib/
TRACE::2026-08-19.17:44:51::SCWBDomain::xusbps_hw.o ps7_cortexa9_0/lib/xusbps_intr.o ps7_cortexa9_0/lib/xusbps_sinit.o

TRACE::2026-08-19.17:44:52::SCWBDomain::'Finished building libraries'

TRACE::2026-08-19.17:44:52::SCWBDomain::make: Leaving directory 'C:/Users/tillkorsmeier/Desktop/MA/Z7-Nano/ParEIS-MSX/SW/HW_Export_V1/zynq_fsbl/zynq_fsbl_bsp'

TRACE::2026-08-19.17:44:52::SCWBDomain::arm-none-eabi-gcc  -O2 -c -MMD -MP       -mcpu=cortex-a9 -mfpu=vfpv3 -mfloat-abi=hard  -c sd.c -o sd.o -Izynq_fsbl_bsp/ps7_cort
TRACE::2026-08-19.17:44:52::SCWBDomain::exa9_0/include -I.

TRACE::2026-08-19.17:44:52::SCWBDomain::arm-none-eabi-gcc  -O2 -c -MMD -MP       -mcpu=cortex-a9 -mfpu=vfpv3 -mfloat-abi=hard  -c nand.c -o nand.o -Izynq_fsbl_bsp/ps7_
TRACE::2026-08-19.17:44:52::SCWBDomain::cortexa9_0/include -I.

TRACE::2026-08-19.17:44:52::SCWBDomain::arm-none-eabi-gcc  -O2 -c -MMD -MP       -mcpu=cortex-a9 -mfpu=vfpv3 -mfloat-abi=hard  -c image_mover.c -o image_mover.o -Izynq
TRACE::2026-08-19.17:44:52::SCWBDomain::_fsbl_bsp/ps7_cortexa9_0/include -I.

TRACE::2026-08-19.17:44:52::SCWBDomain::arm-none-eabi-gcc  -O2 -c -MMD -MP       -mcpu=cortex-a9 -mfpu=vfpv3 -mfloat-abi=hard  -c md5.c -o md5.o -Izynq_fsbl_bsp/ps7_co
TRACE::2026-08-19.17:44:52::SCWBDomain::rtexa9_0/include -I.

TRACE::2026-08-19.17:44:53::SCWBDomain::arm-none-eabi-gcc  -O2 -c -MMD -MP       -mcpu=cortex-a9 -mfpu=vfpv3 -mfloat-abi=hard  -c fsbl_hooks.c -o fsbl_hooks.o -Izynq_f
TRACE::2026-08-19.17:44:53::SCWBDomain::sbl_bsp/ps7_cortexa9_0/include -I.

TRACE::2026-08-19.17:44:53::SCWBDomain::arm-none-eabi-gcc  -O2 -c -MMD -MP       -mcpu=cortex-a9 -mfpu=vfpv3 -mfloat-abi=hard  -c main.c -o main.o -Izynq_fsbl_bsp/ps7_
TRACE::2026-08-19.17:44:53::SCWBDomain::cortexa9_0/include -I.

TRACE::2026-08-19.17:44:53::SCWBDomain::arm-none-eabi-gcc  -O2 -c -MMD -MP       -mcpu=cortex-a9 -mfpu=vfpv3 -mfloat-abi=hard  -c rsa.c -o rsa.o -Izynq_fsbl_bsp/ps7_co
TRACE::2026-08-19.17:44:53::SCWBDomain::rtexa9_0/include -I.

TRACE::2026-08-19.17:44:53::SCWBDomain::arm-none-eabi-gcc  -O2 -c -MMD -MP       -mcpu=cortex-a9 -mfpu=vfpv3 -mfloat-abi=hard  -c nor.c -o nor.o -Izynq_fsbl_bsp/ps7_co
TRACE::2026-08-19.17:44:53::SCWBDomain::rtexa9_0/include -I.

TRACE::2026-08-19.17:44:54::SCWBDomain::arm-none-eabi-gcc  -O2 -c -MMD -MP       -mcpu=cortex-a9 -mfpu=vfpv3 -mfloat-abi=hard  -c qspi.c -o qspi.o -Izynq_fsbl_bsp/ps7_
TRACE::2026-08-19.17:44:54::SCWBDomain::cortexa9_0/include -I.

TRACE::2026-08-19.17:44:54::SCWBDomain::arm-none-eabi-gcc  -O2 -c -MMD -MP       -mcpu=cortex-a9 -mfpu=vfpv3 -mfloat-abi=hard  -c ps7_init.c -o ps7_init.o -Izynq_fsbl_
TRACE::2026-08-19.17:44:54::SCWBDomain::bsp/ps7_cortexa9_0/include -I.

TRACE::2026-08-19.17:44:54::SCWBDomain::arm-none-eabi-gcc  -O2 -c -MMD -MP       -mcpu=cortex-a9 -mfpu=vfpv3 -mfloat-abi=hard  -c pcap.c -o pcap.o -Izynq_fsbl_bsp/ps7_
TRACE::2026-08-19.17:44:54::SCWBDomain::cortexa9_0/include -I.

TRACE::2026-08-19.17:44:54::SCWBDomain::arm-none-eabi-gcc  -O2 -c -MMD -MP       -mcpu=cortex-a9 -mfpu=vfpv3 -mfloat-abi=hard  -c fsbl_handoff.S -o fsbl_handoff.o -Izy
TRACE::2026-08-19.17:44:54::SCWBDomain::nq_fsbl_bsp/ps7_cortexa9_0/include -I.

TRACE::2026-08-19.17:44:55::SCWBDomain::arm-none-eabi-gcc -o fsbl.elf fsbl_handoff.o fsbl_hooks.o image_mover.o main.o md5.o nand.o nor.o pcap.o ps7_init.o qspi.o rsa.
TRACE::2026-08-19.17:44:55::SCWBDomain::o sd.o -MMD -MP       -mcpu=cortex-a9 -mfpu=vfpv3 -mfloat-abi=hard   -mcpu=cortex-a9 -mfpu=vfpv3 -mfloat-abi=hard -Wl,-build-id
TRACE::2026-08-19.17:44:55::SCWBDomain::=none -specs=Xilinx.spec  -lrsa -Wl,--start-group,-lxil,-lgcc,-lc,--end-group -Wl,--start-group,-lxilffs,-lxil,-lgcc,-lc,--end-
TRACE::2026-08-19.17:44:55::SCWBDomain::group -Wl,--start-group,-lrsa,-lxil,-lgcc,-lc,--end-group                                      -Wl,--gc-sections -Lzynq_fsbl_bs
TRACE::2026-08-19.17:44:55::SCWBDomain::p/ps7_cortexa9_0/lib -L./ -Tlscript.ld

LOG::2026-08-19.17:44:55::SCWSystem::Checking the domain standalone_ps7_cortexa9_0
LOG::2026-08-19.17:44:55::SCWSystem::Not a boot domain 
LOG::2026-08-19.17:44:55::SCWSystem::Started Processing the domain standalone_ps7_cortexa9_0
TRACE::2026-08-19.17:44:55::SCWDomain::Generating domain artifcats
TRACE::2026-08-19.17:44:55::SCWMssOS::Generating standalone artifcats
TRACE::2026-08-19.17:44:55::SCWMssOS::Copying the qemu file from  C:/Users/tillkorsmeier/Desktop/MA/Z7-Nano/ParEIS-MSX/SW/HW_Export_V1/resources/HW_Export_V1/standalone_ps7_cortexa9_0/qemu_args.txt To C:/Users/tillkorsmeier/Desktop/MA/Z7-Nano/ParEIS-MSX/SW/HW_Export_V1/export/HW_Export_V1/sw/HW_Export_V1/qemu/
TRACE::2026-08-19.17:44:55::SCWMssOS::Copying the qemu file from  C:/Users/tillkorsmeier/Desktop/MA/Z7-Nano/ParEIS-MSX/SW/HW_Export_V1/resources/HW_Export_V1/standalone_ps7_cortexa9_0/qemu_args.txt To C:/Users/tillkorsmeier/Desktop/MA/Z7-Nano/ParEIS-MSX/SW/HW_Export_V1/export/HW_Export_V1/sw/HW_Export_V1/standalone_ps7_cortexa9_0/qemu/
TRACE::2026-08-19.17:44:55::SCWMssOS:: Copying the user libraries. 
TRACE::2026-08-19.17:44:55::SCWPlatform::Trying to open the hw design at C:/Users/tillkorsmeier/Desktop/MA/Z7-Nano/ParEIS-MSX/SW/HW_Export_V1/hw/HW_Export_V2.xsa
TRACE::2026-08-19.17:44:55::SCWPlatform::DSA given C:/Users/tillkorsmeier/Desktop/MA/Z7-Nano/ParEIS-MSX/SW/HW_Export_V1/hw/HW_Export_V2.xsa
TRACE::2026-08-19.17:44:55::SCWPlatform::DSA absoulate path C:/Users/tillkorsmeier/Desktop/MA/Z7-Nano/ParEIS-MSX/SW/HW_Export_V1/hw/HW_Export_V2.xsa
TRACE::2026-08-19.17:44:55::SCWPlatform::DSA directory C:/Users/tillkorsmeier/Desktop/MA/Z7-Nano/ParEIS-MSX/SW/HW_Export_V1/hw
TRACE::2026-08-19.17:44:55::SCWPlatform:: Platform Path C:/Users/tillkorsmeier/Desktop/MA/Z7-Nano/ParEIS-MSX/SW/HW_Export_V1/hw/HW_Export_V2.xsa
TRACE::2026-08-19.17:44:55::SCWPlatform:: Unique name xilinx:::0.0
TRACE::2026-08-19.17:44:55::SCWPlatform::Trying to set the existing hwdb with name design_1_wrapper_3
TRACE::2026-08-19.17:44:55::SCWPlatform::Opened existing hwdb design_1_wrapper_3
TRACE::2026-08-19.17:44:55::SCWPlatform::Found the Hw Db part of the input DSA
TRACE::2026-08-19.17:44:55::SCWMssOS::Checking the sw design at  C:/Users/tillkorsmeier/Desktop/MA/Z7-Nano/ParEIS-MSX/SW/HW_Export_V1/ps7_cortexa9_0/standalone_ps7_cortexa9_0/bsp/system.mss
TRACE::2026-08-19.17:44:55::SCWMssOS::DEBUG:  swdes dump  C:/Users/tillkorsmeier/Desktop/MA/Z7-Nano/ParEIS-MSX/SW/HW_Export_V1/ps7_cortexa9_0/standalone_ps7_cortexa9_0/bsp/system.mss|system_0||
C:/Users/tillkorsmeier/Desktop/MA/Z7-Nano/ParEIS-MSX/SW/HW_Export_V1/zynq_fsbl/zynq_fsbl_bsp/system.mss|system||

TRACE::2026-08-19.17:44:55::SCWMssOS::Sw design exists and opened at  C:/Users/tillkorsmeier/Desktop/MA/Z7-Nano/ParEIS-MSX/SW/HW_Export_V1/ps7_cortexa9_0/standalone_ps7_cortexa9_0/bsp/system.mss
TRACE::2026-08-19.17:44:55::SCWMssOS::Completed writing the mss file at C:/Users/tillkorsmeier/Desktop/MA/Z7-Nano/ParEIS-MSX/SW/HW_Export_V1/ps7_cortexa9_0/standalone_ps7_cortexa9_0/bsp
TRACE::2026-08-19.17:44:55::SCWMssOS::Mss edits present, copying mssfile into export location C:/Users/tillkorsmeier/Desktop/MA/Z7-Nano/ParEIS-MSX/SW/HW_Export_V1/ps7_cortexa9_0/standalone_ps7_cortexa9_0/bsp/system.mss
TRACE::2026-08-19.17:44:55::SCWMssOS::bsp generated is upto date with the mss file. Skipping bsp generation.
TRACE::2026-08-19.17:44:55::SCWMssOS::BSP is already built. skipping the bsp build ... 
TRACE::2026-08-19.17:44:55::SCWDomain::Building the domain as part of full build :  standalone_ps7_cortexa9_0
TRACE::2026-08-19.17:44:55::SCWMssOS::doing bsp build ... 
TRACE::2026-08-19.17:44:55::SCWMssOS::System Command Ran  C: & cd  C:/Users/tillkorsmeier/Desktop/MA/Z7-Nano/ParEIS-MSX/SW/HW_Export_V1/ps7_cortexa9_0/standalone_ps7_cortexa9_0/bsp & make 
TRACE::2026-08-19.17:44:55::SCWMssOS::make --no-print-directory seq_libs

TRACE::2026-08-19.17:44:55::SCWMssOS::"Running Make include in ps7_cortexa9_0/libsrc/AddCycle_Acquisition_v1_0/src"

TRACE::2026-08-19.17:44:55::SCWMssOS::make -C ps7_cortexa9_0/libsrc/AddCycle_Acquisition_v1_0/src -s include  "SHELL=CMD" "COMPILER=arm-none-eabi-gcc" "ASSEMBLER=arm
TRACE::2026-08-19.17:44:55::SCWMssOS::-none-eabi-as" "ARCHIVER=arm-none-eabi-ar" "COMPILER_FLAGS=  -O2 -c" "EXTRA_COMPILER_FLAGS=-mcpu=cortex-a9 -mfpu=vfpv3 -mfloat-
TRACE::2026-08-19.17:44:55::SCWMssOS::abi=hard -nostartfiles -g -Wall -Wextra -fno-tree-loop-distribute-patterns"

TRACE::2026-08-19.17:44:55::SCWMssOS::"Running Make include in ps7_cortexa9_0/libsrc/axidma_v9_19/src"

TRACE::2026-08-19.17:44:55::SCWMssOS::make -C ps7_cortexa9_0/libsrc/axidma_v9_19/src -s include  "SHELL=CMD" "COMPILER=arm-none-eabi-gcc" "ASSEMBLER=arm-none-eabi-as
TRACE::2026-08-19.17:44:55::SCWMssOS::" "ARCHIVER=arm-none-eabi-ar" "COMPILER_FLAGS=  -O2 -c" "EXTRA_COMPILER_FLAGS=-mcpu=cortex-a9 -mfpu=vfpv3 -mfloat-abi=hard -nos
TRACE::2026-08-19.17:44:55::SCWMssOS::tartfiles -g -Wall -Wextra -fno-tree-loop-distribute-patterns"

TRACE::2026-08-19.17:44:55::SCWMssOS::"Running Make include in ps7_cortexa9_0/libsrc/canps_v3_9/src"

TRACE::2026-08-19.17:44:55::SCWMssOS::make -C ps7_cortexa9_0/libsrc/canps_v3_9/src -s include  "SHELL=CMD" "COMPILER=arm-none-eabi-gcc" "ASSEMBLER=arm-none-eabi-as" 
TRACE::2026-08-19.17:44:55::SCWMssOS::"ARCHIVER=arm-none-eabi-ar" "COMPILER_FLAGS=  -O2 -c" "EXTRA_COMPILER_FLAGS=-mcpu=cortex-a9 -mfpu=vfpv3 -mfloat-abi=hard -nosta
TRACE::2026-08-19.17:44:55::SCWMssOS::rtfiles -g -Wall -Wextra -fno-tree-loop-distribute-patterns"

TRACE::2026-08-19.17:44:55::SCWMssOS::"Running Make include in ps7_cortexa9_0/libsrc/coresightps_dcc_v1_11/src"

TRACE::2026-08-19.17:44:55::SCWMssOS::make -C ps7_cortexa9_0/libsrc/coresightps_dcc_v1_11/src -s include  "SHELL=CMD" "COMPILER=arm-none-eabi-gcc" "ASSEMBLER=arm-non
TRACE::2026-08-19.17:44:55::SCWMssOS::e-eabi-as" "ARCHIVER=arm-none-eabi-ar" "COMPILER_FLAGS=  -O2 -c" "EXTRA_COMPILER_FLAGS=-mcpu=cortex-a9 -mfpu=vfpv3 -mfloat-abi=
TRACE::2026-08-19.17:44:55::SCWMssOS::hard -nostartfiles -g -Wall -Wextra -fno-tree-loop-distribute-patterns"

TRACE::2026-08-19.17:44:55::SCWMssOS::"Running Make include in ps7_cortexa9_0/libsrc/cpu_cortexa9_v2_12/src"

TRACE::2026-08-19.17:44:55::SCWMssOS::make -C ps7_cortexa9_0/libsrc/cpu_cortexa9_v2_12/src -s include  "SHELL=CMD" "COMPILER=arm-none-eabi-gcc" "ASSEMBLER=arm-none-e
TRACE::2026-08-19.17:44:55::SCWMssOS::abi-as" "ARCHIVER=arm-none-eabi-ar" "COMPILER_FLAGS=  -O2 -c" "EXTRA_COMPILER_FLAGS=-mcpu=cortex-a9 -mfpu=vfpv3 -mfloat-abi=har
TRACE::2026-08-19.17:44:55::SCWMssOS::d -nostartfiles -g -Wall -Wextra -fno-tree-loop-distribute-patterns"

TRACE::2026-08-19.17:44:55::SCWMssOS::"Running Make include in ps7_cortexa9_0/libsrc/ddrps_v1_2/src"

TRACE::2026-08-19.17:44:55::SCWMssOS::make -C ps7_cortexa9_0/libsrc/ddrps_v1_2/src -s include  "SHELL=CMD" "COMPILER=arm-none-eabi-gcc" "ASSEMBLER=arm-none-eabi-as" 
TRACE::2026-08-19.17:44:55::SCWMssOS::"ARCHIVER=arm-none-eabi-ar" "COMPILER_FLAGS=  -O2 -c" "EXTRA_COMPILER_FLAGS=-mcpu=cortex-a9 -mfpu=vfpv3 -mfloat-abi=hard -nosta
TRACE::2026-08-19.17:44:55::SCWMssOS::rtfiles -g -Wall -Wextra -fno-tree-loop-distribute-patterns"

TRACE::2026-08-19.17:44:56::SCWMssOS::"Running Make include in ps7_cortexa9_0/libsrc/devcfg_v3_8/src"

TRACE::2026-08-19.17:44:56::SCWMssOS::make -C ps7_cortexa9_0/libsrc/devcfg_v3_8/src -s include  "SHELL=CMD" "COMPILER=arm-none-eabi-gcc" "ASSEMBLER=arm-none-eabi-as"
TRACE::2026-08-19.17:44:56::SCWMssOS:: "ARCHIVER=arm-none-eabi-ar" "COMPILER_FLAGS=  -O2 -c" "EXTRA_COMPILER_FLAGS=-mcpu=cortex-a9 -mfpu=vfpv3 -mfloat-abi=hard -nost
TRACE::2026-08-19.17:44:56::SCWMssOS::artfiles -g -Wall -Wextra -fno-tree-loop-distribute-patterns"

TRACE::2026-08-19.17:44:56::SCWMssOS::"Running Make include in ps7_cortexa9_0/libsrc/dmaps_v2_11/src"

TRACE::2026-08-19.17:44:56::SCWMssOS::make -C ps7_cortexa9_0/libsrc/dmaps_v2_11/src -s include  "SHELL=CMD" "COMPILER=arm-none-eabi-gcc" "ASSEMBLER=arm-none-eabi-as"
TRACE::2026-08-19.17:44:56::SCWMssOS:: "ARCHIVER=arm-none-eabi-ar" "COMPILER_FLAGS=  -O2 -c" "EXTRA_COMPILER_FLAGS=-mcpu=cortex-a9 -mfpu=vfpv3 -mfloat-abi=hard -nost
TRACE::2026-08-19.17:44:56::SCWMssOS::artfiles -g -Wall -Wextra -fno-tree-loop-distribute-patterns"

TRACE::2026-08-19.17:44:56::SCWMssOS::"Running Make include in ps7_cortexa9_0/libsrc/emacps_v3_21/src"

TRACE::2026-08-19.17:44:56::SCWMssOS::make -C ps7_cortexa9_0/libsrc/emacps_v3_21/src -s include  "SHELL=CMD" "COMPILER=arm-none-eabi-gcc" "ASSEMBLER=arm-none-eabi-as
TRACE::2026-08-19.17:44:56::SCWMssOS::" "ARCHIVER=arm-none-eabi-ar" "COMPILER_FLAGS=  -O2 -c" "EXTRA_COMPILER_FLAGS=-mcpu=cortex-a9 -mfpu=vfpv3 -mfloat-abi=hard -nos
TRACE::2026-08-19.17:44:56::SCWMssOS::tartfiles -g -Wall -Wextra -fno-tree-loop-distribute-patterns"

TRACE::2026-08-19.17:44:56::SCWMssOS::"Running Make include in ps7_cortexa9_0/libsrc/gpiops_v3_13/src"

TRACE::2026-08-19.17:44:56::SCWMssOS::make -C ps7_cortexa9_0/libsrc/gpiops_v3_13/src -s include  "SHELL=CMD" "COMPILER=arm-none-eabi-gcc" "ASSEMBLER=arm-none-eabi-as
TRACE::2026-08-19.17:44:56::SCWMssOS::" "ARCHIVER=arm-none-eabi-ar" "COMPILER_FLAGS=  -O2 -c" "EXTRA_COMPILER_FLAGS=-mcpu=cortex-a9 -mfpu=vfpv3 -mfloat-abi=hard -nos
TRACE::2026-08-19.17:44:56::SCWMssOS::tartfiles -g -Wall -Wextra -fno-tree-loop-distribute-patterns"

TRACE::2026-08-19.17:44:56::SCWMssOS::"Running Make include in ps7_cortexa9_0/libsrc/lwip220_v1_1/src"

TRACE::2026-08-19.17:44:56::SCWMssOS::make -C ps7_cortexa9_0/libsrc/lwip220_v1_1/src -s include  "SHELL=CMD" "COMPILER=arm-none-eabi-gcc" "ASSEMBLER=arm-none-eabi-as
TRACE::2026-08-19.17:44:56::SCWMssOS::" "ARCHIVER=arm-none-eabi-ar" "COMPILER_FLAGS=  -O2 -c" "EXTRA_COMPILER_FLAGS=-mcpu=cortex-a9 -mfpu=vfpv3 -mfloat-abi=hard -nos
TRACE::2026-08-19.17:44:56::SCWMssOS::tartfiles -g -Wall -Wextra -fno-tree-loop-distribute-patterns"

TRACE::2026-08-19.17:44:57::SCWMssOS::"Running Make include in ps7_cortexa9_0/libsrc/qspips_v3_13/src"

TRACE::2026-08-19.17:44:57::SCWMssOS::make -C ps7_cortexa9_0/libsrc/qspips_v3_13/src -s include  "SHELL=CMD" "COMPILER=arm-none-eabi-gcc" "ASSEMBLER=arm-none-eabi-as
TRACE::2026-08-19.17:44:57::SCWMssOS::" "ARCHIVER=arm-none-eabi-ar" "COMPILER_FLAGS=  -O2 -c" "EXTRA_COMPILER_FLAGS=-mcpu=cortex-a9 -mfpu=vfpv3 -mfloat-abi=hard -nos
TRACE::2026-08-19.17:44:57::SCWMssOS::tartfiles -g -Wall -Wextra -fno-tree-loop-distribute-patterns"

TRACE::2026-08-19.17:44:57::SCWMssOS::"Running Make include in ps7_cortexa9_0/libsrc/scugic_v5_4/src"

TRACE::2026-08-19.17:44:57::SCWMssOS::make -C ps7_cortexa9_0/libsrc/scugic_v5_4/src -s include  "SHELL=CMD" "COMPILER=arm-none-eabi-gcc" "ASSEMBLER=arm-none-eabi-as"
TRACE::2026-08-19.17:44:57::SCWMssOS:: "ARCHIVER=arm-none-eabi-ar" "COMPILER_FLAGS=  -O2 -c" "EXTRA_COMPILER_FLAGS=-mcpu=cortex-a9 -mfpu=vfpv3 -mfloat-abi=hard -nost
TRACE::2026-08-19.17:44:57::SCWMssOS::artfiles -g -Wall -Wextra -fno-tree-loop-distribute-patterns"

TRACE::2026-08-19.17:44:57::SCWMssOS::"Running Make include in ps7_cortexa9_0/libsrc/scutimer_v2_6/src"

TRACE::2026-08-19.17:44:57::SCWMssOS::make -C ps7_cortexa9_0/libsrc/scutimer_v2_6/src -s include  "SHELL=CMD" "COMPILER=arm-none-eabi-gcc" "ASSEMBLER=arm-none-eabi-a
TRACE::2026-08-19.17:44:57::SCWMssOS::s" "ARCHIVER=arm-none-eabi-ar" "COMPILER_FLAGS=  -O2 -c" "EXTRA_COMPILER_FLAGS=-mcpu=cortex-a9 -mfpu=vfpv3 -mfloat-abi=hard -no
TRACE::2026-08-19.17:44:57::SCWMssOS::startfiles -g -Wall -Wextra -fno-tree-loop-distribute-patterns"

TRACE::2026-08-19.17:44:57::SCWMssOS::"Running Make include in ps7_cortexa9_0/libsrc/scuwdt_v2_6/src"

TRACE::2026-08-19.17:44:57::SCWMssOS::make -C ps7_cortexa9_0/libsrc/scuwdt_v2_6/src -s include  "SHELL=CMD" "COMPILER=arm-none-eabi-gcc" "ASSEMBLER=arm-none-eabi-as"
TRACE::2026-08-19.17:44:57::SCWMssOS:: "ARCHIVER=arm-none-eabi-ar" "COMPILER_FLAGS=  -O2 -c" "EXTRA_COMPILER_FLAGS=-mcpu=cortex-a9 -mfpu=vfpv3 -mfloat-abi=hard -nost
TRACE::2026-08-19.17:44:57::SCWMssOS::artfiles -g -Wall -Wextra -fno-tree-loop-distribute-patterns"

TRACE::2026-08-19.17:44:57::SCWMssOS::"Running Make include in ps7_cortexa9_0/libsrc/sdps_v4_4/src"

TRACE::2026-08-19.17:44:57::SCWMssOS::make -C ps7_cortexa9_0/libsrc/sdps_v4_4/src -s include  "SHELL=CMD" "COMPILER=arm-none-eabi-gcc" "ASSEMBLER=arm-none-eabi-as" "
TRACE::2026-08-19.17:44:57::SCWMssOS::ARCHIVER=arm-none-eabi-ar" "COMPILER_FLAGS=  -O2 -c" "EXTRA_COMPILER_FLAGS=-mcpu=cortex-a9 -mfpu=vfpv3 -mfloat-abi=hard -nostar
TRACE::2026-08-19.17:44:57::SCWMssOS::tfiles -g -Wall -Wextra -fno-tree-loop-distribute-patterns"

TRACE::2026-08-19.17:44:57::SCWMssOS::"Running Make include in ps7_cortexa9_0/libsrc/standalone_v9_2/src"

TRACE::2026-08-19.17:44:57::SCWMssOS::make -C ps7_cortexa9_0/libsrc/standalone_v9_2/src -s include  "SHELL=CMD" "COMPILER=arm-none-eabi-gcc" "ASSEMBLER=arm-none-eabi
TRACE::2026-08-19.17:44:57::SCWMssOS::-as" "ARCHIVER=arm-none-eabi-ar" "COMPILER_FLAGS=  -O2 -c" "EXTRA_COMPILER_FLAGS=-mcpu=cortex-a9 -mfpu=vfpv3 -mfloat-abi=hard -
TRACE::2026-08-19.17:44:57::SCWMssOS::nostartfiles -g -Wall -Wextra -fno-tree-loop-distribute-patterns"

TRACE::2026-08-19.17:44:57::SCWMssOS::"Running Make include in ps7_cortexa9_0/libsrc/uartps_v3_15/src"

TRACE::2026-08-19.17:44:57::SCWMssOS::make -C ps7_cortexa9_0/libsrc/uartps_v3_15/src -s include  "SHELL=CMD" "COMPILER=arm-none-eabi-gcc" "ASSEMBLER=arm-none-eabi-as
TRACE::2026-08-19.17:44:57::SCWMssOS::" "ARCHIVER=arm-none-eabi-ar" "COMPILER_FLAGS=  -O2 -c" "EXTRA_COMPILER_FLAGS=-mcpu=cortex-a9 -mfpu=vfpv3 -mfloat-abi=hard -nos
TRACE::2026-08-19.17:44:57::SCWMssOS::tartfiles -g -Wall -Wextra -fno-tree-loop-distribute-patterns"

TRACE::2026-08-19.17:44:57::SCWMssOS::"Running Make include in ps7_cortexa9_0/libsrc/usbps_v2_9/src"

TRACE::2026-08-19.17:44:57::SCWMssOS::make -C ps7_cortexa9_0/libsrc/usbps_v2_9/src -s include  "SHELL=CMD" "COMPILER=arm-none-eabi-gcc" "ASSEMBLER=arm-none-eabi-as" 
TRACE::2026-08-19.17:44:57::SCWMssOS::"ARCHIVER=arm-none-eabi-ar" "COMPILER_FLAGS=  -O2 -c" "EXTRA_COMPILER_FLAGS=-mcpu=cortex-a9 -mfpu=vfpv3 -mfloat-abi=hard -nosta
TRACE::2026-08-19.17:44:57::SCWMssOS::rtfiles -g -Wall -Wextra -fno-tree-loop-distribute-patterns"

TRACE::2026-08-19.17:44:57::SCWMssOS::"Running Make include in ps7_cortexa9_0/libsrc/xadcps_v2_7/src"

TRACE::2026-08-19.17:44:57::SCWMssOS::make -C ps7_cortexa9_0/libsrc/xadcps_v2_7/src -s include  "SHELL=CMD" "COMPILER=arm-none-eabi-gcc" "ASSEMBLER=arm-none-eabi-as"
TRACE::2026-08-19.17:44:57::SCWMssOS:: "ARCHIVER=arm-none-eabi-ar" "COMPILER_FLAGS=  -O2 -c" "EXTRA_COMPILER_FLAGS=-mcpu=cortex-a9 -mfpu=vfpv3 -mfloat-abi=hard -nost
TRACE::2026-08-19.17:44:57::SCWMssOS::artfiles -g -Wall -Wextra -fno-tree-loop-distribute-patterns"

TRACE::2026-08-19.17:44:58::SCWMssOS::"Running Make include in ps7_cortexa9_0/libsrc/xiltimer_v2_1/src"

TRACE::2026-08-19.17:44:58::SCWMssOS::make -C ps7_cortexa9_0/libsrc/xiltimer_v2_1/src -s include  "SHELL=CMD" "COMPILER=arm-none-eabi-gcc" "ASSEMBLER=arm-none-eabi-a
TRACE::2026-08-19.17:44:58::SCWMssOS::s" "ARCHIVER=arm-none-eabi-ar" "COMPILER_FLAGS=  -O2 -c" "EXTRA_COMPILER_FLAGS=-mcpu=cortex-a9 -mfpu=vfpv3 -mfloat-abi=hard -no
TRACE::2026-08-19.17:44:58::SCWMssOS::startfiles -g -Wall -Wextra -fno-tree-loop-distribute-patterns"

TRACE::2026-08-19.17:44:58::SCWMssOS::"Running Make libs in ps7_cortexa9_0/libsrc/AddCycle_Acquisition_v1_0/src"

TRACE::2026-08-19.17:44:58::SCWMssOS::make -C ps7_cortexa9_0/libsrc/AddCycle_Acquisition_v1_0/src -s libs  "SHELL=CMD" "COMPILER=arm-none-eabi-gcc" "ASSEMBLER=arm-no
TRACE::2026-08-19.17:44:58::SCWMssOS::ne-eabi-as" "ARCHIVER=arm-none-eabi-ar" "COMPILER_FLAGS=  -O2 -c" "EXTRA_COMPILER_FLAGS=-mcpu=cortex-a9 -mfpu=vfpv3 -mfloat-abi
TRACE::2026-08-19.17:44:58::SCWMssOS::=hard -nostartfiles -g -Wall -Wextra -fno-tree-loop-distribute-patterns"

TRACE::2026-08-19.17:44:58::SCWMssOS::"Compiling AddCycle_Acquisition..."

TRACE::2026-08-19.17:44:58::SCWMssOS::"Running Make libs in ps7_cortexa9_0/libsrc/lwip220_v1_1/src"

TRACE::2026-08-19.17:44:58::SCWMssOS::make -C ps7_cortexa9_0/libsrc/lwip220_v1_1/src -s libs  "SHELL=CMD" "COMPILER=arm-none-eabi-gcc" "ASSEMBLER=arm-none-eabi-as" "
TRACE::2026-08-19.17:44:58::SCWMssOS::ARCHIVER=arm-none-eabi-ar" "COMPILER_FLAGS=  -O2 -c" "EXTRA_COMPILER_FLAGS=-mcpu=cortex-a9 -mfpu=vfpv3 -mfloat-abi=hard -nostar
TRACE::2026-08-19.17:44:58::SCWMssOS::tfiles -g -Wall -Wextra -fno-tree-loop-distribute-patterns"

TRACE::2026-08-19.17:44:59::SCWMssOS::"Compiling lwip src and adapter files"

TRACE::2026-08-19.17:45:10::SCWMssOS::'Finished building libraries sequentially.'

TRACE::2026-08-19.17:45:10::SCWMssOS::make -j 2 --no-print-directory par_libs

TRACE::2026-08-19.17:45:10::SCWMssOS::"Running Make include in ps7_cortexa9_0/libsrc/AddCycle_Acquisition_v1_0/src"

TRACE::2026-08-19.17:45:10::SCWMssOS::make -C ps7_cortexa9_0/libsrc/AddCycle_Acquisition_v1_0/src -s include  "SHELL=CMD" "COMPILER=arm-none-eabi-gcc" "ASSEMBLER=arm
TRACE::2026-08-19.17:45:10::SCWMssOS::-none-eabi-as" "ARCHIVER=arm-none-eabi-ar" "COMPILER_FLAGS=  -O2 -c" "EXTRA_COMPILER_FLAGS=-mcpu=cortex-a9 -mfpu=vfpv3 -mfloat-
TRACE::2026-08-19.17:45:10::SCWMssOS::abi=hard -nostartfiles -g -Wall -Wextra -fno-tree-loop-distribute-patterns"

TRACE::2026-08-19.17:45:10::SCWMssOS::"Running Make include in ps7_cortexa9_0/libsrc/axidma_v9_19/src"

TRACE::2026-08-19.17:45:10::SCWMssOS::make -C ps7_cortexa9_0/libsrc/axidma_v9_19/src -s include  "SHELL=CMD" "COMPILER=arm-none-eabi-gcc" "ASSEMBLER=arm-none-eabi-as
TRACE::2026-08-19.17:45:10::SCWMssOS::" "ARCHIVER=arm-none-eabi-ar" "COMPILER_FLAGS=  -O2 -c" "EXTRA_COMPILER_FLAGS=-mcpu=cortex-a9 -mfpu=vfpv3 -mfloat-abi=hard -nos
TRACE::2026-08-19.17:45:10::SCWMssOS::tartfiles -g -Wall -Wextra -fno-tree-loop-distribute-patterns"

TRACE::2026-08-19.17:45:10::SCWMssOS::"Running Make include in ps7_cortexa9_0/libsrc/canps_v3_9/src"

TRACE::2026-08-19.17:45:10::SCWMssOS::make -C ps7_cortexa9_0/libsrc/canps_v3_9/src -s include  "SHELL=CMD" "COMPILER=arm-none-eabi-gcc" "ASSEMBLER=arm-none-eabi-as" 
TRACE::2026-08-19.17:45:10::SCWMssOS::"ARCHIVER=arm-none-eabi-ar" "COMPILER_FLAGS=  -O2 -c" "EXTRA_COMPILER_FLAGS=-mcpu=cortex-a9 -mfpu=vfpv3 -mfloat-abi=hard -nosta
TRACE::2026-08-19.17:45:10::SCWMssOS::rtfiles -g -Wall -Wextra -fno-tree-loop-distribute-patterns"

TRACE::2026-08-19.17:45:10::SCWMssOS::"Running Make include in ps7_cortexa9_0/libsrc/coresightps_dcc_v1_11/src"

TRACE::2026-08-19.17:45:10::SCWMssOS::make -C ps7_cortexa9_0/libsrc/coresightps_dcc_v1_11/src -s include  "SHELL=CMD" "COMPILER=arm-none-eabi-gcc" "ASSEMBLER=arm-non
TRACE::2026-08-19.17:45:10::SCWMssOS::e-eabi-as" "ARCHIVER=arm-none-eabi-ar" "COMPILER_FLAGS=  -O2 -c" "EXTRA_COMPILER_FLAGS=-mcpu=cortex-a9 -mfpu=vfpv3 -mfloat-abi=
TRACE::2026-08-19.17:45:10::SCWMssOS::hard -nostartfiles -g -Wall -Wextra -fno-tree-loop-distribute-patterns"

TRACE::2026-08-19.17:45:10::SCWMssOS::"Running Make include in ps7_cortexa9_0/libsrc/cpu_cortexa9_v2_12/src"

TRACE::2026-08-19.17:45:10::SCWMssOS::make -C ps7_cortexa9_0/libsrc/cpu_cortexa9_v2_12/src -s include  "SHELL=CMD" "COMPILER=arm-none-eabi-gcc" "ASSEMBLER=arm-none-e
TRACE::2026-08-19.17:45:10::SCWMssOS::abi-as" "ARCHIVER=arm-none-eabi-ar" "COMPILER_FLAGS=  -O2 -c" "EXTRA_COMPILER_FLAGS=-mcpu=cortex-a9 -mfpu=vfpv3 -mfloat-abi=har
TRACE::2026-08-19.17:45:10::SCWMssOS::d -nostartfiles -g -Wall -Wextra -fno-tree-loop-distribute-patterns"

TRACE::2026-08-19.17:45:10::SCWMssOS::"Running Make include in ps7_cortexa9_0/libsrc/ddrps_v1_2/src"

TRACE::2026-08-19.17:45:10::SCWMssOS::make -C ps7_cortexa9_0/libsrc/ddrps_v1_2/src -s include  "SHELL=CMD" "COMPILER=arm-none-eabi-gcc" "ASSEMBLER=arm-none-eabi-as" 
TRACE::2026-08-19.17:45:10::SCWMssOS::"ARCHIVER=arm-none-eabi-ar" "COMPILER_FLAGS=  -O2 -c" "EXTRA_COMPILER_FLAGS=-mcpu=cortex-a9 -mfpu=vfpv3 -mfloat-abi=hard -nosta
TRACE::2026-08-19.17:45:10::SCWMssOS::rtfiles -g -Wall -Wextra -fno-tree-loop-distribute-patterns"

TRACE::2026-08-19.17:45:10::SCWMssOS::"Running Make include in ps7_cortexa9_0/libsrc/devcfg_v3_8/src"

TRACE::2026-08-19.17:45:10::SCWMssOS::make -C ps7_cortexa9_0/libsrc/devcfg_v3_8/src -s include  "SHELL=CMD" "COMPILER=arm-none-eabi-gcc" "ASSEMBLER=arm-none-eabi-as"
TRACE::2026-08-19.17:45:10::SCWMssOS:: "ARCHIVER=arm-none-eabi-ar" "COMPILER_FLAGS=  -O2 -c" "EXTRA_COMPILER_FLAGS=-mcpu=cortex-a9 -mfpu=vfpv3 -mfloat-abi=hard -nost
TRACE::2026-08-19.17:45:10::SCWMssOS::artfiles -g -Wall -Wextra -fno-tree-loop-distribute-patterns"

TRACE::2026-08-19.17:45:11::SCWMssOS::"Running Make include in ps7_cortexa9_0/libsrc/dmaps_v2_11/src"

TRACE::2026-08-19.17:45:11::SCWMssOS::make -C ps7_cortexa9_0/libsrc/dmaps_v2_11/src -s include  "SHELL=CMD" "COMPILER=arm-none-eabi-gcc" "ASSEMBLER=arm-none-eabi-as"
TRACE::2026-08-19.17:45:11::SCWMssOS:: "ARCHIVER=arm-none-eabi-ar" "COMPILER_FLAGS=  -O2 -c" "EXTRA_COMPILER_FLAGS=-mcpu=cortex-a9 -mfpu=vfpv3 -mfloat-abi=hard -nost
TRACE::2026-08-19.17:45:11::SCWMssOS::artfiles -g -Wall -Wextra -fno-tree-loop-distribute-patterns"

TRACE::2026-08-19.17:45:11::SCWMssOS::"Running Make include in ps7_cortexa9_0/libsrc/emacps_v3_21/src"

TRACE::2026-08-19.17:45:11::SCWMssOS::make -C ps7_cortexa9_0/libsrc/emacps_v3_21/src -s include  "SHELL=CMD" "COMPILER=arm-none-eabi-gcc" "ASSEMBLER=arm-none-eabi-as
TRACE::2026-08-19.17:45:11::SCWMssOS::" "ARCHIVER=arm-none-eabi-ar" "COMPILER_FLAGS=  -O2 -c" "EXTRA_COMPILER_FLAGS=-mcpu=cortex-a9 -mfpu=vfpv3 -mfloat-abi=hard -nos
TRACE::2026-08-19.17:45:11::SCWMssOS::tartfiles -g -Wall -Wextra -fno-tree-loop-distribute-patterns"

TRACE::2026-08-19.17:45:11::SCWMssOS::"Running Make include in ps7_cortexa9_0/libsrc/gpiops_v3_13/src"

TRACE::2026-08-19.17:45:11::SCWMssOS::make -C ps7_cortexa9_0/libsrc/gpiops_v3_13/src -s include  "SHELL=CMD" "COMPILER=arm-none-eabi-gcc" "ASSEMBLER=arm-none-eabi-as
TRACE::2026-08-19.17:45:11::SCWMssOS::" "ARCHIVER=arm-none-eabi-ar" "COMPILER_FLAGS=  -O2 -c" "EXTRA_COMPILER_FLAGS=-mcpu=cortex-a9 -mfpu=vfpv3 -mfloat-abi=hard -nos
TRACE::2026-08-19.17:45:11::SCWMssOS::tartfiles -g -Wall -Wextra -fno-tree-loop-distribute-patterns"

TRACE::2026-08-19.17:45:11::SCWMssOS::"Running Make include in ps7_cortexa9_0/libsrc/lwip220_v1_1/src"

TRACE::2026-08-19.17:45:11::SCWMssOS::make -C ps7_cortexa9_0/libsrc/lwip220_v1_1/src -s include  "SHELL=CMD" "COMPILER=arm-none-eabi-gcc" "ASSEMBLER=arm-none-eabi-as
TRACE::2026-08-19.17:45:11::SCWMssOS::" "ARCHIVER=arm-none-eabi-ar" "COMPILER_FLAGS=  -O2 -c" "EXTRA_COMPILER_FLAGS=-mcpu=cortex-a9 -mfpu=vfpv3 -mfloat-abi=hard -nos
TRACE::2026-08-19.17:45:11::SCWMssOS::tartfiles -g -Wall -Wextra -fno-tree-loop-distribute-patterns"

TRACE::2026-08-19.17:45:11::SCWMssOS::"Running Make include in ps7_cortexa9_0/libsrc/qspips_v3_13/src"

TRACE::2026-08-19.17:45:11::SCWMssOS::make -C ps7_cortexa9_0/libsrc/qspips_v3_13/src -s include  "SHELL=CMD" "COMPILER=arm-none-eabi-gcc" "ASSEMBLER=arm-none-eabi-as
TRACE::2026-08-19.17:45:11::SCWMssOS::" "ARCHIVER=arm-none-eabi-ar" "COMPILER_FLAGS=  -O2 -c" "EXTRA_COMPILER_FLAGS=-mcpu=cortex-a9 -mfpu=vfpv3 -mfloat-abi=hard -nos
TRACE::2026-08-19.17:45:11::SCWMssOS::tartfiles -g -Wall -Wextra -fno-tree-loop-distribute-patterns"

TRACE::2026-08-19.17:45:11::SCWMssOS::"Running Make include in ps7_cortexa9_0/libsrc/scugic_v5_4/src"

TRACE::2026-08-19.17:45:11::SCWMssOS::make -C ps7_cortexa9_0/libsrc/scugic_v5_4/src -s include  "SHELL=CMD" "COMPILER=arm-none-eabi-gcc" "ASSEMBLER=arm-none-eabi-as"
TRACE::2026-08-19.17:45:11::SCWMssOS:: "ARCHIVER=arm-none-eabi-ar" "COMPILER_FLAGS=  -O2 -c" "EXTRA_COMPILER_FLAGS=-mcpu=cortex-a9 -mfpu=vfpv3 -mfloat-abi=hard -nost
TRACE::2026-08-19.17:45:11::SCWMssOS::artfiles -g -Wall -Wextra -fno-tree-loop-distribute-patterns"

TRACE::2026-08-19.17:45:11::SCWMssOS::"Running Make include in ps7_cortexa9_0/libsrc/scutimer_v2_6/src"

TRACE::2026-08-19.17:45:11::SCWMssOS::make -C ps7_cortexa9_0/libsrc/scutimer_v2_6/src -s include  "SHELL=CMD" "COMPILER=arm-none-eabi-gcc" "ASSEMBLER=arm-none-eabi-a
TRACE::2026-08-19.17:45:11::SCWMssOS::s" "ARCHIVER=arm-none-eabi-ar" "COMPILER_FLAGS=  -O2 -c" "EXTRA_COMPILER_FLAGS=-mcpu=cortex-a9 -mfpu=vfpv3 -mfloat-abi=hard -no
TRACE::2026-08-19.17:45:11::SCWMssOS::startfiles -g -Wall -Wextra -fno-tree-loop-distribute-patterns"

TRACE::2026-08-19.17:45:11::SCWMssOS::"Running Make include in ps7_cortexa9_0/libsrc/scuwdt_v2_6/src"

TRACE::2026-08-19.17:45:11::SCWMssOS::make -C ps7_cortexa9_0/libsrc/scuwdt_v2_6/src -s include  "SHELL=CMD" "COMPILER=arm-none-eabi-gcc" "ASSEMBLER=arm-none-eabi-as"
TRACE::2026-08-19.17:45:11::SCWMssOS:: "ARCHIVER=arm-none-eabi-ar" "COMPILER_FLAGS=  -O2 -c" "EXTRA_COMPILER_FLAGS=-mcpu=cortex-a9 -mfpu=vfpv3 -mfloat-abi=hard -nost
TRACE::2026-08-19.17:45:11::SCWMssOS::artfiles -g -Wall -Wextra -fno-tree-loop-distribute-patterns"

TRACE::2026-08-19.17:45:11::SCWMssOS::"Running Make include in ps7_cortexa9_0/libsrc/sdps_v4_4/src"

TRACE::2026-08-19.17:45:11::SCWMssOS::make -C ps7_cortexa9_0/libsrc/sdps_v4_4/src -s include  "SHELL=CMD" "COMPILER=arm-none-eabi-gcc" "ASSEMBLER=arm-none-eabi-as" "
TRACE::2026-08-19.17:45:11::SCWMssOS::ARCHIVER=arm-none-eabi-ar" "COMPILER_FLAGS=  -O2 -c" "EXTRA_COMPILER_FLAGS=-mcpu=cortex-a9 -mfpu=vfpv3 -mfloat-abi=hard -nostar
TRACE::2026-08-19.17:45:11::SCWMssOS::tfiles -g -Wall -Wextra -fno-tree-loop-distribute-patterns"

TRACE::2026-08-19.17:45:11::SCWMssOS::"Running Make include in ps7_cortexa9_0/libsrc/standalone_v9_2/src"

TRACE::2026-08-19.17:45:11::SCWMssOS::make -C ps7_cortexa9_0/libsrc/standalone_v9_2/src -s include  "SHELL=CMD" "COMPILER=arm-none-eabi-gcc" "ASSEMBLER=arm-none-eabi
TRACE::2026-08-19.17:45:11::SCWMssOS::-as" "ARCHIVER=arm-none-eabi-ar" "COMPILER_FLAGS=  -O2 -c" "EXTRA_COMPILER_FLAGS=-mcpu=cortex-a9 -mfpu=vfpv3 -mfloat-abi=hard -
TRACE::2026-08-19.17:45:11::SCWMssOS::nostartfiles -g -Wall -Wextra -fno-tree-loop-distribute-patterns"

TRACE::2026-08-19.17:45:11::SCWMssOS::"Running Make include in ps7_cortexa9_0/libsrc/uartps_v3_15/src"

TRACE::2026-08-19.17:45:11::SCWMssOS::make -C ps7_cortexa9_0/libsrc/uartps_v3_15/src -s include  "SHELL=CMD" "COMPILER=arm-none-eabi-gcc" "ASSEMBLER=arm-none-eabi-as
TRACE::2026-08-19.17:45:11::SCWMssOS::" "ARCHIVER=arm-none-eabi-ar" "COMPILER_FLAGS=  -O2 -c" "EXTRA_COMPILER_FLAGS=-mcpu=cortex-a9 -mfpu=vfpv3 -mfloat-abi=hard -nos
TRACE::2026-08-19.17:45:11::SCWMssOS::tartfiles -g -Wall -Wextra -fno-tree-loop-distribute-patterns"

TRACE::2026-08-19.17:45:11::SCWMssOS::"Running Make include in ps7_cortexa9_0/libsrc/usbps_v2_9/src"

TRACE::2026-08-19.17:45:11::SCWMssOS::make -C ps7_cortexa9_0/libsrc/usbps_v2_9/src -s include  "SHELL=CMD" "COMPILER=arm-none-eabi-gcc" "ASSEMBLER=arm-none-eabi-as" 
TRACE::2026-08-19.17:45:11::SCWMssOS::"ARCHIVER=arm-none-eabi-ar" "COMPILER_FLAGS=  -O2 -c" "EXTRA_COMPILER_FLAGS=-mcpu=cortex-a9 -mfpu=vfpv3 -mfloat-abi=hard -nosta
TRACE::2026-08-19.17:45:11::SCWMssOS::rtfiles -g -Wall -Wextra -fno-tree-loop-distribute-patterns"

TRACE::2026-08-19.17:45:12::SCWMssOS::"Running Make include in ps7_cortexa9_0/libsrc/xadcps_v2_7/src"

TRACE::2026-08-19.17:45:12::SCWMssOS::make -C ps7_cortexa9_0/libsrc/xadcps_v2_7/src -s include  "SHELL=CMD" "COMPILER=arm-none-eabi-gcc" "ASSEMBLER=arm-none-eabi-as"
TRACE::2026-08-19.17:45:12::SCWMssOS:: "ARCHIVER=arm-none-eabi-ar" "COMPILER_FLAGS=  -O2 -c" "EXTRA_COMPILER_FLAGS=-mcpu=cortex-a9 -mfpu=vfpv3 -mfloat-abi=hard -nost
TRACE::2026-08-19.17:45:12::SCWMssOS::artfiles -g -Wall -Wextra -fno-tree-loop-distribute-patterns"

TRACE::2026-08-19.17:45:12::SCWMssOS::"Running Make include in ps7_cortexa9_0/libsrc/xiltimer_v2_1/src"

TRACE::2026-08-19.17:45:12::SCWMssOS::make -C ps7_cortexa9_0/libsrc/xiltimer_v2_1/src -s include  "SHELL=CMD" "COMPILER=arm-none-eabi-gcc" "ASSEMBLER=arm-none-eabi-a
TRACE::2026-08-19.17:45:12::SCWMssOS::s" "ARCHIVER=arm-none-eabi-ar" "COMPILER_FLAGS=  -O2 -c" "EXTRA_COMPILER_FLAGS=-mcpu=cortex-a9 -mfpu=vfpv3 -mfloat-abi=hard -no
TRACE::2026-08-19.17:45:12::SCWMssOS::startfiles -g -Wall -Wextra -fno-tree-loop-distribute-patterns"

TRACE::2026-08-19.17:45:12::SCWMssOS::"Running Make libs in ps7_cortexa9_0/libsrc/axidma_v9_19/src"

TRACE::2026-08-19.17:45:12::SCWMssOS::make -C ps7_cortexa9_0/libsrc/axidma_v9_19/src -s libs  "SHELL=CMD" "COMPILER=arm-none-eabi-gcc" "ASSEMBLER=arm-none-eabi-as" "
TRACE::2026-08-19.17:45:12::SCWMssOS::ARCHIVER=arm-none-eabi-ar" "COMPILER_FLAGS=  -O2 -c" "EXTRA_COMPILER_FLAGS=-mcpu=cortex-a9 -mfpu=vfpv3 -mfloat-abi=hard -nostar
TRACE::2026-08-19.17:45:12::SCWMssOS::tfiles -g -Wall -Wextra -fno-tree-loop-distribute-patterns"

TRACE::2026-08-19.17:45:12::SCWMssOS::"Running Make libs in ps7_cortexa9_0/libsrc/canps_v3_9/src"

TRACE::2026-08-19.17:45:12::SCWMssOS::make -C ps7_cortexa9_0/libsrc/canps_v3_9/src -s libs  "SHELL=CMD" "COMPILER=arm-none-eabi-gcc" "ASSEMBLER=arm-none-eabi-as" "AR
TRACE::2026-08-19.17:45:12::SCWMssOS::CHIVER=arm-none-eabi-ar" "COMPILER_FLAGS=  -O2 -c" "EXTRA_COMPILER_FLAGS=-mcpu=cortex-a9 -mfpu=vfpv3 -mfloat-abi=hard -nostartf
TRACE::2026-08-19.17:45:12::SCWMssOS::iles -g -Wall -Wextra -fno-tree-loop-distribute-patterns"

TRACE::2026-08-19.17:45:13::SCWMssOS::"Running Make libs in ps7_cortexa9_0/libsrc/coresightps_dcc_v1_11/src"

TRACE::2026-08-19.17:45:13::SCWMssOS::make -C ps7_cortexa9_0/libsrc/coresightps_dcc_v1_11/src -s libs  "SHELL=CMD" "COMPILER=arm-none-eabi-gcc" "ASSEMBLER=arm-none-e
TRACE::2026-08-19.17:45:13::SCWMssOS::abi-as" "ARCHIVER=arm-none-eabi-ar" "COMPILER_FLAGS=  -O2 -c" "EXTRA_COMPILER_FLAGS=-mcpu=cortex-a9 -mfpu=vfpv3 -mfloat-abi=har
TRACE::2026-08-19.17:45:13::SCWMssOS::d -nostartfiles -g -Wall -Wextra -fno-tree-loop-distribute-patterns"

TRACE::2026-08-19.17:45:13::SCWMssOS::"Running Make libs in ps7_cortexa9_0/libsrc/cpu_cortexa9_v2_12/src"

TRACE::2026-08-19.17:45:13::SCWMssOS::make -C ps7_cortexa9_0/libsrc/cpu_cortexa9_v2_12/src -s libs  "SHELL=CMD" "COMPILER=arm-none-eabi-gcc" "ASSEMBLER=arm-none-eabi
TRACE::2026-08-19.17:45:13::SCWMssOS::-as" "ARCHIVER=arm-none-eabi-ar" "COMPILER_FLAGS=  -O2 -c" "EXTRA_COMPILER_FLAGS=-mcpu=cortex-a9 -mfpu=vfpv3 -mfloat-abi=hard -
TRACE::2026-08-19.17:45:13::SCWMssOS::nostartfiles -g -Wall -Wextra -fno-tree-loop-distribute-patterns"

TRACE::2026-08-19.17:45:14::SCWMssOS::"Running Make libs in ps7_cortexa9_0/libsrc/ddrps_v1_2/src"

TRACE::2026-08-19.17:45:14::SCWMssOS::make -C ps7_cortexa9_0/libsrc/ddrps_v1_2/src -s libs  "SHELL=CMD" "COMPILER=arm-none-eabi-gcc" "ASSEMBLER=arm-none-eabi-as" "AR
TRACE::2026-08-19.17:45:14::SCWMssOS::CHIVER=arm-none-eabi-ar" "COMPILER_FLAGS=  -O2 -c" "EXTRA_COMPILER_FLAGS=-mcpu=cortex-a9 -mfpu=vfpv3 -mfloat-abi=hard -nostartf
TRACE::2026-08-19.17:45:14::SCWMssOS::iles -g -Wall -Wextra -fno-tree-loop-distribute-patterns"

TRACE::2026-08-19.17:45:14::SCWMssOS::"Running Make libs in ps7_cortexa9_0/libsrc/devcfg_v3_8/src"

TRACE::2026-08-19.17:45:14::SCWMssOS::make -C ps7_cortexa9_0/libsrc/devcfg_v3_8/src -s libs  "SHELL=CMD" "COMPILER=arm-none-eabi-gcc" "ASSEMBLER=arm-none-eabi-as" "A
TRACE::2026-08-19.17:45:14::SCWMssOS::RCHIVER=arm-none-eabi-ar" "COMPILER_FLAGS=  -O2 -c" "EXTRA_COMPILER_FLAGS=-mcpu=cortex-a9 -mfpu=vfpv3 -mfloat-abi=hard -nostart
TRACE::2026-08-19.17:45:14::SCWMssOS::files -g -Wall -Wextra -fno-tree-loop-distribute-patterns"

TRACE::2026-08-19.17:45:14::SCWMssOS::"Running Make libs in ps7_cortexa9_0/libsrc/dmaps_v2_11/src"

TRACE::2026-08-19.17:45:14::SCWMssOS::make -C ps7_cortexa9_0/libsrc/dmaps_v2_11/src -s libs  "SHELL=CMD" "COMPILER=arm-none-eabi-gcc" "ASSEMBLER=arm-none-eabi-as" "A
TRACE::2026-08-19.17:45:14::SCWMssOS::RCHIVER=arm-none-eabi-ar" "COMPILER_FLAGS=  -O2 -c" "EXTRA_COMPILER_FLAGS=-mcpu=cortex-a9 -mfpu=vfpv3 -mfloat-abi=hard -nostart
TRACE::2026-08-19.17:45:14::SCWMssOS::files -g -Wall -Wextra -fno-tree-loop-distribute-patterns"

TRACE::2026-08-19.17:45:15::SCWMssOS::"Running Make libs in ps7_cortexa9_0/libsrc/emacps_v3_21/src"

TRACE::2026-08-19.17:45:15::SCWMssOS::make -C ps7_cortexa9_0/libsrc/emacps_v3_21/src -s libs  "SHELL=CMD" "COMPILER=arm-none-eabi-gcc" "ASSEMBLER=arm-none-eabi-as" "
TRACE::2026-08-19.17:45:15::SCWMssOS::ARCHIVER=arm-none-eabi-ar" "COMPILER_FLAGS=  -O2 -c" "EXTRA_COMPILER_FLAGS=-mcpu=cortex-a9 -mfpu=vfpv3 -mfloat-abi=hard -nostar
TRACE::2026-08-19.17:45:15::SCWMssOS::tfiles -g -Wall -Wextra -fno-tree-loop-distribute-patterns"

TRACE::2026-08-19.17:45:15::SCWMssOS::"Running Make libs in ps7_cortexa9_0/libsrc/gpiops_v3_13/src"

TRACE::2026-08-19.17:45:15::SCWMssOS::make -C ps7_cortexa9_0/libsrc/gpiops_v3_13/src -s libs  "SHELL=CMD" "COMPILER=arm-none-eabi-gcc" "ASSEMBLER=arm-none-eabi-as" "
TRACE::2026-08-19.17:45:15::SCWMssOS::ARCHIVER=arm-none-eabi-ar" "COMPILER_FLAGS=  -O2 -c" "EXTRA_COMPILER_FLAGS=-mcpu=cortex-a9 -mfpu=vfpv3 -mfloat-abi=hard -nostar
TRACE::2026-08-19.17:45:15::SCWMssOS::tfiles -g -Wall -Wextra -fno-tree-loop-distribute-patterns"

TRACE::2026-08-19.17:45:17::SCWMssOS::"Running Make libs in ps7_cortexa9_0/libsrc/qspips_v3_13/src"

TRACE::2026-08-19.17:45:17::SCWMssOS::make -C ps7_cortexa9_0/libsrc/qspips_v3_13/src -s libs  "SHELL=CMD" "COMPILER=arm-none-eabi-gcc" "ASSEMBLER=arm-none-eabi-as" "
TRACE::2026-08-19.17:45:17::SCWMssOS::ARCHIVER=arm-none-eabi-ar" "COMPILER_FLAGS=  -O2 -c" "EXTRA_COMPILER_FLAGS=-mcpu=cortex-a9 -mfpu=vfpv3 -mfloat-abi=hard -nostar
TRACE::2026-08-19.17:45:17::SCWMssOS::tfiles -g -Wall -Wextra -fno-tree-loop-distribute-patterns"

TRACE::2026-08-19.17:45:17::SCWMssOS::"Running Make libs in ps7_cortexa9_0/libsrc/scugic_v5_4/src"

TRACE::2026-08-19.17:45:17::SCWMssOS::make -C ps7_cortexa9_0/libsrc/scugic_v5_4/src -s libs  "SHELL=CMD" "COMPILER=arm-none-eabi-gcc" "ASSEMBLER=arm-none-eabi-as" "A
TRACE::2026-08-19.17:45:17::SCWMssOS::RCHIVER=arm-none-eabi-ar" "COMPILER_FLAGS=  -O2 -c" "EXTRA_COMPILER_FLAGS=-mcpu=cortex-a9 -mfpu=vfpv3 -mfloat-abi=hard -nostart
TRACE::2026-08-19.17:45:17::SCWMssOS::files -g -Wall -Wextra -fno-tree-loop-distribute-patterns"

TRACE::2026-08-19.17:45:18::SCWMssOS::"Running Make libs in ps7_cortexa9_0/libsrc/scutimer_v2_6/src"

TRACE::2026-08-19.17:45:18::SCWMssOS::make -C ps7_cortexa9_0/libsrc/scutimer_v2_6/src -s libs  "SHELL=CMD" "COMPILER=arm-none-eabi-gcc" "ASSEMBLER=arm-none-eabi-as" 
TRACE::2026-08-19.17:45:18::SCWMssOS::"ARCHIVER=arm-none-eabi-ar" "COMPILER_FLAGS=  -O2 -c" "EXTRA_COMPILER_FLAGS=-mcpu=cortex-a9 -mfpu=vfpv3 -mfloat-abi=hard -nosta
TRACE::2026-08-19.17:45:18::SCWMssOS::rtfiles -g -Wall -Wextra -fno-tree-loop-distribute-patterns"

TRACE::2026-08-19.17:45:18::SCWMssOS::"Running Make libs in ps7_cortexa9_0/libsrc/scuwdt_v2_6/src"

TRACE::2026-08-19.17:45:19::SCWMssOS::make -C ps7_cortexa9_0/libsrc/scuwdt_v2_6/src -s libs  "SHELL=CMD" "COMPILER=arm-none-eabi-gcc" "ASSEMBLER=arm-none-eabi-as" "A
TRACE::2026-08-19.17:45:19::SCWMssOS::RCHIVER=arm-none-eabi-ar" "COMPILER_FLAGS=  -O2 -c" "EXTRA_COMPILER_FLAGS=-mcpu=cortex-a9 -mfpu=vfpv3 -mfloat-abi=hard -nostart
TRACE::2026-08-19.17:45:19::SCWMssOS::files -g -Wall -Wextra -fno-tree-loop-distribute-patterns"

TRACE::2026-08-19.17:45:19::SCWMssOS::"Running Make libs in ps7_cortexa9_0/libsrc/sdps_v4_4/src"

TRACE::2026-08-19.17:45:19::SCWMssOS::make -C ps7_cortexa9_0/libsrc/sdps_v4_4/src -s libs  "SHELL=CMD" "COMPILER=arm-none-eabi-gcc" "ASSEMBLER=arm-none-eabi-as" "ARC
TRACE::2026-08-19.17:45:19::SCWMssOS::HIVER=arm-none-eabi-ar" "COMPILER_FLAGS=  -O2 -c" "EXTRA_COMPILER_FLAGS=-mcpu=cortex-a9 -mfpu=vfpv3 -mfloat-abi=hard -nostartfi
TRACE::2026-08-19.17:45:19::SCWMssOS::les -g -Wall -Wextra -fno-tree-loop-distribute-patterns"

TRACE::2026-08-19.17:45:19::SCWMssOS::"Running Make libs in ps7_cortexa9_0/libsrc/standalone_v9_2/src"

TRACE::2026-08-19.17:45:19::SCWMssOS::make -C ps7_cortexa9_0/libsrc/standalone_v9_2/src -s libs  "SHELL=CMD" "COMPILER=arm-none-eabi-gcc" "ASSEMBLER=arm-none-eabi-as
TRACE::2026-08-19.17:45:19::SCWMssOS::" "ARCHIVER=arm-none-eabi-ar" "COMPILER_FLAGS=  -O2 -c" "EXTRA_COMPILER_FLAGS=-mcpu=cortex-a9 -mfpu=vfpv3 -mfloat-abi=hard -nos
TRACE::2026-08-19.17:45:19::SCWMssOS::tartfiles -g -Wall -Wextra -fno-tree-loop-distribute-patterns"

TRACE::2026-08-19.17:45:22::SCWMssOS::"Running Make libs in ps7_cortexa9_0/libsrc/uartps_v3_15/src"

TRACE::2026-08-19.17:45:22::SCWMssOS::make -C ps7_cortexa9_0/libsrc/uartps_v3_15/src -s libs  "SHELL=CMD" "COMPILER=arm-none-eabi-gcc" "ASSEMBLER=arm-none-eabi-as" "
TRACE::2026-08-19.17:45:22::SCWMssOS::ARCHIVER=arm-none-eabi-ar" "COMPILER_FLAGS=  -O2 -c" "EXTRA_COMPILER_FLAGS=-mcpu=cortex-a9 -mfpu=vfpv3 -mfloat-abi=hard -nostar
TRACE::2026-08-19.17:45:22::SCWMssOS::tfiles -g -Wall -Wextra -fno-tree-loop-distribute-patterns"

TRACE::2026-08-19.17:45:23::SCWMssOS::"Running Make libs in ps7_cortexa9_0/libsrc/usbps_v2_9/src"

TRACE::2026-08-19.17:45:23::SCWMssOS::make -C ps7_cortexa9_0/libsrc/usbps_v2_9/src -s libs  "SHELL=CMD" "COMPILER=arm-none-eabi-gcc" "ASSEMBLER=arm-none-eabi-as" "AR
TRACE::2026-08-19.17:45:23::SCWMssOS::CHIVER=arm-none-eabi-ar" "COMPILER_FLAGS=  -O2 -c" "EXTRA_COMPILER_FLAGS=-mcpu=cortex-a9 -mfpu=vfpv3 -mfloat-abi=hard -nostartf
TRACE::2026-08-19.17:45:23::SCWMssOS::iles -g -Wall -Wextra -fno-tree-loop-distribute-patterns"

TRACE::2026-08-19.17:45:25::SCWMssOS::"Running Make libs in ps7_cortexa9_0/libsrc/xadcps_v2_7/src"

TRACE::2026-08-19.17:45:25::SCWMssOS::make -C ps7_cortexa9_0/libsrc/xadcps_v2_7/src -s libs  "SHELL=CMD" "COMPILER=arm-none-eabi-gcc" "ASSEMBLER=arm-none-eabi-as" "A
TRACE::2026-08-19.17:45:25::SCWMssOS::RCHIVER=arm-none-eabi-ar" "COMPILER_FLAGS=  -O2 -c" "EXTRA_COMPILER_FLAGS=-mcpu=cortex-a9 -mfpu=vfpv3 -mfloat-abi=hard -nostart
TRACE::2026-08-19.17:45:25::SCWMssOS::files -g -Wall -Wextra -fno-tree-loop-distribute-patterns"

TRACE::2026-08-19.17:45:27::SCWMssOS::"Running Make libs in ps7_cortexa9_0/libsrc/xiltimer_v2_1/src"

TRACE::2026-08-19.17:45:27::SCWMssOS::make -C ps7_cortexa9_0/libsrc/xiltimer_v2_1/src -s libs  "SHELL=CMD" "COMPILER=arm-none-eabi-gcc" "ASSEMBLER=arm-none-eabi-as" 
TRACE::2026-08-19.17:45:27::SCWMssOS::"ARCHIVER=arm-none-eabi-ar" "COMPILER_FLAGS=  -O2 -c" "EXTRA_COMPILER_FLAGS=-mcpu=cortex-a9 -mfpu=vfpv3 -mfloat-abi=hard -nosta
TRACE::2026-08-19.17:45:27::SCWMssOS::rtfiles -g -Wall -Wextra -fno-tree-loop-distribute-patterns"

TRACE::2026-08-19.17:45:27::SCWMssOS::"Compiling xiltimer Library"

TRACE::2026-08-19.17:45:28::SCWMssOS::'Finished building libraries parallelly.'

TRACE::2026-08-19.17:45:28::SCWMssOS::make --no-print-directory archive

TRACE::2026-08-19.17:45:28::SCWMssOS::arm-none-eabi-ar -r  ps7_cortexa9_0/lib/libxil.a ps7_cortexa9_0/lib/_exit.o ps7_cortexa9_0/lib/_open.o ps7_cortexa9_0/lib/_sbrk
TRACE::2026-08-19.17:45:29::SCWMssOS::.o ps7_cortexa9_0/lib/abort.o ps7_cortexa9_0/lib/asm_vectors.o ps7_cortexa9_0/lib/boot.o ps7_cortexa9_0/lib/close.o ps7_cortexa
TRACE::2026-08-19.17:45:29::SCWMssOS::9_0/lib/cpputest_time.o ps7_cortexa9_0/lib/cpu_init.o ps7_cortexa9_0/lib/errno.o ps7_cortexa9_0/lib/fcntl.o ps7_cortexa9_0/lib/
TRACE::2026-08-19.17:45:29::SCWMssOS::fstat.o ps7_cortexa9_0/lib/getentropy.o ps7_cortexa9_0/lib/getpid.o ps7_cortexa9_0/lib/gettimeofday.o ps7_cortexa9_0/lib/inbyte
TRACE::2026-08-19.17:45:29::SCWMssOS::.o ps7_cortexa9_0/lib/isatty.o ps7_cortexa9_0/lib/kill.o ps7_cortexa9_0/lib/lseek.o ps7_cortexa9_0/lib/open.o ps7_cortexa9_0/li
TRACE::2026-08-19.17:45:29::SCWMssOS::b/outbyte.o ps7_cortexa9_0/lib/print.o ps7_cortexa9_0/lib/putnum.o ps7_cortexa9_0/lib/read.o ps7_cortexa9_0/lib/sbrk.o ps7_cort
TRACE::2026-08-19.17:45:29::SCWMssOS::exa9_0/lib/time.o ps7_cortexa9_0/lib/translation_table.o ps7_cortexa9_0/lib/unlink.o ps7_cortexa9_0/lib/vectors.o ps7_cortexa9_
TRACE::2026-08-19.17:45:29::SCWMssOS::0/lib/write.o ps7_cortexa9_0/lib/xadcps.o ps7_cortexa9_0/lib/xadcps_g.o ps7_cortexa9_0/lib/xadcps_intr.o ps7_cortexa9_0/lib/xad
TRACE::2026-08-19.17:45:29::SCWMssOS::cps_selftest.o ps7_cortexa9_0/lib/xadcps_sinit.o ps7_cortexa9_0/lib/xaxidma.o ps7_cortexa9_0/lib/xaxidma_bd.o ps7_cortexa9_0/li
TRACE::2026-08-19.17:45:29::SCWMssOS::b/xaxidma_bdring.o ps7_cortexa9_0/lib/xaxidma_g.o ps7_cortexa9_0/lib/xaxidma_selftest.o ps7_cortexa9_0/lib/xaxidma_sinit.o ps7_
TRACE::2026-08-19.17:45:29::SCWMssOS::cortexa9_0/lib/xcanps.o ps7_cortexa9_0/lib/xcanps_g.o ps7_cortexa9_0/lib/xcanps_hw.o ps7_cortexa9_0/lib/xcanps_intr.o ps7_corte
TRACE::2026-08-19.17:45:29::SCWMssOS::xa9_0/lib/xcanps_selftest.o ps7_cortexa9_0/lib/xcanps_sinit.o ps7_cortexa9_0/lib/xcoresightpsdcc.o ps7_cortexa9_0/lib/xdevcfg.o
TRACE::2026-08-19.17:45:29::SCWMssOS:: ps7_cortexa9_0/lib/xdevcfg_g.o ps7_cortexa9_0/lib/xdevcfg_hw.o ps7_cortexa9_0/lib/xdevcfg_intr.o ps7_cortexa9_0/lib/xdevcfg_se
TRACE::2026-08-19.17:45:29::SCWMssOS::lftest.o ps7_cortexa9_0/lib/xdevcfg_sinit.o ps7_cortexa9_0/lib/xdmaps.o ps7_cortexa9_0/lib/xdmaps_g.o ps7_cortexa9_0/lib/xdmaps
TRACE::2026-08-19.17:45:29::SCWMssOS::_hw.o ps7_cortexa9_0/lib/xdmaps_selftest.o ps7_cortexa9_0/lib/xdmaps_sinit.o ps7_cortexa9_0/lib/xemacps.o ps7_cortexa9_0/lib/xe
TRACE::2026-08-19.17:45:29::SCWMssOS::macps_bdring.o ps7_cortexa9_0/lib/xemacps_control.o ps7_cortexa9_0/lib/xemacps_g.o ps7_cortexa9_0/lib/xemacps_hw.o ps7_cortexa9
TRACE::2026-08-19.17:45:29::SCWMssOS::_0/lib/xemacps_intr.o ps7_cortexa9_0/lib/xemacps_sinit.o ps7_cortexa9_0/lib/xgpiops.o ps7_cortexa9_0/lib/xgpiops_g.o ps7_cortex
TRACE::2026-08-19.17:45:29::SCWMssOS::a9_0/lib/xgpiops_hw.o ps7_cortexa9_0/lib/xgpiops_intr.o ps7_cortexa9_0/lib/xgpiops_selftest.o ps7_cortexa9_0/lib/xgpiops_sinit.
TRACE::2026-08-19.17:45:29::SCWMssOS::o ps7_cortexa9_0/lib/xil-crt0.o ps7_cortexa9_0/lib/xil_assert.o ps7_cortexa9_0/lib/xil_cache.o ps7_cortexa9_0/lib/xil_clocking.
TRACE::2026-08-19.17:45:29::SCWMssOS::o ps7_cortexa9_0/lib/xil_exception.o ps7_cortexa9_0/lib/xil_mem.o ps7_cortexa9_0/lib/xil_misc_psreset_api.o ps7_cortexa9_0/lib/
TRACE::2026-08-19.17:45:29::SCWMssOS::xil_mmu.o ps7_cortexa9_0/lib/xil_printf.o ps7_cortexa9_0/lib/xil_spinlock.o ps7_cortexa9_0/lib/xil_sutil.o ps7_cortexa9_0/lib/x
TRACE::2026-08-19.17:45:29::SCWMssOS::il_testcache.o ps7_cortexa9_0/lib/xil_testio.o ps7_cortexa9_0/lib/xil_testmem.o ps7_cortexa9_0/lib/xil_util.o ps7_cortexa9_0/li
TRACE::2026-08-19.17:45:29::SCWMssOS::b/xinterrupt_wrap.o ps7_cortexa9_0/lib/xl2cc_counter.o ps7_cortexa9_0/lib/xplatform_info.o ps7_cortexa9_0/lib/xpm_counter.o ps7
TRACE::2026-08-19.17:45:29::SCWMssOS::_cortexa9_0/lib/xpm_init.o ps7_cortexa9_0/lib/xqspips.o ps7_cortexa9_0/lib/xqspips_g.o ps7_cortexa9_0/lib/xqspips_hw.o ps7_cort
TRACE::2026-08-19.17:45:29::SCWMssOS::exa9_0/lib/xqspips_options.o ps7_cortexa9_0/lib/xqspips_selftest.o ps7_cortexa9_0/lib/xqspips_sinit.o ps7_cortexa9_0/lib/xscugi
TRACE::2026-08-19.17:45:29::SCWMssOS::c.o ps7_cortexa9_0/lib/xscugic_g.o ps7_cortexa9_0/lib/xscugic_hw.o ps7_cortexa9_0/lib/xscugic_intr.o ps7_cortexa9_0/lib/xscugic
TRACE::2026-08-19.17:45:29::SCWMssOS::_selftest.o ps7_cortexa9_0/lib/xscugic_sinit.o ps7_cortexa9_0/lib/xscutimer.o ps7_cortexa9_0/lib/xscutimer_g.o ps7_cortexa9_0/l
TRACE::2026-08-19.17:45:29::SCWMssOS::ib/xscutimer_selftest.o ps7_cortexa9_0/lib/xscutimer_sinit.o ps7_cortexa9_0/lib/xscuwdt.o ps7_cortexa9_0/lib/xscuwdt_g.o ps7_co
TRACE::2026-08-19.17:45:29::SCWMssOS::rtexa9_0/lib/xscuwdt_selftest.o ps7_cortexa9_0/lib/xscuwdt_sinit.o ps7_cortexa9_0/lib/xsdps.o ps7_cortexa9_0/lib/xsdps_card.o p
TRACE::2026-08-19.17:45:29::SCWMssOS::s7_cortexa9_0/lib/xsdps_g.o ps7_cortexa9_0/lib/xsdps_host.o ps7_cortexa9_0/lib/xsdps_options.o ps7_cortexa9_0/lib/xsdps_sinit.o
TRACE::2026-08-19.17:45:29::SCWMssOS:: ps7_cortexa9_0/lib/xuartps.o ps7_cortexa9_0/lib/xuartps_g.o ps7_cortexa9_0/lib/xuartps_hw.o ps7_cortexa9_0/lib/xuartps_intr.o 
TRACE::2026-08-19.17:45:29::SCWMssOS::ps7_cortexa9_0/lib/xuartps_options.o ps7_cortexa9_0/lib/xuartps_selftest.o ps7_cortexa9_0/lib/xuartps_sinit.o ps7_cortexa9_0/li
TRACE::2026-08-19.17:45:29::SCWMssOS::b/xusbps.o ps7_cortexa9_0/lib/xusbps_endpoint.o ps7_cortexa9_0/lib/xusbps_g.o ps7_cortexa9_0/lib/xusbps_hw.o ps7_cortexa9_0/lib
TRACE::2026-08-19.17:45:29::SCWMssOS::/xusbps_intr.o ps7_cortexa9_0/lib/xusbps_sinit.o

TRACE::2026-08-19.17:45:29::SCWMssOS::'Finished building libraries'

TRACE::2026-08-19.17:45:29::SCWMssOS::Copying to export directory.
TRACE::2026-08-19.17:45:29::SCWMssOS:: Checking if to create the Supporting Applications
TRACE::2026-08-19.17:45:29::SCWMssOS:: No Linux domain exists, trying to generate FSBL 
LOG::2026-08-19.17:45:29::SCWSystem::Completed Processing the domain standalone_ps7_cortexa9_0
LOG::2026-08-19.17:45:29::SCWSystem::Completed Processing the sysconfig HW_Export_V1
LOG::2026-08-19.17:45:29::SCWPlatform::Completed generating the artifacts for system configuration HW_Export_V1
TRACE::2026-08-19.17:45:29::SCWPlatform::Started preparing the platform 
TRACE::2026-08-19.17:45:29::SCWSystem::Writing the bif file for system config HW_Export_V1
TRACE::2026-08-19.17:45:29::SCWSystem::dir created 
TRACE::2026-08-19.17:45:29::SCWSystem::Writing the bif 
TRACE::2026-08-19.17:45:29::SCWPlatform::Started writing the spfm file 
TRACE::2026-08-19.17:45:29::SCWPlatform::Started writing the xpfm file 
TRACE::2026-08-19.17:45:29::SCWPlatform::Completed generating the platform
TRACE::2026-08-19.17:45:29::SCWMssOS::Saving the mss changes C:/Users/tillkorsmeier/Desktop/MA/Z7-Nano/ParEIS-MSX/SW/HW_Export_V1/zynq_fsbl/zynq_fsbl_bsp/system.mss
TRACE::2026-08-19.17:45:29::SCWMssOS::Found a swdesign opened with the mssfile.
TRACE::2026-08-19.17:45:29::SCWMssOS::Running validate of swdbs.
KEYINFO::2026-08-19.17:45:29::SCWMssOS::Could not open the swdb for system
KEYINFO::2026-08-19.17:45:29::SCWMssOS::Could not open the sw design at  system
ERROR: [Hsi 55-1558] Software Design system is not found

TRACE::2026-08-19.17:45:29::SCWMssOS::Cleared the swdb table entry
TRACE::2026-08-19.17:45:29::SCWMssOS::Adding the swdes entry, mss present, able to open swdb C:/Users/tillkorsmeier/Desktop/MA/Z7-Nano/ParEIS-MSX/SW/HW_Export_V1/zynq_fsbl/zynq_fsbl_bsp/system.mss with des name system
TRACE::2026-08-19.17:45:29::SCWMssOS::Writing the mss file completed C:/Users/tillkorsmeier/Desktop/MA/Z7-Nano/ParEIS-MSX/SW/HW_Export_V1/zynq_fsbl/zynq_fsbl_bsp/system.mss
TRACE::2026-08-19.17:45:29::SCWMssOS::Commit changes completed.
TRACE::2026-08-19.17:45:29::SCWMssOS::Saving the mss changes C:/Users/tillkorsmeier/Desktop/MA/Z7-Nano/ParEIS-MSX/SW/HW_Export_V1/ps7_cortexa9_0/standalone_ps7_cortexa9_0/bsp/system.mss
TRACE::2026-08-19.17:45:29::SCWMssOS::Found a swdesign opened with the mssfile.
TRACE::2026-08-19.17:45:29::SCWMssOS::Completed writemss as part of save.
TRACE::2026-08-19.17:45:29::SCWMssOS::Commit changes completed.
TRACE::2026-08-19.17:45:29::SCWPlatform::Trying to open the hw design at C:/Users/tillkorsmeier/Desktop/MA/Z7-Nano/ParEIS-MSX/SW/HW_Export_V1/hw/HW_Export_V2.xsa
TRACE::2026-08-19.17:45:29::SCWPlatform::DSA given C:/Users/tillkorsmeier/Desktop/MA/Z7-Nano/ParEIS-MSX/SW/HW_Export_V1/hw/HW_Export_V2.xsa
TRACE::2026-08-19.17:45:29::SCWPlatform::DSA absoulate path C:/Users/tillkorsmeier/Desktop/MA/Z7-Nano/ParEIS-MSX/SW/HW_Export_V1/hw/HW_Export_V2.xsa
TRACE::2026-08-19.17:45:29::SCWPlatform::DSA directory C:/Users/tillkorsmeier/Desktop/MA/Z7-Nano/ParEIS-MSX/SW/HW_Export_V1/hw
TRACE::2026-08-19.17:45:29::SCWPlatform:: Platform Path C:/Users/tillkorsmeier/Desktop/MA/Z7-Nano/ParEIS-MSX/SW/HW_Export_V1/hw/HW_Export_V2.xsa
TRACE::2026-08-19.17:45:29::SCWPlatform:: Unique name xilinx:::0.0
TRACE::2026-08-19.17:45:29::SCWPlatform::Trying to set the existing hwdb with name design_1_wrapper_3
TRACE::2026-08-19.17:45:29::SCWPlatform::Opened existing hwdb design_1_wrapper_3
TRACE::2026-08-19.17:45:29::SCWPlatform::Found the Hw Db part of the input DSA
TRACE::2026-08-19.17:45:29::SCWMssOS::Checking the sw design at  C:/Users/tillkorsmeier/Desktop/MA/Z7-Nano/ParEIS-MSX/SW/HW_Export_V1/zynq_fsbl/zynq_fsbl_bsp/system.mss
TRACE::2026-08-19.17:45:29::SCWMssOS::DEBUG:  swdes dump  C:/Users/tillkorsmeier/Desktop/MA/Z7-Nano/ParEIS-MSX/SW/HW_Export_V1/ps7_cortexa9_0/standalone_ps7_cortexa9_0/bsp/system.mss|system_0||
C:/Users/tillkorsmeier/Desktop/MA/Z7-Nano/ParEIS-MSX/SW/HW_Export_V1/zynq_fsbl/zynq_fsbl_bsp/system.mss|system||

TRACE::2026-08-19.17:45:29::SCWMssOS::Sw design exists and opened at  C:/Users/tillkorsmeier/Desktop/MA/Z7-Nano/ParEIS-MSX/SW/HW_Export_V1/zynq_fsbl/zynq_fsbl_bsp/system.mss
TRACE::2026-08-19.17:45:29::SCWPlatform::Trying to open the hw design at C:/Users/tillkorsmeier/Desktop/MA/Z7-Nano/ParEIS-MSX/SW/HW_Export_V1/hw/HW_Export_V2.xsa
TRACE::2026-08-19.17:45:29::SCWPlatform::DSA given C:/Users/tillkorsmeier/Desktop/MA/Z7-Nano/ParEIS-MSX/SW/HW_Export_V1/hw/HW_Export_V2.xsa
TRACE::2026-08-19.17:45:29::SCWPlatform::DSA absoulate path C:/Users/tillkorsmeier/Desktop/MA/Z7-Nano/ParEIS-MSX/SW/HW_Export_V1/hw/HW_Export_V2.xsa
TRACE::2026-08-19.17:45:29::SCWPlatform::DSA directory C:/Users/tillkorsmeier/Desktop/MA/Z7-Nano/ParEIS-MSX/SW/HW_Export_V1/hw
TRACE::2026-08-19.17:45:29::SCWPlatform:: Platform Path C:/Users/tillkorsmeier/Desktop/MA/Z7-Nano/ParEIS-MSX/SW/HW_Export_V1/hw/HW_Export_V2.xsa
TRACE::2026-08-19.17:45:29::SCWPlatform:: Unique name xilinx:::0.0
TRACE::2026-08-19.17:45:29::SCWPlatform::Trying to set the existing hwdb with name design_1_wrapper_3
TRACE::2026-08-19.17:45:29::SCWPlatform::Opened existing hwdb design_1_wrapper_3
TRACE::2026-08-19.17:45:29::SCWPlatform::Found the Hw Db part of the input DSA
TRACE::2026-08-19.17:45:29::SCWMssOS::Checking the sw design at  C:/Users/tillkorsmeier/Desktop/MA/Z7-Nano/ParEIS-MSX/SW/HW_Export_V1/ps7_cortexa9_0/standalone_ps7_cortexa9_0/bsp/system.mss
TRACE::2026-08-19.17:45:29::SCWMssOS::DEBUG:  swdes dump  C:/Users/tillkorsmeier/Desktop/MA/Z7-Nano/ParEIS-MSX/SW/HW_Export_V1/ps7_cortexa9_0/standalone_ps7_cortexa9_0/bsp/system.mss|system_0||
C:/Users/tillkorsmeier/Desktop/MA/Z7-Nano/ParEIS-MSX/SW/HW_Export_V1/zynq_fsbl/zynq_fsbl_bsp/system.mss|system||

TRACE::2026-08-19.17:45:29::SCWMssOS::Sw design exists and opened at  C:/Users/tillkorsmeier/Desktop/MA/Z7-Nano/ParEIS-MSX/SW/HW_Export_V1/ps7_cortexa9_0/standalone_ps7_cortexa9_0/bsp/system.mss
TRACE::2026-08-19.17:45:29::SCWWriter::formatted JSON is {
	"platformName":	"HW_Export_V1",
	"sprVersion":	"2.0",
	"mode":	"gui",
	"dsaType":	"Fixed",
	"platformDesc":	"HW_Export_V1",
	"platHandOff":	"C:/Users/tillkorsmeier/Desktop/MA/Z7-Nano/ParEIS-MSX/SW/HW_Export_V2.xsa",
	"platIntHandOff":	"<platformDir>/hw/HW_Export_V2.xsa",
	"deviceType":	"zynq",
	"platIsPrebuiltAutogen":	"false",
	"platIsNoBootBsp":	"false",
	"hasFsblMakeHasChanges":	"false",
	"hasPmufwMakeHasChanges":	"false",
	"fsblExtraCompilerFlags":	"-MMD -MP       -mcpu=cortex-a9 -mfpu=vfpv3 -mfloat-abi=hard ",
	"platPreBuiltFlag":	false,
	"platformSamplesDir":	"",
	"platActiveSys":	"HW_Export_V1",
	"systems":	[{
			"systemName":	"HW_Export_V1",
			"systemDesc":	"HW_Export_V1",
			"sysIsBootAutoGen":	"true",
			"systemDispName":	"HW_Export_V1",
			"sysActiveDom":	"standalone_ps7_cortexa9_0",
			"sysDefaultDom":	"standalone_ps7_cortexa9_0",
			"domains":	[{
					"domainName":	"zynq_fsbl",
					"domainDispName":	"zynq_fsbl",
					"domainDesc":	"FSBL Application BSP - Auto Generated.",
					"processors":	"ps7_cortexa9_0",
					"os":	"standalone",
					"sdxOs":	"standalone",
					"debugEnable":	"",
					"domRuntimes":	["cpp"],
					"swRepo":	"",
					"mssOsVer":	"9.2",
					"mssFile":	"",
					"md5Digest":	"eb13c396dfacc0d4cf82f9f4d1da7be6",
					"compatibleApp":	"zynq_fsbl",
					"domType":	"bootDomain",
					"arch":	"32-bit",
					"appSettings":	{
						"appCompilerFlags":	"",
						"appLinkerFlags":	""
					},
					"addedLibs":	["xilffs:5.3", "xilrsa:1.8"],
					"libOptions":	{
						"libsContainingOptions":	[]
					},
					"prebuiltLibs":	{
						"prebuiltIncPath":	[],
						"prebuiltLibPath":	[]
					},
					"isolation":	{
					}
				}, {
					"domainName":	"standalone_ps7_cortexa9_0",
					"domainDispName":	"standalone_ps7_cortexa9_0",
					"domainDesc":	"standalone_ps7_cortexa9_0",
					"processors":	"ps7_cortexa9_0",
					"os":	"standalone",
					"sdxOs":	"standalone",
					"qemuArgs":	"<platformDir>/resources/HW_Export_V1/standalone_ps7_cortexa9_0/qemu_args.txt",
					"qemuData":	"<platformDir>/resources/HW_Export_V1/standalone_ps7_cortexa9_0/qemu",
					"debugEnable":	"False",
					"domRuntimes":	["cpp"],
					"swRepo":	"",
					"mssOsVer":	"9.2",
					"mssFile":	"",
					"md5Digest":	"7563290f83b5490ef9d40f34975ccc51",
					"compatibleApp":	"",
					"domType":	"mssDomain",
					"arch":	"32-bit",
					"appSettings":	{
						"appCompilerFlags":	"",
						"appLinkerFlags":	""
					},
					"addedLibs":	["lwip220:1.1", "xiltimer:2.1"],
					"libOptions":	{
						"lwip220":	{
							"mem_size":	"1000000",
							"memp_n_tcp_seg":	"65001",
							"phy_link_speed":	"CONFIG_LINKSPEED1000",
							"tcp_snd_buf":	"65000",
							"libOptionNames":	["mem_size", "memp_n_tcp_seg", "phy_link_speed", "tcp_snd_buf"]
						},
						"libsContainingOptions":	["lwip220"]
					},
					"prebuiltLibs":	{
						"prebuiltIncPath":	[],
						"prebuiltLibPath":	[]
					},
					"isolation":	{
					}
				}]
		}]
}
KEYINFO::2026-08-19.17:45:29::SCWPlatform::updated the xpfm file.
TRACE::2026-08-19.17:45:29::SCWPlatform::Trying to open the hw design at C:/Users/tillkorsmeier/Desktop/MA/Z7-Nano/ParEIS-MSX/SW/HW_Export_V1/hw/HW_Export_V2.xsa
TRACE::2026-08-19.17:45:29::SCWPlatform::DSA given C:/Users/tillkorsmeier/Desktop/MA/Z7-Nano/ParEIS-MSX/SW/HW_Export_V1/hw/HW_Export_V2.xsa
TRACE::2026-08-19.17:45:29::SCWPlatform::DSA absoulate path C:/Users/tillkorsmeier/Desktop/MA/Z7-Nano/ParEIS-MSX/SW/HW_Export_V1/hw/HW_Export_V2.xsa
TRACE::2026-08-19.17:45:29::SCWPlatform::DSA directory C:/Users/tillkorsmeier/Desktop/MA/Z7-Nano/ParEIS-MSX/SW/HW_Export_V1/hw
TRACE::2026-08-19.17:45:29::SCWPlatform:: Platform Path C:/Users/tillkorsmeier/Desktop/MA/Z7-Nano/ParEIS-MSX/SW/HW_Export_V1/hw/HW_Export_V2.xsa
TRACE::2026-08-19.17:45:29::SCWPlatform:: Unique name xilinx:::0.0
TRACE::2026-08-19.17:45:29::SCWPlatform::Trying to set the existing hwdb with name design_1_wrapper_3
TRACE::2026-08-19.17:45:29::SCWPlatform::Opened existing hwdb design_1_wrapper_3
TRACE::2026-08-19.17:45:29::SCWPlatform::Found the Hw Db part of the input DSA
TRACE::2026-08-19.17:45:29::SCWMssOS::Checking the sw design at  C:/Users/tillkorsmeier/Desktop/MA/Z7-Nano/ParEIS-MSX/SW/HW_Export_V1/ps7_cortexa9_0/standalone_ps7_cortexa9_0/bsp/system.mss
TRACE::2026-08-19.17:45:29::SCWMssOS::DEBUG:  swdes dump  C:/Users/tillkorsmeier/Desktop/MA/Z7-Nano/ParEIS-MSX/SW/HW_Export_V1/ps7_cortexa9_0/standalone_ps7_cortexa9_0/bsp/system.mss|system_0||
C:/Users/tillkorsmeier/Desktop/MA/Z7-Nano/ParEIS-MSX/SW/HW_Export_V1/zynq_fsbl/zynq_fsbl_bsp/system.mss|system||

TRACE::2026-08-19.17:45:29::SCWMssOS::Sw design exists and opened at  C:/Users/tillkorsmeier/Desktop/MA/Z7-Nano/ParEIS-MSX/SW/HW_Export_V1/ps7_cortexa9_0/standalone_ps7_cortexa9_0/bsp/system.mss
TRACE::2026-08-19.17:51:04::SCWPlatform::Trying to open the hw design at C:/Users/tillkorsmeier/Desktop/MA/Z7-Nano/ParEIS-MSX/SW/HW_Export_V1/hw/HW_Export_V2.xsa
TRACE::2026-08-19.17:51:04::SCWPlatform::DSA given C:/Users/tillkorsmeier/Desktop/MA/Z7-Nano/ParEIS-MSX/SW/HW_Export_V1/hw/HW_Export_V2.xsa
TRACE::2026-08-19.17:51:04::SCWPlatform::DSA absoulate path C:/Users/tillkorsmeier/Desktop/MA/Z7-Nano/ParEIS-MSX/SW/HW_Export_V1/hw/HW_Export_V2.xsa
TRACE::2026-08-19.17:51:04::SCWPlatform::DSA directory C:/Users/tillkorsmeier/Desktop/MA/Z7-Nano/ParEIS-MSX/SW/HW_Export_V1/hw
TRACE::2026-08-19.17:51:04::SCWPlatform:: Platform Path C:/Users/tillkorsmeier/Desktop/MA/Z7-Nano/ParEIS-MSX/SW/HW_Export_V1/hw/HW_Export_V2.xsa
TRACE::2026-08-19.17:51:04::SCWPlatform:: Unique name xilinx:::0.0
TRACE::2026-08-19.17:51:04::SCWPlatform::Do not have an existing db opened. 
TRACE::2026-08-19.17:51:07::SCWPlatform::Opened new HwDB with name design_1_wrapper
TRACE::2026-08-19.17:51:07::SCWReader::Active system found as  HW_Export_V1
TRACE::2026-08-19.17:51:07::SCWReader::Handling sysconfig HW_Export_V1
TRACE::2026-08-19.17:51:07::SCWDomain::checking for install qemu data   : 
TRACE::2026-08-19.17:51:07::SCWDomain:: Using the QEMU Data from install at  : C:/Xilinx/Vitis/Vitis/2024.2/data/emulation/platforms/zynq/sw/a9_standalone/qemu/
TRACE::2026-08-19.17:51:07::SCWDomain:: Using the QEMU args  from install at  : C:/Xilinx/Vitis/Vitis/2024.2/data/emulation/platforms/zynq/sw/a9_standalone/qemu/qemu_args.txt
TRACE::2026-08-19.17:51:07::SCWPlatform::Trying to open the hw design at C:/Users/tillkorsmeier/Desktop/MA/Z7-Nano/ParEIS-MSX/SW/HW_Export_V1/hw/HW_Export_V2.xsa
TRACE::2026-08-19.17:51:07::SCWPlatform::DSA given C:/Users/tillkorsmeier/Desktop/MA/Z7-Nano/ParEIS-MSX/SW/HW_Export_V1/hw/HW_Export_V2.xsa
TRACE::2026-08-19.17:51:07::SCWPlatform::DSA absoulate path C:/Users/tillkorsmeier/Desktop/MA/Z7-Nano/ParEIS-MSX/SW/HW_Export_V1/hw/HW_Export_V2.xsa
TRACE::2026-08-19.17:51:07::SCWPlatform::DSA directory C:/Users/tillkorsmeier/Desktop/MA/Z7-Nano/ParEIS-MSX/SW/HW_Export_V1/hw
TRACE::2026-08-19.17:51:07::SCWPlatform:: Platform Path C:/Users/tillkorsmeier/Desktop/MA/Z7-Nano/ParEIS-MSX/SW/HW_Export_V1/hw/HW_Export_V2.xsa
TRACE::2026-08-19.17:51:07::SCWPlatform:: Unique name xilinx:::0.0
TRACE::2026-08-19.17:51:07::SCWPlatform::Trying to set the existing hwdb with name design_1_wrapper
TRACE::2026-08-19.17:51:07::SCWPlatform::Opened existing hwdb design_1_wrapper
TRACE::2026-08-19.17:51:07::SCWPlatform::Found the Hw Db part of the input DSA
TRACE::2026-08-19.17:51:07::SCWPlatform::Trying to open the hw design at C:/Users/tillkorsmeier/Desktop/MA/Z7-Nano/ParEIS-MSX/SW/HW_Export_V1/hw/HW_Export_V2.xsa
TRACE::2026-08-19.17:51:07::SCWPlatform::DSA given C:/Users/tillkorsmeier/Desktop/MA/Z7-Nano/ParEIS-MSX/SW/HW_Export_V1/hw/HW_Export_V2.xsa
TRACE::2026-08-19.17:51:07::SCWPlatform::DSA absoulate path C:/Users/tillkorsmeier/Desktop/MA/Z7-Nano/ParEIS-MSX/SW/HW_Export_V1/hw/HW_Export_V2.xsa
TRACE::2026-08-19.17:51:07::SCWPlatform::DSA directory C:/Users/tillkorsmeier/Desktop/MA/Z7-Nano/ParEIS-MSX/SW/HW_Export_V1/hw
TRACE::2026-08-19.17:51:07::SCWPlatform:: Platform Path C:/Users/tillkorsmeier/Desktop/MA/Z7-Nano/ParEIS-MSX/SW/HW_Export_V1/hw/HW_Export_V2.xsa
TRACE::2026-08-19.17:51:07::SCWPlatform:: Unique name xilinx:::0.0
TRACE::2026-08-19.17:51:07::SCWPlatform::Trying to set the existing hwdb with name design_1_wrapper
TRACE::2026-08-19.17:51:07::SCWPlatform::Opened existing hwdb design_1_wrapper
TRACE::2026-08-19.17:51:07::SCWPlatform::Found the Hw Db part of the input DSA
TRACE::2026-08-19.17:51:07::SCWPlatform::Trying to open the hw design at C:/Users/tillkorsmeier/Desktop/MA/Z7-Nano/ParEIS-MSX/SW/HW_Export_V1/hw/HW_Export_V2.xsa
TRACE::2026-08-19.17:51:07::SCWPlatform::DSA given C:/Users/tillkorsmeier/Desktop/MA/Z7-Nano/ParEIS-MSX/SW/HW_Export_V1/hw/HW_Export_V2.xsa
TRACE::2026-08-19.17:51:07::SCWPlatform::DSA absoulate path C:/Users/tillkorsmeier/Desktop/MA/Z7-Nano/ParEIS-MSX/SW/HW_Export_V1/hw/HW_Export_V2.xsa
TRACE::2026-08-19.17:51:07::SCWPlatform::DSA directory C:/Users/tillkorsmeier/Desktop/MA/Z7-Nano/ParEIS-MSX/SW/HW_Export_V1/hw
TRACE::2026-08-19.17:51:07::SCWPlatform:: Platform Path C:/Users/tillkorsmeier/Desktop/MA/Z7-Nano/ParEIS-MSX/SW/HW_Export_V1/hw/HW_Export_V2.xsa
TRACE::2026-08-19.17:51:07::SCWPlatform:: Unique name xilinx:::0.0
TRACE::2026-08-19.17:51:07::SCWPlatform::Trying to set the existing hwdb with name design_1_wrapper
TRACE::2026-08-19.17:51:07::SCWPlatform::Opened existing hwdb design_1_wrapper
TRACE::2026-08-19.17:51:07::SCWPlatform::Found the Hw Db part of the input DSA
TRACE::2026-08-19.17:51:07::SCWReader::Boot application domain added for zynq_fsbl
TRACE::2026-08-19.17:51:07::SCWPlatform::Trying to open the hw design at C:/Users/tillkorsmeier/Desktop/MA/Z7-Nano/ParEIS-MSX/SW/HW_Export_V1/hw/HW_Export_V2.xsa
TRACE::2026-08-19.17:51:07::SCWPlatform::DSA given C:/Users/tillkorsmeier/Desktop/MA/Z7-Nano/ParEIS-MSX/SW/HW_Export_V1/hw/HW_Export_V2.xsa
TRACE::2026-08-19.17:51:07::SCWPlatform::DSA absoulate path C:/Users/tillkorsmeier/Desktop/MA/Z7-Nano/ParEIS-MSX/SW/HW_Export_V1/hw/HW_Export_V2.xsa
TRACE::2026-08-19.17:51:07::SCWPlatform::DSA directory C:/Users/tillkorsmeier/Desktop/MA/Z7-Nano/ParEIS-MSX/SW/HW_Export_V1/hw
TRACE::2026-08-19.17:51:07::SCWPlatform:: Platform Path C:/Users/tillkorsmeier/Desktop/MA/Z7-Nano/ParEIS-MSX/SW/HW_Export_V1/hw/HW_Export_V2.xsa
TRACE::2026-08-19.17:51:07::SCWPlatform:: Unique name xilinx:::0.0
TRACE::2026-08-19.17:51:07::SCWPlatform::Trying to set the existing hwdb with name design_1_wrapper
TRACE::2026-08-19.17:51:07::SCWPlatform::Opened existing hwdb design_1_wrapper
TRACE::2026-08-19.17:51:07::SCWPlatform::Found the Hw Db part of the input DSA
TRACE::2026-08-19.17:51:07::SCWMssOS::Checking the sw design at  C:/Users/tillkorsmeier/Desktop/MA/Z7-Nano/ParEIS-MSX/SW/HW_Export_V1/zynq_fsbl/zynq_fsbl_bsp/system.mss
TRACE::2026-08-19.17:51:07::SCWMssOS::DEBUG:  swdes dump  
TRACE::2026-08-19.17:51:07::SCWMssOS::No sw design opened at  C:/Users/tillkorsmeier/Desktop/MA/Z7-Nano/ParEIS-MSX/SW/HW_Export_V1/zynq_fsbl/zynq_fsbl_bsp/system.mss
TRACE::2026-08-19.17:51:07::SCWMssOS::mss exists loading the mss file  C:/Users/tillkorsmeier/Desktop/MA/Z7-Nano/ParEIS-MSX/SW/HW_Export_V1/zynq_fsbl/zynq_fsbl_bsp/system.mss
TRACE::2026-08-19.17:51:07::SCWMssOS::Opened the sw design from mss  C:/Users/tillkorsmeier/Desktop/MA/Z7-Nano/ParEIS-MSX/SW/HW_Export_V1/zynq_fsbl/zynq_fsbl_bsp/system.mss
TRACE::2026-08-19.17:51:07::SCWMssOS::Adding the swdes entry C:/Users/tillkorsmeier/Desktop/MA/Z7-Nano/ParEIS-MSX/SW/HW_Export_V1/zynq_fsbl/zynq_fsbl_bsp/system.mss with des name system
TRACE::2026-08-19.17:51:07::SCWMssOS::updating the scw layer about changes
TRACE::2026-08-19.17:51:07::SCWMssOS::Opened the sw design.  C:/Users/tillkorsmeier/Desktop/MA/Z7-Nano/ParEIS-MSX/SW/HW_Export_V1/zynq_fsbl/zynq_fsbl_bsp/system.mss
TRACE::2026-08-19.17:51:07::SCWPlatform::Trying to open the hw design at C:/Users/tillkorsmeier/Desktop/MA/Z7-Nano/ParEIS-MSX/SW/HW_Export_V1/hw/HW_Export_V2.xsa
TRACE::2026-08-19.17:51:07::SCWPlatform::DSA given C:/Users/tillkorsmeier/Desktop/MA/Z7-Nano/ParEIS-MSX/SW/HW_Export_V1/hw/HW_Export_V2.xsa
TRACE::2026-08-19.17:51:07::SCWPlatform::DSA absoulate path C:/Users/tillkorsmeier/Desktop/MA/Z7-Nano/ParEIS-MSX/SW/HW_Export_V1/hw/HW_Export_V2.xsa
TRACE::2026-08-19.17:51:07::SCWPlatform::DSA directory C:/Users/tillkorsmeier/Desktop/MA/Z7-Nano/ParEIS-MSX/SW/HW_Export_V1/hw
TRACE::2026-08-19.17:51:07::SCWPlatform:: Platform Path C:/Users/tillkorsmeier/Desktop/MA/Z7-Nano/ParEIS-MSX/SW/HW_Export_V1/hw/HW_Export_V2.xsa
TRACE::2026-08-19.17:51:07::SCWPlatform:: Unique name xilinx:::0.0
TRACE::2026-08-19.17:51:07::SCWPlatform::Trying to set the existing hwdb with name design_1_wrapper
TRACE::2026-08-19.17:51:07::SCWPlatform::Opened existing hwdb design_1_wrapper
TRACE::2026-08-19.17:51:07::SCWPlatform::Found the Hw Db part of the input DSA
TRACE::2026-08-19.17:51:07::SCWMssOS::Checking the sw design at  C:/Users/tillkorsmeier/Desktop/MA/Z7-Nano/ParEIS-MSX/SW/HW_Export_V1/zynq_fsbl/zynq_fsbl_bsp/system.mss
TRACE::2026-08-19.17:51:07::SCWMssOS::DEBUG:  swdes dump  C:/Users/tillkorsmeier/Desktop/MA/Z7-Nano/ParEIS-MSX/SW/HW_Export_V1/zynq_fsbl/zynq_fsbl_bsp/system.mss|system||

TRACE::2026-08-19.17:51:07::SCWMssOS::Sw design exists and opened at  C:/Users/tillkorsmeier/Desktop/MA/Z7-Nano/ParEIS-MSX/SW/HW_Export_V1/zynq_fsbl/zynq_fsbl_bsp/system.mss
TRACE::2026-08-19.17:51:07::SCWMssOS:: library already available in sw design:  xilffs:5.3
TRACE::2026-08-19.17:51:07::SCWPlatform::Trying to open the hw design at C:/Users/tillkorsmeier/Desktop/MA/Z7-Nano/ParEIS-MSX/SW/HW_Export_V1/hw/HW_Export_V2.xsa
TRACE::2026-08-19.17:51:07::SCWPlatform::DSA given C:/Users/tillkorsmeier/Desktop/MA/Z7-Nano/ParEIS-MSX/SW/HW_Export_V1/hw/HW_Export_V2.xsa
TRACE::2026-08-19.17:51:07::SCWPlatform::DSA absoulate path C:/Users/tillkorsmeier/Desktop/MA/Z7-Nano/ParEIS-MSX/SW/HW_Export_V1/hw/HW_Export_V2.xsa
TRACE::2026-08-19.17:51:07::SCWPlatform::DSA directory C:/Users/tillkorsmeier/Desktop/MA/Z7-Nano/ParEIS-MSX/SW/HW_Export_V1/hw
TRACE::2026-08-19.17:51:07::SCWPlatform:: Platform Path C:/Users/tillkorsmeier/Desktop/MA/Z7-Nano/ParEIS-MSX/SW/HW_Export_V1/hw/HW_Export_V2.xsa
TRACE::2026-08-19.17:51:07::SCWPlatform:: Unique name xilinx:::0.0
TRACE::2026-08-19.17:51:07::SCWPlatform::Trying to set the existing hwdb with name design_1_wrapper
TRACE::2026-08-19.17:51:07::SCWPlatform::Opened existing hwdb design_1_wrapper
TRACE::2026-08-19.17:51:07::SCWPlatform::Found the Hw Db part of the input DSA
TRACE::2026-08-19.17:51:07::SCWMssOS::Checking the sw design at  C:/Users/tillkorsmeier/Desktop/MA/Z7-Nano/ParEIS-MSX/SW/HW_Export_V1/zynq_fsbl/zynq_fsbl_bsp/system.mss
TRACE::2026-08-19.17:51:07::SCWMssOS::DEBUG:  swdes dump  C:/Users/tillkorsmeier/Desktop/MA/Z7-Nano/ParEIS-MSX/SW/HW_Export_V1/zynq_fsbl/zynq_fsbl_bsp/system.mss|system||

TRACE::2026-08-19.17:51:07::SCWMssOS::Sw design exists and opened at  C:/Users/tillkorsmeier/Desktop/MA/Z7-Nano/ParEIS-MSX/SW/HW_Export_V1/zynq_fsbl/zynq_fsbl_bsp/system.mss
TRACE::2026-08-19.17:51:07::SCWMssOS:: library already available in sw design:  xilrsa:1.8
TRACE::2026-08-19.17:51:07::SCWMssOS::Saving the mss changes C:/Users/tillkorsmeier/Desktop/MA/Z7-Nano/ParEIS-MSX/SW/HW_Export_V1/zynq_fsbl/zynq_fsbl_bsp/system.mss
TRACE::2026-08-19.17:51:07::SCWMssOS::Found a swdesign opened with the mssfile.
TRACE::2026-08-19.17:51:07::SCWMssOS::Completed writemss as part of save.
TRACE::2026-08-19.17:51:07::SCWMssOS::Commit changes completed.
TRACE::2026-08-19.17:51:07::SCWReader::Adding prebuilt librarypaths as   
TRACE::2026-08-19.17:51:07::SCWReader::Adding prebuilt incpaths  as   
TRACE::2026-08-19.17:51:07::SCWPlatform::Trying to open the hw design at C:/Users/tillkorsmeier/Desktop/MA/Z7-Nano/ParEIS-MSX/SW/HW_Export_V1/hw/HW_Export_V2.xsa
TRACE::2026-08-19.17:51:07::SCWPlatform::DSA given C:/Users/tillkorsmeier/Desktop/MA/Z7-Nano/ParEIS-MSX/SW/HW_Export_V1/hw/HW_Export_V2.xsa
TRACE::2026-08-19.17:51:07::SCWPlatform::DSA absoulate path C:/Users/tillkorsmeier/Desktop/MA/Z7-Nano/ParEIS-MSX/SW/HW_Export_V1/hw/HW_Export_V2.xsa
TRACE::2026-08-19.17:51:07::SCWPlatform::DSA directory C:/Users/tillkorsmeier/Desktop/MA/Z7-Nano/ParEIS-MSX/SW/HW_Export_V1/hw
TRACE::2026-08-19.17:51:07::SCWPlatform:: Platform Path C:/Users/tillkorsmeier/Desktop/MA/Z7-Nano/ParEIS-MSX/SW/HW_Export_V1/hw/HW_Export_V2.xsa
TRACE::2026-08-19.17:51:07::SCWPlatform:: Unique name xilinx:::0.0
TRACE::2026-08-19.17:51:07::SCWPlatform::Trying to set the existing hwdb with name design_1_wrapper
TRACE::2026-08-19.17:51:07::SCWPlatform::Opened existing hwdb design_1_wrapper
TRACE::2026-08-19.17:51:07::SCWPlatform::Found the Hw Db part of the input DSA
TRACE::2026-08-19.17:51:07::SCWMssOS::Checking the sw design at  C:/Users/tillkorsmeier/Desktop/MA/Z7-Nano/ParEIS-MSX/SW/HW_Export_V1/zynq_fsbl/zynq_fsbl_bsp/system.mss
TRACE::2026-08-19.17:51:07::SCWMssOS::DEBUG:  swdes dump  C:/Users/tillkorsmeier/Desktop/MA/Z7-Nano/ParEIS-MSX/SW/HW_Export_V1/zynq_fsbl/zynq_fsbl_bsp/system.mss|system||

TRACE::2026-08-19.17:51:07::SCWMssOS::Sw design exists and opened at  C:/Users/tillkorsmeier/Desktop/MA/Z7-Nano/ParEIS-MSX/SW/HW_Export_V1/zynq_fsbl/zynq_fsbl_bsp/system.mss
TRACE::2026-08-19.17:51:07::SCWReader::No isolation master present  
TRACE::2026-08-19.17:51:07::SCWDomain::checking for install qemu data   : 
TRACE::2026-08-19.17:51:07::SCWDomain:: Using the QEMU Data from install at  : C:/Xilinx/Vitis/Vitis/2024.2/data/emulation/platforms/zynq/sw/a9_standalone/qemu/
TRACE::2026-08-19.17:51:07::SCWDomain:: Using the QEMU args  from install at  : C:/Xilinx/Vitis/Vitis/2024.2/data/emulation/platforms/zynq/sw/a9_standalone/qemu/qemu_args.txt
TRACE::2026-08-19.17:51:07::SCWPlatform::Trying to open the hw design at C:/Users/tillkorsmeier/Desktop/MA/Z7-Nano/ParEIS-MSX/SW/HW_Export_V1/hw/HW_Export_V2.xsa
TRACE::2026-08-19.17:51:07::SCWPlatform::DSA given C:/Users/tillkorsmeier/Desktop/MA/Z7-Nano/ParEIS-MSX/SW/HW_Export_V1/hw/HW_Export_V2.xsa
TRACE::2026-08-19.17:51:07::SCWPlatform::DSA absoulate path C:/Users/tillkorsmeier/Desktop/MA/Z7-Nano/ParEIS-MSX/SW/HW_Export_V1/hw/HW_Export_V2.xsa
TRACE::2026-08-19.17:51:07::SCWPlatform::DSA directory C:/Users/tillkorsmeier/Desktop/MA/Z7-Nano/ParEIS-MSX/SW/HW_Export_V1/hw
TRACE::2026-08-19.17:51:07::SCWPlatform:: Platform Path C:/Users/tillkorsmeier/Desktop/MA/Z7-Nano/ParEIS-MSX/SW/HW_Export_V1/hw/HW_Export_V2.xsa
TRACE::2026-08-19.17:51:07::SCWPlatform:: Unique name xilinx:::0.0
TRACE::2026-08-19.17:51:07::SCWPlatform::Trying to set the existing hwdb with name design_1_wrapper
TRACE::2026-08-19.17:51:07::SCWPlatform::Opened existing hwdb design_1_wrapper
TRACE::2026-08-19.17:51:07::SCWPlatform::Found the Hw Db part of the input DSA
TRACE::2026-08-19.17:51:07::SCWPlatform::Trying to open the hw design at C:/Users/tillkorsmeier/Desktop/MA/Z7-Nano/ParEIS-MSX/SW/HW_Export_V1/hw/HW_Export_V2.xsa
TRACE::2026-08-19.17:51:07::SCWPlatform::DSA given C:/Users/tillkorsmeier/Desktop/MA/Z7-Nano/ParEIS-MSX/SW/HW_Export_V1/hw/HW_Export_V2.xsa
TRACE::2026-08-19.17:51:07::SCWPlatform::DSA absoulate path C:/Users/tillkorsmeier/Desktop/MA/Z7-Nano/ParEIS-MSX/SW/HW_Export_V1/hw/HW_Export_V2.xsa
TRACE::2026-08-19.17:51:07::SCWPlatform::DSA directory C:/Users/tillkorsmeier/Desktop/MA/Z7-Nano/ParEIS-MSX/SW/HW_Export_V1/hw
TRACE::2026-08-19.17:51:07::SCWPlatform:: Platform Path C:/Users/tillkorsmeier/Desktop/MA/Z7-Nano/ParEIS-MSX/SW/HW_Export_V1/hw/HW_Export_V2.xsa
TRACE::2026-08-19.17:51:07::SCWPlatform:: Unique name xilinx:::0.0
TRACE::2026-08-19.17:51:07::SCWPlatform::Trying to set the existing hwdb with name design_1_wrapper
TRACE::2026-08-19.17:51:07::SCWPlatform::Opened existing hwdb design_1_wrapper
TRACE::2026-08-19.17:51:07::SCWPlatform::Found the Hw Db part of the input DSA
TRACE::2026-08-19.17:51:07::SCWPlatform::Trying to open the hw design at C:/Users/tillkorsmeier/Desktop/MA/Z7-Nano/ParEIS-MSX/SW/HW_Export_V1/hw/HW_Export_V2.xsa
TRACE::2026-08-19.17:51:07::SCWPlatform::DSA given C:/Users/tillkorsmeier/Desktop/MA/Z7-Nano/ParEIS-MSX/SW/HW_Export_V1/hw/HW_Export_V2.xsa
TRACE::2026-08-19.17:51:07::SCWPlatform::DSA absoulate path C:/Users/tillkorsmeier/Desktop/MA/Z7-Nano/ParEIS-MSX/SW/HW_Export_V1/hw/HW_Export_V2.xsa
TRACE::2026-08-19.17:51:07::SCWPlatform::DSA directory C:/Users/tillkorsmeier/Desktop/MA/Z7-Nano/ParEIS-MSX/SW/HW_Export_V1/hw
TRACE::2026-08-19.17:51:07::SCWPlatform:: Platform Path C:/Users/tillkorsmeier/Desktop/MA/Z7-Nano/ParEIS-MSX/SW/HW_Export_V1/hw/HW_Export_V2.xsa
TRACE::2026-08-19.17:51:07::SCWPlatform:: Unique name xilinx:::0.0
TRACE::2026-08-19.17:51:07::SCWPlatform::Trying to set the existing hwdb with name design_1_wrapper
TRACE::2026-08-19.17:51:07::SCWPlatform::Opened existing hwdb design_1_wrapper
TRACE::2026-08-19.17:51:07::SCWPlatform::Found the Hw Db part of the input DSA
TRACE::2026-08-19.17:51:07::SCWMssOS::Checking the sw design at  C:/Users/tillkorsmeier/Desktop/MA/Z7-Nano/ParEIS-MSX/SW/HW_Export_V1/ps7_cortexa9_0/standalone_ps7_cortexa9_0/bsp/system.mss
TRACE::2026-08-19.17:51:07::SCWMssOS::DEBUG:  swdes dump  C:/Users/tillkorsmeier/Desktop/MA/Z7-Nano/ParEIS-MSX/SW/HW_Export_V1/zynq_fsbl/zynq_fsbl_bsp/system.mss|system||

TRACE::2026-08-19.17:51:07::SCWMssOS::No sw design opened at  C:/Users/tillkorsmeier/Desktop/MA/Z7-Nano/ParEIS-MSX/SW/HW_Export_V1/ps7_cortexa9_0/standalone_ps7_cortexa9_0/bsp/system.mss
TRACE::2026-08-19.17:51:07::SCWMssOS::mss exists loading the mss file  C:/Users/tillkorsmeier/Desktop/MA/Z7-Nano/ParEIS-MSX/SW/HW_Export_V1/ps7_cortexa9_0/standalone_ps7_cortexa9_0/bsp/system.mss
TRACE::2026-08-19.17:51:07::SCWMssOS::Opened the sw design from mss  C:/Users/tillkorsmeier/Desktop/MA/Z7-Nano/ParEIS-MSX/SW/HW_Export_V1/ps7_cortexa9_0/standalone_ps7_cortexa9_0/bsp/system.mss
TRACE::2026-08-19.17:51:07::SCWMssOS::Adding the swdes entry C:/Users/tillkorsmeier/Desktop/MA/Z7-Nano/ParEIS-MSX/SW/HW_Export_V1/ps7_cortexa9_0/standalone_ps7_cortexa9_0/bsp/system.mss with des name system_0
TRACE::2026-08-19.17:51:07::SCWMssOS::updating the scw layer about changes
TRACE::2026-08-19.17:51:07::SCWMssOS::Opened the sw design.  C:/Users/tillkorsmeier/Desktop/MA/Z7-Nano/ParEIS-MSX/SW/HW_Export_V1/ps7_cortexa9_0/standalone_ps7_cortexa9_0/bsp/system.mss
TRACE::2026-08-19.17:51:07::SCWPlatform::Trying to open the hw design at C:/Users/tillkorsmeier/Desktop/MA/Z7-Nano/ParEIS-MSX/SW/HW_Export_V1/hw/HW_Export_V2.xsa
TRACE::2026-08-19.17:51:07::SCWPlatform::DSA given C:/Users/tillkorsmeier/Desktop/MA/Z7-Nano/ParEIS-MSX/SW/HW_Export_V1/hw/HW_Export_V2.xsa
TRACE::2026-08-19.17:51:07::SCWPlatform::DSA absoulate path C:/Users/tillkorsmeier/Desktop/MA/Z7-Nano/ParEIS-MSX/SW/HW_Export_V1/hw/HW_Export_V2.xsa
TRACE::2026-08-19.17:51:07::SCWPlatform::DSA directory C:/Users/tillkorsmeier/Desktop/MA/Z7-Nano/ParEIS-MSX/SW/HW_Export_V1/hw
TRACE::2026-08-19.17:51:07::SCWPlatform:: Platform Path C:/Users/tillkorsmeier/Desktop/MA/Z7-Nano/ParEIS-MSX/SW/HW_Export_V1/hw/HW_Export_V2.xsa
TRACE::2026-08-19.17:51:07::SCWPlatform:: Unique name xilinx:::0.0
TRACE::2026-08-19.17:51:07::SCWPlatform::Trying to set the existing hwdb with name design_1_wrapper
TRACE::2026-08-19.17:51:07::SCWPlatform::Opened existing hwdb design_1_wrapper
TRACE::2026-08-19.17:51:07::SCWPlatform::Found the Hw Db part of the input DSA
TRACE::2026-08-19.17:51:07::SCWMssOS::Checking the sw design at  C:/Users/tillkorsmeier/Desktop/MA/Z7-Nano/ParEIS-MSX/SW/HW_Export_V1/ps7_cortexa9_0/standalone_ps7_cortexa9_0/bsp/system.mss
TRACE::2026-08-19.17:51:07::SCWMssOS::DEBUG:  swdes dump  C:/Users/tillkorsmeier/Desktop/MA/Z7-Nano/ParEIS-MSX/SW/HW_Export_V1/ps7_cortexa9_0/standalone_ps7_cortexa9_0/bsp/system.mss|system_0||
C:/Users/tillkorsmeier/Desktop/MA/Z7-Nano/ParEIS-MSX/SW/HW_Export_V1/zynq_fsbl/zynq_fsbl_bsp/system.mss|system||

TRACE::2026-08-19.17:51:07::SCWMssOS::Sw design exists and opened at  C:/Users/tillkorsmeier/Desktop/MA/Z7-Nano/ParEIS-MSX/SW/HW_Export_V1/ps7_cortexa9_0/standalone_ps7_cortexa9_0/bsp/system.mss
TRACE::2026-08-19.17:51:07::SCWMssOS:: library already available in sw design:  lwip220:1.1
TRACE::2026-08-19.17:51:07::SCWPlatform::Trying to open the hw design at C:/Users/tillkorsmeier/Desktop/MA/Z7-Nano/ParEIS-MSX/SW/HW_Export_V1/hw/HW_Export_V2.xsa
TRACE::2026-08-19.17:51:07::SCWPlatform::DSA given C:/Users/tillkorsmeier/Desktop/MA/Z7-Nano/ParEIS-MSX/SW/HW_Export_V1/hw/HW_Export_V2.xsa
TRACE::2026-08-19.17:51:07::SCWPlatform::DSA absoulate path C:/Users/tillkorsmeier/Desktop/MA/Z7-Nano/ParEIS-MSX/SW/HW_Export_V1/hw/HW_Export_V2.xsa
TRACE::2026-08-19.17:51:07::SCWPlatform::DSA directory C:/Users/tillkorsmeier/Desktop/MA/Z7-Nano/ParEIS-MSX/SW/HW_Export_V1/hw
TRACE::2026-08-19.17:51:07::SCWPlatform:: Platform Path C:/Users/tillkorsmeier/Desktop/MA/Z7-Nano/ParEIS-MSX/SW/HW_Export_V1/hw/HW_Export_V2.xsa
TRACE::2026-08-19.17:51:07::SCWPlatform:: Unique name xilinx:::0.0
TRACE::2026-08-19.17:51:07::SCWPlatform::Trying to set the existing hwdb with name design_1_wrapper
TRACE::2026-08-19.17:51:07::SCWPlatform::Opened existing hwdb design_1_wrapper
TRACE::2026-08-19.17:51:07::SCWPlatform::Found the Hw Db part of the input DSA
TRACE::2026-08-19.17:51:07::SCWMssOS::Checking the sw design at  C:/Users/tillkorsmeier/Desktop/MA/Z7-Nano/ParEIS-MSX/SW/HW_Export_V1/ps7_cortexa9_0/standalone_ps7_cortexa9_0/bsp/system.mss
TRACE::2026-08-19.17:51:07::SCWMssOS::DEBUG:  swdes dump  C:/Users/tillkorsmeier/Desktop/MA/Z7-Nano/ParEIS-MSX/SW/HW_Export_V1/ps7_cortexa9_0/standalone_ps7_cortexa9_0/bsp/system.mss|system_0||
C:/Users/tillkorsmeier/Desktop/MA/Z7-Nano/ParEIS-MSX/SW/HW_Export_V1/zynq_fsbl/zynq_fsbl_bsp/system.mss|system||

TRACE::2026-08-19.17:51:07::SCWMssOS::Sw design exists and opened at  C:/Users/tillkorsmeier/Desktop/MA/Z7-Nano/ParEIS-MSX/SW/HW_Export_V1/ps7_cortexa9_0/standalone_ps7_cortexa9_0/bsp/system.mss
TRACE::2026-08-19.17:51:07::SCWMssOS:: library already available in sw design:  xiltimer:2.1
TRACE::2026-08-19.17:51:07::SCWPlatform::Trying to open the hw design at C:/Users/tillkorsmeier/Desktop/MA/Z7-Nano/ParEIS-MSX/SW/HW_Export_V1/hw/HW_Export_V2.xsa
TRACE::2026-08-19.17:51:07::SCWPlatform::DSA given C:/Users/tillkorsmeier/Desktop/MA/Z7-Nano/ParEIS-MSX/SW/HW_Export_V1/hw/HW_Export_V2.xsa
TRACE::2026-08-19.17:51:07::SCWPlatform::DSA absoulate path C:/Users/tillkorsmeier/Desktop/MA/Z7-Nano/ParEIS-MSX/SW/HW_Export_V1/hw/HW_Export_V2.xsa
TRACE::2026-08-19.17:51:07::SCWPlatform::DSA directory C:/Users/tillkorsmeier/Desktop/MA/Z7-Nano/ParEIS-MSX/SW/HW_Export_V1/hw
TRACE::2026-08-19.17:51:07::SCWPlatform:: Platform Path C:/Users/tillkorsmeier/Desktop/MA/Z7-Nano/ParEIS-MSX/SW/HW_Export_V1/hw/HW_Export_V2.xsa
TRACE::2026-08-19.17:51:07::SCWPlatform:: Unique name xilinx:::0.0
TRACE::2026-08-19.17:51:07::SCWPlatform::Trying to set the existing hwdb with name design_1_wrapper
TRACE::2026-08-19.17:51:07::SCWPlatform::Opened existing hwdb design_1_wrapper
TRACE::2026-08-19.17:51:07::SCWPlatform::Found the Hw Db part of the input DSA
TRACE::2026-08-19.17:51:07::SCWMssOS::Checking the sw design at  C:/Users/tillkorsmeier/Desktop/MA/Z7-Nano/ParEIS-MSX/SW/HW_Export_V1/ps7_cortexa9_0/standalone_ps7_cortexa9_0/bsp/system.mss
TRACE::2026-08-19.17:51:07::SCWMssOS::DEBUG:  swdes dump  C:/Users/tillkorsmeier/Desktop/MA/Z7-Nano/ParEIS-MSX/SW/HW_Export_V1/ps7_cortexa9_0/standalone_ps7_cortexa9_0/bsp/system.mss|system_0||
C:/Users/tillkorsmeier/Desktop/MA/Z7-Nano/ParEIS-MSX/SW/HW_Export_V1/zynq_fsbl/zynq_fsbl_bsp/system.mss|system||

TRACE::2026-08-19.17:51:07::SCWMssOS::Sw design exists and opened at  C:/Users/tillkorsmeier/Desktop/MA/Z7-Nano/ParEIS-MSX/SW/HW_Export_V1/ps7_cortexa9_0/standalone_ps7_cortexa9_0/bsp/system.mss
TRACE::2026-08-19.17:51:07::SCWPlatform::Trying to open the hw design at C:/Users/tillkorsmeier/Desktop/MA/Z7-Nano/ParEIS-MSX/SW/HW_Export_V1/hw/HW_Export_V2.xsa
TRACE::2026-08-19.17:51:07::SCWPlatform::DSA given C:/Users/tillkorsmeier/Desktop/MA/Z7-Nano/ParEIS-MSX/SW/HW_Export_V1/hw/HW_Export_V2.xsa
TRACE::2026-08-19.17:51:07::SCWPlatform::DSA absoulate path C:/Users/tillkorsmeier/Desktop/MA/Z7-Nano/ParEIS-MSX/SW/HW_Export_V1/hw/HW_Export_V2.xsa
TRACE::2026-08-19.17:51:07::SCWPlatform::DSA directory C:/Users/tillkorsmeier/Desktop/MA/Z7-Nano/ParEIS-MSX/SW/HW_Export_V1/hw
TRACE::2026-08-19.17:51:07::SCWPlatform:: Platform Path C:/Users/tillkorsmeier/Desktop/MA/Z7-Nano/ParEIS-MSX/SW/HW_Export_V1/hw/HW_Export_V2.xsa
TRACE::2026-08-19.17:51:07::SCWPlatform:: Unique name xilinx:::0.0
TRACE::2026-08-19.17:51:07::SCWPlatform::Trying to set the existing hwdb with name design_1_wrapper
TRACE::2026-08-19.17:51:07::SCWPlatform::Opened existing hwdb design_1_wrapper
TRACE::2026-08-19.17:51:07::SCWPlatform::Found the Hw Db part of the input DSA
TRACE::2026-08-19.17:51:07::SCWMssOS::Checking the sw design at  C:/Users/tillkorsmeier/Desktop/MA/Z7-Nano/ParEIS-MSX/SW/HW_Export_V1/ps7_cortexa9_0/standalone_ps7_cortexa9_0/bsp/system.mss
TRACE::2026-08-19.17:51:07::SCWMssOS::DEBUG:  swdes dump  C:/Users/tillkorsmeier/Desktop/MA/Z7-Nano/ParEIS-MSX/SW/HW_Export_V1/ps7_cortexa9_0/standalone_ps7_cortexa9_0/bsp/system.mss|system_0||
C:/Users/tillkorsmeier/Desktop/MA/Z7-Nano/ParEIS-MSX/SW/HW_Export_V1/zynq_fsbl/zynq_fsbl_bsp/system.mss|system||

TRACE::2026-08-19.17:51:07::SCWMssOS::Sw design exists and opened at  C:/Users/tillkorsmeier/Desktop/MA/Z7-Nano/ParEIS-MSX/SW/HW_Export_V1/ps7_cortexa9_0/standalone_ps7_cortexa9_0/bsp/system.mss
TRACE::2026-08-19.17:51:07::SCWPlatform::Trying to open the hw design at C:/Users/tillkorsmeier/Desktop/MA/Z7-Nano/ParEIS-MSX/SW/HW_Export_V1/hw/HW_Export_V2.xsa
TRACE::2026-08-19.17:51:07::SCWPlatform::DSA given C:/Users/tillkorsmeier/Desktop/MA/Z7-Nano/ParEIS-MSX/SW/HW_Export_V1/hw/HW_Export_V2.xsa
TRACE::2026-08-19.17:51:07::SCWPlatform::DSA absoulate path C:/Users/tillkorsmeier/Desktop/MA/Z7-Nano/ParEIS-MSX/SW/HW_Export_V1/hw/HW_Export_V2.xsa
TRACE::2026-08-19.17:51:07::SCWPlatform::DSA directory C:/Users/tillkorsmeier/Desktop/MA/Z7-Nano/ParEIS-MSX/SW/HW_Export_V1/hw
TRACE::2026-08-19.17:51:07::SCWPlatform:: Platform Path C:/Users/tillkorsmeier/Desktop/MA/Z7-Nano/ParEIS-MSX/SW/HW_Export_V1/hw/HW_Export_V2.xsa
TRACE::2026-08-19.17:51:07::SCWPlatform:: Unique name xilinx:::0.0
TRACE::2026-08-19.17:51:07::SCWPlatform::Trying to set the existing hwdb with name design_1_wrapper
TRACE::2026-08-19.17:51:07::SCWPlatform::Opened existing hwdb design_1_wrapper
TRACE::2026-08-19.17:51:07::SCWPlatform::Found the Hw Db part of the input DSA
TRACE::2026-08-19.17:51:07::SCWMssOS::Checking the sw design at  C:/Users/tillkorsmeier/Desktop/MA/Z7-Nano/ParEIS-MSX/SW/HW_Export_V1/ps7_cortexa9_0/standalone_ps7_cortexa9_0/bsp/system.mss
TRACE::2026-08-19.17:51:07::SCWMssOS::DEBUG:  swdes dump  C:/Users/tillkorsmeier/Desktop/MA/Z7-Nano/ParEIS-MSX/SW/HW_Export_V1/ps7_cortexa9_0/standalone_ps7_cortexa9_0/bsp/system.mss|system_0||
C:/Users/tillkorsmeier/Desktop/MA/Z7-Nano/ParEIS-MSX/SW/HW_Export_V1/zynq_fsbl/zynq_fsbl_bsp/system.mss|system||

TRACE::2026-08-19.17:51:07::SCWMssOS::Sw design exists and opened at  C:/Users/tillkorsmeier/Desktop/MA/Z7-Nano/ParEIS-MSX/SW/HW_Export_V1/ps7_cortexa9_0/standalone_ps7_cortexa9_0/bsp/system.mss
TRACE::2026-08-19.17:51:07::SCWPlatform::Trying to open the hw design at C:/Users/tillkorsmeier/Desktop/MA/Z7-Nano/ParEIS-MSX/SW/HW_Export_V1/hw/HW_Export_V2.xsa
TRACE::2026-08-19.17:51:07::SCWPlatform::DSA given C:/Users/tillkorsmeier/Desktop/MA/Z7-Nano/ParEIS-MSX/SW/HW_Export_V1/hw/HW_Export_V2.xsa
TRACE::2026-08-19.17:51:07::SCWPlatform::DSA absoulate path C:/Users/tillkorsmeier/Desktop/MA/Z7-Nano/ParEIS-MSX/SW/HW_Export_V1/hw/HW_Export_V2.xsa
TRACE::2026-08-19.17:51:07::SCWPlatform::DSA directory C:/Users/tillkorsmeier/Desktop/MA/Z7-Nano/ParEIS-MSX/SW/HW_Export_V1/hw
TRACE::2026-08-19.17:51:07::SCWPlatform:: Platform Path C:/Users/tillkorsmeier/Desktop/MA/Z7-Nano/ParEIS-MSX/SW/HW_Export_V1/hw/HW_Export_V2.xsa
TRACE::2026-08-19.17:51:07::SCWPlatform:: Unique name xilinx:::0.0
TRACE::2026-08-19.17:51:07::SCWPlatform::Trying to set the existing hwdb with name design_1_wrapper
TRACE::2026-08-19.17:51:07::SCWPlatform::Opened existing hwdb design_1_wrapper
TRACE::2026-08-19.17:51:07::SCWPlatform::Found the Hw Db part of the input DSA
TRACE::2026-08-19.17:51:07::SCWMssOS::Checking the sw design at  C:/Users/tillkorsmeier/Desktop/MA/Z7-Nano/ParEIS-MSX/SW/HW_Export_V1/ps7_cortexa9_0/standalone_ps7_cortexa9_0/bsp/system.mss
TRACE::2026-08-19.17:51:07::SCWMssOS::DEBUG:  swdes dump  C:/Users/tillkorsmeier/Desktop/MA/Z7-Nano/ParEIS-MSX/SW/HW_Export_V1/ps7_cortexa9_0/standalone_ps7_cortexa9_0/bsp/system.mss|system_0||
C:/Users/tillkorsmeier/Desktop/MA/Z7-Nano/ParEIS-MSX/SW/HW_Export_V1/zynq_fsbl/zynq_fsbl_bsp/system.mss|system||

TRACE::2026-08-19.17:51:07::SCWMssOS::Sw design exists and opened at  C:/Users/tillkorsmeier/Desktop/MA/Z7-Nano/ParEIS-MSX/SW/HW_Export_V1/ps7_cortexa9_0/standalone_ps7_cortexa9_0/bsp/system.mss
TRACE::2026-08-19.17:51:07::SCWPlatform::Trying to open the hw design at C:/Users/tillkorsmeier/Desktop/MA/Z7-Nano/ParEIS-MSX/SW/HW_Export_V1/hw/HW_Export_V2.xsa
TRACE::2026-08-19.17:51:07::SCWPlatform::DSA given C:/Users/tillkorsmeier/Desktop/MA/Z7-Nano/ParEIS-MSX/SW/HW_Export_V1/hw/HW_Export_V2.xsa
TRACE::2026-08-19.17:51:07::SCWPlatform::DSA absoulate path C:/Users/tillkorsmeier/Desktop/MA/Z7-Nano/ParEIS-MSX/SW/HW_Export_V1/hw/HW_Export_V2.xsa
TRACE::2026-08-19.17:51:07::SCWPlatform::DSA directory C:/Users/tillkorsmeier/Desktop/MA/Z7-Nano/ParEIS-MSX/SW/HW_Export_V1/hw
TRACE::2026-08-19.17:51:07::SCWPlatform:: Platform Path C:/Users/tillkorsmeier/Desktop/MA/Z7-Nano/ParEIS-MSX/SW/HW_Export_V1/hw/HW_Export_V2.xsa
TRACE::2026-08-19.17:51:07::SCWPlatform:: Unique name xilinx:::0.0
TRACE::2026-08-19.17:51:07::SCWPlatform::Trying to set the existing hwdb with name design_1_wrapper
TRACE::2026-08-19.17:51:07::SCWPlatform::Opened existing hwdb design_1_wrapper
TRACE::2026-08-19.17:51:07::SCWPlatform::Found the Hw Db part of the input DSA
TRACE::2026-08-19.17:51:07::SCWMssOS::Checking the sw design at  C:/Users/tillkorsmeier/Desktop/MA/Z7-Nano/ParEIS-MSX/SW/HW_Export_V1/ps7_cortexa9_0/standalone_ps7_cortexa9_0/bsp/system.mss
TRACE::2026-08-19.17:51:07::SCWMssOS::DEBUG:  swdes dump  C:/Users/tillkorsmeier/Desktop/MA/Z7-Nano/ParEIS-MSX/SW/HW_Export_V1/ps7_cortexa9_0/standalone_ps7_cortexa9_0/bsp/system.mss|system_0||
C:/Users/tillkorsmeier/Desktop/MA/Z7-Nano/ParEIS-MSX/SW/HW_Export_V1/zynq_fsbl/zynq_fsbl_bsp/system.mss|system||

TRACE::2026-08-19.17:51:07::SCWMssOS::Sw design exists and opened at  C:/Users/tillkorsmeier/Desktop/MA/Z7-Nano/ParEIS-MSX/SW/HW_Export_V1/ps7_cortexa9_0/standalone_ps7_cortexa9_0/bsp/system.mss
TRACE::2026-08-19.17:51:07::SCWPlatform::Trying to open the hw design at C:/Users/tillkorsmeier/Desktop/MA/Z7-Nano/ParEIS-MSX/SW/HW_Export_V1/hw/HW_Export_V2.xsa
TRACE::2026-08-19.17:51:07::SCWPlatform::DSA given C:/Users/tillkorsmeier/Desktop/MA/Z7-Nano/ParEIS-MSX/SW/HW_Export_V1/hw/HW_Export_V2.xsa
TRACE::2026-08-19.17:51:07::SCWPlatform::DSA absoulate path C:/Users/tillkorsmeier/Desktop/MA/Z7-Nano/ParEIS-MSX/SW/HW_Export_V1/hw/HW_Export_V2.xsa
TRACE::2026-08-19.17:51:07::SCWPlatform::DSA directory C:/Users/tillkorsmeier/Desktop/MA/Z7-Nano/ParEIS-MSX/SW/HW_Export_V1/hw
TRACE::2026-08-19.17:51:07::SCWPlatform:: Platform Path C:/Users/tillkorsmeier/Desktop/MA/Z7-Nano/ParEIS-MSX/SW/HW_Export_V1/hw/HW_Export_V2.xsa
TRACE::2026-08-19.17:51:07::SCWPlatform:: Unique name xilinx:::0.0
TRACE::2026-08-19.17:51:07::SCWPlatform::Trying to set the existing hwdb with name design_1_wrapper
TRACE::2026-08-19.17:51:07::SCWPlatform::Opened existing hwdb design_1_wrapper
TRACE::2026-08-19.17:51:07::SCWPlatform::Found the Hw Db part of the input DSA
TRACE::2026-08-19.17:51:07::SCWMssOS::Checking the sw design at  C:/Users/tillkorsmeier/Desktop/MA/Z7-Nano/ParEIS-MSX/SW/HW_Export_V1/ps7_cortexa9_0/standalone_ps7_cortexa9_0/bsp/system.mss
TRACE::2026-08-19.17:51:07::SCWMssOS::DEBUG:  swdes dump  C:/Users/tillkorsmeier/Desktop/MA/Z7-Nano/ParEIS-MSX/SW/HW_Export_V1/ps7_cortexa9_0/standalone_ps7_cortexa9_0/bsp/system.mss|system_0||
C:/Users/tillkorsmeier/Desktop/MA/Z7-Nano/ParEIS-MSX/SW/HW_Export_V1/zynq_fsbl/zynq_fsbl_bsp/system.mss|system||

TRACE::2026-08-19.17:51:07::SCWMssOS::Sw design exists and opened at  C:/Users/tillkorsmeier/Desktop/MA/Z7-Nano/ParEIS-MSX/SW/HW_Export_V1/ps7_cortexa9_0/standalone_ps7_cortexa9_0/bsp/system.mss
TRACE::2026-08-19.17:51:07::SCWPlatform::Trying to open the hw design at C:/Users/tillkorsmeier/Desktop/MA/Z7-Nano/ParEIS-MSX/SW/HW_Export_V1/hw/HW_Export_V2.xsa
TRACE::2026-08-19.17:51:07::SCWPlatform::DSA given C:/Users/tillkorsmeier/Desktop/MA/Z7-Nano/ParEIS-MSX/SW/HW_Export_V1/hw/HW_Export_V2.xsa
TRACE::2026-08-19.17:51:07::SCWPlatform::DSA absoulate path C:/Users/tillkorsmeier/Desktop/MA/Z7-Nano/ParEIS-MSX/SW/HW_Export_V1/hw/HW_Export_V2.xsa
TRACE::2026-08-19.17:51:07::SCWPlatform::DSA directory C:/Users/tillkorsmeier/Desktop/MA/Z7-Nano/ParEIS-MSX/SW/HW_Export_V1/hw
TRACE::2026-08-19.17:51:07::SCWPlatform:: Platform Path C:/Users/tillkorsmeier/Desktop/MA/Z7-Nano/ParEIS-MSX/SW/HW_Export_V1/hw/HW_Export_V2.xsa
TRACE::2026-08-19.17:51:07::SCWPlatform:: Unique name xilinx:::0.0
TRACE::2026-08-19.17:51:07::SCWPlatform::Trying to set the existing hwdb with name design_1_wrapper
TRACE::2026-08-19.17:51:07::SCWPlatform::Opened existing hwdb design_1_wrapper
TRACE::2026-08-19.17:51:07::SCWPlatform::Found the Hw Db part of the input DSA
TRACE::2026-08-19.17:51:07::SCWMssOS::Checking the sw design at  C:/Users/tillkorsmeier/Desktop/MA/Z7-Nano/ParEIS-MSX/SW/HW_Export_V1/ps7_cortexa9_0/standalone_ps7_cortexa9_0/bsp/system.mss
TRACE::2026-08-19.17:51:07::SCWMssOS::DEBUG:  swdes dump  C:/Users/tillkorsmeier/Desktop/MA/Z7-Nano/ParEIS-MSX/SW/HW_Export_V1/ps7_cortexa9_0/standalone_ps7_cortexa9_0/bsp/system.mss|system_0||
C:/Users/tillkorsmeier/Desktop/MA/Z7-Nano/ParEIS-MSX/SW/HW_Export_V1/zynq_fsbl/zynq_fsbl_bsp/system.mss|system||

TRACE::2026-08-19.17:51:07::SCWMssOS::Sw design exists and opened at  C:/Users/tillkorsmeier/Desktop/MA/Z7-Nano/ParEIS-MSX/SW/HW_Export_V1/ps7_cortexa9_0/standalone_ps7_cortexa9_0/bsp/system.mss
TRACE::2026-08-19.17:51:07::SCWPlatform::Trying to open the hw design at C:/Users/tillkorsmeier/Desktop/MA/Z7-Nano/ParEIS-MSX/SW/HW_Export_V1/hw/HW_Export_V2.xsa
TRACE::2026-08-19.17:51:07::SCWPlatform::DSA given C:/Users/tillkorsmeier/Desktop/MA/Z7-Nano/ParEIS-MSX/SW/HW_Export_V1/hw/HW_Export_V2.xsa
TRACE::2026-08-19.17:51:07::SCWPlatform::DSA absoulate path C:/Users/tillkorsmeier/Desktop/MA/Z7-Nano/ParEIS-MSX/SW/HW_Export_V1/hw/HW_Export_V2.xsa
TRACE::2026-08-19.17:51:07::SCWPlatform::DSA directory C:/Users/tillkorsmeier/Desktop/MA/Z7-Nano/ParEIS-MSX/SW/HW_Export_V1/hw
TRACE::2026-08-19.17:51:07::SCWPlatform:: Platform Path C:/Users/tillkorsmeier/Desktop/MA/Z7-Nano/ParEIS-MSX/SW/HW_Export_V1/hw/HW_Export_V2.xsa
TRACE::2026-08-19.17:51:07::SCWPlatform:: Unique name xilinx:::0.0
TRACE::2026-08-19.17:51:07::SCWPlatform::Trying to set the existing hwdb with name design_1_wrapper
TRACE::2026-08-19.17:51:07::SCWPlatform::Opened existing hwdb design_1_wrapper
TRACE::2026-08-19.17:51:07::SCWPlatform::Found the Hw Db part of the input DSA
TRACE::2026-08-19.17:51:07::SCWMssOS::Checking the sw design at  C:/Users/tillkorsmeier/Desktop/MA/Z7-Nano/ParEIS-MSX/SW/HW_Export_V1/ps7_cortexa9_0/standalone_ps7_cortexa9_0/bsp/system.mss
TRACE::2026-08-19.17:51:07::SCWMssOS::DEBUG:  swdes dump  C:/Users/tillkorsmeier/Desktop/MA/Z7-Nano/ParEIS-MSX/SW/HW_Export_V1/ps7_cortexa9_0/standalone_ps7_cortexa9_0/bsp/system.mss|system_0||
C:/Users/tillkorsmeier/Desktop/MA/Z7-Nano/ParEIS-MSX/SW/HW_Export_V1/zynq_fsbl/zynq_fsbl_bsp/system.mss|system||

TRACE::2026-08-19.17:51:07::SCWMssOS::Sw design exists and opened at  C:/Users/tillkorsmeier/Desktop/MA/Z7-Nano/ParEIS-MSX/SW/HW_Export_V1/ps7_cortexa9_0/standalone_ps7_cortexa9_0/bsp/system.mss
TRACE::2026-08-19.17:51:07::SCWMssOS::Saving the mss changes C:/Users/tillkorsmeier/Desktop/MA/Z7-Nano/ParEIS-MSX/SW/HW_Export_V1/ps7_cortexa9_0/standalone_ps7_cortexa9_0/bsp/system.mss
TRACE::2026-08-19.17:51:07::SCWMssOS::Found a swdesign opened with the mssfile.
TRACE::2026-08-19.17:51:07::SCWMssOS::Completed writemss as part of save.
TRACE::2026-08-19.17:51:07::SCWMssOS::Commit changes completed.
TRACE::2026-08-19.17:51:07::SCWReader::Adding prebuilt librarypaths as   
TRACE::2026-08-19.17:51:07::SCWReader::Adding prebuilt incpaths  as   
TRACE::2026-08-19.17:51:07::SCWPlatform::Trying to open the hw design at C:/Users/tillkorsmeier/Desktop/MA/Z7-Nano/ParEIS-MSX/SW/HW_Export_V1/hw/HW_Export_V2.xsa
TRACE::2026-08-19.17:51:07::SCWPlatform::DSA given C:/Users/tillkorsmeier/Desktop/MA/Z7-Nano/ParEIS-MSX/SW/HW_Export_V1/hw/HW_Export_V2.xsa
TRACE::2026-08-19.17:51:07::SCWPlatform::DSA absoulate path C:/Users/tillkorsmeier/Desktop/MA/Z7-Nano/ParEIS-MSX/SW/HW_Export_V1/hw/HW_Export_V2.xsa
TRACE::2026-08-19.17:51:07::SCWPlatform::DSA directory C:/Users/tillkorsmeier/Desktop/MA/Z7-Nano/ParEIS-MSX/SW/HW_Export_V1/hw
TRACE::2026-08-19.17:51:07::SCWPlatform:: Platform Path C:/Users/tillkorsmeier/Desktop/MA/Z7-Nano/ParEIS-MSX/SW/HW_Export_V1/hw/HW_Export_V2.xsa
TRACE::2026-08-19.17:51:07::SCWPlatform:: Unique name xilinx:::0.0
TRACE::2026-08-19.17:51:07::SCWPlatform::Trying to set the existing hwdb with name design_1_wrapper
TRACE::2026-08-19.17:51:07::SCWPlatform::Opened existing hwdb design_1_wrapper
TRACE::2026-08-19.17:51:07::SCWPlatform::Found the Hw Db part of the input DSA
TRACE::2026-08-19.17:51:07::SCWMssOS::Checking the sw design at  C:/Users/tillkorsmeier/Desktop/MA/Z7-Nano/ParEIS-MSX/SW/HW_Export_V1/ps7_cortexa9_0/standalone_ps7_cortexa9_0/bsp/system.mss
TRACE::2026-08-19.17:51:07::SCWMssOS::DEBUG:  swdes dump  C:/Users/tillkorsmeier/Desktop/MA/Z7-Nano/ParEIS-MSX/SW/HW_Export_V1/ps7_cortexa9_0/standalone_ps7_cortexa9_0/bsp/system.mss|system_0||
C:/Users/tillkorsmeier/Desktop/MA/Z7-Nano/ParEIS-MSX/SW/HW_Export_V1/zynq_fsbl/zynq_fsbl_bsp/system.mss|system||

TRACE::2026-08-19.17:51:07::SCWMssOS::Sw design exists and opened at  C:/Users/tillkorsmeier/Desktop/MA/Z7-Nano/ParEIS-MSX/SW/HW_Export_V1/ps7_cortexa9_0/standalone_ps7_cortexa9_0/bsp/system.mss
TRACE::2026-08-19.17:51:07::SCWReader::No isolation master present  
LOG::2026-08-19.17:51:17::SCWPlatform::Started generating the artifacts platform HW_Export_V1
TRACE::2026-08-19.17:51:17::SCWPlatform::Sanity checking of platform is completed
LOG::2026-08-19.17:51:17::SCWPlatform::Started generating the artifacts for system configuration HW_Export_V1
LOG::2026-08-19.17:51:17::SCWSystem::Checking the domain zynq_fsbl
LOG::2026-08-19.17:51:17::SCWSystem::Doing application build for :  zynq_fsbl
TRACE::2026-08-19.17:51:17::SCWBDomain::Not a forced makefile updation, No changes are present. 
TRACE::2026-08-19.17:51:17::SCWDomain::Skipping the build for domain :  zynq_fsbl
LOG::2026-08-19.17:51:17::SCWSystem::Checking the domain standalone_ps7_cortexa9_0
LOG::2026-08-19.17:51:17::SCWSystem::Not a boot domain 
LOG::2026-08-19.17:51:17::SCWSystem::Started Processing the domain standalone_ps7_cortexa9_0
TRACE::2026-08-19.17:51:17::SCWDomain::Generating domain artifcats
TRACE::2026-08-19.17:51:17::SCWMssOS::Generating standalone artifcats
TRACE::2026-08-19.17:51:17::SCWMssOS::Copying the qemu file from  C:/Users/tillkorsmeier/Desktop/MA/Z7-Nano/ParEIS-MSX/SW/HW_Export_V1/resources/HW_Export_V1/standalone_ps7_cortexa9_0/qemu_args.txt To C:/Users/tillkorsmeier/Desktop/MA/Z7-Nano/ParEIS-MSX/SW/HW_Export_V1/export/HW_Export_V1/sw/HW_Export_V1/qemu/
TRACE::2026-08-19.17:51:17::SCWMssOS::Copying the qemu file from  C:/Users/tillkorsmeier/Desktop/MA/Z7-Nano/ParEIS-MSX/SW/HW_Export_V1/resources/HW_Export_V1/standalone_ps7_cortexa9_0/qemu_args.txt To C:/Users/tillkorsmeier/Desktop/MA/Z7-Nano/ParEIS-MSX/SW/HW_Export_V1/export/HW_Export_V1/sw/HW_Export_V1/standalone_ps7_cortexa9_0/qemu/
TRACE::2026-08-19.17:51:17::SCWMssOS:: Copying the user libraries. 
TRACE::2026-08-19.17:51:17::SCWPlatform::Trying to open the hw design at C:/Users/tillkorsmeier/Desktop/MA/Z7-Nano/ParEIS-MSX/SW/HW_Export_V1/hw/HW_Export_V2.xsa
TRACE::2026-08-19.17:51:17::SCWPlatform::DSA given C:/Users/tillkorsmeier/Desktop/MA/Z7-Nano/ParEIS-MSX/SW/HW_Export_V1/hw/HW_Export_V2.xsa
TRACE::2026-08-19.17:51:17::SCWPlatform::DSA absoulate path C:/Users/tillkorsmeier/Desktop/MA/Z7-Nano/ParEIS-MSX/SW/HW_Export_V1/hw/HW_Export_V2.xsa
TRACE::2026-08-19.17:51:17::SCWPlatform::DSA directory C:/Users/tillkorsmeier/Desktop/MA/Z7-Nano/ParEIS-MSX/SW/HW_Export_V1/hw
TRACE::2026-08-19.17:51:17::SCWPlatform:: Platform Path C:/Users/tillkorsmeier/Desktop/MA/Z7-Nano/ParEIS-MSX/SW/HW_Export_V1/hw/HW_Export_V2.xsa
TRACE::2026-08-19.17:51:17::SCWPlatform:: Unique name xilinx:::0.0
TRACE::2026-08-19.17:51:17::SCWPlatform::Trying to set the existing hwdb with name design_1_wrapper
TRACE::2026-08-19.17:51:17::SCWPlatform::Opened existing hwdb design_1_wrapper
TRACE::2026-08-19.17:51:17::SCWPlatform::Found the Hw Db part of the input DSA
TRACE::2026-08-19.17:51:17::SCWMssOS::Checking the sw design at  C:/Users/tillkorsmeier/Desktop/MA/Z7-Nano/ParEIS-MSX/SW/HW_Export_V1/ps7_cortexa9_0/standalone_ps7_cortexa9_0/bsp/system.mss
TRACE::2026-08-19.17:51:17::SCWMssOS::DEBUG:  swdes dump  C:/Users/tillkorsmeier/Desktop/MA/Z7-Nano/ParEIS-MSX/SW/HW_Export_V1/ps7_cortexa9_0/standalone_ps7_cortexa9_0/bsp/system.mss|system_0||
C:/Users/tillkorsmeier/Desktop/MA/Z7-Nano/ParEIS-MSX/SW/HW_Export_V1/zynq_fsbl/zynq_fsbl_bsp/system.mss|system||

TRACE::2026-08-19.17:51:17::SCWMssOS::Sw design exists and opened at  C:/Users/tillkorsmeier/Desktop/MA/Z7-Nano/ParEIS-MSX/SW/HW_Export_V1/ps7_cortexa9_0/standalone_ps7_cortexa9_0/bsp/system.mss
TRACE::2026-08-19.17:51:17::SCWMssOS::Completed writing the mss file at C:/Users/tillkorsmeier/Desktop/MA/Z7-Nano/ParEIS-MSX/SW/HW_Export_V1/ps7_cortexa9_0/standalone_ps7_cortexa9_0/bsp
TRACE::2026-08-19.17:51:17::SCWMssOS::Mss edits present, copying mssfile into export location C:/Users/tillkorsmeier/Desktop/MA/Z7-Nano/ParEIS-MSX/SW/HW_Export_V1/ps7_cortexa9_0/standalone_ps7_cortexa9_0/bsp/system.mss
TRACE::2026-08-19.17:51:17::SCWMssOS::bsp generated is upto date with the mss file. Skipping bsp generation.
TRACE::2026-08-19.17:51:17::SCWMssOS::BSP is already built. skipping the bsp build ... 
TRACE::2026-08-19.17:51:17::SCWDomain::Skipping the build for domain :  standalone_ps7_cortexa9_0
TRACE::2026-08-19.17:51:17::SCWMssOS::skipping the bsp build ... 
TRACE::2026-08-19.17:51:17::SCWMssOS::Copying to export directory.
TRACE::2026-08-19.17:51:17::SCWMssOS:: Checking if to create the Supporting Applications
TRACE::2026-08-19.17:51:18::SCWMssOS:: No Linux domain exists, trying to generate FSBL 
LOG::2026-08-19.17:51:18::SCWSystem::Completed Processing the domain standalone_ps7_cortexa9_0
LOG::2026-08-19.17:51:18::SCWSystem::Completed Processing the sysconfig HW_Export_V1
LOG::2026-08-19.17:51:18::SCWPlatform::Completed generating the artifacts for system configuration HW_Export_V1
TRACE::2026-08-19.17:51:18::SCWPlatform::Started preparing the platform 
TRACE::2026-08-19.17:51:18::SCWSystem::Writing the bif file for system config HW_Export_V1
TRACE::2026-08-19.17:51:18::SCWSystem::dir created 
TRACE::2026-08-19.17:51:18::SCWSystem::Writing the bif 
TRACE::2026-08-19.17:51:18::SCWPlatform::Started writing the spfm file 
TRACE::2026-08-19.17:51:18::SCWPlatform::Started writing the xpfm file 
TRACE::2026-08-19.17:51:18::SCWPlatform::Completed generating the platform
TRACE::2026-08-19.17:51:18::SCWMssOS::Saving the mss changes C:/Users/tillkorsmeier/Desktop/MA/Z7-Nano/ParEIS-MSX/SW/HW_Export_V1/zynq_fsbl/zynq_fsbl_bsp/system.mss
TRACE::2026-08-19.17:51:18::SCWMssOS::Found a swdesign opened with the mssfile.
TRACE::2026-08-19.17:51:18::SCWMssOS::Completed writemss as part of save.
TRACE::2026-08-19.17:51:18::SCWMssOS::Commit changes completed.
TRACE::2026-08-19.17:51:18::SCWMssOS::Saving the mss changes C:/Users/tillkorsmeier/Desktop/MA/Z7-Nano/ParEIS-MSX/SW/HW_Export_V1/ps7_cortexa9_0/standalone_ps7_cortexa9_0/bsp/system.mss
TRACE::2026-08-19.17:51:18::SCWMssOS::Found a swdesign opened with the mssfile.
TRACE::2026-08-19.17:51:18::SCWMssOS::Completed writemss as part of save.
TRACE::2026-08-19.17:51:18::SCWMssOS::Commit changes completed.
TRACE::2026-08-19.17:51:18::SCWPlatform::Trying to open the hw design at C:/Users/tillkorsmeier/Desktop/MA/Z7-Nano/ParEIS-MSX/SW/HW_Export_V1/hw/HW_Export_V2.xsa
TRACE::2026-08-19.17:51:18::SCWPlatform::DSA given C:/Users/tillkorsmeier/Desktop/MA/Z7-Nano/ParEIS-MSX/SW/HW_Export_V1/hw/HW_Export_V2.xsa
TRACE::2026-08-19.17:51:18::SCWPlatform::DSA absoulate path C:/Users/tillkorsmeier/Desktop/MA/Z7-Nano/ParEIS-MSX/SW/HW_Export_V1/hw/HW_Export_V2.xsa
TRACE::2026-08-19.17:51:18::SCWPlatform::DSA directory C:/Users/tillkorsmeier/Desktop/MA/Z7-Nano/ParEIS-MSX/SW/HW_Export_V1/hw
TRACE::2026-08-19.17:51:18::SCWPlatform:: Platform Path C:/Users/tillkorsmeier/Desktop/MA/Z7-Nano/ParEIS-MSX/SW/HW_Export_V1/hw/HW_Export_V2.xsa
TRACE::2026-08-19.17:51:18::SCWPlatform:: Unique name xilinx:::0.0
TRACE::2026-08-19.17:51:18::SCWPlatform::Trying to set the existing hwdb with name design_1_wrapper
TRACE::2026-08-19.17:51:18::SCWPlatform::Opened existing hwdb design_1_wrapper
TRACE::2026-08-19.17:51:18::SCWPlatform::Found the Hw Db part of the input DSA
TRACE::2026-08-19.17:51:18::SCWMssOS::Checking the sw design at  C:/Users/tillkorsmeier/Desktop/MA/Z7-Nano/ParEIS-MSX/SW/HW_Export_V1/zynq_fsbl/zynq_fsbl_bsp/system.mss
TRACE::2026-08-19.17:51:18::SCWMssOS::DEBUG:  swdes dump  C:/Users/tillkorsmeier/Desktop/MA/Z7-Nano/ParEIS-MSX/SW/HW_Export_V1/ps7_cortexa9_0/standalone_ps7_cortexa9_0/bsp/system.mss|system_0||
C:/Users/tillkorsmeier/Desktop/MA/Z7-Nano/ParEIS-MSX/SW/HW_Export_V1/zynq_fsbl/zynq_fsbl_bsp/system.mss|system||

TRACE::2026-08-19.17:51:18::SCWMssOS::Sw design exists and opened at  C:/Users/tillkorsmeier/Desktop/MA/Z7-Nano/ParEIS-MSX/SW/HW_Export_V1/zynq_fsbl/zynq_fsbl_bsp/system.mss
TRACE::2026-08-19.17:51:18::SCWPlatform::Trying to open the hw design at C:/Users/tillkorsmeier/Desktop/MA/Z7-Nano/ParEIS-MSX/SW/HW_Export_V1/hw/HW_Export_V2.xsa
TRACE::2026-08-19.17:51:18::SCWPlatform::DSA given C:/Users/tillkorsmeier/Desktop/MA/Z7-Nano/ParEIS-MSX/SW/HW_Export_V1/hw/HW_Export_V2.xsa
TRACE::2026-08-19.17:51:18::SCWPlatform::DSA absoulate path C:/Users/tillkorsmeier/Desktop/MA/Z7-Nano/ParEIS-MSX/SW/HW_Export_V1/hw/HW_Export_V2.xsa
TRACE::2026-08-19.17:51:18::SCWPlatform::DSA directory C:/Users/tillkorsmeier/Desktop/MA/Z7-Nano/ParEIS-MSX/SW/HW_Export_V1/hw
TRACE::2026-08-19.17:51:18::SCWPlatform:: Platform Path C:/Users/tillkorsmeier/Desktop/MA/Z7-Nano/ParEIS-MSX/SW/HW_Export_V1/hw/HW_Export_V2.xsa
TRACE::2026-08-19.17:51:18::SCWPlatform:: Unique name xilinx:::0.0
TRACE::2026-08-19.17:51:18::SCWPlatform::Trying to set the existing hwdb with name design_1_wrapper
TRACE::2026-08-19.17:51:18::SCWPlatform::Opened existing hwdb design_1_wrapper
TRACE::2026-08-19.17:51:18::SCWPlatform::Found the Hw Db part of the input DSA
TRACE::2026-08-19.17:51:18::SCWMssOS::Checking the sw design at  C:/Users/tillkorsmeier/Desktop/MA/Z7-Nano/ParEIS-MSX/SW/HW_Export_V1/ps7_cortexa9_0/standalone_ps7_cortexa9_0/bsp/system.mss
TRACE::2026-08-19.17:51:18::SCWMssOS::DEBUG:  swdes dump  C:/Users/tillkorsmeier/Desktop/MA/Z7-Nano/ParEIS-MSX/SW/HW_Export_V1/ps7_cortexa9_0/standalone_ps7_cortexa9_0/bsp/system.mss|system_0||
C:/Users/tillkorsmeier/Desktop/MA/Z7-Nano/ParEIS-MSX/SW/HW_Export_V1/zynq_fsbl/zynq_fsbl_bsp/system.mss|system||

TRACE::2026-08-19.17:51:18::SCWMssOS::Sw design exists and opened at  C:/Users/tillkorsmeier/Desktop/MA/Z7-Nano/ParEIS-MSX/SW/HW_Export_V1/ps7_cortexa9_0/standalone_ps7_cortexa9_0/bsp/system.mss
TRACE::2026-08-19.17:51:18::SCWWriter::formatted JSON is {
	"platformName":	"HW_Export_V1",
	"sprVersion":	"2.0",
	"mode":	"gui",
	"dsaType":	"Fixed",
	"platformDesc":	"HW_Export_V1",
	"platHandOff":	"C:/Users/tillkorsmeier/Desktop/MA/Z7-Nano/ParEIS-MSX/SW/HW_Export_V2.xsa",
	"platIntHandOff":	"<platformDir>/hw/HW_Export_V2.xsa",
	"deviceType":	"zynq",
	"platIsPrebuiltAutogen":	"false",
	"platIsNoBootBsp":	"false",
	"hasFsblMakeHasChanges":	"false",
	"hasPmufwMakeHasChanges":	"false",
	"fsblExtraCompilerFlags":	"-MMD -MP       -mcpu=cortex-a9 -mfpu=vfpv3 -mfloat-abi=hard ",
	"platPreBuiltFlag":	false,
	"platformSamplesDir":	"",
	"platActiveSys":	"HW_Export_V1",
	"systems":	[{
			"systemName":	"HW_Export_V1",
			"systemDesc":	"HW_Export_V1",
			"sysIsBootAutoGen":	"true",
			"systemDispName":	"HW_Export_V1",
			"sysActiveDom":	"standalone_ps7_cortexa9_0",
			"sysDefaultDom":	"standalone_ps7_cortexa9_0",
			"domains":	[{
					"domainName":	"zynq_fsbl",
					"domainDispName":	"zynq_fsbl",
					"domainDesc":	"FSBL Application BSP - Auto Generated.",
					"processors":	"ps7_cortexa9_0",
					"os":	"standalone",
					"sdxOs":	"standalone",
					"debugEnable":	"",
					"domRuntimes":	["cpp"],
					"swRepo":	"",
					"mssOsVer":	"9.2",
					"mssFile":	"",
					"md5Digest":	"eb13c396dfacc0d4cf82f9f4d1da7be6",
					"compatibleApp":	"zynq_fsbl",
					"domType":	"bootDomain",
					"arch":	"32-bit",
					"appSettings":	{
						"appCompilerFlags":	"",
						"appLinkerFlags":	""
					},
					"addedLibs":	["xilffs:5.3", "xilrsa:1.8"],
					"libOptions":	{
						"libsContainingOptions":	[]
					},
					"prebuiltLibs":	{
						"prebuiltIncPath":	[],
						"prebuiltLibPath":	[]
					},
					"isolation":	{
					}
				}, {
					"domainName":	"standalone_ps7_cortexa9_0",
					"domainDispName":	"standalone_ps7_cortexa9_0",
					"domainDesc":	"standalone_ps7_cortexa9_0",
					"processors":	"ps7_cortexa9_0",
					"os":	"standalone",
					"sdxOs":	"standalone",
					"qemuArgs":	"<platformDir>/resources/HW_Export_V1/standalone_ps7_cortexa9_0/qemu_args.txt",
					"qemuData":	"<platformDir>/resources/HW_Export_V1/standalone_ps7_cortexa9_0/qemu",
					"debugEnable":	"False",
					"domRuntimes":	["cpp"],
					"swRepo":	"",
					"mssOsVer":	"9.2",
					"mssFile":	"",
					"md5Digest":	"7563290f83b5490ef9d40f34975ccc51",
					"compatibleApp":	"",
					"domType":	"mssDomain",
					"arch":	"32-bit",
					"appSettings":	{
						"appCompilerFlags":	"",
						"appLinkerFlags":	""
					},
					"addedLibs":	["lwip220:1.1", "xiltimer:2.1"],
					"libOptions":	{
						"lwip220":	{
							"mem_size":	"1000000",
							"memp_n_tcp_seg":	"65001",
							"phy_link_speed":	"CONFIG_LINKSPEED1000",
							"tcp_snd_buf":	"65000",
							"libOptionNames":	["mem_size", "memp_n_tcp_seg", "phy_link_speed", "tcp_snd_buf"]
						},
						"libsContainingOptions":	["lwip220"]
					},
					"prebuiltLibs":	{
						"prebuiltIncPath":	[],
						"prebuiltLibPath":	[]
					},
					"isolation":	{
					}
				}]
		}]
}
KEYINFO::2026-08-19.17:51:18::SCWPlatform::updated the xpfm file.
TRACE::2026-08-19.17:51:18::SCWPlatform::Trying to open the hw design at C:/Users/tillkorsmeier/Desktop/MA/Z7-Nano/ParEIS-MSX/SW/HW_Export_V1/hw/HW_Export_V2.xsa
TRACE::2026-08-19.17:51:18::SCWPlatform::DSA given C:/Users/tillkorsmeier/Desktop/MA/Z7-Nano/ParEIS-MSX/SW/HW_Export_V1/hw/HW_Export_V2.xsa
TRACE::2026-08-19.17:51:18::SCWPlatform::DSA absoulate path C:/Users/tillkorsmeier/Desktop/MA/Z7-Nano/ParEIS-MSX/SW/HW_Export_V1/hw/HW_Export_V2.xsa
TRACE::2026-08-19.17:51:18::SCWPlatform::DSA directory C:/Users/tillkorsmeier/Desktop/MA/Z7-Nano/ParEIS-MSX/SW/HW_Export_V1/hw
TRACE::2026-08-19.17:51:18::SCWPlatform:: Platform Path C:/Users/tillkorsmeier/Desktop/MA/Z7-Nano/ParEIS-MSX/SW/HW_Export_V1/hw/HW_Export_V2.xsa
TRACE::2026-08-19.17:51:18::SCWPlatform:: Unique name xilinx:::0.0
TRACE::2026-08-19.17:51:18::SCWPlatform::Trying to set the existing hwdb with name design_1_wrapper
TRACE::2026-08-19.17:51:18::SCWPlatform::Opened existing hwdb design_1_wrapper
TRACE::2026-08-19.17:51:18::SCWPlatform::Found the Hw Db part of the input DSA
TRACE::2026-08-19.17:51:18::SCWMssOS::Checking the sw design at  C:/Users/tillkorsmeier/Desktop/MA/Z7-Nano/ParEIS-MSX/SW/HW_Export_V1/ps7_cortexa9_0/standalone_ps7_cortexa9_0/bsp/system.mss
TRACE::2026-08-19.17:51:18::SCWMssOS::DEBUG:  swdes dump  C:/Users/tillkorsmeier/Desktop/MA/Z7-Nano/ParEIS-MSX/SW/HW_Export_V1/ps7_cortexa9_0/standalone_ps7_cortexa9_0/bsp/system.mss|system_0||
C:/Users/tillkorsmeier/Desktop/MA/Z7-Nano/ParEIS-MSX/SW/HW_Export_V1/zynq_fsbl/zynq_fsbl_bsp/system.mss|system||

TRACE::2026-08-19.17:51:18::SCWMssOS::Sw design exists and opened at  C:/Users/tillkorsmeier/Desktop/MA/Z7-Nano/ParEIS-MSX/SW/HW_Export_V1/ps7_cortexa9_0/standalone_ps7_cortexa9_0/bsp/system.mss
TRACE::2026-08-19.18:02:41::SCWPlatform::Trying to open the hw design at C:/Users/tillkorsmeier/Desktop/MA/Z7-Nano/ParEIS-MSX/SW/HW_Export_V1/hw/HW_Export_V2.xsa
TRACE::2026-08-19.18:02:41::SCWPlatform::DSA given C:/Users/tillkorsmeier/Desktop/MA/Z7-Nano/ParEIS-MSX/SW/HW_Export_V1/hw/HW_Export_V2.xsa
TRACE::2026-08-19.18:02:41::SCWPlatform::DSA absoulate path C:/Users/tillkorsmeier/Desktop/MA/Z7-Nano/ParEIS-MSX/SW/HW_Export_V1/hw/HW_Export_V2.xsa
TRACE::2026-08-19.18:02:41::SCWPlatform::DSA directory C:/Users/tillkorsmeier/Desktop/MA/Z7-Nano/ParEIS-MSX/SW/HW_Export_V1/hw
TRACE::2026-08-19.18:02:41::SCWPlatform:: Platform Path C:/Users/tillkorsmeier/Desktop/MA/Z7-Nano/ParEIS-MSX/SW/HW_Export_V1/hw/HW_Export_V2.xsa
TRACE::2026-08-19.18:02:41::SCWPlatform:: Unique name xilinx:::0.0
TRACE::2026-08-19.18:02:41::SCWPlatform::Trying to set the existing hwdb with name design_1_wrapper
TRACE::2026-08-19.18:02:41::SCWPlatform::Opened existing hwdb design_1_wrapper
TRACE::2026-08-19.18:02:41::SCWPlatform::Found the Hw Db part of the input DSA
TRACE::2026-08-19.18:02:41::SCWMssOS::Checking the sw design at  C:/Users/tillkorsmeier/Desktop/MA/Z7-Nano/ParEIS-MSX/SW/HW_Export_V1/ps7_cortexa9_0/standalone_ps7_cortexa9_0/bsp/system.mss
TRACE::2026-08-19.18:02:41::SCWMssOS::DEBUG:  swdes dump  C:/Users/tillkorsmeier/Desktop/MA/Z7-Nano/ParEIS-MSX/SW/HW_Export_V1/ps7_cortexa9_0/standalone_ps7_cortexa9_0/bsp/system.mss|system_0||
C:/Users/tillkorsmeier/Desktop/MA/Z7-Nano/ParEIS-MSX/SW/HW_Export_V1/zynq_fsbl/zynq_fsbl_bsp/system.mss|system||

TRACE::2026-08-19.18:02:41::SCWMssOS::Sw design exists and opened at  C:/Users/tillkorsmeier/Desktop/MA/Z7-Nano/ParEIS-MSX/SW/HW_Export_V1/ps7_cortexa9_0/standalone_ps7_cortexa9_0/bsp/system.mss
TRACE::2026-08-19.18:02:42::SCWMssOS::In reload Mss file.
TRACE::2026-08-19.18:02:42::SCWPlatform::Trying to open the hw design at C:/Users/tillkorsmeier/Desktop/MA/Z7-Nano/ParEIS-MSX/SW/HW_Export_V1/hw/HW_Export_V2.xsa
TRACE::2026-08-19.18:02:42::SCWPlatform::DSA given C:/Users/tillkorsmeier/Desktop/MA/Z7-Nano/ParEIS-MSX/SW/HW_Export_V1/hw/HW_Export_V2.xsa
TRACE::2026-08-19.18:02:42::SCWPlatform::DSA absoulate path C:/Users/tillkorsmeier/Desktop/MA/Z7-Nano/ParEIS-MSX/SW/HW_Export_V1/hw/HW_Export_V2.xsa
TRACE::2026-08-19.18:02:42::SCWPlatform::DSA directory C:/Users/tillkorsmeier/Desktop/MA/Z7-Nano/ParEIS-MSX/SW/HW_Export_V1/hw
TRACE::2026-08-19.18:02:42::SCWPlatform:: Platform Path C:/Users/tillkorsmeier/Desktop/MA/Z7-Nano/ParEIS-MSX/SW/HW_Export_V1/hw/HW_Export_V2.xsa
TRACE::2026-08-19.18:02:42::SCWPlatform:: Unique name xilinx:::0.0
TRACE::2026-08-19.18:02:42::SCWPlatform::Trying to set the existing hwdb with name design_1_wrapper
TRACE::2026-08-19.18:02:42::SCWPlatform::Opened existing hwdb design_1_wrapper
TRACE::2026-08-19.18:02:42::SCWPlatform::Found the Hw Db part of the input DSA
TRACE::2026-08-19.18:02:42::SCWMssOS::Checking the sw design at  C:/Users/tillkorsmeier/Desktop/MA/Z7-Nano/ParEIS-MSX/SW/HW_Export_V1/ps7_cortexa9_0/standalone_ps7_cortexa9_0/bsp/system.mss
TRACE::2026-08-19.18:02:42::SCWMssOS::DEBUG:  swdes dump  C:/Users/tillkorsmeier/Desktop/MA/Z7-Nano/ParEIS-MSX/SW/HW_Export_V1/zynq_fsbl/zynq_fsbl_bsp/system.mss|system||

TRACE::2026-08-19.18:02:42::SCWMssOS::No sw design opened at  C:/Users/tillkorsmeier/Desktop/MA/Z7-Nano/ParEIS-MSX/SW/HW_Export_V1/ps7_cortexa9_0/standalone_ps7_cortexa9_0/bsp/system.mss
TRACE::2026-08-19.18:02:42::SCWMssOS::mss exists loading the mss file  C:/Users/tillkorsmeier/Desktop/MA/Z7-Nano/ParEIS-MSX/SW/HW_Export_V1/ps7_cortexa9_0/standalone_ps7_cortexa9_0/bsp/system.mss
TRACE::2026-08-19.18:02:42::SCWMssOS::Opened the sw design from mss  C:/Users/tillkorsmeier/Desktop/MA/Z7-Nano/ParEIS-MSX/SW/HW_Export_V1/ps7_cortexa9_0/standalone_ps7_cortexa9_0/bsp/system.mss
TRACE::2026-08-19.18:02:42::SCWMssOS::Adding the swdes entry C:/Users/tillkorsmeier/Desktop/MA/Z7-Nano/ParEIS-MSX/SW/HW_Export_V1/ps7_cortexa9_0/standalone_ps7_cortexa9_0/bsp/system.mss with des name system_0
TRACE::2026-08-19.18:02:42::SCWMssOS::updating the scw layer about changes
TRACE::2026-08-19.18:02:42::SCWMssOS::Opened the sw design.  C:/Users/tillkorsmeier/Desktop/MA/Z7-Nano/ParEIS-MSX/SW/HW_Export_V1/ps7_cortexa9_0/standalone_ps7_cortexa9_0/bsp/system.mss
TRACE::2026-08-19.18:02:42::SCWPlatform::Trying to open the hw design at C:/Users/tillkorsmeier/Desktop/MA/Z7-Nano/ParEIS-MSX/SW/HW_Export_V1/hw/HW_Export_V2.xsa
TRACE::2026-08-19.18:02:42::SCWPlatform::DSA given C:/Users/tillkorsmeier/Desktop/MA/Z7-Nano/ParEIS-MSX/SW/HW_Export_V1/hw/HW_Export_V2.xsa
TRACE::2026-08-19.18:02:42::SCWPlatform::DSA absoulate path C:/Users/tillkorsmeier/Desktop/MA/Z7-Nano/ParEIS-MSX/SW/HW_Export_V1/hw/HW_Export_V2.xsa
TRACE::2026-08-19.18:02:42::SCWPlatform::DSA directory C:/Users/tillkorsmeier/Desktop/MA/Z7-Nano/ParEIS-MSX/SW/HW_Export_V1/hw
TRACE::2026-08-19.18:02:42::SCWPlatform:: Platform Path C:/Users/tillkorsmeier/Desktop/MA/Z7-Nano/ParEIS-MSX/SW/HW_Export_V1/hw/HW_Export_V2.xsa
TRACE::2026-08-19.18:02:42::SCWPlatform:: Unique name xilinx:::0.0
TRACE::2026-08-19.18:02:42::SCWPlatform::Trying to set the existing hwdb with name design_1_wrapper
TRACE::2026-08-19.18:02:42::SCWPlatform::Opened existing hwdb design_1_wrapper
TRACE::2026-08-19.18:02:42::SCWPlatform::Found the Hw Db part of the input DSA
TRACE::2026-08-19.18:02:42::SCWMssOS::Checking the sw design at  C:/Users/tillkorsmeier/Desktop/MA/Z7-Nano/ParEIS-MSX/SW/HW_Export_V1/ps7_cortexa9_0/standalone_ps7_cortexa9_0/bsp/system.mss
TRACE::2026-08-19.18:02:42::SCWMssOS::DEBUG:  swdes dump  C:/Users/tillkorsmeier/Desktop/MA/Z7-Nano/ParEIS-MSX/SW/HW_Export_V1/ps7_cortexa9_0/standalone_ps7_cortexa9_0/bsp/system.mss|system_0||
C:/Users/tillkorsmeier/Desktop/MA/Z7-Nano/ParEIS-MSX/SW/HW_Export_V1/zynq_fsbl/zynq_fsbl_bsp/system.mss|system||

TRACE::2026-08-19.18:02:42::SCWMssOS::Sw design exists and opened at  C:/Users/tillkorsmeier/Desktop/MA/Z7-Nano/ParEIS-MSX/SW/HW_Export_V1/ps7_cortexa9_0/standalone_ps7_cortexa9_0/bsp/system.mss
TRACE::2026-08-19.18:02:42::SCWMssOS:: library already available in sw design:  lwip220:1.1
TRACE::2026-08-19.18:02:42::SCWPlatform::Trying to open the hw design at C:/Users/tillkorsmeier/Desktop/MA/Z7-Nano/ParEIS-MSX/SW/HW_Export_V1/hw/HW_Export_V2.xsa
TRACE::2026-08-19.18:02:42::SCWPlatform::DSA given C:/Users/tillkorsmeier/Desktop/MA/Z7-Nano/ParEIS-MSX/SW/HW_Export_V1/hw/HW_Export_V2.xsa
TRACE::2026-08-19.18:02:42::SCWPlatform::DSA absoulate path C:/Users/tillkorsmeier/Desktop/MA/Z7-Nano/ParEIS-MSX/SW/HW_Export_V1/hw/HW_Export_V2.xsa
TRACE::2026-08-19.18:02:42::SCWPlatform::DSA directory C:/Users/tillkorsmeier/Desktop/MA/Z7-Nano/ParEIS-MSX/SW/HW_Export_V1/hw
TRACE::2026-08-19.18:02:42::SCWPlatform:: Platform Path C:/Users/tillkorsmeier/Desktop/MA/Z7-Nano/ParEIS-MSX/SW/HW_Export_V1/hw/HW_Export_V2.xsa
TRACE::2026-08-19.18:02:42::SCWPlatform:: Unique name xilinx:::0.0
TRACE::2026-08-19.18:02:42::SCWPlatform::Trying to set the existing hwdb with name design_1_wrapper
TRACE::2026-08-19.18:02:42::SCWPlatform::Opened existing hwdb design_1_wrapper
TRACE::2026-08-19.18:02:42::SCWPlatform::Found the Hw Db part of the input DSA
TRACE::2026-08-19.18:02:42::SCWMssOS::Checking the sw design at  C:/Users/tillkorsmeier/Desktop/MA/Z7-Nano/ParEIS-MSX/SW/HW_Export_V1/ps7_cortexa9_0/standalone_ps7_cortexa9_0/bsp/system.mss
TRACE::2026-08-19.18:02:42::SCWMssOS::DEBUG:  swdes dump  C:/Users/tillkorsmeier/Desktop/MA/Z7-Nano/ParEIS-MSX/SW/HW_Export_V1/ps7_cortexa9_0/standalone_ps7_cortexa9_0/bsp/system.mss|system_0||
C:/Users/tillkorsmeier/Desktop/MA/Z7-Nano/ParEIS-MSX/SW/HW_Export_V1/zynq_fsbl/zynq_fsbl_bsp/system.mss|system||

TRACE::2026-08-19.18:02:42::SCWMssOS::Sw design exists and opened at  C:/Users/tillkorsmeier/Desktop/MA/Z7-Nano/ParEIS-MSX/SW/HW_Export_V1/ps7_cortexa9_0/standalone_ps7_cortexa9_0/bsp/system.mss
TRACE::2026-08-19.18:02:42::SCWMssOS:: library already available in sw design:  xiltimer:2.1
TRACE::2026-08-19.18:02:42::SCWPlatform::Trying to open the hw design at C:/Users/tillkorsmeier/Desktop/MA/Z7-Nano/ParEIS-MSX/SW/HW_Export_V1/hw/HW_Export_V2.xsa
TRACE::2026-08-19.18:02:42::SCWPlatform::DSA given C:/Users/tillkorsmeier/Desktop/MA/Z7-Nano/ParEIS-MSX/SW/HW_Export_V1/hw/HW_Export_V2.xsa
TRACE::2026-08-19.18:02:42::SCWPlatform::DSA absoulate path C:/Users/tillkorsmeier/Desktop/MA/Z7-Nano/ParEIS-MSX/SW/HW_Export_V1/hw/HW_Export_V2.xsa
TRACE::2026-08-19.18:02:42::SCWPlatform::DSA directory C:/Users/tillkorsmeier/Desktop/MA/Z7-Nano/ParEIS-MSX/SW/HW_Export_V1/hw
TRACE::2026-08-19.18:02:42::SCWPlatform:: Platform Path C:/Users/tillkorsmeier/Desktop/MA/Z7-Nano/ParEIS-MSX/SW/HW_Export_V1/hw/HW_Export_V2.xsa
TRACE::2026-08-19.18:02:42::SCWPlatform:: Unique name xilinx:::0.0
TRACE::2026-08-19.18:02:42::SCWPlatform::Trying to set the existing hwdb with name design_1_wrapper
TRACE::2026-08-19.18:02:42::SCWPlatform::Opened existing hwdb design_1_wrapper
TRACE::2026-08-19.18:02:42::SCWPlatform::Found the Hw Db part of the input DSA
TRACE::2026-08-19.18:02:42::SCWMssOS::Checking the sw design at  C:/Users/tillkorsmeier/Desktop/MA/Z7-Nano/ParEIS-MSX/SW/HW_Export_V1/ps7_cortexa9_0/standalone_ps7_cortexa9_0/bsp/system.mss
TRACE::2026-08-19.18:02:42::SCWMssOS::DEBUG:  swdes dump  C:/Users/tillkorsmeier/Desktop/MA/Z7-Nano/ParEIS-MSX/SW/HW_Export_V1/ps7_cortexa9_0/standalone_ps7_cortexa9_0/bsp/system.mss|system_0||
C:/Users/tillkorsmeier/Desktop/MA/Z7-Nano/ParEIS-MSX/SW/HW_Export_V1/zynq_fsbl/zynq_fsbl_bsp/system.mss|system||

TRACE::2026-08-19.18:02:42::SCWMssOS::Sw design exists and opened at  C:/Users/tillkorsmeier/Desktop/MA/Z7-Nano/ParEIS-MSX/SW/HW_Export_V1/ps7_cortexa9_0/standalone_ps7_cortexa9_0/bsp/system.mss
TRACE::2026-08-19.18:02:42::SCWPlatform::Trying to open the hw design at C:/Users/tillkorsmeier/Desktop/MA/Z7-Nano/ParEIS-MSX/SW/HW_Export_V1/hw/HW_Export_V2.xsa
TRACE::2026-08-19.18:02:42::SCWPlatform::DSA given C:/Users/tillkorsmeier/Desktop/MA/Z7-Nano/ParEIS-MSX/SW/HW_Export_V1/hw/HW_Export_V2.xsa
TRACE::2026-08-19.18:02:42::SCWPlatform::DSA absoulate path C:/Users/tillkorsmeier/Desktop/MA/Z7-Nano/ParEIS-MSX/SW/HW_Export_V1/hw/HW_Export_V2.xsa
TRACE::2026-08-19.18:02:42::SCWPlatform::DSA directory C:/Users/tillkorsmeier/Desktop/MA/Z7-Nano/ParEIS-MSX/SW/HW_Export_V1/hw
TRACE::2026-08-19.18:02:42::SCWPlatform:: Platform Path C:/Users/tillkorsmeier/Desktop/MA/Z7-Nano/ParEIS-MSX/SW/HW_Export_V1/hw/HW_Export_V2.xsa
TRACE::2026-08-19.18:02:42::SCWPlatform:: Unique name xilinx:::0.0
TRACE::2026-08-19.18:02:42::SCWPlatform::Trying to set the existing hwdb with name design_1_wrapper
TRACE::2026-08-19.18:02:42::SCWPlatform::Opened existing hwdb design_1_wrapper
TRACE::2026-08-19.18:02:42::SCWPlatform::Found the Hw Db part of the input DSA
TRACE::2026-08-19.18:02:42::SCWMssOS::Checking the sw design at  C:/Users/tillkorsmeier/Desktop/MA/Z7-Nano/ParEIS-MSX/SW/HW_Export_V1/ps7_cortexa9_0/standalone_ps7_cortexa9_0/bsp/system.mss
TRACE::2026-08-19.18:02:42::SCWMssOS::DEBUG:  swdes dump  C:/Users/tillkorsmeier/Desktop/MA/Z7-Nano/ParEIS-MSX/SW/HW_Export_V1/ps7_cortexa9_0/standalone_ps7_cortexa9_0/bsp/system.mss|system_0||
C:/Users/tillkorsmeier/Desktop/MA/Z7-Nano/ParEIS-MSX/SW/HW_Export_V1/zynq_fsbl/zynq_fsbl_bsp/system.mss|system||

TRACE::2026-08-19.18:02:42::SCWMssOS::Sw design exists and opened at  C:/Users/tillkorsmeier/Desktop/MA/Z7-Nano/ParEIS-MSX/SW/HW_Export_V1/ps7_cortexa9_0/standalone_ps7_cortexa9_0/bsp/system.mss
TRACE::2026-08-19.18:02:42::SCWPlatform::Trying to open the hw design at C:/Users/tillkorsmeier/Desktop/MA/Z7-Nano/ParEIS-MSX/SW/HW_Export_V1/hw/HW_Export_V2.xsa
TRACE::2026-08-19.18:02:42::SCWPlatform::DSA given C:/Users/tillkorsmeier/Desktop/MA/Z7-Nano/ParEIS-MSX/SW/HW_Export_V1/hw/HW_Export_V2.xsa
TRACE::2026-08-19.18:02:42::SCWPlatform::DSA absoulate path C:/Users/tillkorsmeier/Desktop/MA/Z7-Nano/ParEIS-MSX/SW/HW_Export_V1/hw/HW_Export_V2.xsa
TRACE::2026-08-19.18:02:42::SCWPlatform::DSA directory C:/Users/tillkorsmeier/Desktop/MA/Z7-Nano/ParEIS-MSX/SW/HW_Export_V1/hw
TRACE::2026-08-19.18:02:42::SCWPlatform:: Platform Path C:/Users/tillkorsmeier/Desktop/MA/Z7-Nano/ParEIS-MSX/SW/HW_Export_V1/hw/HW_Export_V2.xsa
TRACE::2026-08-19.18:02:42::SCWPlatform:: Unique name xilinx:::0.0
TRACE::2026-08-19.18:02:42::SCWPlatform::Trying to set the existing hwdb with name design_1_wrapper
TRACE::2026-08-19.18:02:42::SCWPlatform::Opened existing hwdb design_1_wrapper
TRACE::2026-08-19.18:02:42::SCWPlatform::Found the Hw Db part of the input DSA
TRACE::2026-08-19.18:02:42::SCWMssOS::Checking the sw design at  C:/Users/tillkorsmeier/Desktop/MA/Z7-Nano/ParEIS-MSX/SW/HW_Export_V1/ps7_cortexa9_0/standalone_ps7_cortexa9_0/bsp/system.mss
TRACE::2026-08-19.18:02:42::SCWMssOS::DEBUG:  swdes dump  C:/Users/tillkorsmeier/Desktop/MA/Z7-Nano/ParEIS-MSX/SW/HW_Export_V1/ps7_cortexa9_0/standalone_ps7_cortexa9_0/bsp/system.mss|system_0||
C:/Users/tillkorsmeier/Desktop/MA/Z7-Nano/ParEIS-MSX/SW/HW_Export_V1/zynq_fsbl/zynq_fsbl_bsp/system.mss|system||

TRACE::2026-08-19.18:02:42::SCWMssOS::Sw design exists and opened at  C:/Users/tillkorsmeier/Desktop/MA/Z7-Nano/ParEIS-MSX/SW/HW_Export_V1/ps7_cortexa9_0/standalone_ps7_cortexa9_0/bsp/system.mss
TRACE::2026-08-19.18:02:42::SCWPlatform::Trying to open the hw design at C:/Users/tillkorsmeier/Desktop/MA/Z7-Nano/ParEIS-MSX/SW/HW_Export_V1/hw/HW_Export_V2.xsa
TRACE::2026-08-19.18:02:42::SCWPlatform::DSA given C:/Users/tillkorsmeier/Desktop/MA/Z7-Nano/ParEIS-MSX/SW/HW_Export_V1/hw/HW_Export_V2.xsa
TRACE::2026-08-19.18:02:42::SCWPlatform::DSA absoulate path C:/Users/tillkorsmeier/Desktop/MA/Z7-Nano/ParEIS-MSX/SW/HW_Export_V1/hw/HW_Export_V2.xsa
TRACE::2026-08-19.18:02:42::SCWPlatform::DSA directory C:/Users/tillkorsmeier/Desktop/MA/Z7-Nano/ParEIS-MSX/SW/HW_Export_V1/hw
TRACE::2026-08-19.18:02:42::SCWPlatform:: Platform Path C:/Users/tillkorsmeier/Desktop/MA/Z7-Nano/ParEIS-MSX/SW/HW_Export_V1/hw/HW_Export_V2.xsa
TRACE::2026-08-19.18:02:42::SCWPlatform:: Unique name xilinx:::0.0
TRACE::2026-08-19.18:02:42::SCWPlatform::Trying to set the existing hwdb with name design_1_wrapper
TRACE::2026-08-19.18:02:42::SCWPlatform::Opened existing hwdb design_1_wrapper
TRACE::2026-08-19.18:02:42::SCWPlatform::Found the Hw Db part of the input DSA
TRACE::2026-08-19.18:02:42::SCWMssOS::Checking the sw design at  C:/Users/tillkorsmeier/Desktop/MA/Z7-Nano/ParEIS-MSX/SW/HW_Export_V1/ps7_cortexa9_0/standalone_ps7_cortexa9_0/bsp/system.mss
TRACE::2026-08-19.18:02:42::SCWMssOS::DEBUG:  swdes dump  C:/Users/tillkorsmeier/Desktop/MA/Z7-Nano/ParEIS-MSX/SW/HW_Export_V1/ps7_cortexa9_0/standalone_ps7_cortexa9_0/bsp/system.mss|system_0||
C:/Users/tillkorsmeier/Desktop/MA/Z7-Nano/ParEIS-MSX/SW/HW_Export_V1/zynq_fsbl/zynq_fsbl_bsp/system.mss|system||

TRACE::2026-08-19.18:02:42::SCWMssOS::Sw design exists and opened at  C:/Users/tillkorsmeier/Desktop/MA/Z7-Nano/ParEIS-MSX/SW/HW_Export_V1/ps7_cortexa9_0/standalone_ps7_cortexa9_0/bsp/system.mss
TRACE::2026-08-19.18:02:42::SCWPlatform::Trying to open the hw design at C:/Users/tillkorsmeier/Desktop/MA/Z7-Nano/ParEIS-MSX/SW/HW_Export_V1/hw/HW_Export_V2.xsa
TRACE::2026-08-19.18:02:42::SCWPlatform::DSA given C:/Users/tillkorsmeier/Desktop/MA/Z7-Nano/ParEIS-MSX/SW/HW_Export_V1/hw/HW_Export_V2.xsa
TRACE::2026-08-19.18:02:42::SCWPlatform::DSA absoulate path C:/Users/tillkorsmeier/Desktop/MA/Z7-Nano/ParEIS-MSX/SW/HW_Export_V1/hw/HW_Export_V2.xsa
TRACE::2026-08-19.18:02:42::SCWPlatform::DSA directory C:/Users/tillkorsmeier/Desktop/MA/Z7-Nano/ParEIS-MSX/SW/HW_Export_V1/hw
TRACE::2026-08-19.18:02:42::SCWPlatform:: Platform Path C:/Users/tillkorsmeier/Desktop/MA/Z7-Nano/ParEIS-MSX/SW/HW_Export_V1/hw/HW_Export_V2.xsa
TRACE::2026-08-19.18:02:42::SCWPlatform:: Unique name xilinx:::0.0
TRACE::2026-08-19.18:02:42::SCWPlatform::Trying to set the existing hwdb with name design_1_wrapper
TRACE::2026-08-19.18:02:42::SCWPlatform::Opened existing hwdb design_1_wrapper
TRACE::2026-08-19.18:02:42::SCWPlatform::Found the Hw Db part of the input DSA
TRACE::2026-08-19.18:02:43::SCWMssOS::Checking the sw design at  C:/Users/tillkorsmeier/Desktop/MA/Z7-Nano/ParEIS-MSX/SW/HW_Export_V1/ps7_cortexa9_0/standalone_ps7_cortexa9_0/bsp/system.mss
TRACE::2026-08-19.18:02:43::SCWMssOS::DEBUG:  swdes dump  C:/Users/tillkorsmeier/Desktop/MA/Z7-Nano/ParEIS-MSX/SW/HW_Export_V1/ps7_cortexa9_0/standalone_ps7_cortexa9_0/bsp/system.mss|system_0||
C:/Users/tillkorsmeier/Desktop/MA/Z7-Nano/ParEIS-MSX/SW/HW_Export_V1/zynq_fsbl/zynq_fsbl_bsp/system.mss|system||

TRACE::2026-08-19.18:02:43::SCWMssOS::Sw design exists and opened at  C:/Users/tillkorsmeier/Desktop/MA/Z7-Nano/ParEIS-MSX/SW/HW_Export_V1/ps7_cortexa9_0/standalone_ps7_cortexa9_0/bsp/system.mss
TRACE::2026-08-19.18:02:43::SCWPlatform::Trying to open the hw design at C:/Users/tillkorsmeier/Desktop/MA/Z7-Nano/ParEIS-MSX/SW/HW_Export_V1/hw/HW_Export_V2.xsa
TRACE::2026-08-19.18:02:43::SCWPlatform::DSA given C:/Users/tillkorsmeier/Desktop/MA/Z7-Nano/ParEIS-MSX/SW/HW_Export_V1/hw/HW_Export_V2.xsa
TRACE::2026-08-19.18:02:43::SCWPlatform::DSA absoulate path C:/Users/tillkorsmeier/Desktop/MA/Z7-Nano/ParEIS-MSX/SW/HW_Export_V1/hw/HW_Export_V2.xsa
TRACE::2026-08-19.18:02:43::SCWPlatform::DSA directory C:/Users/tillkorsmeier/Desktop/MA/Z7-Nano/ParEIS-MSX/SW/HW_Export_V1/hw
TRACE::2026-08-19.18:02:43::SCWPlatform:: Platform Path C:/Users/tillkorsmeier/Desktop/MA/Z7-Nano/ParEIS-MSX/SW/HW_Export_V1/hw/HW_Export_V2.xsa
TRACE::2026-08-19.18:02:43::SCWPlatform:: Unique name xilinx:::0.0
TRACE::2026-08-19.18:02:43::SCWPlatform::Trying to set the existing hwdb with name design_1_wrapper
TRACE::2026-08-19.18:02:43::SCWPlatform::Opened existing hwdb design_1_wrapper
TRACE::2026-08-19.18:02:43::SCWPlatform::Found the Hw Db part of the input DSA
TRACE::2026-08-19.18:02:43::SCWMssOS::Checking the sw design at  C:/Users/tillkorsmeier/Desktop/MA/Z7-Nano/ParEIS-MSX/SW/HW_Export_V1/ps7_cortexa9_0/standalone_ps7_cortexa9_0/bsp/system.mss
TRACE::2026-08-19.18:02:43::SCWMssOS::DEBUG:  swdes dump  C:/Users/tillkorsmeier/Desktop/MA/Z7-Nano/ParEIS-MSX/SW/HW_Export_V1/ps7_cortexa9_0/standalone_ps7_cortexa9_0/bsp/system.mss|system_0||
C:/Users/tillkorsmeier/Desktop/MA/Z7-Nano/ParEIS-MSX/SW/HW_Export_V1/zynq_fsbl/zynq_fsbl_bsp/system.mss|system||

TRACE::2026-08-19.18:02:43::SCWMssOS::Sw design exists and opened at  C:/Users/tillkorsmeier/Desktop/MA/Z7-Nano/ParEIS-MSX/SW/HW_Export_V1/ps7_cortexa9_0/standalone_ps7_cortexa9_0/bsp/system.mss
TRACE::2026-08-19.18:02:43::SCWPlatform::Trying to open the hw design at C:/Users/tillkorsmeier/Desktop/MA/Z7-Nano/ParEIS-MSX/SW/HW_Export_V1/hw/HW_Export_V2.xsa
TRACE::2026-08-19.18:02:43::SCWPlatform::DSA given C:/Users/tillkorsmeier/Desktop/MA/Z7-Nano/ParEIS-MSX/SW/HW_Export_V1/hw/HW_Export_V2.xsa
TRACE::2026-08-19.18:02:43::SCWPlatform::DSA absoulate path C:/Users/tillkorsmeier/Desktop/MA/Z7-Nano/ParEIS-MSX/SW/HW_Export_V1/hw/HW_Export_V2.xsa
TRACE::2026-08-19.18:02:43::SCWPlatform::DSA directory C:/Users/tillkorsmeier/Desktop/MA/Z7-Nano/ParEIS-MSX/SW/HW_Export_V1/hw
TRACE::2026-08-19.18:02:43::SCWPlatform:: Platform Path C:/Users/tillkorsmeier/Desktop/MA/Z7-Nano/ParEIS-MSX/SW/HW_Export_V1/hw/HW_Export_V2.xsa
TRACE::2026-08-19.18:02:43::SCWPlatform:: Unique name xilinx:::0.0
TRACE::2026-08-19.18:02:43::SCWPlatform::Trying to set the existing hwdb with name design_1_wrapper
TRACE::2026-08-19.18:02:43::SCWPlatform::Opened existing hwdb design_1_wrapper
TRACE::2026-08-19.18:02:43::SCWPlatform::Found the Hw Db part of the input DSA
TRACE::2026-08-19.18:02:43::SCWMssOS::Checking the sw design at  C:/Users/tillkorsmeier/Desktop/MA/Z7-Nano/ParEIS-MSX/SW/HW_Export_V1/ps7_cortexa9_0/standalone_ps7_cortexa9_0/bsp/system.mss
TRACE::2026-08-19.18:02:43::SCWMssOS::DEBUG:  swdes dump  C:/Users/tillkorsmeier/Desktop/MA/Z7-Nano/ParEIS-MSX/SW/HW_Export_V1/ps7_cortexa9_0/standalone_ps7_cortexa9_0/bsp/system.mss|system_0||
C:/Users/tillkorsmeier/Desktop/MA/Z7-Nano/ParEIS-MSX/SW/HW_Export_V1/zynq_fsbl/zynq_fsbl_bsp/system.mss|system||

TRACE::2026-08-19.18:02:43::SCWMssOS::Sw design exists and opened at  C:/Users/tillkorsmeier/Desktop/MA/Z7-Nano/ParEIS-MSX/SW/HW_Export_V1/ps7_cortexa9_0/standalone_ps7_cortexa9_0/bsp/system.mss
TRACE::2026-08-19.18:02:43::SCWPlatform::Trying to open the hw design at C:/Users/tillkorsmeier/Desktop/MA/Z7-Nano/ParEIS-MSX/SW/HW_Export_V1/hw/HW_Export_V2.xsa
TRACE::2026-08-19.18:02:43::SCWPlatform::DSA given C:/Users/tillkorsmeier/Desktop/MA/Z7-Nano/ParEIS-MSX/SW/HW_Export_V1/hw/HW_Export_V2.xsa
TRACE::2026-08-19.18:02:43::SCWPlatform::DSA absoulate path C:/Users/tillkorsmeier/Desktop/MA/Z7-Nano/ParEIS-MSX/SW/HW_Export_V1/hw/HW_Export_V2.xsa
TRACE::2026-08-19.18:02:43::SCWPlatform::DSA directory C:/Users/tillkorsmeier/Desktop/MA/Z7-Nano/ParEIS-MSX/SW/HW_Export_V1/hw
TRACE::2026-08-19.18:02:43::SCWPlatform:: Platform Path C:/Users/tillkorsmeier/Desktop/MA/Z7-Nano/ParEIS-MSX/SW/HW_Export_V1/hw/HW_Export_V2.xsa
TRACE::2026-08-19.18:02:43::SCWPlatform:: Unique name xilinx:::0.0
TRACE::2026-08-19.18:02:43::SCWPlatform::Trying to set the existing hwdb with name design_1_wrapper
TRACE::2026-08-19.18:02:43::SCWPlatform::Opened existing hwdb design_1_wrapper
TRACE::2026-08-19.18:02:43::SCWPlatform::Found the Hw Db part of the input DSA
TRACE::2026-08-19.18:02:43::SCWMssOS::Checking the sw design at  C:/Users/tillkorsmeier/Desktop/MA/Z7-Nano/ParEIS-MSX/SW/HW_Export_V1/ps7_cortexa9_0/standalone_ps7_cortexa9_0/bsp/system.mss
TRACE::2026-08-19.18:02:43::SCWMssOS::DEBUG:  swdes dump  C:/Users/tillkorsmeier/Desktop/MA/Z7-Nano/ParEIS-MSX/SW/HW_Export_V1/ps7_cortexa9_0/standalone_ps7_cortexa9_0/bsp/system.mss|system_0||
C:/Users/tillkorsmeier/Desktop/MA/Z7-Nano/ParEIS-MSX/SW/HW_Export_V1/zynq_fsbl/zynq_fsbl_bsp/system.mss|system||

TRACE::2026-08-19.18:02:43::SCWMssOS::Sw design exists and opened at  C:/Users/tillkorsmeier/Desktop/MA/Z7-Nano/ParEIS-MSX/SW/HW_Export_V1/ps7_cortexa9_0/standalone_ps7_cortexa9_0/bsp/system.mss
TRACE::2026-08-19.18:02:43::SCWMssOS::Saving the mss changes C:/Users/tillkorsmeier/Desktop/MA/Z7-Nano/ParEIS-MSX/SW/HW_Export_V1/ps7_cortexa9_0/standalone_ps7_cortexa9_0/bsp/system.mss
TRACE::2026-08-19.18:02:43::SCWMssOS::Found a swdesign opened with the mssfile.
TRACE::2026-08-19.18:02:43::SCWMssOS::Completed writemss as part of save.
TRACE::2026-08-19.18:02:43::SCWMssOS::Commit changes completed.
TRACE::2026-08-19.18:02:43::SCWPlatform::Trying to open the hw design at C:/Users/tillkorsmeier/Desktop/MA/Z7-Nano/ParEIS-MSX/SW/HW_Export_V1/hw/HW_Export_V2.xsa
TRACE::2026-08-19.18:02:43::SCWPlatform::DSA given C:/Users/tillkorsmeier/Desktop/MA/Z7-Nano/ParEIS-MSX/SW/HW_Export_V1/hw/HW_Export_V2.xsa
TRACE::2026-08-19.18:02:43::SCWPlatform::DSA absoulate path C:/Users/tillkorsmeier/Desktop/MA/Z7-Nano/ParEIS-MSX/SW/HW_Export_V1/hw/HW_Export_V2.xsa
TRACE::2026-08-19.18:02:43::SCWPlatform::DSA directory C:/Users/tillkorsmeier/Desktop/MA/Z7-Nano/ParEIS-MSX/SW/HW_Export_V1/hw
TRACE::2026-08-19.18:02:43::SCWPlatform:: Platform Path C:/Users/tillkorsmeier/Desktop/MA/Z7-Nano/ParEIS-MSX/SW/HW_Export_V1/hw/HW_Export_V2.xsa
TRACE::2026-08-19.18:02:43::SCWPlatform:: Unique name xilinx:::0.0
TRACE::2026-08-19.18:02:43::SCWPlatform::Trying to set the existing hwdb with name design_1_wrapper
TRACE::2026-08-19.18:02:43::SCWPlatform::Opened existing hwdb design_1_wrapper
TRACE::2026-08-19.18:02:43::SCWPlatform::Found the Hw Db part of the input DSA
TRACE::2026-08-19.18:02:43::SCWMssOS::Checking the sw design at  C:/Users/tillkorsmeier/Desktop/MA/Z7-Nano/ParEIS-MSX/SW/HW_Export_V1/ps7_cortexa9_0/standalone_ps7_cortexa9_0/bsp/system.mss
TRACE::2026-08-19.18:02:43::SCWMssOS::DEBUG:  swdes dump  C:/Users/tillkorsmeier/Desktop/MA/Z7-Nano/ParEIS-MSX/SW/HW_Export_V1/ps7_cortexa9_0/standalone_ps7_cortexa9_0/bsp/system.mss|system_0||
C:/Users/tillkorsmeier/Desktop/MA/Z7-Nano/ParEIS-MSX/SW/HW_Export_V1/zynq_fsbl/zynq_fsbl_bsp/system.mss|system||

TRACE::2026-08-19.18:02:43::SCWMssOS::Sw design exists and opened at  C:/Users/tillkorsmeier/Desktop/MA/Z7-Nano/ParEIS-MSX/SW/HW_Export_V1/ps7_cortexa9_0/standalone_ps7_cortexa9_0/bsp/system.mss
TRACE::2026-08-19.18:02:43::SCWMssOS::Removing the swdes entry for  C:/Users/tillkorsmeier/Desktop/MA/Z7-Nano/ParEIS-MSX/SW/HW_Export_V1/ps7_cortexa9_0/standalone_ps7_cortexa9_0/bsp/system.mss
TRACE::2026-08-19.18:02:43::SCWPlatform::Trying to open the hw design at C:/Users/tillkorsmeier/Desktop/MA/Z7-Nano/ParEIS-MSX/SW/HW_Export_V1/hw/HW_Export_V2.xsa
TRACE::2026-08-19.18:02:43::SCWPlatform::DSA given C:/Users/tillkorsmeier/Desktop/MA/Z7-Nano/ParEIS-MSX/SW/HW_Export_V1/hw/HW_Export_V2.xsa
TRACE::2026-08-19.18:02:43::SCWPlatform::DSA absoulate path C:/Users/tillkorsmeier/Desktop/MA/Z7-Nano/ParEIS-MSX/SW/HW_Export_V1/hw/HW_Export_V2.xsa
TRACE::2026-08-19.18:02:43::SCWPlatform::DSA directory C:/Users/tillkorsmeier/Desktop/MA/Z7-Nano/ParEIS-MSX/SW/HW_Export_V1/hw
TRACE::2026-08-19.18:02:43::SCWPlatform:: Platform Path C:/Users/tillkorsmeier/Desktop/MA/Z7-Nano/ParEIS-MSX/SW/HW_Export_V1/hw/HW_Export_V2.xsa
TRACE::2026-08-19.18:02:43::SCWPlatform:: Unique name xilinx:::0.0
TRACE::2026-08-19.18:02:43::SCWPlatform::Trying to set the existing hwdb with name design_1_wrapper
TRACE::2026-08-19.18:02:43::SCWPlatform::Opened existing hwdb design_1_wrapper
TRACE::2026-08-19.18:02:43::SCWPlatform::Found the Hw Db part of the input DSA
TRACE::2026-08-19.18:02:43::SCWMssOS::Checking the sw design at  C:/Users/tillkorsmeier/Desktop/MA/Z7-Nano/ParEIS-MSX/SW/HW_Export_V1/ps7_cortexa9_0/standalone_ps7_cortexa9_0/bsp/system.mss
TRACE::2026-08-19.18:02:43::SCWMssOS::DEBUG:  swdes dump  C:/Users/tillkorsmeier/Desktop/MA/Z7-Nano/ParEIS-MSX/SW/HW_Export_V1/zynq_fsbl/zynq_fsbl_bsp/system.mss|system||

TRACE::2026-08-19.18:02:43::SCWMssOS::No sw design opened at  C:/Users/tillkorsmeier/Desktop/MA/Z7-Nano/ParEIS-MSX/SW/HW_Export_V1/ps7_cortexa9_0/standalone_ps7_cortexa9_0/bsp/system.mss
TRACE::2026-08-19.18:02:43::SCWMssOS::mss exists loading the mss file  C:/Users/tillkorsmeier/Desktop/MA/Z7-Nano/ParEIS-MSX/SW/HW_Export_V1/ps7_cortexa9_0/standalone_ps7_cortexa9_0/bsp/system.mss
TRACE::2026-08-19.18:02:43::SCWMssOS::Opened the sw design from mss  C:/Users/tillkorsmeier/Desktop/MA/Z7-Nano/ParEIS-MSX/SW/HW_Export_V1/ps7_cortexa9_0/standalone_ps7_cortexa9_0/bsp/system.mss
TRACE::2026-08-19.18:02:43::SCWMssOS::Adding the swdes entry C:/Users/tillkorsmeier/Desktop/MA/Z7-Nano/ParEIS-MSX/SW/HW_Export_V1/ps7_cortexa9_0/standalone_ps7_cortexa9_0/bsp/system.mss with des name system_0
TRACE::2026-08-19.18:02:43::SCWMssOS::updating the scw layer about changes
TRACE::2026-08-19.18:02:44::SCWMssOS::Opened the sw design.  C:/Users/tillkorsmeier/Desktop/MA/Z7-Nano/ParEIS-MSX/SW/HW_Export_V1/ps7_cortexa9_0/standalone_ps7_cortexa9_0/bsp/system.mss
TRACE::2026-08-19.18:02:56::SCWPlatform::Trying to open the hw design at C:/Users/tillkorsmeier/Desktop/MA/Z7-Nano/ParEIS-MSX/SW/HW_Export_V1/hw/HW_Export_V2.xsa
TRACE::2026-08-19.18:02:56::SCWPlatform::DSA given C:/Users/tillkorsmeier/Desktop/MA/Z7-Nano/ParEIS-MSX/SW/HW_Export_V1/hw/HW_Export_V2.xsa
TRACE::2026-08-19.18:02:56::SCWPlatform::DSA absoulate path C:/Users/tillkorsmeier/Desktop/MA/Z7-Nano/ParEIS-MSX/SW/HW_Export_V1/hw/HW_Export_V2.xsa
TRACE::2026-08-19.18:02:56::SCWPlatform::DSA directory C:/Users/tillkorsmeier/Desktop/MA/Z7-Nano/ParEIS-MSX/SW/HW_Export_V1/hw
TRACE::2026-08-19.18:02:56::SCWPlatform:: Platform Path C:/Users/tillkorsmeier/Desktop/MA/Z7-Nano/ParEIS-MSX/SW/HW_Export_V1/hw/HW_Export_V2.xsa
TRACE::2026-08-19.18:02:56::SCWPlatform:: Unique name xilinx:::0.0
TRACE::2026-08-19.18:02:56::SCWPlatform::Trying to set the existing hwdb with name design_1_wrapper
TRACE::2026-08-19.18:02:56::SCWPlatform::Opened existing hwdb design_1_wrapper
TRACE::2026-08-19.18:02:56::SCWPlatform::Found the Hw Db part of the input DSA
TRACE::2026-08-19.18:02:56::SCWMssOS::Checking the sw design at  C:/Users/tillkorsmeier/Desktop/MA/Z7-Nano/ParEIS-MSX/SW/HW_Export_V1/ps7_cortexa9_0/standalone_ps7_cortexa9_0/bsp/system.mss
TRACE::2026-08-19.18:02:56::SCWMssOS::DEBUG:  swdes dump  C:/Users/tillkorsmeier/Desktop/MA/Z7-Nano/ParEIS-MSX/SW/HW_Export_V1/ps7_cortexa9_0/standalone_ps7_cortexa9_0/bsp/system.mss|system_0||
C:/Users/tillkorsmeier/Desktop/MA/Z7-Nano/ParEIS-MSX/SW/HW_Export_V1/zynq_fsbl/zynq_fsbl_bsp/system.mss|system||

TRACE::2026-08-19.18:02:56::SCWMssOS::Sw design exists and opened at  C:/Users/tillkorsmeier/Desktop/MA/Z7-Nano/ParEIS-MSX/SW/HW_Export_V1/ps7_cortexa9_0/standalone_ps7_cortexa9_0/bsp/system.mss
TRACE::2026-08-19.18:02:56::SCWPlatform::Trying to open the hw design at C:/Users/tillkorsmeier/Desktop/MA/Z7-Nano/ParEIS-MSX/SW/HW_Export_V1/hw/HW_Export_V2.xsa
TRACE::2026-08-19.18:02:56::SCWPlatform::DSA given C:/Users/tillkorsmeier/Desktop/MA/Z7-Nano/ParEIS-MSX/SW/HW_Export_V1/hw/HW_Export_V2.xsa
TRACE::2026-08-19.18:02:56::SCWPlatform::DSA absoulate path C:/Users/tillkorsmeier/Desktop/MA/Z7-Nano/ParEIS-MSX/SW/HW_Export_V1/hw/HW_Export_V2.xsa
TRACE::2026-08-19.18:02:56::SCWPlatform::DSA directory C:/Users/tillkorsmeier/Desktop/MA/Z7-Nano/ParEIS-MSX/SW/HW_Export_V1/hw
TRACE::2026-08-19.18:02:56::SCWPlatform:: Platform Path C:/Users/tillkorsmeier/Desktop/MA/Z7-Nano/ParEIS-MSX/SW/HW_Export_V1/hw/HW_Export_V2.xsa
TRACE::2026-08-19.18:02:56::SCWPlatform:: Unique name xilinx:::0.0
TRACE::2026-08-19.18:02:56::SCWPlatform::Trying to set the existing hwdb with name design_1_wrapper
TRACE::2026-08-19.18:02:56::SCWPlatform::Opened existing hwdb design_1_wrapper
TRACE::2026-08-19.18:02:56::SCWPlatform::Found the Hw Db part of the input DSA
TRACE::2026-08-19.18:02:56::SCWMssOS::Checking the sw design at  C:/Users/tillkorsmeier/Desktop/MA/Z7-Nano/ParEIS-MSX/SW/HW_Export_V1/ps7_cortexa9_0/standalone_ps7_cortexa9_0/bsp/system.mss
TRACE::2026-08-19.18:02:56::SCWMssOS::DEBUG:  swdes dump  C:/Users/tillkorsmeier/Desktop/MA/Z7-Nano/ParEIS-MSX/SW/HW_Export_V1/ps7_cortexa9_0/standalone_ps7_cortexa9_0/bsp/system.mss|system_0||
C:/Users/tillkorsmeier/Desktop/MA/Z7-Nano/ParEIS-MSX/SW/HW_Export_V1/zynq_fsbl/zynq_fsbl_bsp/system.mss|system||

TRACE::2026-08-19.18:02:56::SCWMssOS::Sw design exists and opened at  C:/Users/tillkorsmeier/Desktop/MA/Z7-Nano/ParEIS-MSX/SW/HW_Export_V1/ps7_cortexa9_0/standalone_ps7_cortexa9_0/bsp/system.mss
TRACE::2026-08-19.18:02:56::SCWPlatform::Trying to open the hw design at C:/Users/tillkorsmeier/Desktop/MA/Z7-Nano/ParEIS-MSX/SW/HW_Export_V1/hw/HW_Export_V2.xsa
TRACE::2026-08-19.18:02:56::SCWPlatform::DSA given C:/Users/tillkorsmeier/Desktop/MA/Z7-Nano/ParEIS-MSX/SW/HW_Export_V1/hw/HW_Export_V2.xsa
TRACE::2026-08-19.18:02:56::SCWPlatform::DSA absoulate path C:/Users/tillkorsmeier/Desktop/MA/Z7-Nano/ParEIS-MSX/SW/HW_Export_V1/hw/HW_Export_V2.xsa
TRACE::2026-08-19.18:02:56::SCWPlatform::DSA directory C:/Users/tillkorsmeier/Desktop/MA/Z7-Nano/ParEIS-MSX/SW/HW_Export_V1/hw
TRACE::2026-08-19.18:02:56::SCWPlatform:: Platform Path C:/Users/tillkorsmeier/Desktop/MA/Z7-Nano/ParEIS-MSX/SW/HW_Export_V1/hw/HW_Export_V2.xsa
TRACE::2026-08-19.18:02:56::SCWPlatform:: Unique name xilinx:::0.0
TRACE::2026-08-19.18:02:56::SCWPlatform::Trying to set the existing hwdb with name design_1_wrapper
TRACE::2026-08-19.18:02:56::SCWPlatform::Opened existing hwdb design_1_wrapper
TRACE::2026-08-19.18:02:56::SCWPlatform::Found the Hw Db part of the input DSA
TRACE::2026-08-19.18:02:56::SCWMssOS::Checking the sw design at  C:/Users/tillkorsmeier/Desktop/MA/Z7-Nano/ParEIS-MSX/SW/HW_Export_V1/ps7_cortexa9_0/standalone_ps7_cortexa9_0/bsp/system.mss
TRACE::2026-08-19.18:02:56::SCWMssOS::DEBUG:  swdes dump  C:/Users/tillkorsmeier/Desktop/MA/Z7-Nano/ParEIS-MSX/SW/HW_Export_V1/ps7_cortexa9_0/standalone_ps7_cortexa9_0/bsp/system.mss|system_0||
C:/Users/tillkorsmeier/Desktop/MA/Z7-Nano/ParEIS-MSX/SW/HW_Export_V1/zynq_fsbl/zynq_fsbl_bsp/system.mss|system||

TRACE::2026-08-19.18:02:56::SCWMssOS::Sw design exists and opened at  C:/Users/tillkorsmeier/Desktop/MA/Z7-Nano/ParEIS-MSX/SW/HW_Export_V1/ps7_cortexa9_0/standalone_ps7_cortexa9_0/bsp/system.mss
TRACE::2026-08-19.18:02:56::SCWPlatform::Trying to open the hw design at C:/Users/tillkorsmeier/Desktop/MA/Z7-Nano/ParEIS-MSX/SW/HW_Export_V1/hw/HW_Export_V2.xsa
TRACE::2026-08-19.18:02:56::SCWPlatform::DSA given C:/Users/tillkorsmeier/Desktop/MA/Z7-Nano/ParEIS-MSX/SW/HW_Export_V1/hw/HW_Export_V2.xsa
TRACE::2026-08-19.18:02:56::SCWPlatform::DSA absoulate path C:/Users/tillkorsmeier/Desktop/MA/Z7-Nano/ParEIS-MSX/SW/HW_Export_V1/hw/HW_Export_V2.xsa
TRACE::2026-08-19.18:02:56::SCWPlatform::DSA directory C:/Users/tillkorsmeier/Desktop/MA/Z7-Nano/ParEIS-MSX/SW/HW_Export_V1/hw
TRACE::2026-08-19.18:02:56::SCWPlatform:: Platform Path C:/Users/tillkorsmeier/Desktop/MA/Z7-Nano/ParEIS-MSX/SW/HW_Export_V1/hw/HW_Export_V2.xsa
TRACE::2026-08-19.18:02:56::SCWPlatform:: Unique name xilinx:::0.0
TRACE::2026-08-19.18:02:56::SCWPlatform::Trying to set the existing hwdb with name design_1_wrapper
TRACE::2026-08-19.18:02:56::SCWPlatform::Opened existing hwdb design_1_wrapper
TRACE::2026-08-19.18:02:56::SCWPlatform::Found the Hw Db part of the input DSA
TRACE::2026-08-19.18:02:56::SCWMssOS::Checking the sw design at  C:/Users/tillkorsmeier/Desktop/MA/Z7-Nano/ParEIS-MSX/SW/HW_Export_V1/ps7_cortexa9_0/standalone_ps7_cortexa9_0/bsp/system.mss
TRACE::2026-08-19.18:02:56::SCWMssOS::DEBUG:  swdes dump  C:/Users/tillkorsmeier/Desktop/MA/Z7-Nano/ParEIS-MSX/SW/HW_Export_V1/ps7_cortexa9_0/standalone_ps7_cortexa9_0/bsp/system.mss|system_0||
C:/Users/tillkorsmeier/Desktop/MA/Z7-Nano/ParEIS-MSX/SW/HW_Export_V1/zynq_fsbl/zynq_fsbl_bsp/system.mss|system||

TRACE::2026-08-19.18:02:56::SCWMssOS::Sw design exists and opened at  C:/Users/tillkorsmeier/Desktop/MA/Z7-Nano/ParEIS-MSX/SW/HW_Export_V1/ps7_cortexa9_0/standalone_ps7_cortexa9_0/bsp/system.mss
TRACE::2026-08-19.18:02:56::SCWPlatform::Trying to open the hw design at C:/Users/tillkorsmeier/Desktop/MA/Z7-Nano/ParEIS-MSX/SW/HW_Export_V1/hw/HW_Export_V2.xsa
TRACE::2026-08-19.18:02:56::SCWPlatform::DSA given C:/Users/tillkorsmeier/Desktop/MA/Z7-Nano/ParEIS-MSX/SW/HW_Export_V1/hw/HW_Export_V2.xsa
TRACE::2026-08-19.18:02:56::SCWPlatform::DSA absoulate path C:/Users/tillkorsmeier/Desktop/MA/Z7-Nano/ParEIS-MSX/SW/HW_Export_V1/hw/HW_Export_V2.xsa
TRACE::2026-08-19.18:02:56::SCWPlatform::DSA directory C:/Users/tillkorsmeier/Desktop/MA/Z7-Nano/ParEIS-MSX/SW/HW_Export_V1/hw
TRACE::2026-08-19.18:02:56::SCWPlatform:: Platform Path C:/Users/tillkorsmeier/Desktop/MA/Z7-Nano/ParEIS-MSX/SW/HW_Export_V1/hw/HW_Export_V2.xsa
TRACE::2026-08-19.18:02:56::SCWPlatform:: Unique name xilinx:::0.0
TRACE::2026-08-19.18:02:56::SCWPlatform::Trying to set the existing hwdb with name design_1_wrapper
TRACE::2026-08-19.18:02:56::SCWPlatform::Opened existing hwdb design_1_wrapper
TRACE::2026-08-19.18:02:56::SCWPlatform::Found the Hw Db part of the input DSA
TRACE::2026-08-19.18:02:56::SCWMssOS::Checking the sw design at  C:/Users/tillkorsmeier/Desktop/MA/Z7-Nano/ParEIS-MSX/SW/HW_Export_V1/ps7_cortexa9_0/standalone_ps7_cortexa9_0/bsp/system.mss
TRACE::2026-08-19.18:02:56::SCWMssOS::DEBUG:  swdes dump  C:/Users/tillkorsmeier/Desktop/MA/Z7-Nano/ParEIS-MSX/SW/HW_Export_V1/ps7_cortexa9_0/standalone_ps7_cortexa9_0/bsp/system.mss|system_0||
C:/Users/tillkorsmeier/Desktop/MA/Z7-Nano/ParEIS-MSX/SW/HW_Export_V1/zynq_fsbl/zynq_fsbl_bsp/system.mss|system||

TRACE::2026-08-19.18:02:56::SCWMssOS::Sw design exists and opened at  C:/Users/tillkorsmeier/Desktop/MA/Z7-Nano/ParEIS-MSX/SW/HW_Export_V1/ps7_cortexa9_0/standalone_ps7_cortexa9_0/bsp/system.mss
TRACE::2026-08-19.18:02:56::SCWPlatform::Trying to open the hw design at C:/Users/tillkorsmeier/Desktop/MA/Z7-Nano/ParEIS-MSX/SW/HW_Export_V1/hw/HW_Export_V2.xsa
TRACE::2026-08-19.18:02:56::SCWPlatform::DSA given C:/Users/tillkorsmeier/Desktop/MA/Z7-Nano/ParEIS-MSX/SW/HW_Export_V1/hw/HW_Export_V2.xsa
TRACE::2026-08-19.18:02:56::SCWPlatform::DSA absoulate path C:/Users/tillkorsmeier/Desktop/MA/Z7-Nano/ParEIS-MSX/SW/HW_Export_V1/hw/HW_Export_V2.xsa
TRACE::2026-08-19.18:02:56::SCWPlatform::DSA directory C:/Users/tillkorsmeier/Desktop/MA/Z7-Nano/ParEIS-MSX/SW/HW_Export_V1/hw
TRACE::2026-08-19.18:02:56::SCWPlatform:: Platform Path C:/Users/tillkorsmeier/Desktop/MA/Z7-Nano/ParEIS-MSX/SW/HW_Export_V1/hw/HW_Export_V2.xsa
TRACE::2026-08-19.18:02:56::SCWPlatform:: Unique name xilinx:::0.0
TRACE::2026-08-19.18:02:56::SCWPlatform::Trying to set the existing hwdb with name design_1_wrapper
TRACE::2026-08-19.18:02:56::SCWPlatform::Opened existing hwdb design_1_wrapper
TRACE::2026-08-19.18:02:56::SCWPlatform::Found the Hw Db part of the input DSA
TRACE::2026-08-19.18:02:56::SCWMssOS::Checking the sw design at  C:/Users/tillkorsmeier/Desktop/MA/Z7-Nano/ParEIS-MSX/SW/HW_Export_V1/ps7_cortexa9_0/standalone_ps7_cortexa9_0/bsp/system.mss
TRACE::2026-08-19.18:02:56::SCWMssOS::DEBUG:  swdes dump  C:/Users/tillkorsmeier/Desktop/MA/Z7-Nano/ParEIS-MSX/SW/HW_Export_V1/ps7_cortexa9_0/standalone_ps7_cortexa9_0/bsp/system.mss|system_0||
C:/Users/tillkorsmeier/Desktop/MA/Z7-Nano/ParEIS-MSX/SW/HW_Export_V1/zynq_fsbl/zynq_fsbl_bsp/system.mss|system||

TRACE::2026-08-19.18:02:56::SCWMssOS::Sw design exists and opened at  C:/Users/tillkorsmeier/Desktop/MA/Z7-Nano/ParEIS-MSX/SW/HW_Export_V1/ps7_cortexa9_0/standalone_ps7_cortexa9_0/bsp/system.mss
TRACE::2026-08-19.18:02:56::SCWMssOS::Saving the mss changes C:/Users/tillkorsmeier/Desktop/MA/Z7-Nano/ParEIS-MSX/SW/HW_Export_V1/zynq_fsbl/zynq_fsbl_bsp/system.mss
TRACE::2026-08-19.18:02:56::SCWMssOS::Found a swdesign opened with the mssfile.
TRACE::2026-08-19.18:02:56::SCWMssOS::Completed writemss as part of save.
TRACE::2026-08-19.18:02:56::SCWMssOS::Commit changes completed.
TRACE::2026-08-19.18:02:56::SCWMssOS::Saving the mss changes C:/Users/tillkorsmeier/Desktop/MA/Z7-Nano/ParEIS-MSX/SW/HW_Export_V1/ps7_cortexa9_0/standalone_ps7_cortexa9_0/bsp/system.mss
TRACE::2026-08-19.18:02:56::SCWMssOS::Found a swdesign opened with the mssfile.
TRACE::2026-08-19.18:02:56::SCWMssOS::Completed writemss as part of save.
TRACE::2026-08-19.18:02:56::SCWMssOS::Commit changes completed.
TRACE::2026-08-19.18:02:56::SCWPlatform::Trying to open the hw design at C:/Users/tillkorsmeier/Desktop/MA/Z7-Nano/ParEIS-MSX/SW/HW_Export_V1/hw/HW_Export_V2.xsa
TRACE::2026-08-19.18:02:56::SCWPlatform::DSA given C:/Users/tillkorsmeier/Desktop/MA/Z7-Nano/ParEIS-MSX/SW/HW_Export_V1/hw/HW_Export_V2.xsa
TRACE::2026-08-19.18:02:56::SCWPlatform::DSA absoulate path C:/Users/tillkorsmeier/Desktop/MA/Z7-Nano/ParEIS-MSX/SW/HW_Export_V1/hw/HW_Export_V2.xsa
TRACE::2026-08-19.18:02:56::SCWPlatform::DSA directory C:/Users/tillkorsmeier/Desktop/MA/Z7-Nano/ParEIS-MSX/SW/HW_Export_V1/hw
TRACE::2026-08-19.18:02:56::SCWPlatform:: Platform Path C:/Users/tillkorsmeier/Desktop/MA/Z7-Nano/ParEIS-MSX/SW/HW_Export_V1/hw/HW_Export_V2.xsa
TRACE::2026-08-19.18:02:56::SCWPlatform:: Unique name xilinx:::0.0
TRACE::2026-08-19.18:02:56::SCWPlatform::Trying to set the existing hwdb with name design_1_wrapper
TRACE::2026-08-19.18:02:56::SCWPlatform::Opened existing hwdb design_1_wrapper
TRACE::2026-08-19.18:02:56::SCWPlatform::Found the Hw Db part of the input DSA
TRACE::2026-08-19.18:02:56::SCWMssOS::Checking the sw design at  C:/Users/tillkorsmeier/Desktop/MA/Z7-Nano/ParEIS-MSX/SW/HW_Export_V1/zynq_fsbl/zynq_fsbl_bsp/system.mss
TRACE::2026-08-19.18:02:56::SCWMssOS::DEBUG:  swdes dump  C:/Users/tillkorsmeier/Desktop/MA/Z7-Nano/ParEIS-MSX/SW/HW_Export_V1/ps7_cortexa9_0/standalone_ps7_cortexa9_0/bsp/system.mss|system_0||
C:/Users/tillkorsmeier/Desktop/MA/Z7-Nano/ParEIS-MSX/SW/HW_Export_V1/zynq_fsbl/zynq_fsbl_bsp/system.mss|system||

TRACE::2026-08-19.18:02:56::SCWMssOS::Sw design exists and opened at  C:/Users/tillkorsmeier/Desktop/MA/Z7-Nano/ParEIS-MSX/SW/HW_Export_V1/zynq_fsbl/zynq_fsbl_bsp/system.mss
TRACE::2026-08-19.18:02:56::SCWPlatform::Trying to open the hw design at C:/Users/tillkorsmeier/Desktop/MA/Z7-Nano/ParEIS-MSX/SW/HW_Export_V1/hw/HW_Export_V2.xsa
TRACE::2026-08-19.18:02:56::SCWPlatform::DSA given C:/Users/tillkorsmeier/Desktop/MA/Z7-Nano/ParEIS-MSX/SW/HW_Export_V1/hw/HW_Export_V2.xsa
TRACE::2026-08-19.18:02:56::SCWPlatform::DSA absoulate path C:/Users/tillkorsmeier/Desktop/MA/Z7-Nano/ParEIS-MSX/SW/HW_Export_V1/hw/HW_Export_V2.xsa
TRACE::2026-08-19.18:02:56::SCWPlatform::DSA directory C:/Users/tillkorsmeier/Desktop/MA/Z7-Nano/ParEIS-MSX/SW/HW_Export_V1/hw
TRACE::2026-08-19.18:02:56::SCWPlatform:: Platform Path C:/Users/tillkorsmeier/Desktop/MA/Z7-Nano/ParEIS-MSX/SW/HW_Export_V1/hw/HW_Export_V2.xsa
TRACE::2026-08-19.18:02:56::SCWPlatform:: Unique name xilinx:::0.0
TRACE::2026-08-19.18:02:56::SCWPlatform::Trying to set the existing hwdb with name design_1_wrapper
TRACE::2026-08-19.18:02:56::SCWPlatform::Opened existing hwdb design_1_wrapper
TRACE::2026-08-19.18:02:56::SCWPlatform::Found the Hw Db part of the input DSA
TRACE::2026-08-19.18:02:56::SCWMssOS::Checking the sw design at  C:/Users/tillkorsmeier/Desktop/MA/Z7-Nano/ParEIS-MSX/SW/HW_Export_V1/ps7_cortexa9_0/standalone_ps7_cortexa9_0/bsp/system.mss
TRACE::2026-08-19.18:02:56::SCWMssOS::DEBUG:  swdes dump  C:/Users/tillkorsmeier/Desktop/MA/Z7-Nano/ParEIS-MSX/SW/HW_Export_V1/ps7_cortexa9_0/standalone_ps7_cortexa9_0/bsp/system.mss|system_0||
C:/Users/tillkorsmeier/Desktop/MA/Z7-Nano/ParEIS-MSX/SW/HW_Export_V1/zynq_fsbl/zynq_fsbl_bsp/system.mss|system||

TRACE::2026-08-19.18:02:56::SCWMssOS::Sw design exists and opened at  C:/Users/tillkorsmeier/Desktop/MA/Z7-Nano/ParEIS-MSX/SW/HW_Export_V1/ps7_cortexa9_0/standalone_ps7_cortexa9_0/bsp/system.mss
TRACE::2026-08-19.18:02:56::SCWWriter::formatted JSON is {
	"platformName":	"HW_Export_V1",
	"sprVersion":	"2.0",
	"mode":	"gui",
	"dsaType":	"Fixed",
	"platformDesc":	"HW_Export_V1",
	"platHandOff":	"C:/Users/tillkorsmeier/Desktop/MA/Z7-Nano/ParEIS-MSX/SW/HW_Export_V2.xsa",
	"platIntHandOff":	"<platformDir>/hw/HW_Export_V2.xsa",
	"deviceType":	"zynq",
	"platIsPrebuiltAutogen":	"false",
	"platIsNoBootBsp":	"false",
	"hasFsblMakeHasChanges":	"false",
	"hasPmufwMakeHasChanges":	"false",
	"fsblExtraCompilerFlags":	"-MMD -MP       -mcpu=cortex-a9 -mfpu=vfpv3 -mfloat-abi=hard ",
	"platPreBuiltFlag":	false,
	"platformSamplesDir":	"",
	"platActiveSys":	"HW_Export_V1",
	"systems":	[{
			"systemName":	"HW_Export_V1",
			"systemDesc":	"HW_Export_V1",
			"sysIsBootAutoGen":	"true",
			"systemDispName":	"HW_Export_V1",
			"sysActiveDom":	"standalone_ps7_cortexa9_0",
			"sysDefaultDom":	"standalone_ps7_cortexa9_0",
			"domains":	[{
					"domainName":	"zynq_fsbl",
					"domainDispName":	"zynq_fsbl",
					"domainDesc":	"FSBL Application BSP - Auto Generated.",
					"processors":	"ps7_cortexa9_0",
					"os":	"standalone",
					"sdxOs":	"standalone",
					"debugEnable":	"",
					"domRuntimes":	["cpp"],
					"swRepo":	"",
					"mssOsVer":	"9.2",
					"mssFile":	"",
					"md5Digest":	"eb13c396dfacc0d4cf82f9f4d1da7be6",
					"compatibleApp":	"zynq_fsbl",
					"domType":	"bootDomain",
					"arch":	"32-bit",
					"appSettings":	{
						"appCompilerFlags":	"",
						"appLinkerFlags":	""
					},
					"addedLibs":	["xilffs:5.3", "xilrsa:1.8"],
					"libOptions":	{
						"libsContainingOptions":	[]
					},
					"prebuiltLibs":	{
						"prebuiltIncPath":	[],
						"prebuiltLibPath":	[]
					},
					"isolation":	{
					}
				}, {
					"domainName":	"standalone_ps7_cortexa9_0",
					"domainDispName":	"standalone_ps7_cortexa9_0",
					"domainDesc":	"standalone_ps7_cortexa9_0",
					"processors":	"ps7_cortexa9_0",
					"os":	"standalone",
					"sdxOs":	"standalone",
					"qemuArgs":	"<platformDir>/resources/HW_Export_V1/standalone_ps7_cortexa9_0/qemu_args.txt",
					"qemuData":	"<platformDir>/resources/HW_Export_V1/standalone_ps7_cortexa9_0/qemu",
					"debugEnable":	"False",
					"domRuntimes":	["cpp"],
					"swRepo":	"",
					"mssOsVer":	"9.2",
					"mssFile":	"",
					"md5Digest":	"7563290f83b5490ef9d40f34975ccc51",
					"compatibleApp":	"",
					"domType":	"mssDomain",
					"arch":	"32-bit",
					"appSettings":	{
						"appCompilerFlags":	"",
						"appLinkerFlags":	""
					},
					"addedLibs":	["lwip220:1.1", "xiltimer:2.1"],
					"libOptions":	{
						"lwip220":	{
							"mem_size":	"1000000",
							"memp_n_tcp_seg":	"65001",
							"phy_link_speed":	"CONFIG_LINKSPEED100",
							"tcp_snd_buf":	"65000",
							"libOptionNames":	["mem_size", "memp_n_tcp_seg", "phy_link_speed", "tcp_snd_buf"]
						},
						"libsContainingOptions":	["lwip220"]
					},
					"prebuiltLibs":	{
						"prebuiltIncPath":	[],
						"prebuiltLibPath":	[]
					},
					"isolation":	{
					}
				}]
		}]
}
TRACE::2026-08-19.18:02:56::SCWMssOS::Saving the mss changes C:/Users/tillkorsmeier/Desktop/MA/Z7-Nano/ParEIS-MSX/SW/HW_Export_V1/ps7_cortexa9_0/standalone_ps7_cortexa9_0/bsp/system.mss
TRACE::2026-08-19.18:02:56::SCWMssOS::Found a swdesign opened with the mssfile.
TRACE::2026-08-19.18:02:56::SCWMssOS::Completed writemss as part of save.
TRACE::2026-08-19.18:02:56::SCWMssOS::Commit changes completed.
TRACE::2026-08-19.18:02:56::SCWPlatform::Trying to open the hw design at C:/Users/tillkorsmeier/Desktop/MA/Z7-Nano/ParEIS-MSX/SW/HW_Export_V1/hw/HW_Export_V2.xsa
TRACE::2026-08-19.18:02:56::SCWPlatform::DSA given C:/Users/tillkorsmeier/Desktop/MA/Z7-Nano/ParEIS-MSX/SW/HW_Export_V1/hw/HW_Export_V2.xsa
TRACE::2026-08-19.18:02:56::SCWPlatform::DSA absoulate path C:/Users/tillkorsmeier/Desktop/MA/Z7-Nano/ParEIS-MSX/SW/HW_Export_V1/hw/HW_Export_V2.xsa
TRACE::2026-08-19.18:02:56::SCWPlatform::DSA directory C:/Users/tillkorsmeier/Desktop/MA/Z7-Nano/ParEIS-MSX/SW/HW_Export_V1/hw
TRACE::2026-08-19.18:02:56::SCWPlatform:: Platform Path C:/Users/tillkorsmeier/Desktop/MA/Z7-Nano/ParEIS-MSX/SW/HW_Export_V1/hw/HW_Export_V2.xsa
TRACE::2026-08-19.18:02:56::SCWPlatform:: Unique name xilinx:::0.0
TRACE::2026-08-19.18:02:56::SCWPlatform::Trying to set the existing hwdb with name design_1_wrapper
TRACE::2026-08-19.18:02:56::SCWPlatform::Opened existing hwdb design_1_wrapper
TRACE::2026-08-19.18:02:56::SCWPlatform::Found the Hw Db part of the input DSA
TRACE::2026-08-19.18:02:56::SCWMssOS::Checking the sw design at  C:/Users/tillkorsmeier/Desktop/MA/Z7-Nano/ParEIS-MSX/SW/HW_Export_V1/ps7_cortexa9_0/standalone_ps7_cortexa9_0/bsp/system.mss
TRACE::2026-08-19.18:02:56::SCWMssOS::DEBUG:  swdes dump  C:/Users/tillkorsmeier/Desktop/MA/Z7-Nano/ParEIS-MSX/SW/HW_Export_V1/ps7_cortexa9_0/standalone_ps7_cortexa9_0/bsp/system.mss|system_0||
C:/Users/tillkorsmeier/Desktop/MA/Z7-Nano/ParEIS-MSX/SW/HW_Export_V1/zynq_fsbl/zynq_fsbl_bsp/system.mss|system||

TRACE::2026-08-19.18:02:56::SCWMssOS::Sw design exists and opened at  C:/Users/tillkorsmeier/Desktop/MA/Z7-Nano/ParEIS-MSX/SW/HW_Export_V1/ps7_cortexa9_0/standalone_ps7_cortexa9_0/bsp/system.mss
TRACE::2026-08-19.18:02:56::SCWMssOS::Removing the swdes entry for  C:/Users/tillkorsmeier/Desktop/MA/Z7-Nano/ParEIS-MSX/SW/HW_Export_V1/ps7_cortexa9_0/standalone_ps7_cortexa9_0/bsp/system.mss
TRACE::2026-08-19.18:02:56::SCWMssOS::In reload Mss file.
TRACE::2026-08-19.18:02:56::SCWPlatform::Trying to open the hw design at C:/Users/tillkorsmeier/Desktop/MA/Z7-Nano/ParEIS-MSX/SW/HW_Export_V1/hw/HW_Export_V2.xsa
TRACE::2026-08-19.18:02:56::SCWPlatform::DSA given C:/Users/tillkorsmeier/Desktop/MA/Z7-Nano/ParEIS-MSX/SW/HW_Export_V1/hw/HW_Export_V2.xsa
TRACE::2026-08-19.18:02:56::SCWPlatform::DSA absoulate path C:/Users/tillkorsmeier/Desktop/MA/Z7-Nano/ParEIS-MSX/SW/HW_Export_V1/hw/HW_Export_V2.xsa
TRACE::2026-08-19.18:02:56::SCWPlatform::DSA directory C:/Users/tillkorsmeier/Desktop/MA/Z7-Nano/ParEIS-MSX/SW/HW_Export_V1/hw
TRACE::2026-08-19.18:02:56::SCWPlatform:: Platform Path C:/Users/tillkorsmeier/Desktop/MA/Z7-Nano/ParEIS-MSX/SW/HW_Export_V1/hw/HW_Export_V2.xsa
TRACE::2026-08-19.18:02:56::SCWPlatform:: Unique name xilinx:::0.0
TRACE::2026-08-19.18:02:56::SCWPlatform::Trying to set the existing hwdb with name design_1_wrapper
TRACE::2026-08-19.18:02:56::SCWPlatform::Opened existing hwdb design_1_wrapper
TRACE::2026-08-19.18:02:56::SCWPlatform::Found the Hw Db part of the input DSA
TRACE::2026-08-19.18:02:56::SCWMssOS::Checking the sw design at  C:/Users/tillkorsmeier/Desktop/MA/Z7-Nano/ParEIS-MSX/SW/HW_Export_V1/ps7_cortexa9_0/standalone_ps7_cortexa9_0/bsp/system.mss
TRACE::2026-08-19.18:02:56::SCWMssOS::DEBUG:  swdes dump  C:/Users/tillkorsmeier/Desktop/MA/Z7-Nano/ParEIS-MSX/SW/HW_Export_V1/zynq_fsbl/zynq_fsbl_bsp/system.mss|system||

TRACE::2026-08-19.18:02:56::SCWMssOS::No sw design opened at  C:/Users/tillkorsmeier/Desktop/MA/Z7-Nano/ParEIS-MSX/SW/HW_Export_V1/ps7_cortexa9_0/standalone_ps7_cortexa9_0/bsp/system.mss
TRACE::2026-08-19.18:02:56::SCWMssOS::mss exists loading the mss file  C:/Users/tillkorsmeier/Desktop/MA/Z7-Nano/ParEIS-MSX/SW/HW_Export_V1/ps7_cortexa9_0/standalone_ps7_cortexa9_0/bsp/system.mss
TRACE::2026-08-19.18:02:56::SCWMssOS::Opened the sw design from mss  C:/Users/tillkorsmeier/Desktop/MA/Z7-Nano/ParEIS-MSX/SW/HW_Export_V1/ps7_cortexa9_0/standalone_ps7_cortexa9_0/bsp/system.mss
TRACE::2026-08-19.18:02:56::SCWMssOS::Adding the swdes entry C:/Users/tillkorsmeier/Desktop/MA/Z7-Nano/ParEIS-MSX/SW/HW_Export_V1/ps7_cortexa9_0/standalone_ps7_cortexa9_0/bsp/system.mss with des name system_0
TRACE::2026-08-19.18:02:56::SCWMssOS::updating the scw layer about changes
TRACE::2026-08-19.18:02:56::SCWMssOS::Opened the sw design.  C:/Users/tillkorsmeier/Desktop/MA/Z7-Nano/ParEIS-MSX/SW/HW_Export_V1/ps7_cortexa9_0/standalone_ps7_cortexa9_0/bsp/system.mss
TRACE::2026-08-19.18:02:56::SCWPlatform::Trying to open the hw design at C:/Users/tillkorsmeier/Desktop/MA/Z7-Nano/ParEIS-MSX/SW/HW_Export_V1/hw/HW_Export_V2.xsa
TRACE::2026-08-19.18:02:56::SCWPlatform::DSA given C:/Users/tillkorsmeier/Desktop/MA/Z7-Nano/ParEIS-MSX/SW/HW_Export_V1/hw/HW_Export_V2.xsa
TRACE::2026-08-19.18:02:56::SCWPlatform::DSA absoulate path C:/Users/tillkorsmeier/Desktop/MA/Z7-Nano/ParEIS-MSX/SW/HW_Export_V1/hw/HW_Export_V2.xsa
TRACE::2026-08-19.18:02:56::SCWPlatform::DSA directory C:/Users/tillkorsmeier/Desktop/MA/Z7-Nano/ParEIS-MSX/SW/HW_Export_V1/hw
TRACE::2026-08-19.18:02:56::SCWPlatform:: Platform Path C:/Users/tillkorsmeier/Desktop/MA/Z7-Nano/ParEIS-MSX/SW/HW_Export_V1/hw/HW_Export_V2.xsa
TRACE::2026-08-19.18:02:56::SCWPlatform:: Unique name xilinx:::0.0
TRACE::2026-08-19.18:02:56::SCWPlatform::Trying to set the existing hwdb with name design_1_wrapper
TRACE::2026-08-19.18:02:56::SCWPlatform::Opened existing hwdb design_1_wrapper
TRACE::2026-08-19.18:02:56::SCWPlatform::Found the Hw Db part of the input DSA
TRACE::2026-08-19.18:02:56::SCWMssOS::Checking the sw design at  C:/Users/tillkorsmeier/Desktop/MA/Z7-Nano/ParEIS-MSX/SW/HW_Export_V1/ps7_cortexa9_0/standalone_ps7_cortexa9_0/bsp/system.mss
TRACE::2026-08-19.18:02:56::SCWMssOS::DEBUG:  swdes dump  C:/Users/tillkorsmeier/Desktop/MA/Z7-Nano/ParEIS-MSX/SW/HW_Export_V1/ps7_cortexa9_0/standalone_ps7_cortexa9_0/bsp/system.mss|system_0||
C:/Users/tillkorsmeier/Desktop/MA/Z7-Nano/ParEIS-MSX/SW/HW_Export_V1/zynq_fsbl/zynq_fsbl_bsp/system.mss|system||

TRACE::2026-08-19.18:02:56::SCWMssOS::Sw design exists and opened at  C:/Users/tillkorsmeier/Desktop/MA/Z7-Nano/ParEIS-MSX/SW/HW_Export_V1/ps7_cortexa9_0/standalone_ps7_cortexa9_0/bsp/system.mss
TRACE::2026-08-19.18:02:56::SCWMssOS:: library already available in sw design:  lwip220:1.1
TRACE::2026-08-19.18:02:56::SCWPlatform::Trying to open the hw design at C:/Users/tillkorsmeier/Desktop/MA/Z7-Nano/ParEIS-MSX/SW/HW_Export_V1/hw/HW_Export_V2.xsa
TRACE::2026-08-19.18:02:56::SCWPlatform::DSA given C:/Users/tillkorsmeier/Desktop/MA/Z7-Nano/ParEIS-MSX/SW/HW_Export_V1/hw/HW_Export_V2.xsa
TRACE::2026-08-19.18:02:56::SCWPlatform::DSA absoulate path C:/Users/tillkorsmeier/Desktop/MA/Z7-Nano/ParEIS-MSX/SW/HW_Export_V1/hw/HW_Export_V2.xsa
TRACE::2026-08-19.18:02:56::SCWPlatform::DSA directory C:/Users/tillkorsmeier/Desktop/MA/Z7-Nano/ParEIS-MSX/SW/HW_Export_V1/hw
TRACE::2026-08-19.18:02:56::SCWPlatform:: Platform Path C:/Users/tillkorsmeier/Desktop/MA/Z7-Nano/ParEIS-MSX/SW/HW_Export_V1/hw/HW_Export_V2.xsa
TRACE::2026-08-19.18:02:56::SCWPlatform:: Unique name xilinx:::0.0
TRACE::2026-08-19.18:02:56::SCWPlatform::Trying to set the existing hwdb with name design_1_wrapper
TRACE::2026-08-19.18:02:56::SCWPlatform::Opened existing hwdb design_1_wrapper
TRACE::2026-08-19.18:02:56::SCWPlatform::Found the Hw Db part of the input DSA
TRACE::2026-08-19.18:02:56::SCWMssOS::Checking the sw design at  C:/Users/tillkorsmeier/Desktop/MA/Z7-Nano/ParEIS-MSX/SW/HW_Export_V1/ps7_cortexa9_0/standalone_ps7_cortexa9_0/bsp/system.mss
TRACE::2026-08-19.18:02:56::SCWMssOS::DEBUG:  swdes dump  C:/Users/tillkorsmeier/Desktop/MA/Z7-Nano/ParEIS-MSX/SW/HW_Export_V1/ps7_cortexa9_0/standalone_ps7_cortexa9_0/bsp/system.mss|system_0||
C:/Users/tillkorsmeier/Desktop/MA/Z7-Nano/ParEIS-MSX/SW/HW_Export_V1/zynq_fsbl/zynq_fsbl_bsp/system.mss|system||

TRACE::2026-08-19.18:02:56::SCWMssOS::Sw design exists and opened at  C:/Users/tillkorsmeier/Desktop/MA/Z7-Nano/ParEIS-MSX/SW/HW_Export_V1/ps7_cortexa9_0/standalone_ps7_cortexa9_0/bsp/system.mss
TRACE::2026-08-19.18:02:56::SCWMssOS:: library already available in sw design:  xiltimer:2.1
TRACE::2026-08-19.18:02:56::SCWPlatform::Trying to open the hw design at C:/Users/tillkorsmeier/Desktop/MA/Z7-Nano/ParEIS-MSX/SW/HW_Export_V1/hw/HW_Export_V2.xsa
TRACE::2026-08-19.18:02:56::SCWPlatform::DSA given C:/Users/tillkorsmeier/Desktop/MA/Z7-Nano/ParEIS-MSX/SW/HW_Export_V1/hw/HW_Export_V2.xsa
TRACE::2026-08-19.18:02:56::SCWPlatform::DSA absoulate path C:/Users/tillkorsmeier/Desktop/MA/Z7-Nano/ParEIS-MSX/SW/HW_Export_V1/hw/HW_Export_V2.xsa
TRACE::2026-08-19.18:02:56::SCWPlatform::DSA directory C:/Users/tillkorsmeier/Desktop/MA/Z7-Nano/ParEIS-MSX/SW/HW_Export_V1/hw
TRACE::2026-08-19.18:02:56::SCWPlatform:: Platform Path C:/Users/tillkorsmeier/Desktop/MA/Z7-Nano/ParEIS-MSX/SW/HW_Export_V1/hw/HW_Export_V2.xsa
TRACE::2026-08-19.18:02:56::SCWPlatform:: Unique name xilinx:::0.0
TRACE::2026-08-19.18:02:56::SCWPlatform::Trying to set the existing hwdb with name design_1_wrapper
TRACE::2026-08-19.18:02:56::SCWPlatform::Opened existing hwdb design_1_wrapper
TRACE::2026-08-19.18:02:56::SCWPlatform::Found the Hw Db part of the input DSA
TRACE::2026-08-19.18:02:56::SCWMssOS::Checking the sw design at  C:/Users/tillkorsmeier/Desktop/MA/Z7-Nano/ParEIS-MSX/SW/HW_Export_V1/ps7_cortexa9_0/standalone_ps7_cortexa9_0/bsp/system.mss
TRACE::2026-08-19.18:02:56::SCWMssOS::DEBUG:  swdes dump  C:/Users/tillkorsmeier/Desktop/MA/Z7-Nano/ParEIS-MSX/SW/HW_Export_V1/ps7_cortexa9_0/standalone_ps7_cortexa9_0/bsp/system.mss|system_0||
C:/Users/tillkorsmeier/Desktop/MA/Z7-Nano/ParEIS-MSX/SW/HW_Export_V1/zynq_fsbl/zynq_fsbl_bsp/system.mss|system||

TRACE::2026-08-19.18:02:56::SCWMssOS::Sw design exists and opened at  C:/Users/tillkorsmeier/Desktop/MA/Z7-Nano/ParEIS-MSX/SW/HW_Export_V1/ps7_cortexa9_0/standalone_ps7_cortexa9_0/bsp/system.mss
TRACE::2026-08-19.18:02:56::SCWPlatform::Trying to open the hw design at C:/Users/tillkorsmeier/Desktop/MA/Z7-Nano/ParEIS-MSX/SW/HW_Export_V1/hw/HW_Export_V2.xsa
TRACE::2026-08-19.18:02:56::SCWPlatform::DSA given C:/Users/tillkorsmeier/Desktop/MA/Z7-Nano/ParEIS-MSX/SW/HW_Export_V1/hw/HW_Export_V2.xsa
TRACE::2026-08-19.18:02:56::SCWPlatform::DSA absoulate path C:/Users/tillkorsmeier/Desktop/MA/Z7-Nano/ParEIS-MSX/SW/HW_Export_V1/hw/HW_Export_V2.xsa
TRACE::2026-08-19.18:02:56::SCWPlatform::DSA directory C:/Users/tillkorsmeier/Desktop/MA/Z7-Nano/ParEIS-MSX/SW/HW_Export_V1/hw
TRACE::2026-08-19.18:02:56::SCWPlatform:: Platform Path C:/Users/tillkorsmeier/Desktop/MA/Z7-Nano/ParEIS-MSX/SW/HW_Export_V1/hw/HW_Export_V2.xsa
TRACE::2026-08-19.18:02:56::SCWPlatform:: Unique name xilinx:::0.0
TRACE::2026-08-19.18:02:56::SCWPlatform::Trying to set the existing hwdb with name design_1_wrapper
TRACE::2026-08-19.18:02:56::SCWPlatform::Opened existing hwdb design_1_wrapper
TRACE::2026-08-19.18:02:56::SCWPlatform::Found the Hw Db part of the input DSA
TRACE::2026-08-19.18:02:56::SCWMssOS::Checking the sw design at  C:/Users/tillkorsmeier/Desktop/MA/Z7-Nano/ParEIS-MSX/SW/HW_Export_V1/ps7_cortexa9_0/standalone_ps7_cortexa9_0/bsp/system.mss
TRACE::2026-08-19.18:02:56::SCWMssOS::DEBUG:  swdes dump  C:/Users/tillkorsmeier/Desktop/MA/Z7-Nano/ParEIS-MSX/SW/HW_Export_V1/ps7_cortexa9_0/standalone_ps7_cortexa9_0/bsp/system.mss|system_0||
C:/Users/tillkorsmeier/Desktop/MA/Z7-Nano/ParEIS-MSX/SW/HW_Export_V1/zynq_fsbl/zynq_fsbl_bsp/system.mss|system||

TRACE::2026-08-19.18:02:56::SCWMssOS::Sw design exists and opened at  C:/Users/tillkorsmeier/Desktop/MA/Z7-Nano/ParEIS-MSX/SW/HW_Export_V1/ps7_cortexa9_0/standalone_ps7_cortexa9_0/bsp/system.mss
TRACE::2026-08-19.18:02:56::SCWPlatform::Trying to open the hw design at C:/Users/tillkorsmeier/Desktop/MA/Z7-Nano/ParEIS-MSX/SW/HW_Export_V1/hw/HW_Export_V2.xsa
TRACE::2026-08-19.18:02:56::SCWPlatform::DSA given C:/Users/tillkorsmeier/Desktop/MA/Z7-Nano/ParEIS-MSX/SW/HW_Export_V1/hw/HW_Export_V2.xsa
TRACE::2026-08-19.18:02:56::SCWPlatform::DSA absoulate path C:/Users/tillkorsmeier/Desktop/MA/Z7-Nano/ParEIS-MSX/SW/HW_Export_V1/hw/HW_Export_V2.xsa
TRACE::2026-08-19.18:02:56::SCWPlatform::DSA directory C:/Users/tillkorsmeier/Desktop/MA/Z7-Nano/ParEIS-MSX/SW/HW_Export_V1/hw
TRACE::2026-08-19.18:02:56::SCWPlatform:: Platform Path C:/Users/tillkorsmeier/Desktop/MA/Z7-Nano/ParEIS-MSX/SW/HW_Export_V1/hw/HW_Export_V2.xsa
TRACE::2026-08-19.18:02:56::SCWPlatform:: Unique name xilinx:::0.0
TRACE::2026-08-19.18:02:56::SCWPlatform::Trying to set the existing hwdb with name design_1_wrapper
TRACE::2026-08-19.18:02:56::SCWPlatform::Opened existing hwdb design_1_wrapper
TRACE::2026-08-19.18:02:56::SCWPlatform::Found the Hw Db part of the input DSA
TRACE::2026-08-19.18:02:56::SCWMssOS::Checking the sw design at  C:/Users/tillkorsmeier/Desktop/MA/Z7-Nano/ParEIS-MSX/SW/HW_Export_V1/ps7_cortexa9_0/standalone_ps7_cortexa9_0/bsp/system.mss
TRACE::2026-08-19.18:02:56::SCWMssOS::DEBUG:  swdes dump  C:/Users/tillkorsmeier/Desktop/MA/Z7-Nano/ParEIS-MSX/SW/HW_Export_V1/ps7_cortexa9_0/standalone_ps7_cortexa9_0/bsp/system.mss|system_0||
C:/Users/tillkorsmeier/Desktop/MA/Z7-Nano/ParEIS-MSX/SW/HW_Export_V1/zynq_fsbl/zynq_fsbl_bsp/system.mss|system||

TRACE::2026-08-19.18:02:56::SCWMssOS::Sw design exists and opened at  C:/Users/tillkorsmeier/Desktop/MA/Z7-Nano/ParEIS-MSX/SW/HW_Export_V1/ps7_cortexa9_0/standalone_ps7_cortexa9_0/bsp/system.mss
TRACE::2026-08-19.18:02:56::SCWPlatform::Trying to open the hw design at C:/Users/tillkorsmeier/Desktop/MA/Z7-Nano/ParEIS-MSX/SW/HW_Export_V1/hw/HW_Export_V2.xsa
TRACE::2026-08-19.18:02:56::SCWPlatform::DSA given C:/Users/tillkorsmeier/Desktop/MA/Z7-Nano/ParEIS-MSX/SW/HW_Export_V1/hw/HW_Export_V2.xsa
TRACE::2026-08-19.18:02:56::SCWPlatform::DSA absoulate path C:/Users/tillkorsmeier/Desktop/MA/Z7-Nano/ParEIS-MSX/SW/HW_Export_V1/hw/HW_Export_V2.xsa
TRACE::2026-08-19.18:02:56::SCWPlatform::DSA directory C:/Users/tillkorsmeier/Desktop/MA/Z7-Nano/ParEIS-MSX/SW/HW_Export_V1/hw
TRACE::2026-08-19.18:02:56::SCWPlatform:: Platform Path C:/Users/tillkorsmeier/Desktop/MA/Z7-Nano/ParEIS-MSX/SW/HW_Export_V1/hw/HW_Export_V2.xsa
TRACE::2026-08-19.18:02:56::SCWPlatform:: Unique name xilinx:::0.0
TRACE::2026-08-19.18:02:56::SCWPlatform::Trying to set the existing hwdb with name design_1_wrapper
TRACE::2026-08-19.18:02:56::SCWPlatform::Opened existing hwdb design_1_wrapper
TRACE::2026-08-19.18:02:56::SCWPlatform::Found the Hw Db part of the input DSA
TRACE::2026-08-19.18:02:56::SCWMssOS::Checking the sw design at  C:/Users/tillkorsmeier/Desktop/MA/Z7-Nano/ParEIS-MSX/SW/HW_Export_V1/ps7_cortexa9_0/standalone_ps7_cortexa9_0/bsp/system.mss
TRACE::2026-08-19.18:02:56::SCWMssOS::DEBUG:  swdes dump  C:/Users/tillkorsmeier/Desktop/MA/Z7-Nano/ParEIS-MSX/SW/HW_Export_V1/ps7_cortexa9_0/standalone_ps7_cortexa9_0/bsp/system.mss|system_0||
C:/Users/tillkorsmeier/Desktop/MA/Z7-Nano/ParEIS-MSX/SW/HW_Export_V1/zynq_fsbl/zynq_fsbl_bsp/system.mss|system||

TRACE::2026-08-19.18:02:56::SCWMssOS::Sw design exists and opened at  C:/Users/tillkorsmeier/Desktop/MA/Z7-Nano/ParEIS-MSX/SW/HW_Export_V1/ps7_cortexa9_0/standalone_ps7_cortexa9_0/bsp/system.mss
TRACE::2026-08-19.18:02:56::SCWPlatform::Trying to open the hw design at C:/Users/tillkorsmeier/Desktop/MA/Z7-Nano/ParEIS-MSX/SW/HW_Export_V1/hw/HW_Export_V2.xsa
TRACE::2026-08-19.18:02:56::SCWPlatform::DSA given C:/Users/tillkorsmeier/Desktop/MA/Z7-Nano/ParEIS-MSX/SW/HW_Export_V1/hw/HW_Export_V2.xsa
TRACE::2026-08-19.18:02:56::SCWPlatform::DSA absoulate path C:/Users/tillkorsmeier/Desktop/MA/Z7-Nano/ParEIS-MSX/SW/HW_Export_V1/hw/HW_Export_V2.xsa
TRACE::2026-08-19.18:02:56::SCWPlatform::DSA directory C:/Users/tillkorsmeier/Desktop/MA/Z7-Nano/ParEIS-MSX/SW/HW_Export_V1/hw
TRACE::2026-08-19.18:02:56::SCWPlatform:: Platform Path C:/Users/tillkorsmeier/Desktop/MA/Z7-Nano/ParEIS-MSX/SW/HW_Export_V1/hw/HW_Export_V2.xsa
TRACE::2026-08-19.18:02:56::SCWPlatform:: Unique name xilinx:::0.0
TRACE::2026-08-19.18:02:56::SCWPlatform::Trying to set the existing hwdb with name design_1_wrapper
TRACE::2026-08-19.18:02:56::SCWPlatform::Opened existing hwdb design_1_wrapper
TRACE::2026-08-19.18:02:56::SCWPlatform::Found the Hw Db part of the input DSA
TRACE::2026-08-19.18:02:56::SCWMssOS::Checking the sw design at  C:/Users/tillkorsmeier/Desktop/MA/Z7-Nano/ParEIS-MSX/SW/HW_Export_V1/ps7_cortexa9_0/standalone_ps7_cortexa9_0/bsp/system.mss
TRACE::2026-08-19.18:02:56::SCWMssOS::DEBUG:  swdes dump  C:/Users/tillkorsmeier/Desktop/MA/Z7-Nano/ParEIS-MSX/SW/HW_Export_V1/ps7_cortexa9_0/standalone_ps7_cortexa9_0/bsp/system.mss|system_0||
C:/Users/tillkorsmeier/Desktop/MA/Z7-Nano/ParEIS-MSX/SW/HW_Export_V1/zynq_fsbl/zynq_fsbl_bsp/system.mss|system||

TRACE::2026-08-19.18:02:56::SCWMssOS::Sw design exists and opened at  C:/Users/tillkorsmeier/Desktop/MA/Z7-Nano/ParEIS-MSX/SW/HW_Export_V1/ps7_cortexa9_0/standalone_ps7_cortexa9_0/bsp/system.mss
TRACE::2026-08-19.18:02:56::SCWPlatform::Trying to open the hw design at C:/Users/tillkorsmeier/Desktop/MA/Z7-Nano/ParEIS-MSX/SW/HW_Export_V1/hw/HW_Export_V2.xsa
TRACE::2026-08-19.18:02:56::SCWPlatform::DSA given C:/Users/tillkorsmeier/Desktop/MA/Z7-Nano/ParEIS-MSX/SW/HW_Export_V1/hw/HW_Export_V2.xsa
TRACE::2026-08-19.18:02:56::SCWPlatform::DSA absoulate path C:/Users/tillkorsmeier/Desktop/MA/Z7-Nano/ParEIS-MSX/SW/HW_Export_V1/hw/HW_Export_V2.xsa
TRACE::2026-08-19.18:02:56::SCWPlatform::DSA directory C:/Users/tillkorsmeier/Desktop/MA/Z7-Nano/ParEIS-MSX/SW/HW_Export_V1/hw
TRACE::2026-08-19.18:02:56::SCWPlatform:: Platform Path C:/Users/tillkorsmeier/Desktop/MA/Z7-Nano/ParEIS-MSX/SW/HW_Export_V1/hw/HW_Export_V2.xsa
TRACE::2026-08-19.18:02:56::SCWPlatform:: Unique name xilinx:::0.0
TRACE::2026-08-19.18:02:56::SCWPlatform::Trying to set the existing hwdb with name design_1_wrapper
TRACE::2026-08-19.18:02:56::SCWPlatform::Opened existing hwdb design_1_wrapper
TRACE::2026-08-19.18:02:56::SCWPlatform::Found the Hw Db part of the input DSA
TRACE::2026-08-19.18:02:56::SCWMssOS::Checking the sw design at  C:/Users/tillkorsmeier/Desktop/MA/Z7-Nano/ParEIS-MSX/SW/HW_Export_V1/ps7_cortexa9_0/standalone_ps7_cortexa9_0/bsp/system.mss
TRACE::2026-08-19.18:02:56::SCWMssOS::DEBUG:  swdes dump  C:/Users/tillkorsmeier/Desktop/MA/Z7-Nano/ParEIS-MSX/SW/HW_Export_V1/ps7_cortexa9_0/standalone_ps7_cortexa9_0/bsp/system.mss|system_0||
C:/Users/tillkorsmeier/Desktop/MA/Z7-Nano/ParEIS-MSX/SW/HW_Export_V1/zynq_fsbl/zynq_fsbl_bsp/system.mss|system||

TRACE::2026-08-19.18:02:56::SCWMssOS::Sw design exists and opened at  C:/Users/tillkorsmeier/Desktop/MA/Z7-Nano/ParEIS-MSX/SW/HW_Export_V1/ps7_cortexa9_0/standalone_ps7_cortexa9_0/bsp/system.mss
TRACE::2026-08-19.18:02:56::SCWPlatform::Trying to open the hw design at C:/Users/tillkorsmeier/Desktop/MA/Z7-Nano/ParEIS-MSX/SW/HW_Export_V1/hw/HW_Export_V2.xsa
TRACE::2026-08-19.18:02:56::SCWPlatform::DSA given C:/Users/tillkorsmeier/Desktop/MA/Z7-Nano/ParEIS-MSX/SW/HW_Export_V1/hw/HW_Export_V2.xsa
TRACE::2026-08-19.18:02:56::SCWPlatform::DSA absoulate path C:/Users/tillkorsmeier/Desktop/MA/Z7-Nano/ParEIS-MSX/SW/HW_Export_V1/hw/HW_Export_V2.xsa
TRACE::2026-08-19.18:02:56::SCWPlatform::DSA directory C:/Users/tillkorsmeier/Desktop/MA/Z7-Nano/ParEIS-MSX/SW/HW_Export_V1/hw
TRACE::2026-08-19.18:02:56::SCWPlatform:: Platform Path C:/Users/tillkorsmeier/Desktop/MA/Z7-Nano/ParEIS-MSX/SW/HW_Export_V1/hw/HW_Export_V2.xsa
TRACE::2026-08-19.18:02:56::SCWPlatform:: Unique name xilinx:::0.0
TRACE::2026-08-19.18:02:56::SCWPlatform::Trying to set the existing hwdb with name design_1_wrapper
TRACE::2026-08-19.18:02:56::SCWPlatform::Opened existing hwdb design_1_wrapper
TRACE::2026-08-19.18:02:56::SCWPlatform::Found the Hw Db part of the input DSA
TRACE::2026-08-19.18:02:56::SCWMssOS::Checking the sw design at  C:/Users/tillkorsmeier/Desktop/MA/Z7-Nano/ParEIS-MSX/SW/HW_Export_V1/ps7_cortexa9_0/standalone_ps7_cortexa9_0/bsp/system.mss
TRACE::2026-08-19.18:02:56::SCWMssOS::DEBUG:  swdes dump  C:/Users/tillkorsmeier/Desktop/MA/Z7-Nano/ParEIS-MSX/SW/HW_Export_V1/ps7_cortexa9_0/standalone_ps7_cortexa9_0/bsp/system.mss|system_0||
C:/Users/tillkorsmeier/Desktop/MA/Z7-Nano/ParEIS-MSX/SW/HW_Export_V1/zynq_fsbl/zynq_fsbl_bsp/system.mss|system||

TRACE::2026-08-19.18:02:56::SCWMssOS::Sw design exists and opened at  C:/Users/tillkorsmeier/Desktop/MA/Z7-Nano/ParEIS-MSX/SW/HW_Export_V1/ps7_cortexa9_0/standalone_ps7_cortexa9_0/bsp/system.mss
TRACE::2026-08-19.18:02:56::SCWPlatform::Trying to open the hw design at C:/Users/tillkorsmeier/Desktop/MA/Z7-Nano/ParEIS-MSX/SW/HW_Export_V1/hw/HW_Export_V2.xsa
TRACE::2026-08-19.18:02:56::SCWPlatform::DSA given C:/Users/tillkorsmeier/Desktop/MA/Z7-Nano/ParEIS-MSX/SW/HW_Export_V1/hw/HW_Export_V2.xsa
TRACE::2026-08-19.18:02:56::SCWPlatform::DSA absoulate path C:/Users/tillkorsmeier/Desktop/MA/Z7-Nano/ParEIS-MSX/SW/HW_Export_V1/hw/HW_Export_V2.xsa
TRACE::2026-08-19.18:02:56::SCWPlatform::DSA directory C:/Users/tillkorsmeier/Desktop/MA/Z7-Nano/ParEIS-MSX/SW/HW_Export_V1/hw
TRACE::2026-08-19.18:02:56::SCWPlatform:: Platform Path C:/Users/tillkorsmeier/Desktop/MA/Z7-Nano/ParEIS-MSX/SW/HW_Export_V1/hw/HW_Export_V2.xsa
TRACE::2026-08-19.18:02:56::SCWPlatform:: Unique name xilinx:::0.0
TRACE::2026-08-19.18:02:56::SCWPlatform::Trying to set the existing hwdb with name design_1_wrapper
TRACE::2026-08-19.18:02:56::SCWPlatform::Opened existing hwdb design_1_wrapper
TRACE::2026-08-19.18:02:56::SCWPlatform::Found the Hw Db part of the input DSA
TRACE::2026-08-19.18:02:56::SCWMssOS::Checking the sw design at  C:/Users/tillkorsmeier/Desktop/MA/Z7-Nano/ParEIS-MSX/SW/HW_Export_V1/ps7_cortexa9_0/standalone_ps7_cortexa9_0/bsp/system.mss
TRACE::2026-08-19.18:02:56::SCWMssOS::DEBUG:  swdes dump  C:/Users/tillkorsmeier/Desktop/MA/Z7-Nano/ParEIS-MSX/SW/HW_Export_V1/ps7_cortexa9_0/standalone_ps7_cortexa9_0/bsp/system.mss|system_0||
C:/Users/tillkorsmeier/Desktop/MA/Z7-Nano/ParEIS-MSX/SW/HW_Export_V1/zynq_fsbl/zynq_fsbl_bsp/system.mss|system||

TRACE::2026-08-19.18:02:56::SCWMssOS::Sw design exists and opened at  C:/Users/tillkorsmeier/Desktop/MA/Z7-Nano/ParEIS-MSX/SW/HW_Export_V1/ps7_cortexa9_0/standalone_ps7_cortexa9_0/bsp/system.mss
TRACE::2026-08-19.18:02:56::SCWMssOS::Saving the mss changes C:/Users/tillkorsmeier/Desktop/MA/Z7-Nano/ParEIS-MSX/SW/HW_Export_V1/ps7_cortexa9_0/standalone_ps7_cortexa9_0/bsp/system.mss
TRACE::2026-08-19.18:02:56::SCWMssOS::Found a swdesign opened with the mssfile.
TRACE::2026-08-19.18:02:56::SCWMssOS::Completed writemss as part of save.
TRACE::2026-08-19.18:02:56::SCWMssOS::Commit changes completed.
TRACE::2026-08-19.18:02:56::SCWPlatform::Trying to open the hw design at C:/Users/tillkorsmeier/Desktop/MA/Z7-Nano/ParEIS-MSX/SW/HW_Export_V1/hw/HW_Export_V2.xsa
TRACE::2026-08-19.18:02:56::SCWPlatform::DSA given C:/Users/tillkorsmeier/Desktop/MA/Z7-Nano/ParEIS-MSX/SW/HW_Export_V1/hw/HW_Export_V2.xsa
TRACE::2026-08-19.18:02:56::SCWPlatform::DSA absoulate path C:/Users/tillkorsmeier/Desktop/MA/Z7-Nano/ParEIS-MSX/SW/HW_Export_V1/hw/HW_Export_V2.xsa
TRACE::2026-08-19.18:02:56::SCWPlatform::DSA directory C:/Users/tillkorsmeier/Desktop/MA/Z7-Nano/ParEIS-MSX/SW/HW_Export_V1/hw
TRACE::2026-08-19.18:02:56::SCWPlatform:: Platform Path C:/Users/tillkorsmeier/Desktop/MA/Z7-Nano/ParEIS-MSX/SW/HW_Export_V1/hw/HW_Export_V2.xsa
TRACE::2026-08-19.18:02:56::SCWPlatform:: Unique name xilinx:::0.0
TRACE::2026-08-19.18:02:56::SCWPlatform::Trying to set the existing hwdb with name design_1_wrapper
TRACE::2026-08-19.18:02:56::SCWPlatform::Opened existing hwdb design_1_wrapper
TRACE::2026-08-19.18:02:56::SCWPlatform::Found the Hw Db part of the input DSA
TRACE::2026-08-19.18:02:56::SCWMssOS::Checking the sw design at  C:/Users/tillkorsmeier/Desktop/MA/Z7-Nano/ParEIS-MSX/SW/HW_Export_V1/ps7_cortexa9_0/standalone_ps7_cortexa9_0/bsp/system.mss
TRACE::2026-08-19.18:02:56::SCWMssOS::DEBUG:  swdes dump  C:/Users/tillkorsmeier/Desktop/MA/Z7-Nano/ParEIS-MSX/SW/HW_Export_V1/ps7_cortexa9_0/standalone_ps7_cortexa9_0/bsp/system.mss|system_0||
C:/Users/tillkorsmeier/Desktop/MA/Z7-Nano/ParEIS-MSX/SW/HW_Export_V1/zynq_fsbl/zynq_fsbl_bsp/system.mss|system||

TRACE::2026-08-19.18:02:56::SCWMssOS::Sw design exists and opened at  C:/Users/tillkorsmeier/Desktop/MA/Z7-Nano/ParEIS-MSX/SW/HW_Export_V1/ps7_cortexa9_0/standalone_ps7_cortexa9_0/bsp/system.mss
TRACE::2026-08-19.18:02:56::SCWMssOS::Removing the swdes entry for  C:/Users/tillkorsmeier/Desktop/MA/Z7-Nano/ParEIS-MSX/SW/HW_Export_V1/ps7_cortexa9_0/standalone_ps7_cortexa9_0/bsp/system.mss
TRACE::2026-08-19.18:02:56::SCWPlatform::Trying to open the hw design at C:/Users/tillkorsmeier/Desktop/MA/Z7-Nano/ParEIS-MSX/SW/HW_Export_V1/hw/HW_Export_V2.xsa
TRACE::2026-08-19.18:02:56::SCWPlatform::DSA given C:/Users/tillkorsmeier/Desktop/MA/Z7-Nano/ParEIS-MSX/SW/HW_Export_V1/hw/HW_Export_V2.xsa
TRACE::2026-08-19.18:02:56::SCWPlatform::DSA absoulate path C:/Users/tillkorsmeier/Desktop/MA/Z7-Nano/ParEIS-MSX/SW/HW_Export_V1/hw/HW_Export_V2.xsa
TRACE::2026-08-19.18:02:56::SCWPlatform::DSA directory C:/Users/tillkorsmeier/Desktop/MA/Z7-Nano/ParEIS-MSX/SW/HW_Export_V1/hw
TRACE::2026-08-19.18:02:56::SCWPlatform:: Platform Path C:/Users/tillkorsmeier/Desktop/MA/Z7-Nano/ParEIS-MSX/SW/HW_Export_V1/hw/HW_Export_V2.xsa
TRACE::2026-08-19.18:02:56::SCWPlatform:: Unique name xilinx:::0.0
TRACE::2026-08-19.18:02:56::SCWPlatform::Trying to set the existing hwdb with name design_1_wrapper
TRACE::2026-08-19.18:02:56::SCWPlatform::Opened existing hwdb design_1_wrapper
TRACE::2026-08-19.18:02:56::SCWPlatform::Found the Hw Db part of the input DSA
TRACE::2026-08-19.18:02:56::SCWMssOS::Checking the sw design at  C:/Users/tillkorsmeier/Desktop/MA/Z7-Nano/ParEIS-MSX/SW/HW_Export_V1/ps7_cortexa9_0/standalone_ps7_cortexa9_0/bsp/system.mss
TRACE::2026-08-19.18:02:56::SCWMssOS::DEBUG:  swdes dump  C:/Users/tillkorsmeier/Desktop/MA/Z7-Nano/ParEIS-MSX/SW/HW_Export_V1/zynq_fsbl/zynq_fsbl_bsp/system.mss|system||

TRACE::2026-08-19.18:02:56::SCWMssOS::No sw design opened at  C:/Users/tillkorsmeier/Desktop/MA/Z7-Nano/ParEIS-MSX/SW/HW_Export_V1/ps7_cortexa9_0/standalone_ps7_cortexa9_0/bsp/system.mss
TRACE::2026-08-19.18:02:56::SCWMssOS::mss exists loading the mss file  C:/Users/tillkorsmeier/Desktop/MA/Z7-Nano/ParEIS-MSX/SW/HW_Export_V1/ps7_cortexa9_0/standalone_ps7_cortexa9_0/bsp/system.mss
TRACE::2026-08-19.18:02:56::SCWMssOS::Opened the sw design from mss  C:/Users/tillkorsmeier/Desktop/MA/Z7-Nano/ParEIS-MSX/SW/HW_Export_V1/ps7_cortexa9_0/standalone_ps7_cortexa9_0/bsp/system.mss
TRACE::2026-08-19.18:02:56::SCWMssOS::Adding the swdes entry C:/Users/tillkorsmeier/Desktop/MA/Z7-Nano/ParEIS-MSX/SW/HW_Export_V1/ps7_cortexa9_0/standalone_ps7_cortexa9_0/bsp/system.mss with des name system_0
TRACE::2026-08-19.18:02:56::SCWMssOS::updating the scw layer about changes
TRACE::2026-08-19.18:02:57::SCWMssOS::Opened the sw design.  C:/Users/tillkorsmeier/Desktop/MA/Z7-Nano/ParEIS-MSX/SW/HW_Export_V1/ps7_cortexa9_0/standalone_ps7_cortexa9_0/bsp/system.mss
TRACE::2026-08-19.18:02:57::SCWMssOS::Completed writing the mss file at C:/Users/tillkorsmeier/Desktop/MA/Z7-Nano/ParEIS-MSX/SW/HW_Export_V1/ps7_cortexa9_0/standalone_ps7_cortexa9_0/bsp
TRACE::2026-08-19.18:02:57::SCWMssOS::Forcing BSP Sources regeneration.
KEYINFO::2026-08-19.18:03:00::SCWMssOS::Removing file C:/Users/tillkorsmeier/Desktop/MA/Z7-Nano/ParEIS-MSX/SW/HW_Export_V1/ps7_cortexa9_0/standalone_ps7_cortexa9_0/bsp\system_0.mss
LOG::2026-08-19.18:03:12::SCWPlatform::Started generating the artifacts platform HW_Export_V1
TRACE::2026-08-19.18:03:12::SCWPlatform::Sanity checking of platform is completed
LOG::2026-08-19.18:03:12::SCWPlatform::Started generating the artifacts for system configuration HW_Export_V1
LOG::2026-08-19.18:03:12::SCWSystem::Checking the domain zynq_fsbl
LOG::2026-08-19.18:03:12::SCWSystem::Doing application build for :  zynq_fsbl
TRACE::2026-08-19.18:03:12::SCWBDomain::Not a forced makefile updation, No changes are present. 
TRACE::2026-08-19.18:03:12::SCWDomain::Skipping the build for domain :  zynq_fsbl
LOG::2026-08-19.18:03:12::SCWSystem::Checking the domain standalone_ps7_cortexa9_0
LOG::2026-08-19.18:03:12::SCWSystem::Not a boot domain 
LOG::2026-08-19.18:03:12::SCWSystem::Started Processing the domain standalone_ps7_cortexa9_0
TRACE::2026-08-19.18:03:12::SCWDomain::Generating domain artifcats
TRACE::2026-08-19.18:03:12::SCWMssOS::Generating standalone artifcats
TRACE::2026-08-19.18:03:12::SCWMssOS::Copying the qemu file from  C:/Users/tillkorsmeier/Desktop/MA/Z7-Nano/ParEIS-MSX/SW/HW_Export_V1/resources/HW_Export_V1/standalone_ps7_cortexa9_0/qemu_args.txt To C:/Users/tillkorsmeier/Desktop/MA/Z7-Nano/ParEIS-MSX/SW/HW_Export_V1/export/HW_Export_V1/sw/HW_Export_V1/qemu/
TRACE::2026-08-19.18:03:12::SCWMssOS::Copying the qemu file from  C:/Users/tillkorsmeier/Desktop/MA/Z7-Nano/ParEIS-MSX/SW/HW_Export_V1/resources/HW_Export_V1/standalone_ps7_cortexa9_0/qemu_args.txt To C:/Users/tillkorsmeier/Desktop/MA/Z7-Nano/ParEIS-MSX/SW/HW_Export_V1/export/HW_Export_V1/sw/HW_Export_V1/standalone_ps7_cortexa9_0/qemu/
TRACE::2026-08-19.18:03:12::SCWMssOS:: Copying the user libraries. 
TRACE::2026-08-19.18:03:12::SCWPlatform::Trying to open the hw design at C:/Users/tillkorsmeier/Desktop/MA/Z7-Nano/ParEIS-MSX/SW/HW_Export_V1/hw/HW_Export_V2.xsa
TRACE::2026-08-19.18:03:12::SCWPlatform::DSA given C:/Users/tillkorsmeier/Desktop/MA/Z7-Nano/ParEIS-MSX/SW/HW_Export_V1/hw/HW_Export_V2.xsa
TRACE::2026-08-19.18:03:12::SCWPlatform::DSA absoulate path C:/Users/tillkorsmeier/Desktop/MA/Z7-Nano/ParEIS-MSX/SW/HW_Export_V1/hw/HW_Export_V2.xsa
TRACE::2026-08-19.18:03:12::SCWPlatform::DSA directory C:/Users/tillkorsmeier/Desktop/MA/Z7-Nano/ParEIS-MSX/SW/HW_Export_V1/hw
TRACE::2026-08-19.18:03:12::SCWPlatform:: Platform Path C:/Users/tillkorsmeier/Desktop/MA/Z7-Nano/ParEIS-MSX/SW/HW_Export_V1/hw/HW_Export_V2.xsa
TRACE::2026-08-19.18:03:12::SCWPlatform:: Unique name xilinx:::0.0
TRACE::2026-08-19.18:03:12::SCWPlatform::Trying to set the existing hwdb with name design_1_wrapper
TRACE::2026-08-19.18:03:12::SCWPlatform::Opened existing hwdb design_1_wrapper
TRACE::2026-08-19.18:03:12::SCWPlatform::Found the Hw Db part of the input DSA
TRACE::2026-08-19.18:03:12::SCWMssOS::Checking the sw design at  C:/Users/tillkorsmeier/Desktop/MA/Z7-Nano/ParEIS-MSX/SW/HW_Export_V1/ps7_cortexa9_0/standalone_ps7_cortexa9_0/bsp/system.mss
TRACE::2026-08-19.18:03:12::SCWMssOS::DEBUG:  swdes dump  C:/Users/tillkorsmeier/Desktop/MA/Z7-Nano/ParEIS-MSX/SW/HW_Export_V1/zynq_fsbl/zynq_fsbl_bsp/system.mss|system||

TRACE::2026-08-19.18:03:12::SCWMssOS::No sw design opened at  C:/Users/tillkorsmeier/Desktop/MA/Z7-Nano/ParEIS-MSX/SW/HW_Export_V1/ps7_cortexa9_0/standalone_ps7_cortexa9_0/bsp/system.mss
TRACE::2026-08-19.18:03:12::SCWMssOS::mss exists loading the mss file  C:/Users/tillkorsmeier/Desktop/MA/Z7-Nano/ParEIS-MSX/SW/HW_Export_V1/ps7_cortexa9_0/standalone_ps7_cortexa9_0/bsp/system.mss
TRACE::2026-08-19.18:03:12::SCWMssOS::Opened the sw design from mss  C:/Users/tillkorsmeier/Desktop/MA/Z7-Nano/ParEIS-MSX/SW/HW_Export_V1/ps7_cortexa9_0/standalone_ps7_cortexa9_0/bsp/system.mss
TRACE::2026-08-19.18:03:12::SCWMssOS::Adding the swdes entry C:/Users/tillkorsmeier/Desktop/MA/Z7-Nano/ParEIS-MSX/SW/HW_Export_V1/ps7_cortexa9_0/standalone_ps7_cortexa9_0/bsp/system.mss with des name system_0
TRACE::2026-08-19.18:03:12::SCWMssOS::updating the scw layer about changes
TRACE::2026-08-19.18:03:12::SCWMssOS::Opened the sw design.  C:/Users/tillkorsmeier/Desktop/MA/Z7-Nano/ParEIS-MSX/SW/HW_Export_V1/ps7_cortexa9_0/standalone_ps7_cortexa9_0/bsp/system.mss
TRACE::2026-08-19.18:03:12::SCWMssOS::Completed writing the mss file at C:/Users/tillkorsmeier/Desktop/MA/Z7-Nano/ParEIS-MSX/SW/HW_Export_V1/ps7_cortexa9_0/standalone_ps7_cortexa9_0/bsp
TRACE::2026-08-19.18:03:12::SCWMssOS::Mss edits present, copying mssfile into export location C:/Users/tillkorsmeier/Desktop/MA/Z7-Nano/ParEIS-MSX/SW/HW_Export_V1/ps7_cortexa9_0/standalone_ps7_cortexa9_0/bsp/system.mss
TRACE::2026-08-19.18:03:12::SCWMssOS::bsp generated is upto date with the mss file. Skipping bsp generation.
TRACE::2026-08-19.18:03:12::SCWMssOS::BSP is already built. skipping the bsp build ... 
TRACE::2026-08-19.18:03:12::SCWDomain::Building the domain :  standalone_ps7_cortexa9_0
TRACE::2026-08-19.18:03:12::SCWMssOS::doing bsp build ... 
TRACE::2026-08-19.18:03:12::SCWMssOS::System Command Ran  C: & cd  C:/Users/tillkorsmeier/Desktop/MA/Z7-Nano/ParEIS-MSX/SW/HW_Export_V1/ps7_cortexa9_0/standalone_ps7_cortexa9_0/bsp & make 
TRACE::2026-08-19.18:03:13::SCWMssOS::make --no-print-directory seq_libs

TRACE::2026-08-19.18:03:13::SCWMssOS::"Running Make include in ps7_cortexa9_0/libsrc/AddCycle_Acquisition_v1_0/src"

TRACE::2026-08-19.18:03:13::SCWMssOS::make -C ps7_cortexa9_0/libsrc/AddCycle_Acquisition_v1_0/src -s include  "SHELL=CMD" "COMPILER=arm-none-eabi-gcc" "ASSEMBLER=arm
TRACE::2026-08-19.18:03:13::SCWMssOS::-none-eabi-as" "ARCHIVER=arm-none-eabi-ar" "COMPILER_FLAGS=  -O2 -c" "EXTRA_COMPILER_FLAGS=-mcpu=cortex-a9 -mfpu=vfpv3 -mfloat-
TRACE::2026-08-19.18:03:13::SCWMssOS::abi=hard -nostartfiles -g -Wall -Wextra -fno-tree-loop-distribute-patterns"

TRACE::2026-08-19.18:03:13::SCWMssOS::"Running Make include in ps7_cortexa9_0/libsrc/axidma_v9_19/src"

TRACE::2026-08-19.18:03:13::SCWMssOS::make -C ps7_cortexa9_0/libsrc/axidma_v9_19/src -s include  "SHELL=CMD" "COMPILER=arm-none-eabi-gcc" "ASSEMBLER=arm-none-eabi-as
TRACE::2026-08-19.18:03:13::SCWMssOS::" "ARCHIVER=arm-none-eabi-ar" "COMPILER_FLAGS=  -O2 -c" "EXTRA_COMPILER_FLAGS=-mcpu=cortex-a9 -mfpu=vfpv3 -mfloat-abi=hard -nos
TRACE::2026-08-19.18:03:13::SCWMssOS::tartfiles -g -Wall -Wextra -fno-tree-loop-distribute-patterns"

TRACE::2026-08-19.18:03:14::SCWMssOS::"Running Make include in ps7_cortexa9_0/libsrc/canps_v3_9/src"

TRACE::2026-08-19.18:03:14::SCWMssOS::make -C ps7_cortexa9_0/libsrc/canps_v3_9/src -s include  "SHELL=CMD" "COMPILER=arm-none-eabi-gcc" "ASSEMBLER=arm-none-eabi-as" 
TRACE::2026-08-19.18:03:14::SCWMssOS::"ARCHIVER=arm-none-eabi-ar" "COMPILER_FLAGS=  -O2 -c" "EXTRA_COMPILER_FLAGS=-mcpu=cortex-a9 -mfpu=vfpv3 -mfloat-abi=hard -nosta
TRACE::2026-08-19.18:03:14::SCWMssOS::rtfiles -g -Wall -Wextra -fno-tree-loop-distribute-patterns"

TRACE::2026-08-19.18:03:14::SCWMssOS::"Running Make include in ps7_cortexa9_0/libsrc/coresightps_dcc_v1_11/src"

TRACE::2026-08-19.18:03:14::SCWMssOS::make -C ps7_cortexa9_0/libsrc/coresightps_dcc_v1_11/src -s include  "SHELL=CMD" "COMPILER=arm-none-eabi-gcc" "ASSEMBLER=arm-non
TRACE::2026-08-19.18:03:14::SCWMssOS::e-eabi-as" "ARCHIVER=arm-none-eabi-ar" "COMPILER_FLAGS=  -O2 -c" "EXTRA_COMPILER_FLAGS=-mcpu=cortex-a9 -mfpu=vfpv3 -mfloat-abi=
TRACE::2026-08-19.18:03:14::SCWMssOS::hard -nostartfiles -g -Wall -Wextra -fno-tree-loop-distribute-patterns"

TRACE::2026-08-19.18:03:14::SCWMssOS::"Running Make include in ps7_cortexa9_0/libsrc/cpu_cortexa9_v2_12/src"

TRACE::2026-08-19.18:03:14::SCWMssOS::make -C ps7_cortexa9_0/libsrc/cpu_cortexa9_v2_12/src -s include  "SHELL=CMD" "COMPILER=arm-none-eabi-gcc" "ASSEMBLER=arm-none-e
TRACE::2026-08-19.18:03:14::SCWMssOS::abi-as" "ARCHIVER=arm-none-eabi-ar" "COMPILER_FLAGS=  -O2 -c" "EXTRA_COMPILER_FLAGS=-mcpu=cortex-a9 -mfpu=vfpv3 -mfloat-abi=har
TRACE::2026-08-19.18:03:14::SCWMssOS::d -nostartfiles -g -Wall -Wextra -fno-tree-loop-distribute-patterns"

TRACE::2026-08-19.18:03:14::SCWMssOS::"Running Make include in ps7_cortexa9_0/libsrc/ddrps_v1_2/src"

TRACE::2026-08-19.18:03:14::SCWMssOS::make -C ps7_cortexa9_0/libsrc/ddrps_v1_2/src -s include  "SHELL=CMD" "COMPILER=arm-none-eabi-gcc" "ASSEMBLER=arm-none-eabi-as" 
TRACE::2026-08-19.18:03:14::SCWMssOS::"ARCHIVER=arm-none-eabi-ar" "COMPILER_FLAGS=  -O2 -c" "EXTRA_COMPILER_FLAGS=-mcpu=cortex-a9 -mfpu=vfpv3 -mfloat-abi=hard -nosta
TRACE::2026-08-19.18:03:14::SCWMssOS::rtfiles -g -Wall -Wextra -fno-tree-loop-distribute-patterns"

TRACE::2026-08-19.18:03:14::SCWMssOS::"Running Make include in ps7_cortexa9_0/libsrc/devcfg_v3_8/src"

TRACE::2026-08-19.18:03:14::SCWMssOS::make -C ps7_cortexa9_0/libsrc/devcfg_v3_8/src -s include  "SHELL=CMD" "COMPILER=arm-none-eabi-gcc" "ASSEMBLER=arm-none-eabi-as"
TRACE::2026-08-19.18:03:14::SCWMssOS:: "ARCHIVER=arm-none-eabi-ar" "COMPILER_FLAGS=  -O2 -c" "EXTRA_COMPILER_FLAGS=-mcpu=cortex-a9 -mfpu=vfpv3 -mfloat-abi=hard -nost
TRACE::2026-08-19.18:03:14::SCWMssOS::artfiles -g -Wall -Wextra -fno-tree-loop-distribute-patterns"

TRACE::2026-08-19.18:03:14::SCWMssOS::"Running Make include in ps7_cortexa9_0/libsrc/dmaps_v2_11/src"

TRACE::2026-08-19.18:03:14::SCWMssOS::make -C ps7_cortexa9_0/libsrc/dmaps_v2_11/src -s include  "SHELL=CMD" "COMPILER=arm-none-eabi-gcc" "ASSEMBLER=arm-none-eabi-as"
TRACE::2026-08-19.18:03:14::SCWMssOS:: "ARCHIVER=arm-none-eabi-ar" "COMPILER_FLAGS=  -O2 -c" "EXTRA_COMPILER_FLAGS=-mcpu=cortex-a9 -mfpu=vfpv3 -mfloat-abi=hard -nost
TRACE::2026-08-19.18:03:14::SCWMssOS::artfiles -g -Wall -Wextra -fno-tree-loop-distribute-patterns"

TRACE::2026-08-19.18:03:15::SCWMssOS::"Running Make include in ps7_cortexa9_0/libsrc/emacps_v3_21/src"

TRACE::2026-08-19.18:03:15::SCWMssOS::make -C ps7_cortexa9_0/libsrc/emacps_v3_21/src -s include  "SHELL=CMD" "COMPILER=arm-none-eabi-gcc" "ASSEMBLER=arm-none-eabi-as
TRACE::2026-08-19.18:03:15::SCWMssOS::" "ARCHIVER=arm-none-eabi-ar" "COMPILER_FLAGS=  -O2 -c" "EXTRA_COMPILER_FLAGS=-mcpu=cortex-a9 -mfpu=vfpv3 -mfloat-abi=hard -nos
TRACE::2026-08-19.18:03:15::SCWMssOS::tartfiles -g -Wall -Wextra -fno-tree-loop-distribute-patterns"

TRACE::2026-08-19.18:03:15::SCWMssOS::"Running Make include in ps7_cortexa9_0/libsrc/gpiops_v3_13/src"

TRACE::2026-08-19.18:03:15::SCWMssOS::make -C ps7_cortexa9_0/libsrc/gpiops_v3_13/src -s include  "SHELL=CMD" "COMPILER=arm-none-eabi-gcc" "ASSEMBLER=arm-none-eabi-as
TRACE::2026-08-19.18:03:15::SCWMssOS::" "ARCHIVER=arm-none-eabi-ar" "COMPILER_FLAGS=  -O2 -c" "EXTRA_COMPILER_FLAGS=-mcpu=cortex-a9 -mfpu=vfpv3 -mfloat-abi=hard -nos
TRACE::2026-08-19.18:03:15::SCWMssOS::tartfiles -g -Wall -Wextra -fno-tree-loop-distribute-patterns"

TRACE::2026-08-19.18:03:15::SCWMssOS::"Running Make include in ps7_cortexa9_0/libsrc/lwip220_v1_1/src"

TRACE::2026-08-19.18:03:15::SCWMssOS::make -C ps7_cortexa9_0/libsrc/lwip220_v1_1/src -s include  "SHELL=CMD" "COMPILER=arm-none-eabi-gcc" "ASSEMBLER=arm-none-eabi-as
TRACE::2026-08-19.18:03:15::SCWMssOS::" "ARCHIVER=arm-none-eabi-ar" "COMPILER_FLAGS=  -O2 -c" "EXTRA_COMPILER_FLAGS=-mcpu=cortex-a9 -mfpu=vfpv3 -mfloat-abi=hard -nos
TRACE::2026-08-19.18:03:15::SCWMssOS::tartfiles -g -Wall -Wextra -fno-tree-loop-distribute-patterns"

TRACE::2026-08-19.18:03:17::SCWMssOS::"Running Make include in ps7_cortexa9_0/libsrc/qspips_v3_13/src"

TRACE::2026-08-19.18:03:17::SCWMssOS::make -C ps7_cortexa9_0/libsrc/qspips_v3_13/src -s include  "SHELL=CMD" "COMPILER=arm-none-eabi-gcc" "ASSEMBLER=arm-none-eabi-as
TRACE::2026-08-19.18:03:17::SCWMssOS::" "ARCHIVER=arm-none-eabi-ar" "COMPILER_FLAGS=  -O2 -c" "EXTRA_COMPILER_FLAGS=-mcpu=cortex-a9 -mfpu=vfpv3 -mfloat-abi=hard -nos
TRACE::2026-08-19.18:03:17::SCWMssOS::tartfiles -g -Wall -Wextra -fno-tree-loop-distribute-patterns"

TRACE::2026-08-19.18:03:17::SCWMssOS::"Running Make include in ps7_cortexa9_0/libsrc/scugic_v5_4/src"

TRACE::2026-08-19.18:03:17::SCWMssOS::make -C ps7_cortexa9_0/libsrc/scugic_v5_4/src -s include  "SHELL=CMD" "COMPILER=arm-none-eabi-gcc" "ASSEMBLER=arm-none-eabi-as"
TRACE::2026-08-19.18:03:17::SCWMssOS:: "ARCHIVER=arm-none-eabi-ar" "COMPILER_FLAGS=  -O2 -c" "EXTRA_COMPILER_FLAGS=-mcpu=cortex-a9 -mfpu=vfpv3 -mfloat-abi=hard -nost
TRACE::2026-08-19.18:03:17::SCWMssOS::artfiles -g -Wall -Wextra -fno-tree-loop-distribute-patterns"

TRACE::2026-08-19.18:03:17::SCWMssOS::"Running Make include in ps7_cortexa9_0/libsrc/scutimer_v2_6/src"

TRACE::2026-08-19.18:03:17::SCWMssOS::make -C ps7_cortexa9_0/libsrc/scutimer_v2_6/src -s include  "SHELL=CMD" "COMPILER=arm-none-eabi-gcc" "ASSEMBLER=arm-none-eabi-a
TRACE::2026-08-19.18:03:17::SCWMssOS::s" "ARCHIVER=arm-none-eabi-ar" "COMPILER_FLAGS=  -O2 -c" "EXTRA_COMPILER_FLAGS=-mcpu=cortex-a9 -mfpu=vfpv3 -mfloat-abi=hard -no
TRACE::2026-08-19.18:03:17::SCWMssOS::startfiles -g -Wall -Wextra -fno-tree-loop-distribute-patterns"

TRACE::2026-08-19.18:03:17::SCWMssOS::"Running Make include in ps7_cortexa9_0/libsrc/scuwdt_v2_6/src"

TRACE::2026-08-19.18:03:17::SCWMssOS::make -C ps7_cortexa9_0/libsrc/scuwdt_v2_6/src -s include  "SHELL=CMD" "COMPILER=arm-none-eabi-gcc" "ASSEMBLER=arm-none-eabi-as"
TRACE::2026-08-19.18:03:17::SCWMssOS:: "ARCHIVER=arm-none-eabi-ar" "COMPILER_FLAGS=  -O2 -c" "EXTRA_COMPILER_FLAGS=-mcpu=cortex-a9 -mfpu=vfpv3 -mfloat-abi=hard -nost
TRACE::2026-08-19.18:03:17::SCWMssOS::artfiles -g -Wall -Wextra -fno-tree-loop-distribute-patterns"

TRACE::2026-08-19.18:03:17::SCWMssOS::"Running Make include in ps7_cortexa9_0/libsrc/sdps_v4_4/src"

TRACE::2026-08-19.18:03:17::SCWMssOS::make -C ps7_cortexa9_0/libsrc/sdps_v4_4/src -s include  "SHELL=CMD" "COMPILER=arm-none-eabi-gcc" "ASSEMBLER=arm-none-eabi-as" "
TRACE::2026-08-19.18:03:17::SCWMssOS::ARCHIVER=arm-none-eabi-ar" "COMPILER_FLAGS=  -O2 -c" "EXTRA_COMPILER_FLAGS=-mcpu=cortex-a9 -mfpu=vfpv3 -mfloat-abi=hard -nostar
TRACE::2026-08-19.18:03:17::SCWMssOS::tfiles -g -Wall -Wextra -fno-tree-loop-distribute-patterns"

TRACE::2026-08-19.18:03:18::SCWMssOS::"Running Make include in ps7_cortexa9_0/libsrc/standalone_v9_2/src"

TRACE::2026-08-19.18:03:18::SCWMssOS::make -C ps7_cortexa9_0/libsrc/standalone_v9_2/src -s include  "SHELL=CMD" "COMPILER=arm-none-eabi-gcc" "ASSEMBLER=arm-none-eabi
TRACE::2026-08-19.18:03:18::SCWMssOS::-as" "ARCHIVER=arm-none-eabi-ar" "COMPILER_FLAGS=  -O2 -c" "EXTRA_COMPILER_FLAGS=-mcpu=cortex-a9 -mfpu=vfpv3 -mfloat-abi=hard -
TRACE::2026-08-19.18:03:18::SCWMssOS::nostartfiles -g -Wall -Wextra -fno-tree-loop-distribute-patterns"

TRACE::2026-08-19.18:03:19::SCWMssOS::"Running Make include in ps7_cortexa9_0/libsrc/uartps_v3_15/src"

TRACE::2026-08-19.18:03:19::SCWMssOS::make -C ps7_cortexa9_0/libsrc/uartps_v3_15/src -s include  "SHELL=CMD" "COMPILER=arm-none-eabi-gcc" "ASSEMBLER=arm-none-eabi-as
TRACE::2026-08-19.18:03:19::SCWMssOS::" "ARCHIVER=arm-none-eabi-ar" "COMPILER_FLAGS=  -O2 -c" "EXTRA_COMPILER_FLAGS=-mcpu=cortex-a9 -mfpu=vfpv3 -mfloat-abi=hard -nos
TRACE::2026-08-19.18:03:19::SCWMssOS::tartfiles -g -Wall -Wextra -fno-tree-loop-distribute-patterns"

TRACE::2026-08-19.18:03:20::SCWMssOS::"Running Make include in ps7_cortexa9_0/libsrc/usbps_v2_9/src"

TRACE::2026-08-19.18:03:20::SCWMssOS::make -C ps7_cortexa9_0/libsrc/usbps_v2_9/src -s include  "SHELL=CMD" "COMPILER=arm-none-eabi-gcc" "ASSEMBLER=arm-none-eabi-as" 
TRACE::2026-08-19.18:03:20::SCWMssOS::"ARCHIVER=arm-none-eabi-ar" "COMPILER_FLAGS=  -O2 -c" "EXTRA_COMPILER_FLAGS=-mcpu=cortex-a9 -mfpu=vfpv3 -mfloat-abi=hard -nosta
TRACE::2026-08-19.18:03:20::SCWMssOS::rtfiles -g -Wall -Wextra -fno-tree-loop-distribute-patterns"

TRACE::2026-08-19.18:03:20::SCWMssOS::"Running Make include in ps7_cortexa9_0/libsrc/xadcps_v2_7/src"

TRACE::2026-08-19.18:03:20::SCWMssOS::make -C ps7_cortexa9_0/libsrc/xadcps_v2_7/src -s include  "SHELL=CMD" "COMPILER=arm-none-eabi-gcc" "ASSEMBLER=arm-none-eabi-as"
TRACE::2026-08-19.18:03:20::SCWMssOS:: "ARCHIVER=arm-none-eabi-ar" "COMPILER_FLAGS=  -O2 -c" "EXTRA_COMPILER_FLAGS=-mcpu=cortex-a9 -mfpu=vfpv3 -mfloat-abi=hard -nost
TRACE::2026-08-19.18:03:20::SCWMssOS::artfiles -g -Wall -Wextra -fno-tree-loop-distribute-patterns"

TRACE::2026-08-19.18:03:20::SCWMssOS::"Running Make include in ps7_cortexa9_0/libsrc/xiltimer_v2_1/src"

TRACE::2026-08-19.18:03:20::SCWMssOS::make -C ps7_cortexa9_0/libsrc/xiltimer_v2_1/src -s include  "SHELL=CMD" "COMPILER=arm-none-eabi-gcc" "ASSEMBLER=arm-none-eabi-a
TRACE::2026-08-19.18:03:20::SCWMssOS::s" "ARCHIVER=arm-none-eabi-ar" "COMPILER_FLAGS=  -O2 -c" "EXTRA_COMPILER_FLAGS=-mcpu=cortex-a9 -mfpu=vfpv3 -mfloat-abi=hard -no
TRACE::2026-08-19.18:03:20::SCWMssOS::startfiles -g -Wall -Wextra -fno-tree-loop-distribute-patterns"

TRACE::2026-08-19.18:03:20::SCWMssOS::"Running Make libs in ps7_cortexa9_0/libsrc/AddCycle_Acquisition_v1_0/src"

TRACE::2026-08-19.18:03:20::SCWMssOS::make -C ps7_cortexa9_0/libsrc/AddCycle_Acquisition_v1_0/src -s libs  "SHELL=CMD" "COMPILER=arm-none-eabi-gcc" "ASSEMBLER=arm-no
TRACE::2026-08-19.18:03:20::SCWMssOS::ne-eabi-as" "ARCHIVER=arm-none-eabi-ar" "COMPILER_FLAGS=  -O2 -c" "EXTRA_COMPILER_FLAGS=-mcpu=cortex-a9 -mfpu=vfpv3 -mfloat-abi
TRACE::2026-08-19.18:03:20::SCWMssOS::=hard -nostartfiles -g -Wall -Wextra -fno-tree-loop-distribute-patterns"

TRACE::2026-08-19.18:03:20::SCWMssOS::"Compiling AddCycle_Acquisition..."

TRACE::2026-08-19.18:03:21::SCWMssOS::"Running Make libs in ps7_cortexa9_0/libsrc/lwip220_v1_1/src"

TRACE::2026-08-19.18:03:21::SCWMssOS::make -C ps7_cortexa9_0/libsrc/lwip220_v1_1/src -s libs  "SHELL=CMD" "COMPILER=arm-none-eabi-gcc" "ASSEMBLER=arm-none-eabi-as" "
TRACE::2026-08-19.18:03:21::SCWMssOS::ARCHIVER=arm-none-eabi-ar" "COMPILER_FLAGS=  -O2 -c" "EXTRA_COMPILER_FLAGS=-mcpu=cortex-a9 -mfpu=vfpv3 -mfloat-abi=hard -nostar
TRACE::2026-08-19.18:03:21::SCWMssOS::tfiles -g -Wall -Wextra -fno-tree-loop-distribute-patterns"

TRACE::2026-08-19.18:03:22::SCWMssOS::"Compiling lwip src and adapter files"

TRACE::2026-08-19.18:03:34::SCWMssOS::'Finished building libraries sequentially.'

TRACE::2026-08-19.18:03:34::SCWMssOS::make -j 2 --no-print-directory par_libs

TRACE::2026-08-19.18:03:34::SCWMssOS::"Running Make include in ps7_cortexa9_0/libsrc/AddCycle_Acquisition_v1_0/src"

TRACE::2026-08-19.18:03:34::SCWMssOS::make -C ps7_cortexa9_0/libsrc/AddCycle_Acquisition_v1_0/src -s include  "SHELL=CMD" "COMPILER=arm-none-eabi-gcc" "ASSEMBLER=arm
TRACE::2026-08-19.18:03:34::SCWMssOS::-none-eabi-as" "ARCHIVER=arm-none-eabi-ar" "COMPILER_FLAGS=  -O2 -c" "EXTRA_COMPILER_FLAGS=-mcpu=cortex-a9 -mfpu=vfpv3 -mfloat-
TRACE::2026-08-19.18:03:34::SCWMssOS::abi=hard -nostartfiles -g -Wall -Wextra -fno-tree-loop-distribute-patterns"

TRACE::2026-08-19.18:03:34::SCWMssOS::"Running Make include in ps7_cortexa9_0/libsrc/axidma_v9_19/src"

TRACE::2026-08-19.18:03:34::SCWMssOS::make -C ps7_cortexa9_0/libsrc/axidma_v9_19/src -s include  "SHELL=CMD" "COMPILER=arm-none-eabi-gcc" "ASSEMBLER=arm-none-eabi-as
TRACE::2026-08-19.18:03:34::SCWMssOS::" "ARCHIVER=arm-none-eabi-ar" "COMPILER_FLAGS=  -O2 -c" "EXTRA_COMPILER_FLAGS=-mcpu=cortex-a9 -mfpu=vfpv3 -mfloat-abi=hard -nos
TRACE::2026-08-19.18:03:34::SCWMssOS::tartfiles -g -Wall -Wextra -fno-tree-loop-distribute-patterns"

TRACE::2026-08-19.18:03:34::SCWMssOS::"Running Make include in ps7_cortexa9_0/libsrc/canps_v3_9/src"

TRACE::2026-08-19.18:03:34::SCWMssOS::make -C ps7_cortexa9_0/libsrc/canps_v3_9/src -s include  "SHELL=CMD" "COMPILER=arm-none-eabi-gcc" "ASSEMBLER=arm-none-eabi-as" 
TRACE::2026-08-19.18:03:34::SCWMssOS::"ARCHIVER=arm-none-eabi-ar" "COMPILER_FLAGS=  -O2 -c" "EXTRA_COMPILER_FLAGS=-mcpu=cortex-a9 -mfpu=vfpv3 -mfloat-abi=hard -nosta
TRACE::2026-08-19.18:03:34::SCWMssOS::rtfiles -g -Wall -Wextra -fno-tree-loop-distribute-patterns"

TRACE::2026-08-19.18:03:34::SCWMssOS::"Running Make include in ps7_cortexa9_0/libsrc/coresightps_dcc_v1_11/src"

TRACE::2026-08-19.18:03:34::SCWMssOS::make -C ps7_cortexa9_0/libsrc/coresightps_dcc_v1_11/src -s include  "SHELL=CMD" "COMPILER=arm-none-eabi-gcc" "ASSEMBLER=arm-non
TRACE::2026-08-19.18:03:34::SCWMssOS::e-eabi-as" "ARCHIVER=arm-none-eabi-ar" "COMPILER_FLAGS=  -O2 -c" "EXTRA_COMPILER_FLAGS=-mcpu=cortex-a9 -mfpu=vfpv3 -mfloat-abi=
TRACE::2026-08-19.18:03:34::SCWMssOS::hard -nostartfiles -g -Wall -Wextra -fno-tree-loop-distribute-patterns"

TRACE::2026-08-19.18:03:34::SCWMssOS::"Running Make include in ps7_cortexa9_0/libsrc/cpu_cortexa9_v2_12/src"

TRACE::2026-08-19.18:03:34::SCWMssOS::make -C ps7_cortexa9_0/libsrc/cpu_cortexa9_v2_12/src -s include  "SHELL=CMD" "COMPILER=arm-none-eabi-gcc" "ASSEMBLER=arm-none-e
TRACE::2026-08-19.18:03:34::SCWMssOS::abi-as" "ARCHIVER=arm-none-eabi-ar" "COMPILER_FLAGS=  -O2 -c" "EXTRA_COMPILER_FLAGS=-mcpu=cortex-a9 -mfpu=vfpv3 -mfloat-abi=har
TRACE::2026-08-19.18:03:34::SCWMssOS::d -nostartfiles -g -Wall -Wextra -fno-tree-loop-distribute-patterns"

TRACE::2026-08-19.18:03:34::SCWMssOS::"Running Make include in ps7_cortexa9_0/libsrc/ddrps_v1_2/src"

TRACE::2026-08-19.18:03:34::SCWMssOS::make -C ps7_cortexa9_0/libsrc/ddrps_v1_2/src -s include  "SHELL=CMD" "COMPILER=arm-none-eabi-gcc" "ASSEMBLER=arm-none-eabi-as" 
TRACE::2026-08-19.18:03:34::SCWMssOS::"ARCHIVER=arm-none-eabi-ar" "COMPILER_FLAGS=  -O2 -c" "EXTRA_COMPILER_FLAGS=-mcpu=cortex-a9 -mfpu=vfpv3 -mfloat-abi=hard -nosta
TRACE::2026-08-19.18:03:34::SCWMssOS::rtfiles -g -Wall -Wextra -fno-tree-loop-distribute-patterns"

TRACE::2026-08-19.18:03:34::SCWMssOS::"Running Make include in ps7_cortexa9_0/libsrc/devcfg_v3_8/src"

TRACE::2026-08-19.18:03:34::SCWMssOS::make -C ps7_cortexa9_0/libsrc/devcfg_v3_8/src -s include  "SHELL=CMD" "COMPILER=arm-none-eabi-gcc" "ASSEMBLER=arm-none-eabi-as"
TRACE::2026-08-19.18:03:34::SCWMssOS:: "ARCHIVER=arm-none-eabi-ar" "COMPILER_FLAGS=  -O2 -c" "EXTRA_COMPILER_FLAGS=-mcpu=cortex-a9 -mfpu=vfpv3 -mfloat-abi=hard -nost
TRACE::2026-08-19.18:03:34::SCWMssOS::artfiles -g -Wall -Wextra -fno-tree-loop-distribute-patterns"

TRACE::2026-08-19.18:03:34::SCWMssOS::"Running Make include in ps7_cortexa9_0/libsrc/dmaps_v2_11/src"

TRACE::2026-08-19.18:03:34::SCWMssOS::make -C ps7_cortexa9_0/libsrc/dmaps_v2_11/src -s include  "SHELL=CMD" "COMPILER=arm-none-eabi-gcc" "ASSEMBLER=arm-none-eabi-as"
TRACE::2026-08-19.18:03:34::SCWMssOS:: "ARCHIVER=arm-none-eabi-ar" "COMPILER_FLAGS=  -O2 -c" "EXTRA_COMPILER_FLAGS=-mcpu=cortex-a9 -mfpu=vfpv3 -mfloat-abi=hard -nost
TRACE::2026-08-19.18:03:34::SCWMssOS::artfiles -g -Wall -Wextra -fno-tree-loop-distribute-patterns"

TRACE::2026-08-19.18:03:35::SCWMssOS::"Running Make include in ps7_cortexa9_0/libsrc/emacps_v3_21/src"

TRACE::2026-08-19.18:03:35::SCWMssOS::make -C ps7_cortexa9_0/libsrc/emacps_v3_21/src -s include  "SHELL=CMD" "COMPILER=arm-none-eabi-gcc" "ASSEMBLER=arm-none-eabi-as
TRACE::2026-08-19.18:03:35::SCWMssOS::" "ARCHIVER=arm-none-eabi-ar" "COMPILER_FLAGS=  -O2 -c" "EXTRA_COMPILER_FLAGS=-mcpu=cortex-a9 -mfpu=vfpv3 -mfloat-abi=hard -nos
TRACE::2026-08-19.18:03:35::SCWMssOS::tartfiles -g -Wall -Wextra -fno-tree-loop-distribute-patterns"

TRACE::2026-08-19.18:03:35::SCWMssOS::"Running Make include in ps7_cortexa9_0/libsrc/gpiops_v3_13/src"

TRACE::2026-08-19.18:03:35::SCWMssOS::make -C ps7_cortexa9_0/libsrc/gpiops_v3_13/src -s include  "SHELL=CMD" "COMPILER=arm-none-eabi-gcc" "ASSEMBLER=arm-none-eabi-as
TRACE::2026-08-19.18:03:35::SCWMssOS::" "ARCHIVER=arm-none-eabi-ar" "COMPILER_FLAGS=  -O2 -c" "EXTRA_COMPILER_FLAGS=-mcpu=cortex-a9 -mfpu=vfpv3 -mfloat-abi=hard -nos
TRACE::2026-08-19.18:03:35::SCWMssOS::tartfiles -g -Wall -Wextra -fno-tree-loop-distribute-patterns"

TRACE::2026-08-19.18:03:35::SCWMssOS::"Running Make include in ps7_cortexa9_0/libsrc/lwip220_v1_1/src"

TRACE::2026-08-19.18:03:35::SCWMssOS::make -C ps7_cortexa9_0/libsrc/lwip220_v1_1/src -s include  "SHELL=CMD" "COMPILER=arm-none-eabi-gcc" "ASSEMBLER=arm-none-eabi-as
TRACE::2026-08-19.18:03:35::SCWMssOS::" "ARCHIVER=arm-none-eabi-ar" "COMPILER_FLAGS=  -O2 -c" "EXTRA_COMPILER_FLAGS=-mcpu=cortex-a9 -mfpu=vfpv3 -mfloat-abi=hard -nos
TRACE::2026-08-19.18:03:35::SCWMssOS::tartfiles -g -Wall -Wextra -fno-tree-loop-distribute-patterns"

TRACE::2026-08-19.18:03:35::SCWMssOS::"Running Make include in ps7_cortexa9_0/libsrc/qspips_v3_13/src"

TRACE::2026-08-19.18:03:35::SCWMssOS::make -C ps7_cortexa9_0/libsrc/qspips_v3_13/src -s include  "SHELL=CMD" "COMPILER=arm-none-eabi-gcc" "ASSEMBLER=arm-none-eabi-as
TRACE::2026-08-19.18:03:35::SCWMssOS::" "ARCHIVER=arm-none-eabi-ar" "COMPILER_FLAGS=  -O2 -c" "EXTRA_COMPILER_FLAGS=-mcpu=cortex-a9 -mfpu=vfpv3 -mfloat-abi=hard -nos
TRACE::2026-08-19.18:03:35::SCWMssOS::tartfiles -g -Wall -Wextra -fno-tree-loop-distribute-patterns"

TRACE::2026-08-19.18:03:35::SCWMssOS::"Running Make include in ps7_cortexa9_0/libsrc/scugic_v5_4/src"

TRACE::2026-08-19.18:03:35::SCWMssOS::make -C ps7_cortexa9_0/libsrc/scugic_v5_4/src -s include  "SHELL=CMD" "COMPILER=arm-none-eabi-gcc" "ASSEMBLER=arm-none-eabi-as"
TRACE::2026-08-19.18:03:35::SCWMssOS:: "ARCHIVER=arm-none-eabi-ar" "COMPILER_FLAGS=  -O2 -c" "EXTRA_COMPILER_FLAGS=-mcpu=cortex-a9 -mfpu=vfpv3 -mfloat-abi=hard -nost
TRACE::2026-08-19.18:03:35::SCWMssOS::artfiles -g -Wall -Wextra -fno-tree-loop-distribute-patterns"

TRACE::2026-08-19.18:03:35::SCWMssOS::"Running Make include in ps7_cortexa9_0/libsrc/scutimer_v2_6/src"

TRACE::2026-08-19.18:03:35::SCWMssOS::make -C ps7_cortexa9_0/libsrc/scutimer_v2_6/src -s include  "SHELL=CMD" "COMPILER=arm-none-eabi-gcc" "ASSEMBLER=arm-none-eabi-a
TRACE::2026-08-19.18:03:35::SCWMssOS::s" "ARCHIVER=arm-none-eabi-ar" "COMPILER_FLAGS=  -O2 -c" "EXTRA_COMPILER_FLAGS=-mcpu=cortex-a9 -mfpu=vfpv3 -mfloat-abi=hard -no
TRACE::2026-08-19.18:03:35::SCWMssOS::startfiles -g -Wall -Wextra -fno-tree-loop-distribute-patterns"

TRACE::2026-08-19.18:03:35::SCWMssOS::"Running Make include in ps7_cortexa9_0/libsrc/scuwdt_v2_6/src"

TRACE::2026-08-19.18:03:35::SCWMssOS::make -C ps7_cortexa9_0/libsrc/scuwdt_v2_6/src -s include  "SHELL=CMD" "COMPILER=arm-none-eabi-gcc" "ASSEMBLER=arm-none-eabi-as"
TRACE::2026-08-19.18:03:35::SCWMssOS:: "ARCHIVER=arm-none-eabi-ar" "COMPILER_FLAGS=  -O2 -c" "EXTRA_COMPILER_FLAGS=-mcpu=cortex-a9 -mfpu=vfpv3 -mfloat-abi=hard -nost
TRACE::2026-08-19.18:03:35::SCWMssOS::artfiles -g -Wall -Wextra -fno-tree-loop-distribute-patterns"

TRACE::2026-08-19.18:03:35::SCWMssOS::"Running Make include in ps7_cortexa9_0/libsrc/sdps_v4_4/src"

TRACE::2026-08-19.18:03:35::SCWMssOS::make -C ps7_cortexa9_0/libsrc/sdps_v4_4/src -s include  "SHELL=CMD" "COMPILER=arm-none-eabi-gcc" "ASSEMBLER=arm-none-eabi-as" "
TRACE::2026-08-19.18:03:35::SCWMssOS::ARCHIVER=arm-none-eabi-ar" "COMPILER_FLAGS=  -O2 -c" "EXTRA_COMPILER_FLAGS=-mcpu=cortex-a9 -mfpu=vfpv3 -mfloat-abi=hard -nostar
TRACE::2026-08-19.18:03:35::SCWMssOS::tfiles -g -Wall -Wextra -fno-tree-loop-distribute-patterns"

TRACE::2026-08-19.18:03:35::SCWMssOS::"Running Make include in ps7_cortexa9_0/libsrc/standalone_v9_2/src"

TRACE::2026-08-19.18:03:35::SCWMssOS::make -C ps7_cortexa9_0/libsrc/standalone_v9_2/src -s include  "SHELL=CMD" "COMPILER=arm-none-eabi-gcc" "ASSEMBLER=arm-none-eabi
TRACE::2026-08-19.18:03:35::SCWMssOS::-as" "ARCHIVER=arm-none-eabi-ar" "COMPILER_FLAGS=  -O2 -c" "EXTRA_COMPILER_FLAGS=-mcpu=cortex-a9 -mfpu=vfpv3 -mfloat-abi=hard -
TRACE::2026-08-19.18:03:35::SCWMssOS::nostartfiles -g -Wall -Wextra -fno-tree-loop-distribute-patterns"

TRACE::2026-08-19.18:03:35::SCWMssOS::"Running Make include in ps7_cortexa9_0/libsrc/uartps_v3_15/src"

TRACE::2026-08-19.18:03:35::SCWMssOS::make -C ps7_cortexa9_0/libsrc/uartps_v3_15/src -s include  "SHELL=CMD" "COMPILER=arm-none-eabi-gcc" "ASSEMBLER=arm-none-eabi-as
TRACE::2026-08-19.18:03:35::SCWMssOS::" "ARCHIVER=arm-none-eabi-ar" "COMPILER_FLAGS=  -O2 -c" "EXTRA_COMPILER_FLAGS=-mcpu=cortex-a9 -mfpu=vfpv3 -mfloat-abi=hard -nos
TRACE::2026-08-19.18:03:35::SCWMssOS::tartfiles -g -Wall -Wextra -fno-tree-loop-distribute-patterns"

TRACE::2026-08-19.18:03:35::SCWMssOS::"Running Make include in ps7_cortexa9_0/libsrc/usbps_v2_9/src"

TRACE::2026-08-19.18:03:35::SCWMssOS::make -C ps7_cortexa9_0/libsrc/usbps_v2_9/src -s include  "SHELL=CMD" "COMPILER=arm-none-eabi-gcc" "ASSEMBLER=arm-none-eabi-as" 
TRACE::2026-08-19.18:03:35::SCWMssOS::"ARCHIVER=arm-none-eabi-ar" "COMPILER_FLAGS=  -O2 -c" "EXTRA_COMPILER_FLAGS=-mcpu=cortex-a9 -mfpu=vfpv3 -mfloat-abi=hard -nosta
TRACE::2026-08-19.18:03:35::SCWMssOS::rtfiles -g -Wall -Wextra -fno-tree-loop-distribute-patterns"

TRACE::2026-08-19.18:03:36::SCWMssOS::"Running Make include in ps7_cortexa9_0/libsrc/xadcps_v2_7/src"

TRACE::2026-08-19.18:03:36::SCWMssOS::make -C ps7_cortexa9_0/libsrc/xadcps_v2_7/src -s include  "SHELL=CMD" "COMPILER=arm-none-eabi-gcc" "ASSEMBLER=arm-none-eabi-as"
TRACE::2026-08-19.18:03:36::SCWMssOS:: "ARCHIVER=arm-none-eabi-ar" "COMPILER_FLAGS=  -O2 -c" "EXTRA_COMPILER_FLAGS=-mcpu=cortex-a9 -mfpu=vfpv3 -mfloat-abi=hard -nost
TRACE::2026-08-19.18:03:36::SCWMssOS::artfiles -g -Wall -Wextra -fno-tree-loop-distribute-patterns"

TRACE::2026-08-19.18:03:36::SCWMssOS::"Running Make include in ps7_cortexa9_0/libsrc/xiltimer_v2_1/src"

TRACE::2026-08-19.18:03:36::SCWMssOS::make -C ps7_cortexa9_0/libsrc/xiltimer_v2_1/src -s include  "SHELL=CMD" "COMPILER=arm-none-eabi-gcc" "ASSEMBLER=arm-none-eabi-a
TRACE::2026-08-19.18:03:36::SCWMssOS::s" "ARCHIVER=arm-none-eabi-ar" "COMPILER_FLAGS=  -O2 -c" "EXTRA_COMPILER_FLAGS=-mcpu=cortex-a9 -mfpu=vfpv3 -mfloat-abi=hard -no
TRACE::2026-08-19.18:03:36::SCWMssOS::startfiles -g -Wall -Wextra -fno-tree-loop-distribute-patterns"

TRACE::2026-08-19.18:03:36::SCWMssOS::"Running Make libs in ps7_cortexa9_0/libsrc/axidma_v9_19/src"

TRACE::2026-08-19.18:03:36::SCWMssOS::make -C ps7_cortexa9_0/libsrc/axidma_v9_19/src -s libs  "SHELL=CMD" "COMPILER=arm-none-eabi-gcc" "ASSEMBLER=arm-none-eabi-as" "
TRACE::2026-08-19.18:03:36::SCWMssOS::ARCHIVER=arm-none-eabi-ar" "COMPILER_FLAGS=  -O2 -c" "EXTRA_COMPILER_FLAGS=-mcpu=cortex-a9 -mfpu=vfpv3 -mfloat-abi=hard -nostar
TRACE::2026-08-19.18:03:36::SCWMssOS::tfiles -g -Wall -Wextra -fno-tree-loop-distribute-patterns"

TRACE::2026-08-19.18:03:36::SCWMssOS::"Running Make libs in ps7_cortexa9_0/libsrc/canps_v3_9/src"

TRACE::2026-08-19.18:03:36::SCWMssOS::make -C ps7_cortexa9_0/libsrc/canps_v3_9/src -s libs  "SHELL=CMD" "COMPILER=arm-none-eabi-gcc" "ASSEMBLER=arm-none-eabi-as" "AR
TRACE::2026-08-19.18:03:36::SCWMssOS::CHIVER=arm-none-eabi-ar" "COMPILER_FLAGS=  -O2 -c" "EXTRA_COMPILER_FLAGS=-mcpu=cortex-a9 -mfpu=vfpv3 -mfloat-abi=hard -nostartf
TRACE::2026-08-19.18:03:36::SCWMssOS::iles -g -Wall -Wextra -fno-tree-loop-distribute-patterns"

TRACE::2026-08-19.18:03:38::SCWMssOS::"Running Make libs in ps7_cortexa9_0/libsrc/coresightps_dcc_v1_11/src"

TRACE::2026-08-19.18:03:38::SCWMssOS::make -C ps7_cortexa9_0/libsrc/coresightps_dcc_v1_11/src -s libs  "SHELL=CMD" "COMPILER=arm-none-eabi-gcc" "ASSEMBLER=arm-none-e
TRACE::2026-08-19.18:03:38::SCWMssOS::abi-as" "ARCHIVER=arm-none-eabi-ar" "COMPILER_FLAGS=  -O2 -c" "EXTRA_COMPILER_FLAGS=-mcpu=cortex-a9 -mfpu=vfpv3 -mfloat-abi=har
TRACE::2026-08-19.18:03:38::SCWMssOS::d -nostartfiles -g -Wall -Wextra -fno-tree-loop-distribute-patterns"

TRACE::2026-08-19.18:03:38::SCWMssOS::"Running Make libs in ps7_cortexa9_0/libsrc/cpu_cortexa9_v2_12/src"

TRACE::2026-08-19.18:03:38::SCWMssOS::make -C ps7_cortexa9_0/libsrc/cpu_cortexa9_v2_12/src -s libs  "SHELL=CMD" "COMPILER=arm-none-eabi-gcc" "ASSEMBLER=arm-none-eabi
TRACE::2026-08-19.18:03:38::SCWMssOS::-as" "ARCHIVER=arm-none-eabi-ar" "COMPILER_FLAGS=  -O2 -c" "EXTRA_COMPILER_FLAGS=-mcpu=cortex-a9 -mfpu=vfpv3 -mfloat-abi=hard -
TRACE::2026-08-19.18:03:38::SCWMssOS::nostartfiles -g -Wall -Wextra -fno-tree-loop-distribute-patterns"

TRACE::2026-08-19.18:03:38::SCWMssOS::"Running Make libs in ps7_cortexa9_0/libsrc/ddrps_v1_2/src"

TRACE::2026-08-19.18:03:38::SCWMssOS::make -C ps7_cortexa9_0/libsrc/ddrps_v1_2/src -s libs  "SHELL=CMD" "COMPILER=arm-none-eabi-gcc" "ASSEMBLER=arm-none-eabi-as" "AR
TRACE::2026-08-19.18:03:38::SCWMssOS::CHIVER=arm-none-eabi-ar" "COMPILER_FLAGS=  -O2 -c" "EXTRA_COMPILER_FLAGS=-mcpu=cortex-a9 -mfpu=vfpv3 -mfloat-abi=hard -nostartf
TRACE::2026-08-19.18:03:38::SCWMssOS::iles -g -Wall -Wextra -fno-tree-loop-distribute-patterns"

TRACE::2026-08-19.18:03:38::SCWMssOS::"Running Make libs in ps7_cortexa9_0/libsrc/devcfg_v3_8/src"

TRACE::2026-08-19.18:03:38::SCWMssOS::make -C ps7_cortexa9_0/libsrc/devcfg_v3_8/src -s libs  "SHELL=CMD" "COMPILER=arm-none-eabi-gcc" "ASSEMBLER=arm-none-eabi-as" "A
TRACE::2026-08-19.18:03:38::SCWMssOS::RCHIVER=arm-none-eabi-ar" "COMPILER_FLAGS=  -O2 -c" "EXTRA_COMPILER_FLAGS=-mcpu=cortex-a9 -mfpu=vfpv3 -mfloat-abi=hard -nostart
TRACE::2026-08-19.18:03:38::SCWMssOS::files -g -Wall -Wextra -fno-tree-loop-distribute-patterns"

TRACE::2026-08-19.18:03:38::SCWMssOS::"Running Make libs in ps7_cortexa9_0/libsrc/dmaps_v2_11/src"

TRACE::2026-08-19.18:03:38::SCWMssOS::make -C ps7_cortexa9_0/libsrc/dmaps_v2_11/src -s libs  "SHELL=CMD" "COMPILER=arm-none-eabi-gcc" "ASSEMBLER=arm-none-eabi-as" "A
TRACE::2026-08-19.18:03:38::SCWMssOS::RCHIVER=arm-none-eabi-ar" "COMPILER_FLAGS=  -O2 -c" "EXTRA_COMPILER_FLAGS=-mcpu=cortex-a9 -mfpu=vfpv3 -mfloat-abi=hard -nostart
TRACE::2026-08-19.18:03:38::SCWMssOS::files -g -Wall -Wextra -fno-tree-loop-distribute-patterns"

TRACE::2026-08-19.18:03:40::SCWMssOS::"Running Make libs in ps7_cortexa9_0/libsrc/emacps_v3_21/src"

TRACE::2026-08-19.18:03:40::SCWMssOS::make -C ps7_cortexa9_0/libsrc/emacps_v3_21/src -s libs  "SHELL=CMD" "COMPILER=arm-none-eabi-gcc" "ASSEMBLER=arm-none-eabi-as" "
TRACE::2026-08-19.18:03:40::SCWMssOS::ARCHIVER=arm-none-eabi-ar" "COMPILER_FLAGS=  -O2 -c" "EXTRA_COMPILER_FLAGS=-mcpu=cortex-a9 -mfpu=vfpv3 -mfloat-abi=hard -nostar
TRACE::2026-08-19.18:03:40::SCWMssOS::tfiles -g -Wall -Wextra -fno-tree-loop-distribute-patterns"

TRACE::2026-08-19.18:03:40::SCWMssOS::"Running Make libs in ps7_cortexa9_0/libsrc/gpiops_v3_13/src"

TRACE::2026-08-19.18:03:40::SCWMssOS::make -C ps7_cortexa9_0/libsrc/gpiops_v3_13/src -s libs  "SHELL=CMD" "COMPILER=arm-none-eabi-gcc" "ASSEMBLER=arm-none-eabi-as" "
TRACE::2026-08-19.18:03:40::SCWMssOS::ARCHIVER=arm-none-eabi-ar" "COMPILER_FLAGS=  -O2 -c" "EXTRA_COMPILER_FLAGS=-mcpu=cortex-a9 -mfpu=vfpv3 -mfloat-abi=hard -nostar
TRACE::2026-08-19.18:03:40::SCWMssOS::tfiles -g -Wall -Wextra -fno-tree-loop-distribute-patterns"

TRACE::2026-08-19.18:03:42::SCWMssOS::"Running Make libs in ps7_cortexa9_0/libsrc/qspips_v3_13/src"

TRACE::2026-08-19.18:03:42::SCWMssOS::make -C ps7_cortexa9_0/libsrc/qspips_v3_13/src -s libs  "SHELL=CMD" "COMPILER=arm-none-eabi-gcc" "ASSEMBLER=arm-none-eabi-as" "
TRACE::2026-08-19.18:03:42::SCWMssOS::ARCHIVER=arm-none-eabi-ar" "COMPILER_FLAGS=  -O2 -c" "EXTRA_COMPILER_FLAGS=-mcpu=cortex-a9 -mfpu=vfpv3 -mfloat-abi=hard -nostar
TRACE::2026-08-19.18:03:42::SCWMssOS::tfiles -g -Wall -Wextra -fno-tree-loop-distribute-patterns"

TRACE::2026-08-19.18:03:42::SCWMssOS::"Running Make libs in ps7_cortexa9_0/libsrc/scugic_v5_4/src"

TRACE::2026-08-19.18:03:42::SCWMssOS::make -C ps7_cortexa9_0/libsrc/scugic_v5_4/src -s libs  "SHELL=CMD" "COMPILER=arm-none-eabi-gcc" "ASSEMBLER=arm-none-eabi-as" "A
TRACE::2026-08-19.18:03:42::SCWMssOS::RCHIVER=arm-none-eabi-ar" "COMPILER_FLAGS=  -O2 -c" "EXTRA_COMPILER_FLAGS=-mcpu=cortex-a9 -mfpu=vfpv3 -mfloat-abi=hard -nostart
TRACE::2026-08-19.18:03:42::SCWMssOS::files -g -Wall -Wextra -fno-tree-loop-distribute-patterns"

TRACE::2026-08-19.18:03:44::SCWMssOS::"Running Make libs in ps7_cortexa9_0/libsrc/scutimer_v2_6/src"

TRACE::2026-08-19.18:03:44::SCWMssOS::make -C ps7_cortexa9_0/libsrc/scutimer_v2_6/src -s libs  "SHELL=CMD" "COMPILER=arm-none-eabi-gcc" "ASSEMBLER=arm-none-eabi-as" 
TRACE::2026-08-19.18:03:44::SCWMssOS::"ARCHIVER=arm-none-eabi-ar" "COMPILER_FLAGS=  -O2 -c" "EXTRA_COMPILER_FLAGS=-mcpu=cortex-a9 -mfpu=vfpv3 -mfloat-abi=hard -nosta
TRACE::2026-08-19.18:03:44::SCWMssOS::rtfiles -g -Wall -Wextra -fno-tree-loop-distribute-patterns"

TRACE::2026-08-19.18:03:44::SCWMssOS::"Running Make libs in ps7_cortexa9_0/libsrc/scuwdt_v2_6/src"

TRACE::2026-08-19.18:03:44::SCWMssOS::make -C ps7_cortexa9_0/libsrc/scuwdt_v2_6/src -s libs  "SHELL=CMD" "COMPILER=arm-none-eabi-gcc" "ASSEMBLER=arm-none-eabi-as" "A
TRACE::2026-08-19.18:03:44::SCWMssOS::RCHIVER=arm-none-eabi-ar" "COMPILER_FLAGS=  -O2 -c" "EXTRA_COMPILER_FLAGS=-mcpu=cortex-a9 -mfpu=vfpv3 -mfloat-abi=hard -nostart
TRACE::2026-08-19.18:03:44::SCWMssOS::files -g -Wall -Wextra -fno-tree-loop-distribute-patterns"

TRACE::2026-08-19.18:03:44::SCWMssOS::"Running Make libs in ps7_cortexa9_0/libsrc/sdps_v4_4/src"

TRACE::2026-08-19.18:03:44::SCWMssOS::make -C ps7_cortexa9_0/libsrc/sdps_v4_4/src -s libs  "SHELL=CMD" "COMPILER=arm-none-eabi-gcc" "ASSEMBLER=arm-none-eabi-as" "ARC
TRACE::2026-08-19.18:03:44::SCWMssOS::HIVER=arm-none-eabi-ar" "COMPILER_FLAGS=  -O2 -c" "EXTRA_COMPILER_FLAGS=-mcpu=cortex-a9 -mfpu=vfpv3 -mfloat-abi=hard -nostartfi
TRACE::2026-08-19.18:03:44::SCWMssOS::les -g -Wall -Wextra -fno-tree-loop-distribute-patterns"

TRACE::2026-08-19.18:03:44::SCWMssOS::"Running Make libs in ps7_cortexa9_0/libsrc/standalone_v9_2/src"

TRACE::2026-08-19.18:03:44::SCWMssOS::make -C ps7_cortexa9_0/libsrc/standalone_v9_2/src -s libs  "SHELL=CMD" "COMPILER=arm-none-eabi-gcc" "ASSEMBLER=arm-none-eabi-as
TRACE::2026-08-19.18:03:44::SCWMssOS::" "ARCHIVER=arm-none-eabi-ar" "COMPILER_FLAGS=  -O2 -c" "EXTRA_COMPILER_FLAGS=-mcpu=cortex-a9 -mfpu=vfpv3 -mfloat-abi=hard -nos
TRACE::2026-08-19.18:03:44::SCWMssOS::tartfiles -g -Wall -Wextra -fno-tree-loop-distribute-patterns"

TRACE::2026-08-19.18:03:47::SCWMssOS::"Running Make libs in ps7_cortexa9_0/libsrc/uartps_v3_15/src"

TRACE::2026-08-19.18:03:47::SCWMssOS::make -C ps7_cortexa9_0/libsrc/uartps_v3_15/src -s libs  "SHELL=CMD" "COMPILER=arm-none-eabi-gcc" "ASSEMBLER=arm-none-eabi-as" "
TRACE::2026-08-19.18:03:47::SCWMssOS::ARCHIVER=arm-none-eabi-ar" "COMPILER_FLAGS=  -O2 -c" "EXTRA_COMPILER_FLAGS=-mcpu=cortex-a9 -mfpu=vfpv3 -mfloat-abi=hard -nostar
TRACE::2026-08-19.18:03:47::SCWMssOS::tfiles -g -Wall -Wextra -fno-tree-loop-distribute-patterns"

TRACE::2026-08-19.18:03:49::SCWMssOS::"Running Make libs in ps7_cortexa9_0/libsrc/usbps_v2_9/src"

TRACE::2026-08-19.18:03:49::SCWMssOS::make -C ps7_cortexa9_0/libsrc/usbps_v2_9/src -s libs  "SHELL=CMD" "COMPILER=arm-none-eabi-gcc" "ASSEMBLER=arm-none-eabi-as" "AR
TRACE::2026-08-19.18:03:49::SCWMssOS::CHIVER=arm-none-eabi-ar" "COMPILER_FLAGS=  -O2 -c" "EXTRA_COMPILER_FLAGS=-mcpu=cortex-a9 -mfpu=vfpv3 -mfloat-abi=hard -nostartf
TRACE::2026-08-19.18:03:49::SCWMssOS::iles -g -Wall -Wextra -fno-tree-loop-distribute-patterns"

TRACE::2026-08-19.18:03:51::SCWMssOS::"Running Make libs in ps7_cortexa9_0/libsrc/xadcps_v2_7/src"

TRACE::2026-08-19.18:03:51::SCWMssOS::make -C ps7_cortexa9_0/libsrc/xadcps_v2_7/src -s libs  "SHELL=CMD" "COMPILER=arm-none-eabi-gcc" "ASSEMBLER=arm-none-eabi-as" "A
TRACE::2026-08-19.18:03:51::SCWMssOS::RCHIVER=arm-none-eabi-ar" "COMPILER_FLAGS=  -O2 -c" "EXTRA_COMPILER_FLAGS=-mcpu=cortex-a9 -mfpu=vfpv3 -mfloat-abi=hard -nostart
TRACE::2026-08-19.18:03:51::SCWMssOS::files -g -Wall -Wextra -fno-tree-loop-distribute-patterns"

TRACE::2026-08-19.18:03:53::SCWMssOS::"Running Make libs in ps7_cortexa9_0/libsrc/xiltimer_v2_1/src"

TRACE::2026-08-19.18:03:53::SCWMssOS::make -C ps7_cortexa9_0/libsrc/xiltimer_v2_1/src -s libs  "SHELL=CMD" "COMPILER=arm-none-eabi-gcc" "ASSEMBLER=arm-none-eabi-as" 
TRACE::2026-08-19.18:03:53::SCWMssOS::"ARCHIVER=arm-none-eabi-ar" "COMPILER_FLAGS=  -O2 -c" "EXTRA_COMPILER_FLAGS=-mcpu=cortex-a9 -mfpu=vfpv3 -mfloat-abi=hard -nosta
TRACE::2026-08-19.18:03:53::SCWMssOS::rtfiles -g -Wall -Wextra -fno-tree-loop-distribute-patterns"

TRACE::2026-08-19.18:03:53::SCWMssOS::"Compiling xiltimer Library"

TRACE::2026-08-19.18:03:55::SCWMssOS::'Finished building libraries parallelly.'

TRACE::2026-08-19.18:03:55::SCWMssOS::make --no-print-directory archive

TRACE::2026-08-19.18:03:55::SCWMssOS::arm-none-eabi-ar -r  ps7_cortexa9_0/lib/libxil.a ps7_cortexa9_0/lib/_exit.o ps7_cortexa9_0/lib/_open.o ps7_cortexa9_0/lib/_sbrk
TRACE::2026-08-19.18:03:55::SCWMssOS::.o ps7_cortexa9_0/lib/abort.o ps7_cortexa9_0/lib/asm_vectors.o ps7_cortexa9_0/lib/boot.o ps7_cortexa9_0/lib/close.o ps7_cortexa
TRACE::2026-08-19.18:03:55::SCWMssOS::9_0/lib/cpputest_time.o ps7_cortexa9_0/lib/cpu_init.o ps7_cortexa9_0/lib/errno.o ps7_cortexa9_0/lib/fcntl.o ps7_cortexa9_0/lib/
TRACE::2026-08-19.18:03:55::SCWMssOS::fstat.o ps7_cortexa9_0/lib/getentropy.o ps7_cortexa9_0/lib/getpid.o ps7_cortexa9_0/lib/gettimeofday.o ps7_cortexa9_0/lib/inbyte
TRACE::2026-08-19.18:03:55::SCWMssOS::.o ps7_cortexa9_0/lib/isatty.o ps7_cortexa9_0/lib/kill.o ps7_cortexa9_0/lib/lseek.o ps7_cortexa9_0/lib/open.o ps7_cortexa9_0/li
TRACE::2026-08-19.18:03:55::SCWMssOS::b/outbyte.o ps7_cortexa9_0/lib/print.o ps7_cortexa9_0/lib/putnum.o ps7_cortexa9_0/lib/read.o ps7_cortexa9_0/lib/sbrk.o ps7_cort
TRACE::2026-08-19.18:03:55::SCWMssOS::exa9_0/lib/time.o ps7_cortexa9_0/lib/translation_table.o ps7_cortexa9_0/lib/unlink.o ps7_cortexa9_0/lib/vectors.o ps7_cortexa9_
TRACE::2026-08-19.18:03:55::SCWMssOS::0/lib/write.o ps7_cortexa9_0/lib/xadcps.o ps7_cortexa9_0/lib/xadcps_g.o ps7_cortexa9_0/lib/xadcps_intr.o ps7_cortexa9_0/lib/xad
TRACE::2026-08-19.18:03:55::SCWMssOS::cps_selftest.o ps7_cortexa9_0/lib/xadcps_sinit.o ps7_cortexa9_0/lib/xaxidma.o ps7_cortexa9_0/lib/xaxidma_bd.o ps7_cortexa9_0/li
TRACE::2026-08-19.18:03:55::SCWMssOS::b/xaxidma_bdring.o ps7_cortexa9_0/lib/xaxidma_g.o ps7_cortexa9_0/lib/xaxidma_selftest.o ps7_cortexa9_0/lib/xaxidma_sinit.o ps7_
TRACE::2026-08-19.18:03:55::SCWMssOS::cortexa9_0/lib/xcanps.o ps7_cortexa9_0/lib/xcanps_g.o ps7_cortexa9_0/lib/xcanps_hw.o ps7_cortexa9_0/lib/xcanps_intr.o ps7_corte
TRACE::2026-08-19.18:03:55::SCWMssOS::xa9_0/lib/xcanps_selftest.o ps7_cortexa9_0/lib/xcanps_sinit.o ps7_cortexa9_0/lib/xcoresightpsdcc.o ps7_cortexa9_0/lib/xdevcfg.o
TRACE::2026-08-19.18:03:55::SCWMssOS:: ps7_cortexa9_0/lib/xdevcfg_g.o ps7_cortexa9_0/lib/xdevcfg_hw.o ps7_cortexa9_0/lib/xdevcfg_intr.o ps7_cortexa9_0/lib/xdevcfg_se
TRACE::2026-08-19.18:03:55::SCWMssOS::lftest.o ps7_cortexa9_0/lib/xdevcfg_sinit.o ps7_cortexa9_0/lib/xdmaps.o ps7_cortexa9_0/lib/xdmaps_g.o ps7_cortexa9_0/lib/xdmaps
TRACE::2026-08-19.18:03:55::SCWMssOS::_hw.o ps7_cortexa9_0/lib/xdmaps_selftest.o ps7_cortexa9_0/lib/xdmaps_sinit.o ps7_cortexa9_0/lib/xemacps.o ps7_cortexa9_0/lib/xe
TRACE::2026-08-19.18:03:55::SCWMssOS::macps_bdring.o ps7_cortexa9_0/lib/xemacps_control.o ps7_cortexa9_0/lib/xemacps_g.o ps7_cortexa9_0/lib/xemacps_hw.o ps7_cortexa9
TRACE::2026-08-19.18:03:55::SCWMssOS::_0/lib/xemacps_intr.o ps7_cortexa9_0/lib/xemacps_sinit.o ps7_cortexa9_0/lib/xgpiops.o ps7_cortexa9_0/lib/xgpiops_g.o ps7_cortex
TRACE::2026-08-19.18:03:55::SCWMssOS::a9_0/lib/xgpiops_hw.o ps7_cortexa9_0/lib/xgpiops_intr.o ps7_cortexa9_0/lib/xgpiops_selftest.o ps7_cortexa9_0/lib/xgpiops_sinit.
TRACE::2026-08-19.18:03:55::SCWMssOS::o ps7_cortexa9_0/lib/xil-crt0.o ps7_cortexa9_0/lib/xil_assert.o ps7_cortexa9_0/lib/xil_cache.o ps7_cortexa9_0/lib/xil_clocking.
TRACE::2026-08-19.18:03:55::SCWMssOS::o ps7_cortexa9_0/lib/xil_exception.o ps7_cortexa9_0/lib/xil_mem.o ps7_cortexa9_0/lib/xil_misc_psreset_api.o ps7_cortexa9_0/lib/
TRACE::2026-08-19.18:03:55::SCWMssOS::xil_mmu.o ps7_cortexa9_0/lib/xil_printf.o ps7_cortexa9_0/lib/xil_spinlock.o ps7_cortexa9_0/lib/xil_sutil.o ps7_cortexa9_0/lib/x
TRACE::2026-08-19.18:03:55::SCWMssOS::il_testcache.o ps7_cortexa9_0/lib/xil_testio.o ps7_cortexa9_0/lib/xil_testmem.o ps7_cortexa9_0/lib/xil_util.o ps7_cortexa9_0/li
TRACE::2026-08-19.18:03:55::SCWMssOS::b/xinterrupt_wrap.o ps7_cortexa9_0/lib/xl2cc_counter.o ps7_cortexa9_0/lib/xplatform_info.o ps7_cortexa9_0/lib/xpm_counter.o ps7
TRACE::2026-08-19.18:03:55::SCWMssOS::_cortexa9_0/lib/xpm_init.o ps7_cortexa9_0/lib/xqspips.o ps7_cortexa9_0/lib/xqspips_g.o ps7_cortexa9_0/lib/xqspips_hw.o ps7_cort
TRACE::2026-08-19.18:03:55::SCWMssOS::exa9_0/lib/xqspips_options.o ps7_cortexa9_0/lib/xqspips_selftest.o ps7_cortexa9_0/lib/xqspips_sinit.o ps7_cortexa9_0/lib/xscugi
TRACE::2026-08-19.18:03:55::SCWMssOS::c.o ps7_cortexa9_0/lib/xscugic_g.o ps7_cortexa9_0/lib/xscugic_hw.o ps7_cortexa9_0/lib/xscugic_intr.o ps7_cortexa9_0/lib/xscugic
TRACE::2026-08-19.18:03:55::SCWMssOS::_selftest.o ps7_cortexa9_0/lib/xscugic_sinit.o ps7_cortexa9_0/lib/xscutimer.o ps7_cortexa9_0/lib/xscutimer_g.o ps7_cortexa9_0/l
TRACE::2026-08-19.18:03:55::SCWMssOS::ib/xscutimer_selftest.o ps7_cortexa9_0/lib/xscutimer_sinit.o ps7_cortexa9_0/lib/xscuwdt.o ps7_cortexa9_0/lib/xscuwdt_g.o ps7_co
TRACE::2026-08-19.18:03:55::SCWMssOS::rtexa9_0/lib/xscuwdt_selftest.o ps7_cortexa9_0/lib/xscuwdt_sinit.o ps7_cortexa9_0/lib/xsdps.o ps7_cortexa9_0/lib/xsdps_card.o p
TRACE::2026-08-19.18:03:55::SCWMssOS::s7_cortexa9_0/lib/xsdps_g.o ps7_cortexa9_0/lib/xsdps_host.o ps7_cortexa9_0/lib/xsdps_options.o ps7_cortexa9_0/lib/xsdps_sinit.o
TRACE::2026-08-19.18:03:55::SCWMssOS:: ps7_cortexa9_0/lib/xuartps.o ps7_cortexa9_0/lib/xuartps_g.o ps7_cortexa9_0/lib/xuartps_hw.o ps7_cortexa9_0/lib/xuartps_intr.o 
TRACE::2026-08-19.18:03:55::SCWMssOS::ps7_cortexa9_0/lib/xuartps_options.o ps7_cortexa9_0/lib/xuartps_selftest.o ps7_cortexa9_0/lib/xuartps_sinit.o ps7_cortexa9_0/li
TRACE::2026-08-19.18:03:55::SCWMssOS::b/xusbps.o ps7_cortexa9_0/lib/xusbps_endpoint.o ps7_cortexa9_0/lib/xusbps_g.o ps7_cortexa9_0/lib/xusbps_hw.o ps7_cortexa9_0/lib
TRACE::2026-08-19.18:03:55::SCWMssOS::/xusbps_intr.o ps7_cortexa9_0/lib/xusbps_sinit.o

TRACE::2026-08-19.18:03:55::SCWMssOS::'Finished building libraries'

TRACE::2026-08-19.18:03:56::SCWMssOS::Copying to export directory.
TRACE::2026-08-19.18:03:56::SCWMssOS:: Checking if to create the Supporting Applications
TRACE::2026-08-19.18:03:56::SCWMssOS:: No Linux domain exists, trying to generate FSBL 
LOG::2026-08-19.18:03:56::SCWSystem::Completed Processing the domain standalone_ps7_cortexa9_0
LOG::2026-08-19.18:03:56::SCWSystem::Completed Processing the sysconfig HW_Export_V1
LOG::2026-08-19.18:03:56::SCWPlatform::Completed generating the artifacts for system configuration HW_Export_V1
TRACE::2026-08-19.18:03:56::SCWPlatform::Started preparing the platform 
TRACE::2026-08-19.18:03:56::SCWSystem::Writing the bif file for system config HW_Export_V1
TRACE::2026-08-19.18:03:56::SCWSystem::dir created 
TRACE::2026-08-19.18:03:56::SCWSystem::Writing the bif 
TRACE::2026-08-19.18:03:56::SCWPlatform::Started writing the spfm file 
TRACE::2026-08-19.18:03:56::SCWPlatform::Started writing the xpfm file 
TRACE::2026-08-19.18:03:56::SCWPlatform::Completed generating the platform
TRACE::2026-08-19.18:03:56::SCWMssOS::Saving the mss changes C:/Users/tillkorsmeier/Desktop/MA/Z7-Nano/ParEIS-MSX/SW/HW_Export_V1/zynq_fsbl/zynq_fsbl_bsp/system.mss
TRACE::2026-08-19.18:03:56::SCWMssOS::Found a swdesign opened with the mssfile.
TRACE::2026-08-19.18:03:56::SCWMssOS::Completed writemss as part of save.
TRACE::2026-08-19.18:03:56::SCWMssOS::Commit changes completed.
TRACE::2026-08-19.18:03:56::SCWMssOS::Saving the mss changes C:/Users/tillkorsmeier/Desktop/MA/Z7-Nano/ParEIS-MSX/SW/HW_Export_V1/ps7_cortexa9_0/standalone_ps7_cortexa9_0/bsp/system.mss
TRACE::2026-08-19.18:03:56::SCWMssOS::Found a swdesign opened with the mssfile.
TRACE::2026-08-19.18:03:56::SCWMssOS::Completed writemss as part of save.
TRACE::2026-08-19.18:03:56::SCWMssOS::Commit changes completed.
TRACE::2026-08-19.18:03:56::SCWPlatform::Trying to open the hw design at C:/Users/tillkorsmeier/Desktop/MA/Z7-Nano/ParEIS-MSX/SW/HW_Export_V1/hw/HW_Export_V2.xsa
TRACE::2026-08-19.18:03:56::SCWPlatform::DSA given C:/Users/tillkorsmeier/Desktop/MA/Z7-Nano/ParEIS-MSX/SW/HW_Export_V1/hw/HW_Export_V2.xsa
TRACE::2026-08-19.18:03:56::SCWPlatform::DSA absoulate path C:/Users/tillkorsmeier/Desktop/MA/Z7-Nano/ParEIS-MSX/SW/HW_Export_V1/hw/HW_Export_V2.xsa
TRACE::2026-08-19.18:03:56::SCWPlatform::DSA directory C:/Users/tillkorsmeier/Desktop/MA/Z7-Nano/ParEIS-MSX/SW/HW_Export_V1/hw
TRACE::2026-08-19.18:03:56::SCWPlatform:: Platform Path C:/Users/tillkorsmeier/Desktop/MA/Z7-Nano/ParEIS-MSX/SW/HW_Export_V1/hw/HW_Export_V2.xsa
TRACE::2026-08-19.18:03:56::SCWPlatform:: Unique name xilinx:::0.0
TRACE::2026-08-19.18:03:56::SCWPlatform::Trying to set the existing hwdb with name design_1_wrapper
TRACE::2026-08-19.18:03:56::SCWPlatform::Opened existing hwdb design_1_wrapper
TRACE::2026-08-19.18:03:56::SCWPlatform::Found the Hw Db part of the input DSA
TRACE::2026-08-19.18:03:56::SCWMssOS::Checking the sw design at  C:/Users/tillkorsmeier/Desktop/MA/Z7-Nano/ParEIS-MSX/SW/HW_Export_V1/zynq_fsbl/zynq_fsbl_bsp/system.mss
TRACE::2026-08-19.18:03:56::SCWMssOS::DEBUG:  swdes dump  C:/Users/tillkorsmeier/Desktop/MA/Z7-Nano/ParEIS-MSX/SW/HW_Export_V1/ps7_cortexa9_0/standalone_ps7_cortexa9_0/bsp/system.mss|system_0||
C:/Users/tillkorsmeier/Desktop/MA/Z7-Nano/ParEIS-MSX/SW/HW_Export_V1/zynq_fsbl/zynq_fsbl_bsp/system.mss|system||

TRACE::2026-08-19.18:03:56::SCWMssOS::Sw design exists and opened at  C:/Users/tillkorsmeier/Desktop/MA/Z7-Nano/ParEIS-MSX/SW/HW_Export_V1/zynq_fsbl/zynq_fsbl_bsp/system.mss
TRACE::2026-08-19.18:03:56::SCWPlatform::Trying to open the hw design at C:/Users/tillkorsmeier/Desktop/MA/Z7-Nano/ParEIS-MSX/SW/HW_Export_V1/hw/HW_Export_V2.xsa
TRACE::2026-08-19.18:03:56::SCWPlatform::DSA given C:/Users/tillkorsmeier/Desktop/MA/Z7-Nano/ParEIS-MSX/SW/HW_Export_V1/hw/HW_Export_V2.xsa
TRACE::2026-08-19.18:03:56::SCWPlatform::DSA absoulate path C:/Users/tillkorsmeier/Desktop/MA/Z7-Nano/ParEIS-MSX/SW/HW_Export_V1/hw/HW_Export_V2.xsa
TRACE::2026-08-19.18:03:56::SCWPlatform::DSA directory C:/Users/tillkorsmeier/Desktop/MA/Z7-Nano/ParEIS-MSX/SW/HW_Export_V1/hw
TRACE::2026-08-19.18:03:56::SCWPlatform:: Platform Path C:/Users/tillkorsmeier/Desktop/MA/Z7-Nano/ParEIS-MSX/SW/HW_Export_V1/hw/HW_Export_V2.xsa
TRACE::2026-08-19.18:03:56::SCWPlatform:: Unique name xilinx:::0.0
TRACE::2026-08-19.18:03:56::SCWPlatform::Trying to set the existing hwdb with name design_1_wrapper
TRACE::2026-08-19.18:03:56::SCWPlatform::Opened existing hwdb design_1_wrapper
TRACE::2026-08-19.18:03:56::SCWPlatform::Found the Hw Db part of the input DSA
TRACE::2026-08-19.18:03:56::SCWMssOS::Checking the sw design at  C:/Users/tillkorsmeier/Desktop/MA/Z7-Nano/ParEIS-MSX/SW/HW_Export_V1/ps7_cortexa9_0/standalone_ps7_cortexa9_0/bsp/system.mss
TRACE::2026-08-19.18:03:56::SCWMssOS::DEBUG:  swdes dump  C:/Users/tillkorsmeier/Desktop/MA/Z7-Nano/ParEIS-MSX/SW/HW_Export_V1/ps7_cortexa9_0/standalone_ps7_cortexa9_0/bsp/system.mss|system_0||
C:/Users/tillkorsmeier/Desktop/MA/Z7-Nano/ParEIS-MSX/SW/HW_Export_V1/zynq_fsbl/zynq_fsbl_bsp/system.mss|system||

TRACE::2026-08-19.18:03:56::SCWMssOS::Sw design exists and opened at  C:/Users/tillkorsmeier/Desktop/MA/Z7-Nano/ParEIS-MSX/SW/HW_Export_V1/ps7_cortexa9_0/standalone_ps7_cortexa9_0/bsp/system.mss
TRACE::2026-08-19.18:03:56::SCWWriter::formatted JSON is {
	"platformName":	"HW_Export_V1",
	"sprVersion":	"2.0",
	"mode":	"gui",
	"dsaType":	"Fixed",
	"platformDesc":	"HW_Export_V1",
	"platHandOff":	"C:/Users/tillkorsmeier/Desktop/MA/Z7-Nano/ParEIS-MSX/SW/HW_Export_V2.xsa",
	"platIntHandOff":	"<platformDir>/hw/HW_Export_V2.xsa",
	"deviceType":	"zynq",
	"platIsPrebuiltAutogen":	"false",
	"platIsNoBootBsp":	"false",
	"hasFsblMakeHasChanges":	"false",
	"hasPmufwMakeHasChanges":	"false",
	"fsblExtraCompilerFlags":	"-MMD -MP       -mcpu=cortex-a9 -mfpu=vfpv3 -mfloat-abi=hard ",
	"platPreBuiltFlag":	false,
	"platformSamplesDir":	"",
	"platActiveSys":	"HW_Export_V1",
	"systems":	[{
			"systemName":	"HW_Export_V1",
			"systemDesc":	"HW_Export_V1",
			"sysIsBootAutoGen":	"true",
			"systemDispName":	"HW_Export_V1",
			"sysActiveDom":	"standalone_ps7_cortexa9_0",
			"sysDefaultDom":	"standalone_ps7_cortexa9_0",
			"domains":	[{
					"domainName":	"zynq_fsbl",
					"domainDispName":	"zynq_fsbl",
					"domainDesc":	"FSBL Application BSP - Auto Generated.",
					"processors":	"ps7_cortexa9_0",
					"os":	"standalone",
					"sdxOs":	"standalone",
					"debugEnable":	"",
					"domRuntimes":	["cpp"],
					"swRepo":	"",
					"mssOsVer":	"9.2",
					"mssFile":	"",
					"md5Digest":	"eb13c396dfacc0d4cf82f9f4d1da7be6",
					"compatibleApp":	"zynq_fsbl",
					"domType":	"bootDomain",
					"arch":	"32-bit",
					"appSettings":	{
						"appCompilerFlags":	"",
						"appLinkerFlags":	""
					},
					"addedLibs":	["xilffs:5.3", "xilrsa:1.8"],
					"libOptions":	{
						"libsContainingOptions":	[]
					},
					"prebuiltLibs":	{
						"prebuiltIncPath":	[],
						"prebuiltLibPath":	[]
					},
					"isolation":	{
					}
				}, {
					"domainName":	"standalone_ps7_cortexa9_0",
					"domainDispName":	"standalone_ps7_cortexa9_0",
					"domainDesc":	"standalone_ps7_cortexa9_0",
					"processors":	"ps7_cortexa9_0",
					"os":	"standalone",
					"sdxOs":	"standalone",
					"qemuArgs":	"<platformDir>/resources/HW_Export_V1/standalone_ps7_cortexa9_0/qemu_args.txt",
					"qemuData":	"<platformDir>/resources/HW_Export_V1/standalone_ps7_cortexa9_0/qemu",
					"debugEnable":	"False",
					"domRuntimes":	["cpp"],
					"swRepo":	"",
					"mssOsVer":	"9.2",
					"mssFile":	"",
					"md5Digest":	"35afe3afc5b1bf8f5a86c8734e9cd7a5",
					"compatibleApp":	"",
					"domType":	"mssDomain",
					"arch":	"32-bit",
					"appSettings":	{
						"appCompilerFlags":	"",
						"appLinkerFlags":	""
					},
					"addedLibs":	["lwip220:1.1", "xiltimer:2.1"],
					"libOptions":	{
						"lwip220":	{
							"mem_size":	"1000000",
							"memp_n_tcp_seg":	"65001",
							"phy_link_speed":	"CONFIG_LINKSPEED100",
							"tcp_snd_buf":	"65000",
							"libOptionNames":	["mem_size", "memp_n_tcp_seg", "phy_link_speed", "tcp_snd_buf"]
						},
						"libsContainingOptions":	["lwip220"]
					},
					"prebuiltLibs":	{
						"prebuiltIncPath":	[],
						"prebuiltLibPath":	[]
					},
					"isolation":	{
					}
				}]
		}]
}
KEYINFO::2026-08-19.18:03:56::SCWPlatform::updated the xpfm file.
TRACE::2026-08-19.18:03:56::SCWPlatform::Trying to open the hw design at C:/Users/tillkorsmeier/Desktop/MA/Z7-Nano/ParEIS-MSX/SW/HW_Export_V1/hw/HW_Export_V2.xsa
TRACE::2026-08-19.18:03:56::SCWPlatform::DSA given C:/Users/tillkorsmeier/Desktop/MA/Z7-Nano/ParEIS-MSX/SW/HW_Export_V1/hw/HW_Export_V2.xsa
TRACE::2026-08-19.18:03:56::SCWPlatform::DSA absoulate path C:/Users/tillkorsmeier/Desktop/MA/Z7-Nano/ParEIS-MSX/SW/HW_Export_V1/hw/HW_Export_V2.xsa
TRACE::2026-08-19.18:03:56::SCWPlatform::DSA directory C:/Users/tillkorsmeier/Desktop/MA/Z7-Nano/ParEIS-MSX/SW/HW_Export_V1/hw
TRACE::2026-08-19.18:03:56::SCWPlatform:: Platform Path C:/Users/tillkorsmeier/Desktop/MA/Z7-Nano/ParEIS-MSX/SW/HW_Export_V1/hw/HW_Export_V2.xsa
TRACE::2026-08-19.18:03:56::SCWPlatform:: Unique name xilinx:::0.0
TRACE::2026-08-19.18:03:56::SCWPlatform::Trying to set the existing hwdb with name design_1_wrapper
TRACE::2026-08-19.18:03:56::SCWPlatform::Opened existing hwdb design_1_wrapper
TRACE::2026-08-19.18:03:56::SCWPlatform::Found the Hw Db part of the input DSA
TRACE::2026-08-19.18:03:56::SCWMssOS::Checking the sw design at  C:/Users/tillkorsmeier/Desktop/MA/Z7-Nano/ParEIS-MSX/SW/HW_Export_V1/ps7_cortexa9_0/standalone_ps7_cortexa9_0/bsp/system.mss
TRACE::2026-08-19.18:03:56::SCWMssOS::DEBUG:  swdes dump  C:/Users/tillkorsmeier/Desktop/MA/Z7-Nano/ParEIS-MSX/SW/HW_Export_V1/ps7_cortexa9_0/standalone_ps7_cortexa9_0/bsp/system.mss|system_0||
C:/Users/tillkorsmeier/Desktop/MA/Z7-Nano/ParEIS-MSX/SW/HW_Export_V1/zynq_fsbl/zynq_fsbl_bsp/system.mss|system||

TRACE::2026-08-19.18:03:56::SCWMssOS::Sw design exists and opened at  C:/Users/tillkorsmeier/Desktop/MA/Z7-Nano/ParEIS-MSX/SW/HW_Export_V1/ps7_cortexa9_0/standalone_ps7_cortexa9_0/bsp/system.mss
TRACE::2026-08-19.18:04:16::SCWBDomain::System Command Ran  C:&  cd  C:/Users/tillkorsmeier/Desktop/MA/Z7-Nano/ParEIS-MSX/SW/HW_Export_V1/zynq_fsbl & make clean
TRACE::2026-08-19.18:04:16::SCWBDomain::rm -rf  sd.o  nand.o  image_mover.o  md5.o  fsbl_hooks.o  main.o  nor.o  qspi.o  rsa.o  ps7_init.o  pcap.o  fsbl_handoff.o zynq
TRACE::2026-08-19.18:04:16::SCWBDomain::_fsbl_bsp/ps7_cortexa9_0/lib/libxil.a fsbl.elf *.o

TRACE::2026-08-19.18:04:16::SCWBDomain::System Command Ran  C:&  cd  C:/Users/tillkorsmeier/Desktop/MA/Z7-Nano/ParEIS-MSX/SW/HW_Export_V1/zynq_fsbl/zynq_fsbl_bsp & make clean
TRACE::2026-08-19.18:04:16::SCWBDomain::make -C ps7_cortexa9_0/libsrc/AddCycle_Acquisition_v1_0/src -s clean 

TRACE::2026-08-19.18:04:16::SCWBDomain::make -C ps7_cortexa9_0/libsrc/axidma_v9_19/src -s clean 

TRACE::2026-08-19.18:04:16::SCWBDomain::make -C ps7_cortexa9_0/libsrc/canps_v3_9/src -s clean 

TRACE::2026-08-19.18:04:16::SCWBDomain::make -C ps7_cortexa9_0/libsrc/coresightps_dcc_v1_11/src -s clean 

TRACE::2026-08-19.18:04:16::SCWBDomain::make -C ps7_cortexa9_0/libsrc/cpu_cortexa9_v2_12/src -s clean 

TRACE::2026-08-19.18:04:16::SCWBDomain::make -C ps7_cortexa9_0/libsrc/ddrps_v1_2/src -s clean 

TRACE::2026-08-19.18:04:17::SCWBDomain::make -C ps7_cortexa9_0/libsrc/devcfg_v3_8/src -s clean 

TRACE::2026-08-19.18:04:17::SCWBDomain::make -C ps7_cortexa9_0/libsrc/dmaps_v2_11/src -s clean 

TRACE::2026-08-19.18:04:17::SCWBDomain::make -C ps7_cortexa9_0/libsrc/emacps_v3_21/src -s clean 

TRACE::2026-08-19.18:04:17::SCWBDomain::make -C ps7_cortexa9_0/libsrc/gpiops_v3_13/src -s clean 

TRACE::2026-08-19.18:04:17::SCWBDomain::make -C ps7_cortexa9_0/libsrc/qspips_v3_13/src -s clean 

TRACE::2026-08-19.18:04:17::SCWBDomain::make -C ps7_cortexa9_0/libsrc/scugic_v5_4/src -s clean 

TRACE::2026-08-19.18:04:18::SCWBDomain::make -C ps7_cortexa9_0/libsrc/scutimer_v2_6/src -s clean 

TRACE::2026-08-19.18:04:18::SCWBDomain::make -C ps7_cortexa9_0/libsrc/scuwdt_v2_6/src -s clean 

TRACE::2026-08-19.18:04:18::SCWBDomain::make -C ps7_cortexa9_0/libsrc/sdps_v4_4/src -s clean 

TRACE::2026-08-19.18:04:18::SCWBDomain::make -C ps7_cortexa9_0/libsrc/standalone_v9_2/src -s clean 

TRACE::2026-08-19.18:04:19::SCWBDomain::make -C ps7_cortexa9_0/libsrc/uartps_v3_15/src -s clean 

TRACE::2026-08-19.18:04:19::SCWBDomain::make -C ps7_cortexa9_0/libsrc/usbps_v2_9/src -s clean 

TRACE::2026-08-19.18:04:19::SCWBDomain::make -C ps7_cortexa9_0/libsrc/xadcps_v2_7/src -s clean 

TRACE::2026-08-19.18:04:19::SCWBDomain::make -C ps7_cortexa9_0/libsrc/xilffs_v5_3/src -s clean 

TRACE::2026-08-19.18:04:19::SCWBDomain::make -C ps7_cortexa9_0/libsrc/xilrsa_v1_8/src -s clean 

TRACE::2026-08-19.18:04:19::SCWBDomain::rm -f ps7_cortexa9_0/lib/libxil.a

TRACE::2026-08-19.18:04:19::SCWMssOS::cleaning the bsp 
TRACE::2026-08-19.18:04:19::SCWMssOS::System Command Ran  C: & cd  C:/Users/tillkorsmeier/Desktop/MA/Z7-Nano/ParEIS-MSX/SW/HW_Export_V1/ps7_cortexa9_0/standalone_ps7_cortexa9_0/bsp & make clean 
TRACE::2026-08-19.18:04:19::SCWMssOS::make -C ps7_cortexa9_0/libsrc/AddCycle_Acquisition_v1_0/src -s clean 

TRACE::2026-08-19.18:04:19::SCWMssOS::make -C ps7_cortexa9_0/libsrc/axidma_v9_19/src -s clean 

TRACE::2026-08-19.18:04:20::SCWMssOS::make -C ps7_cortexa9_0/libsrc/canps_v3_9/src -s clean 

TRACE::2026-08-19.18:04:20::SCWMssOS::make -C ps7_cortexa9_0/libsrc/coresightps_dcc_v1_11/src -s clean 

TRACE::2026-08-19.18:04:20::SCWMssOS::make -C ps7_cortexa9_0/libsrc/cpu_cortexa9_v2_12/src -s clean 

TRACE::2026-08-19.18:04:20::SCWMssOS::make -C ps7_cortexa9_0/libsrc/ddrps_v1_2/src -s clean 

TRACE::2026-08-19.18:04:20::SCWMssOS::make -C ps7_cortexa9_0/libsrc/devcfg_v3_8/src -s clean 

TRACE::2026-08-19.18:04:20::SCWMssOS::make -C ps7_cortexa9_0/libsrc/dmaps_v2_11/src -s clean 

TRACE::2026-08-19.18:04:21::SCWMssOS::make -C ps7_cortexa9_0/libsrc/emacps_v3_21/src -s clean 

TRACE::2026-08-19.18:04:21::SCWMssOS::make -C ps7_cortexa9_0/libsrc/gpiops_v3_13/src -s clean 

TRACE::2026-08-19.18:04:21::SCWMssOS::make -C ps7_cortexa9_0/libsrc/lwip220_v1_1/src -s clean 

TRACE::2026-08-19.18:04:21::SCWMssOS::make -C ps7_cortexa9_0/libsrc/qspips_v3_13/src -s clean 

TRACE::2026-08-19.18:04:21::SCWMssOS::make -C ps7_cortexa9_0/libsrc/scugic_v5_4/src -s clean 

TRACE::2026-08-19.18:04:21::SCWMssOS::make -C ps7_cortexa9_0/libsrc/scutimer_v2_6/src -s clean 

TRACE::2026-08-19.18:04:22::SCWMssOS::make -C ps7_cortexa9_0/libsrc/scuwdt_v2_6/src -s clean 

TRACE::2026-08-19.18:04:22::SCWMssOS::make -C ps7_cortexa9_0/libsrc/sdps_v4_4/src -s clean 

TRACE::2026-08-19.18:04:22::SCWMssOS::make -C ps7_cortexa9_0/libsrc/standalone_v9_2/src -s clean 

TRACE::2026-08-19.18:04:22::SCWMssOS::make -C ps7_cortexa9_0/libsrc/uartps_v3_15/src -s clean 

TRACE::2026-08-19.18:04:22::SCWMssOS::make -C ps7_cortexa9_0/libsrc/usbps_v2_9/src -s clean 

TRACE::2026-08-19.18:04:22::SCWMssOS::make -C ps7_cortexa9_0/libsrc/xadcps_v2_7/src -s clean 

TRACE::2026-08-19.18:04:23::SCWMssOS::make -C ps7_cortexa9_0/libsrc/xiltimer_v2_1/src -s clean 

TRACE::2026-08-19.18:04:23::SCWMssOS::rm -f ps7_cortexa9_0/lib/libxil.a

LOG::2026-08-19.18:04:49::SCWPlatform::Started generating the artifacts platform HW_Export_V1
TRACE::2026-08-19.18:04:49::SCWPlatform::Sanity checking of platform is completed
LOG::2026-08-19.18:04:49::SCWPlatform::Started generating the artifacts for system configuration HW_Export_V1
LOG::2026-08-19.18:04:49::SCWSystem::Checking the domain zynq_fsbl
LOG::2026-08-19.18:04:49::SCWSystem::Doing application build for :  zynq_fsbl
TRACE::2026-08-19.18:04:49::SCWBDomain::Not a forced makefile updation, No changes are present. 
TRACE::2026-08-19.18:04:49::SCWDomain::Building the domain as part of full build :  zynq_fsbl
TRACE::2026-08-19.18:04:49::SCWPlatform::Trying to open the hw design at C:/Users/tillkorsmeier/Desktop/MA/Z7-Nano/ParEIS-MSX/SW/HW_Export_V1/hw/HW_Export_V2.xsa
TRACE::2026-08-19.18:04:49::SCWPlatform::DSA given C:/Users/tillkorsmeier/Desktop/MA/Z7-Nano/ParEIS-MSX/SW/HW_Export_V1/hw/HW_Export_V2.xsa
TRACE::2026-08-19.18:04:49::SCWPlatform::DSA absoulate path C:/Users/tillkorsmeier/Desktop/MA/Z7-Nano/ParEIS-MSX/SW/HW_Export_V1/hw/HW_Export_V2.xsa
TRACE::2026-08-19.18:04:49::SCWPlatform::DSA directory C:/Users/tillkorsmeier/Desktop/MA/Z7-Nano/ParEIS-MSX/SW/HW_Export_V1/hw
TRACE::2026-08-19.18:04:49::SCWPlatform:: Platform Path C:/Users/tillkorsmeier/Desktop/MA/Z7-Nano/ParEIS-MSX/SW/HW_Export_V1/hw/HW_Export_V2.xsa
TRACE::2026-08-19.18:04:49::SCWPlatform:: Unique name xilinx:::0.0
TRACE::2026-08-19.18:04:49::SCWPlatform::Trying to set the existing hwdb with name design_1_wrapper
TRACE::2026-08-19.18:04:49::SCWPlatform::Opened existing hwdb design_1_wrapper
TRACE::2026-08-19.18:04:49::SCWPlatform::Found the Hw Db part of the input DSA
TRACE::2026-08-19.18:04:49::SCWMssOS::Checking the sw design at  C:/Users/tillkorsmeier/Desktop/MA/Z7-Nano/ParEIS-MSX/SW/HW_Export_V1/zynq_fsbl/zynq_fsbl_bsp/system.mss
TRACE::2026-08-19.18:04:49::SCWMssOS::DEBUG:  swdes dump  C:/Users/tillkorsmeier/Desktop/MA/Z7-Nano/ParEIS-MSX/SW/HW_Export_V1/ps7_cortexa9_0/standalone_ps7_cortexa9_0/bsp/system.mss|system_0||
C:/Users/tillkorsmeier/Desktop/MA/Z7-Nano/ParEIS-MSX/SW/HW_Export_V1/zynq_fsbl/zynq_fsbl_bsp/system.mss|system||

TRACE::2026-08-19.18:04:49::SCWMssOS::Sw design exists and opened at  C:/Users/tillkorsmeier/Desktop/MA/Z7-Nano/ParEIS-MSX/SW/HW_Export_V1/zynq_fsbl/zynq_fsbl_bsp/system.mss
TRACE::2026-08-19.18:04:49::SCWBDomain::Completed writing the mss file at C:/Users/tillkorsmeier/Desktop/MA/Z7-Nano/ParEIS-MSX/SW/HW_Export_V1/zynq_fsbl/zynq_fsbl_bsp
TRACE::2026-08-19.18:04:49::SCWBDomain::bsp generated is upto date with the mss file. Skipping bsp generation.
TRACE::2026-08-19.18:04:49::SCWBDomain::Not a forced makefile updation, No changes are present. 
TRACE::2026-08-19.18:04:49::SCWBDomain::System Command Ran  C:&  cd  C:/Users/tillkorsmeier/Desktop/MA/Z7-Nano/ParEIS-MSX/SW/HW_Export_V1/zynq_fsbl& make -C  zynq_fsbl_bsp & make 
TRACE::2026-08-19.18:04:49::SCWBDomain::make: Entering directory 'C:/Users/tillkorsmeier/Desktop/MA/Z7-Nano/ParEIS-MSX/SW/HW_Export_V1/zynq_fsbl/zynq_fsbl_bsp'

TRACE::2026-08-19.18:04:49::SCWBDomain::make --no-print-directory seq_libs

TRACE::2026-08-19.18:04:49::SCWBDomain::"Running Make include in ps7_cortexa9_0/libsrc/AddCycle_Acquisition_v1_0/src"

TRACE::2026-08-19.18:04:49::SCWBDomain::make -C ps7_cortexa9_0/libsrc/AddCycle_Acquisition_v1_0/src -s include  "SHELL=CMD" "COMPILER=arm-none-eabi-gcc" "ASSEMBLER=arm
TRACE::2026-08-19.18:04:49::SCWBDomain::-none-eabi-as" "ARCHIVER=arm-none-eabi-ar" "COMPILER_FLAGS=  -O2 -c" "EXTRA_COMPILER_FLAGS=-mcpu=cortex-a9 -mfpu=vfpv3 -mfloat-
TRACE::2026-08-19.18:04:49::SCWBDomain::abi=hard -nostartfiles -g -Wall -Wextra -fno-tree-loop-distribute-patterns"

TRACE::2026-08-19.18:04:49::SCWBDomain::"Running Make include in ps7_cortexa9_0/libsrc/axidma_v9_19/src"

TRACE::2026-08-19.18:04:49::SCWBDomain::make -C ps7_cortexa9_0/libsrc/axidma_v9_19/src -s include  "SHELL=CMD" "COMPILER=arm-none-eabi-gcc" "ASSEMBLER=arm-none-eabi-as
TRACE::2026-08-19.18:04:49::SCWBDomain::" "ARCHIVER=arm-none-eabi-ar" "COMPILER_FLAGS=  -O2 -c" "EXTRA_COMPILER_FLAGS=-mcpu=cortex-a9 -mfpu=vfpv3 -mfloat-abi=hard -nos
TRACE::2026-08-19.18:04:49::SCWBDomain::tartfiles -g -Wall -Wextra -fno-tree-loop-distribute-patterns"

TRACE::2026-08-19.18:04:50::SCWBDomain::"Running Make include in ps7_cortexa9_0/libsrc/canps_v3_9/src"

TRACE::2026-08-19.18:04:50::SCWBDomain::make -C ps7_cortexa9_0/libsrc/canps_v3_9/src -s include  "SHELL=CMD" "COMPILER=arm-none-eabi-gcc" "ASSEMBLER=arm-none-eabi-as" 
TRACE::2026-08-19.18:04:50::SCWBDomain::"ARCHIVER=arm-none-eabi-ar" "COMPILER_FLAGS=  -O2 -c" "EXTRA_COMPILER_FLAGS=-mcpu=cortex-a9 -mfpu=vfpv3 -mfloat-abi=hard -nosta
TRACE::2026-08-19.18:04:50::SCWBDomain::rtfiles -g -Wall -Wextra -fno-tree-loop-distribute-patterns"

TRACE::2026-08-19.18:04:50::SCWBDomain::"Running Make include in ps7_cortexa9_0/libsrc/coresightps_dcc_v1_11/src"

TRACE::2026-08-19.18:04:50::SCWBDomain::make -C ps7_cortexa9_0/libsrc/coresightps_dcc_v1_11/src -s include  "SHELL=CMD" "COMPILER=arm-none-eabi-gcc" "ASSEMBLER=arm-non
TRACE::2026-08-19.18:04:50::SCWBDomain::e-eabi-as" "ARCHIVER=arm-none-eabi-ar" "COMPILER_FLAGS=  -O2 -c" "EXTRA_COMPILER_FLAGS=-mcpu=cortex-a9 -mfpu=vfpv3 -mfloat-abi=
TRACE::2026-08-19.18:04:50::SCWBDomain::hard -nostartfiles -g -Wall -Wextra -fno-tree-loop-distribute-patterns"

TRACE::2026-08-19.18:04:50::SCWBDomain::"Running Make include in ps7_cortexa9_0/libsrc/cpu_cortexa9_v2_12/src"

TRACE::2026-08-19.18:04:50::SCWBDomain::make -C ps7_cortexa9_0/libsrc/cpu_cortexa9_v2_12/src -s include  "SHELL=CMD" "COMPILER=arm-none-eabi-gcc" "ASSEMBLER=arm-none-e
TRACE::2026-08-19.18:04:50::SCWBDomain::abi-as" "ARCHIVER=arm-none-eabi-ar" "COMPILER_FLAGS=  -O2 -c" "EXTRA_COMPILER_FLAGS=-mcpu=cortex-a9 -mfpu=vfpv3 -mfloat-abi=har
TRACE::2026-08-19.18:04:50::SCWBDomain::d -nostartfiles -g -Wall -Wextra -fno-tree-loop-distribute-patterns"

TRACE::2026-08-19.18:04:50::SCWBDomain::"Running Make include in ps7_cortexa9_0/libsrc/ddrps_v1_2/src"

TRACE::2026-08-19.18:04:50::SCWBDomain::make -C ps7_cortexa9_0/libsrc/ddrps_v1_2/src -s include  "SHELL=CMD" "COMPILER=arm-none-eabi-gcc" "ASSEMBLER=arm-none-eabi-as" 
TRACE::2026-08-19.18:04:50::SCWBDomain::"ARCHIVER=arm-none-eabi-ar" "COMPILER_FLAGS=  -O2 -c" "EXTRA_COMPILER_FLAGS=-mcpu=cortex-a9 -mfpu=vfpv3 -mfloat-abi=hard -nosta
TRACE::2026-08-19.18:04:50::SCWBDomain::rtfiles -g -Wall -Wextra -fno-tree-loop-distribute-patterns"

TRACE::2026-08-19.18:04:50::SCWBDomain::"Running Make include in ps7_cortexa9_0/libsrc/devcfg_v3_8/src"

TRACE::2026-08-19.18:04:50::SCWBDomain::make -C ps7_cortexa9_0/libsrc/devcfg_v3_8/src -s include  "SHELL=CMD" "COMPILER=arm-none-eabi-gcc" "ASSEMBLER=arm-none-eabi-as"
TRACE::2026-08-19.18:04:50::SCWBDomain:: "ARCHIVER=arm-none-eabi-ar" "COMPILER_FLAGS=  -O2 -c" "EXTRA_COMPILER_FLAGS=-mcpu=cortex-a9 -mfpu=vfpv3 -mfloat-abi=hard -nost
TRACE::2026-08-19.18:04:50::SCWBDomain::artfiles -g -Wall -Wextra -fno-tree-loop-distribute-patterns"

TRACE::2026-08-19.18:04:50::SCWBDomain::"Running Make include in ps7_cortexa9_0/libsrc/dmaps_v2_11/src"

TRACE::2026-08-19.18:04:50::SCWBDomain::make -C ps7_cortexa9_0/libsrc/dmaps_v2_11/src -s include  "SHELL=CMD" "COMPILER=arm-none-eabi-gcc" "ASSEMBLER=arm-none-eabi-as"
TRACE::2026-08-19.18:04:50::SCWBDomain:: "ARCHIVER=arm-none-eabi-ar" "COMPILER_FLAGS=  -O2 -c" "EXTRA_COMPILER_FLAGS=-mcpu=cortex-a9 -mfpu=vfpv3 -mfloat-abi=hard -nost
TRACE::2026-08-19.18:04:50::SCWBDomain::artfiles -g -Wall -Wextra -fno-tree-loop-distribute-patterns"

TRACE::2026-08-19.18:04:50::SCWBDomain::"Running Make include in ps7_cortexa9_0/libsrc/emacps_v3_21/src"

TRACE::2026-08-19.18:04:50::SCWBDomain::make -C ps7_cortexa9_0/libsrc/emacps_v3_21/src -s include  "SHELL=CMD" "COMPILER=arm-none-eabi-gcc" "ASSEMBLER=arm-none-eabi-as
TRACE::2026-08-19.18:04:50::SCWBDomain::" "ARCHIVER=arm-none-eabi-ar" "COMPILER_FLAGS=  -O2 -c" "EXTRA_COMPILER_FLAGS=-mcpu=cortex-a9 -mfpu=vfpv3 -mfloat-abi=hard -nos
TRACE::2026-08-19.18:04:50::SCWBDomain::tartfiles -g -Wall -Wextra -fno-tree-loop-distribute-patterns"

TRACE::2026-08-19.18:04:50::SCWBDomain::"Running Make include in ps7_cortexa9_0/libsrc/gpiops_v3_13/src"

TRACE::2026-08-19.18:04:50::SCWBDomain::make -C ps7_cortexa9_0/libsrc/gpiops_v3_13/src -s include  "SHELL=CMD" "COMPILER=arm-none-eabi-gcc" "ASSEMBLER=arm-none-eabi-as
TRACE::2026-08-19.18:04:50::SCWBDomain::" "ARCHIVER=arm-none-eabi-ar" "COMPILER_FLAGS=  -O2 -c" "EXTRA_COMPILER_FLAGS=-mcpu=cortex-a9 -mfpu=vfpv3 -mfloat-abi=hard -nos
TRACE::2026-08-19.18:04:50::SCWBDomain::tartfiles -g -Wall -Wextra -fno-tree-loop-distribute-patterns"

TRACE::2026-08-19.18:04:50::SCWBDomain::"Running Make include in ps7_cortexa9_0/libsrc/qspips_v3_13/src"

TRACE::2026-08-19.18:04:50::SCWBDomain::make -C ps7_cortexa9_0/libsrc/qspips_v3_13/src -s include  "SHELL=CMD" "COMPILER=arm-none-eabi-gcc" "ASSEMBLER=arm-none-eabi-as
TRACE::2026-08-19.18:04:50::SCWBDomain::" "ARCHIVER=arm-none-eabi-ar" "COMPILER_FLAGS=  -O2 -c" "EXTRA_COMPILER_FLAGS=-mcpu=cortex-a9 -mfpu=vfpv3 -mfloat-abi=hard -nos
TRACE::2026-08-19.18:04:50::SCWBDomain::tartfiles -g -Wall -Wextra -fno-tree-loop-distribute-patterns"

TRACE::2026-08-19.18:04:50::SCWBDomain::"Running Make include in ps7_cortexa9_0/libsrc/scugic_v5_4/src"

TRACE::2026-08-19.18:04:50::SCWBDomain::make -C ps7_cortexa9_0/libsrc/scugic_v5_4/src -s include  "SHELL=CMD" "COMPILER=arm-none-eabi-gcc" "ASSEMBLER=arm-none-eabi-as"
TRACE::2026-08-19.18:04:50::SCWBDomain:: "ARCHIVER=arm-none-eabi-ar" "COMPILER_FLAGS=  -O2 -c" "EXTRA_COMPILER_FLAGS=-mcpu=cortex-a9 -mfpu=vfpv3 -mfloat-abi=hard -nost
TRACE::2026-08-19.18:04:50::SCWBDomain::artfiles -g -Wall -Wextra -fno-tree-loop-distribute-patterns"

TRACE::2026-08-19.18:04:50::SCWBDomain::"Running Make include in ps7_cortexa9_0/libsrc/scutimer_v2_6/src"

TRACE::2026-08-19.18:04:50::SCWBDomain::make -C ps7_cortexa9_0/libsrc/scutimer_v2_6/src -s include  "SHELL=CMD" "COMPILER=arm-none-eabi-gcc" "ASSEMBLER=arm-none-eabi-a
TRACE::2026-08-19.18:04:50::SCWBDomain::s" "ARCHIVER=arm-none-eabi-ar" "COMPILER_FLAGS=  -O2 -c" "EXTRA_COMPILER_FLAGS=-mcpu=cortex-a9 -mfpu=vfpv3 -mfloat-abi=hard -no
TRACE::2026-08-19.18:04:50::SCWBDomain::startfiles -g -Wall -Wextra -fno-tree-loop-distribute-patterns"

TRACE::2026-08-19.18:04:51::SCWBDomain::"Running Make include in ps7_cortexa9_0/libsrc/scuwdt_v2_6/src"

TRACE::2026-08-19.18:04:51::SCWBDomain::make -C ps7_cortexa9_0/libsrc/scuwdt_v2_6/src -s include  "SHELL=CMD" "COMPILER=arm-none-eabi-gcc" "ASSEMBLER=arm-none-eabi-as"
TRACE::2026-08-19.18:04:51::SCWBDomain:: "ARCHIVER=arm-none-eabi-ar" "COMPILER_FLAGS=  -O2 -c" "EXTRA_COMPILER_FLAGS=-mcpu=cortex-a9 -mfpu=vfpv3 -mfloat-abi=hard -nost
TRACE::2026-08-19.18:04:51::SCWBDomain::artfiles -g -Wall -Wextra -fno-tree-loop-distribute-patterns"

TRACE::2026-08-19.18:04:51::SCWBDomain::"Running Make include in ps7_cortexa9_0/libsrc/sdps_v4_4/src"

TRACE::2026-08-19.18:04:51::SCWBDomain::make -C ps7_cortexa9_0/libsrc/sdps_v4_4/src -s include  "SHELL=CMD" "COMPILER=arm-none-eabi-gcc" "ASSEMBLER=arm-none-eabi-as" "
TRACE::2026-08-19.18:04:51::SCWBDomain::ARCHIVER=arm-none-eabi-ar" "COMPILER_FLAGS=  -O2 -c" "EXTRA_COMPILER_FLAGS=-mcpu=cortex-a9 -mfpu=vfpv3 -mfloat-abi=hard -nostar
TRACE::2026-08-19.18:04:51::SCWBDomain::tfiles -g -Wall -Wextra -fno-tree-loop-distribute-patterns"

TRACE::2026-08-19.18:04:51::SCWBDomain::"Running Make include in ps7_cortexa9_0/libsrc/standalone_v9_2/src"

TRACE::2026-08-19.18:04:51::SCWBDomain::make -C ps7_cortexa9_0/libsrc/standalone_v9_2/src -s include  "SHELL=CMD" "COMPILER=arm-none-eabi-gcc" "ASSEMBLER=arm-none-eabi
TRACE::2026-08-19.18:04:51::SCWBDomain::-as" "ARCHIVER=arm-none-eabi-ar" "COMPILER_FLAGS=  -O2 -c" "EXTRA_COMPILER_FLAGS=-mcpu=cortex-a9 -mfpu=vfpv3 -mfloat-abi=hard -
TRACE::2026-08-19.18:04:51::SCWBDomain::nostartfiles -g -Wall -Wextra -fno-tree-loop-distribute-patterns"

TRACE::2026-08-19.18:04:51::SCWBDomain::"Running Make include in ps7_cortexa9_0/libsrc/uartps_v3_15/src"

TRACE::2026-08-19.18:04:51::SCWBDomain::make -C ps7_cortexa9_0/libsrc/uartps_v3_15/src -s include  "SHELL=CMD" "COMPILER=arm-none-eabi-gcc" "ASSEMBLER=arm-none-eabi-as
TRACE::2026-08-19.18:04:51::SCWBDomain::" "ARCHIVER=arm-none-eabi-ar" "COMPILER_FLAGS=  -O2 -c" "EXTRA_COMPILER_FLAGS=-mcpu=cortex-a9 -mfpu=vfpv3 -mfloat-abi=hard -nos
TRACE::2026-08-19.18:04:51::SCWBDomain::tartfiles -g -Wall -Wextra -fno-tree-loop-distribute-patterns"

TRACE::2026-08-19.18:04:51::SCWBDomain::"Running Make include in ps7_cortexa9_0/libsrc/usbps_v2_9/src"

TRACE::2026-08-19.18:04:51::SCWBDomain::make -C ps7_cortexa9_0/libsrc/usbps_v2_9/src -s include  "SHELL=CMD" "COMPILER=arm-none-eabi-gcc" "ASSEMBLER=arm-none-eabi-as" 
TRACE::2026-08-19.18:04:51::SCWBDomain::"ARCHIVER=arm-none-eabi-ar" "COMPILER_FLAGS=  -O2 -c" "EXTRA_COMPILER_FLAGS=-mcpu=cortex-a9 -mfpu=vfpv3 -mfloat-abi=hard -nosta
TRACE::2026-08-19.18:04:51::SCWBDomain::rtfiles -g -Wall -Wextra -fno-tree-loop-distribute-patterns"

TRACE::2026-08-19.18:04:51::SCWBDomain::"Running Make include in ps7_cortexa9_0/libsrc/xadcps_v2_7/src"

TRACE::2026-08-19.18:04:51::SCWBDomain::make -C ps7_cortexa9_0/libsrc/xadcps_v2_7/src -s include  "SHELL=CMD" "COMPILER=arm-none-eabi-gcc" "ASSEMBLER=arm-none-eabi-as"
TRACE::2026-08-19.18:04:51::SCWBDomain:: "ARCHIVER=arm-none-eabi-ar" "COMPILER_FLAGS=  -O2 -c" "EXTRA_COMPILER_FLAGS=-mcpu=cortex-a9 -mfpu=vfpv3 -mfloat-abi=hard -nost
TRACE::2026-08-19.18:04:51::SCWBDomain::artfiles -g -Wall -Wextra -fno-tree-loop-distribute-patterns"

TRACE::2026-08-19.18:04:51::SCWBDomain::"Running Make include in ps7_cortexa9_0/libsrc/xilffs_v5_3/src"

TRACE::2026-08-19.18:04:51::SCWBDomain::make -C ps7_cortexa9_0/libsrc/xilffs_v5_3/src -s include  "SHELL=CMD" "COMPILER=arm-none-eabi-gcc" "ASSEMBLER=arm-none-eabi-as"
TRACE::2026-08-19.18:04:51::SCWBDomain:: "ARCHIVER=arm-none-eabi-ar" "COMPILER_FLAGS=  -O2 -c" "EXTRA_COMPILER_FLAGS=-mcpu=cortex-a9 -mfpu=vfpv3 -mfloat-abi=hard -nost
TRACE::2026-08-19.18:04:51::SCWBDomain::artfiles -g -Wall -Wextra -fno-tree-loop-distribute-patterns"

TRACE::2026-08-19.18:04:51::SCWBDomain::"Running Make include in ps7_cortexa9_0/libsrc/xilrsa_v1_8/src"

TRACE::2026-08-19.18:04:51::SCWBDomain::make -C ps7_cortexa9_0/libsrc/xilrsa_v1_8/src -s include  "SHELL=CMD" "COMPILER=arm-none-eabi-gcc" "ASSEMBLER=arm-none-eabi-as"
TRACE::2026-08-19.18:04:51::SCWBDomain:: "ARCHIVER=arm-none-eabi-ar" "COMPILER_FLAGS=  -O2 -c" "EXTRA_COMPILER_FLAGS=-mcpu=cortex-a9 -mfpu=vfpv3 -mfloat-abi=hard -nost
TRACE::2026-08-19.18:04:51::SCWBDomain::artfiles -g -Wall -Wextra -fno-tree-loop-distribute-patterns"

TRACE::2026-08-19.18:04:51::SCWBDomain::"Running Make libs in ps7_cortexa9_0/libsrc/AddCycle_Acquisition_v1_0/src"

TRACE::2026-08-19.18:04:51::SCWBDomain::make -C ps7_cortexa9_0/libsrc/AddCycle_Acquisition_v1_0/src -s libs  "SHELL=CMD" "COMPILER=arm-none-eabi-gcc" "ASSEMBLER=arm-no
TRACE::2026-08-19.18:04:51::SCWBDomain::ne-eabi-as" "ARCHIVER=arm-none-eabi-ar" "COMPILER_FLAGS=  -O2 -c" "EXTRA_COMPILER_FLAGS=-mcpu=cortex-a9 -mfpu=vfpv3 -mfloat-abi
TRACE::2026-08-19.18:04:51::SCWBDomain::=hard -nostartfiles -g -Wall -Wextra -fno-tree-loop-distribute-patterns"

TRACE::2026-08-19.18:04:52::SCWBDomain::"Compiling AddCycle_Acquisition..."

TRACE::2026-08-19.18:04:52::SCWBDomain::"Running Make libs in ps7_cortexa9_0/libsrc/xilrsa_v1_8/src"

TRACE::2026-08-19.18:04:52::SCWBDomain::make -C ps7_cortexa9_0/libsrc/xilrsa_v1_8/src -s libs  "SHELL=CMD" "COMPILER=arm-none-eabi-gcc" "ASSEMBLER=arm-none-eabi-as" "A
TRACE::2026-08-19.18:04:52::SCWBDomain::RCHIVER=arm-none-eabi-ar" "COMPILER_FLAGS=  -O2 -c" "EXTRA_COMPILER_FLAGS=-mcpu=cortex-a9 -mfpu=vfpv3 -mfloat-abi=hard -nostart
TRACE::2026-08-19.18:04:52::SCWBDomain::files -g -Wall -Wextra -fno-tree-loop-distribute-patterns"

TRACE::2026-08-19.18:04:52::SCWBDomain::'Finished building libraries sequentially.'

TRACE::2026-08-19.18:04:52::SCWBDomain::make -j 2 --no-print-directory par_libs

TRACE::2026-08-19.18:04:52::SCWBDomain::"Running Make include in ps7_cortexa9_0/libsrc/AddCycle_Acquisition_v1_0/src"

TRACE::2026-08-19.18:04:52::SCWBDomain::make -C ps7_cortexa9_0/libsrc/AddCycle_Acquisition_v1_0/src -s include  "SHELL=CMD" "COMPILER=arm-none-eabi-gcc" "ASSEMBLER=arm
TRACE::2026-08-19.18:04:52::SCWBDomain::-none-eabi-as" "ARCHIVER=arm-none-eabi-ar" "COMPILER_FLAGS=  -O2 -c" "EXTRA_COMPILER_FLAGS=-mcpu=cortex-a9 -mfpu=vfpv3 -mfloat-
TRACE::2026-08-19.18:04:52::SCWBDomain::abi=hard -nostartfiles -g -Wall -Wextra -fno-tree-loop-distribute-patterns"

TRACE::2026-08-19.18:04:52::SCWBDomain::"Running Make include in ps7_cortexa9_0/libsrc/axidma_v9_19/src"

TRACE::2026-08-19.18:04:52::SCWBDomain::make -C ps7_cortexa9_0/libsrc/axidma_v9_19/src -s include  "SHELL=CMD" "COMPILER=arm-none-eabi-gcc" "ASSEMBLER=arm-none-eabi-as
TRACE::2026-08-19.18:04:52::SCWBDomain::" "ARCHIVER=arm-none-eabi-ar" "COMPILER_FLAGS=  -O2 -c" "EXTRA_COMPILER_FLAGS=-mcpu=cortex-a9 -mfpu=vfpv3 -mfloat-abi=hard -nos
TRACE::2026-08-19.18:04:52::SCWBDomain::tartfiles -g -Wall -Wextra -fno-tree-loop-distribute-patterns"

TRACE::2026-08-19.18:04:52::SCWBDomain::"Running Make include in ps7_cortexa9_0/libsrc/canps_v3_9/src"

TRACE::2026-08-19.18:04:52::SCWBDomain::make -C ps7_cortexa9_0/libsrc/canps_v3_9/src -s include  "SHELL=CMD" "COMPILER=arm-none-eabi-gcc" "ASSEMBLER=arm-none-eabi-as" 
TRACE::2026-08-19.18:04:52::SCWBDomain::"ARCHIVER=arm-none-eabi-ar" "COMPILER_FLAGS=  -O2 -c" "EXTRA_COMPILER_FLAGS=-mcpu=cortex-a9 -mfpu=vfpv3 -mfloat-abi=hard -nosta
TRACE::2026-08-19.18:04:52::SCWBDomain::rtfiles -g -Wall -Wextra -fno-tree-loop-distribute-patterns"

TRACE::2026-08-19.18:04:52::SCWBDomain::"Running Make include in ps7_cortexa9_0/libsrc/coresightps_dcc_v1_11/src"

TRACE::2026-08-19.18:04:52::SCWBDomain::make -C ps7_cortexa9_0/libsrc/coresightps_dcc_v1_11/src -s include  "SHELL=CMD" "COMPILER=arm-none-eabi-gcc" "ASSEMBLER=arm-non
TRACE::2026-08-19.18:04:52::SCWBDomain::e-eabi-as" "ARCHIVER=arm-none-eabi-ar" "COMPILER_FLAGS=  -O2 -c" "EXTRA_COMPILER_FLAGS=-mcpu=cortex-a9 -mfpu=vfpv3 -mfloat-abi=
TRACE::2026-08-19.18:04:52::SCWBDomain::hard -nostartfiles -g -Wall -Wextra -fno-tree-loop-distribute-patterns"

TRACE::2026-08-19.18:04:52::SCWBDomain::"Running Make include in ps7_cortexa9_0/libsrc/cpu_cortexa9_v2_12/src"

TRACE::2026-08-19.18:04:52::SCWBDomain::make -C ps7_cortexa9_0/libsrc/cpu_cortexa9_v2_12/src -s include  "SHELL=CMD" "COMPILER=arm-none-eabi-gcc" "ASSEMBLER=arm-none-e
TRACE::2026-08-19.18:04:52::SCWBDomain::abi-as" "ARCHIVER=arm-none-eabi-ar" "COMPILER_FLAGS=  -O2 -c" "EXTRA_COMPILER_FLAGS=-mcpu=cortex-a9 -mfpu=vfpv3 -mfloat-abi=har
TRACE::2026-08-19.18:04:52::SCWBDomain::d -nostartfiles -g -Wall -Wextra -fno-tree-loop-distribute-patterns"

TRACE::2026-08-19.18:04:52::SCWBDomain::"Running Make include in ps7_cortexa9_0/libsrc/ddrps_v1_2/src"

TRACE::2026-08-19.18:04:52::SCWBDomain::make -C ps7_cortexa9_0/libsrc/ddrps_v1_2/src -s include  "SHELL=CMD" "COMPILER=arm-none-eabi-gcc" "ASSEMBLER=arm-none-eabi-as" 
TRACE::2026-08-19.18:04:52::SCWBDomain::"ARCHIVER=arm-none-eabi-ar" "COMPILER_FLAGS=  -O2 -c" "EXTRA_COMPILER_FLAGS=-mcpu=cortex-a9 -mfpu=vfpv3 -mfloat-abi=hard -nosta
TRACE::2026-08-19.18:04:52::SCWBDomain::rtfiles -g -Wall -Wextra -fno-tree-loop-distribute-patterns"

TRACE::2026-08-19.18:04:52::SCWBDomain::"Running Make include in ps7_cortexa9_0/libsrc/devcfg_v3_8/src"

TRACE::2026-08-19.18:04:52::SCWBDomain::make -C ps7_cortexa9_0/libsrc/devcfg_v3_8/src -s include  "SHELL=CMD" "COMPILER=arm-none-eabi-gcc" "ASSEMBLER=arm-none-eabi-as"
TRACE::2026-08-19.18:04:52::SCWBDomain:: "ARCHIVER=arm-none-eabi-ar" "COMPILER_FLAGS=  -O2 -c" "EXTRA_COMPILER_FLAGS=-mcpu=cortex-a9 -mfpu=vfpv3 -mfloat-abi=hard -nost
TRACE::2026-08-19.18:04:52::SCWBDomain::artfiles -g -Wall -Wextra -fno-tree-loop-distribute-patterns"

TRACE::2026-08-19.18:04:53::SCWBDomain::"Running Make include in ps7_cortexa9_0/libsrc/dmaps_v2_11/src"

TRACE::2026-08-19.18:04:53::SCWBDomain::make -C ps7_cortexa9_0/libsrc/dmaps_v2_11/src -s include  "SHELL=CMD" "COMPILER=arm-none-eabi-gcc" "ASSEMBLER=arm-none-eabi-as"
TRACE::2026-08-19.18:04:53::SCWBDomain:: "ARCHIVER=arm-none-eabi-ar" "COMPILER_FLAGS=  -O2 -c" "EXTRA_COMPILER_FLAGS=-mcpu=cortex-a9 -mfpu=vfpv3 -mfloat-abi=hard -nost
TRACE::2026-08-19.18:04:53::SCWBDomain::artfiles -g -Wall -Wextra -fno-tree-loop-distribute-patterns"

TRACE::2026-08-19.18:04:53::SCWBDomain::"Running Make include in ps7_cortexa9_0/libsrc/emacps_v3_21/src"

TRACE::2026-08-19.18:04:53::SCWBDomain::make -C ps7_cortexa9_0/libsrc/emacps_v3_21/src -s include  "SHELL=CMD" "COMPILER=arm-none-eabi-gcc" "ASSEMBLER=arm-none-eabi-as
TRACE::2026-08-19.18:04:53::SCWBDomain::" "ARCHIVER=arm-none-eabi-ar" "COMPILER_FLAGS=  -O2 -c" "EXTRA_COMPILER_FLAGS=-mcpu=cortex-a9 -mfpu=vfpv3 -mfloat-abi=hard -nos
TRACE::2026-08-19.18:04:53::SCWBDomain::tartfiles -g -Wall -Wextra -fno-tree-loop-distribute-patterns"

TRACE::2026-08-19.18:04:53::SCWBDomain::"Running Make include in ps7_cortexa9_0/libsrc/gpiops_v3_13/src"

TRACE::2026-08-19.18:04:53::SCWBDomain::make -C ps7_cortexa9_0/libsrc/gpiops_v3_13/src -s include  "SHELL=CMD" "COMPILER=arm-none-eabi-gcc" "ASSEMBLER=arm-none-eabi-as
TRACE::2026-08-19.18:04:53::SCWBDomain::" "ARCHIVER=arm-none-eabi-ar" "COMPILER_FLAGS=  -O2 -c" "EXTRA_COMPILER_FLAGS=-mcpu=cortex-a9 -mfpu=vfpv3 -mfloat-abi=hard -nos
TRACE::2026-08-19.18:04:53::SCWBDomain::tartfiles -g -Wall -Wextra -fno-tree-loop-distribute-patterns"

TRACE::2026-08-19.18:04:53::SCWBDomain::"Running Make include in ps7_cortexa9_0/libsrc/qspips_v3_13/src"

TRACE::2026-08-19.18:04:53::SCWBDomain::make -C ps7_cortexa9_0/libsrc/qspips_v3_13/src -s include  "SHELL=CMD" "COMPILER=arm-none-eabi-gcc" "ASSEMBLER=arm-none-eabi-as
TRACE::2026-08-19.18:04:53::SCWBDomain::" "ARCHIVER=arm-none-eabi-ar" "COMPILER_FLAGS=  -O2 -c" "EXTRA_COMPILER_FLAGS=-mcpu=cortex-a9 -mfpu=vfpv3 -mfloat-abi=hard -nos
TRACE::2026-08-19.18:04:53::SCWBDomain::tartfiles -g -Wall -Wextra -fno-tree-loop-distribute-patterns"

TRACE::2026-08-19.18:04:53::SCWBDomain::"Running Make include in ps7_cortexa9_0/libsrc/scugic_v5_4/src"

TRACE::2026-08-19.18:04:53::SCWBDomain::make -C ps7_cortexa9_0/libsrc/scugic_v5_4/src -s include  "SHELL=CMD" "COMPILER=arm-none-eabi-gcc" "ASSEMBLER=arm-none-eabi-as"
TRACE::2026-08-19.18:04:53::SCWBDomain:: "ARCHIVER=arm-none-eabi-ar" "COMPILER_FLAGS=  -O2 -c" "EXTRA_COMPILER_FLAGS=-mcpu=cortex-a9 -mfpu=vfpv3 -mfloat-abi=hard -nost
TRACE::2026-08-19.18:04:53::SCWBDomain::artfiles -g -Wall -Wextra -fno-tree-loop-distribute-patterns"

TRACE::2026-08-19.18:04:53::SCWBDomain::"Running Make include in ps7_cortexa9_0/libsrc/scutimer_v2_6/src"

TRACE::2026-08-19.18:04:53::SCWBDomain::make -C ps7_cortexa9_0/libsrc/scutimer_v2_6/src -s include  "SHELL=CMD" "COMPILER=arm-none-eabi-gcc" "ASSEMBLER=arm-none-eabi-a
TRACE::2026-08-19.18:04:53::SCWBDomain::s" "ARCHIVER=arm-none-eabi-ar" "COMPILER_FLAGS=  -O2 -c" "EXTRA_COMPILER_FLAGS=-mcpu=cortex-a9 -mfpu=vfpv3 -mfloat-abi=hard -no
TRACE::2026-08-19.18:04:53::SCWBDomain::startfiles -g -Wall -Wextra -fno-tree-loop-distribute-patterns"

TRACE::2026-08-19.18:04:53::SCWBDomain::"Running Make include in ps7_cortexa9_0/libsrc/scuwdt_v2_6/src"

TRACE::2026-08-19.18:04:53::SCWBDomain::make -C ps7_cortexa9_0/libsrc/scuwdt_v2_6/src -s include  "SHELL=CMD" "COMPILER=arm-none-eabi-gcc" "ASSEMBLER=arm-none-eabi-as"
TRACE::2026-08-19.18:04:53::SCWBDomain:: "ARCHIVER=arm-none-eabi-ar" "COMPILER_FLAGS=  -O2 -c" "EXTRA_COMPILER_FLAGS=-mcpu=cortex-a9 -mfpu=vfpv3 -mfloat-abi=hard -nost
TRACE::2026-08-19.18:04:53::SCWBDomain::artfiles -g -Wall -Wextra -fno-tree-loop-distribute-patterns"

TRACE::2026-08-19.18:04:53::SCWBDomain::"Running Make include in ps7_cortexa9_0/libsrc/sdps_v4_4/src"

TRACE::2026-08-19.18:04:53::SCWBDomain::make -C ps7_cortexa9_0/libsrc/sdps_v4_4/src -s include  "SHELL=CMD" "COMPILER=arm-none-eabi-gcc" "ASSEMBLER=arm-none-eabi-as" "
TRACE::2026-08-19.18:04:53::SCWBDomain::ARCHIVER=arm-none-eabi-ar" "COMPILER_FLAGS=  -O2 -c" "EXTRA_COMPILER_FLAGS=-mcpu=cortex-a9 -mfpu=vfpv3 -mfloat-abi=hard -nostar
TRACE::2026-08-19.18:04:53::SCWBDomain::tfiles -g -Wall -Wextra -fno-tree-loop-distribute-patterns"

TRACE::2026-08-19.18:04:53::SCWBDomain::"Running Make include in ps7_cortexa9_0/libsrc/standalone_v9_2/src"

TRACE::2026-08-19.18:04:53::SCWBDomain::make -C ps7_cortexa9_0/libsrc/standalone_v9_2/src -s include  "SHELL=CMD" "COMPILER=arm-none-eabi-gcc" "ASSEMBLER=arm-none-eabi
TRACE::2026-08-19.18:04:53::SCWBDomain::-as" "ARCHIVER=arm-none-eabi-ar" "COMPILER_FLAGS=  -O2 -c" "EXTRA_COMPILER_FLAGS=-mcpu=cortex-a9 -mfpu=vfpv3 -mfloat-abi=hard -
TRACE::2026-08-19.18:04:53::SCWBDomain::nostartfiles -g -Wall -Wextra -fno-tree-loop-distribute-patterns"

TRACE::2026-08-19.18:04:53::SCWBDomain::"Running Make include in ps7_cortexa9_0/libsrc/uartps_v3_15/src"

TRACE::2026-08-19.18:04:53::SCWBDomain::make -C ps7_cortexa9_0/libsrc/uartps_v3_15/src -s include  "SHELL=CMD" "COMPILER=arm-none-eabi-gcc" "ASSEMBLER=arm-none-eabi-as
TRACE::2026-08-19.18:04:53::SCWBDomain::" "ARCHIVER=arm-none-eabi-ar" "COMPILER_FLAGS=  -O2 -c" "EXTRA_COMPILER_FLAGS=-mcpu=cortex-a9 -mfpu=vfpv3 -mfloat-abi=hard -nos
TRACE::2026-08-19.18:04:53::SCWBDomain::tartfiles -g -Wall -Wextra -fno-tree-loop-distribute-patterns"

TRACE::2026-08-19.18:04:53::SCWBDomain::"Running Make include in ps7_cortexa9_0/libsrc/usbps_v2_9/src"

TRACE::2026-08-19.18:04:53::SCWBDomain::make -C ps7_cortexa9_0/libsrc/usbps_v2_9/src -s include  "SHELL=CMD" "COMPILER=arm-none-eabi-gcc" "ASSEMBLER=arm-none-eabi-as" 
TRACE::2026-08-19.18:04:53::SCWBDomain::"ARCHIVER=arm-none-eabi-ar" "COMPILER_FLAGS=  -O2 -c" "EXTRA_COMPILER_FLAGS=-mcpu=cortex-a9 -mfpu=vfpv3 -mfloat-abi=hard -nosta
TRACE::2026-08-19.18:04:53::SCWBDomain::rtfiles -g -Wall -Wextra -fno-tree-loop-distribute-patterns"

TRACE::2026-08-19.18:04:53::SCWBDomain::"Running Make include in ps7_cortexa9_0/libsrc/xadcps_v2_7/src"

TRACE::2026-08-19.18:04:53::SCWBDomain::make -C ps7_cortexa9_0/libsrc/xadcps_v2_7/src -s include  "SHELL=CMD" "COMPILER=arm-none-eabi-gcc" "ASSEMBLER=arm-none-eabi-as"
TRACE::2026-08-19.18:04:53::SCWBDomain:: "ARCHIVER=arm-none-eabi-ar" "COMPILER_FLAGS=  -O2 -c" "EXTRA_COMPILER_FLAGS=-mcpu=cortex-a9 -mfpu=vfpv3 -mfloat-abi=hard -nost
TRACE::2026-08-19.18:04:53::SCWBDomain::artfiles -g -Wall -Wextra -fno-tree-loop-distribute-patterns"

TRACE::2026-08-19.18:04:53::SCWBDomain::"Running Make include in ps7_cortexa9_0/libsrc/xilffs_v5_3/src"

TRACE::2026-08-19.18:04:53::SCWBDomain::make -C ps7_cortexa9_0/libsrc/xilffs_v5_3/src -s include  "SHELL=CMD" "COMPILER=arm-none-eabi-gcc" "ASSEMBLER=arm-none-eabi-as"
TRACE::2026-08-19.18:04:53::SCWBDomain:: "ARCHIVER=arm-none-eabi-ar" "COMPILER_FLAGS=  -O2 -c" "EXTRA_COMPILER_FLAGS=-mcpu=cortex-a9 -mfpu=vfpv3 -mfloat-abi=hard -nost
TRACE::2026-08-19.18:04:53::SCWBDomain::artfiles -g -Wall -Wextra -fno-tree-loop-distribute-patterns"

TRACE::2026-08-19.18:04:53::SCWBDomain::"Running Make include in ps7_cortexa9_0/libsrc/xilrsa_v1_8/src"

TRACE::2026-08-19.18:04:53::SCWBDomain::make -C ps7_cortexa9_0/libsrc/xilrsa_v1_8/src -s include  "SHELL=CMD" "COMPILER=arm-none-eabi-gcc" "ASSEMBLER=arm-none-eabi-as"
TRACE::2026-08-19.18:04:53::SCWBDomain:: "ARCHIVER=arm-none-eabi-ar" "COMPILER_FLAGS=  -O2 -c" "EXTRA_COMPILER_FLAGS=-mcpu=cortex-a9 -mfpu=vfpv3 -mfloat-abi=hard -nost
TRACE::2026-08-19.18:04:53::SCWBDomain::artfiles -g -Wall -Wextra -fno-tree-loop-distribute-patterns"

TRACE::2026-08-19.18:04:53::SCWBDomain::"Running Make libs in ps7_cortexa9_0/libsrc/axidma_v9_19/src"

TRACE::2026-08-19.18:04:53::SCWBDomain::make -C ps7_cortexa9_0/libsrc/axidma_v9_19/src -s libs  "SHELL=CMD" "COMPILER=arm-none-eabi-gcc" "ASSEMBLER=arm-none-eabi-as" "
TRACE::2026-08-19.18:04:53::SCWBDomain::ARCHIVER=arm-none-eabi-ar" "COMPILER_FLAGS=  -O2 -c" "EXTRA_COMPILER_FLAGS=-mcpu=cortex-a9 -mfpu=vfpv3 -mfloat-abi=hard -nostar
TRACE::2026-08-19.18:04:53::SCWBDomain::tfiles -g -Wall -Wextra -fno-tree-loop-distribute-patterns"

TRACE::2026-08-19.18:04:53::SCWBDomain::"Running Make libs in ps7_cortexa9_0/libsrc/canps_v3_9/src"

TRACE::2026-08-19.18:04:53::SCWBDomain::make -C ps7_cortexa9_0/libsrc/canps_v3_9/src -s libs  "SHELL=CMD" "COMPILER=arm-none-eabi-gcc" "ASSEMBLER=arm-none-eabi-as" "AR
TRACE::2026-08-19.18:04:53::SCWBDomain::CHIVER=arm-none-eabi-ar" "COMPILER_FLAGS=  -O2 -c" "EXTRA_COMPILER_FLAGS=-mcpu=cortex-a9 -mfpu=vfpv3 -mfloat-abi=hard -nostartf
TRACE::2026-08-19.18:04:53::SCWBDomain::iles -g -Wall -Wextra -fno-tree-loop-distribute-patterns"

TRACE::2026-08-19.18:04:55::SCWBDomain::"Running Make libs in ps7_cortexa9_0/libsrc/coresightps_dcc_v1_11/src"

TRACE::2026-08-19.18:04:55::SCWBDomain::make -C ps7_cortexa9_0/libsrc/coresightps_dcc_v1_11/src -s libs  "SHELL=CMD" "COMPILER=arm-none-eabi-gcc" "ASSEMBLER=arm-none-e
TRACE::2026-08-19.18:04:55::SCWBDomain::abi-as" "ARCHIVER=arm-none-eabi-ar" "COMPILER_FLAGS=  -O2 -c" "EXTRA_COMPILER_FLAGS=-mcpu=cortex-a9 -mfpu=vfpv3 -mfloat-abi=har
TRACE::2026-08-19.18:04:55::SCWBDomain::d -nostartfiles -g -Wall -Wextra -fno-tree-loop-distribute-patterns"

TRACE::2026-08-19.18:04:55::SCWBDomain::"Running Make libs in ps7_cortexa9_0/libsrc/cpu_cortexa9_v2_12/src"

TRACE::2026-08-19.18:04:55::SCWBDomain::make -C ps7_cortexa9_0/libsrc/cpu_cortexa9_v2_12/src -s libs  "SHELL=CMD" "COMPILER=arm-none-eabi-gcc" "ASSEMBLER=arm-none-eabi
TRACE::2026-08-19.18:04:55::SCWBDomain::-as" "ARCHIVER=arm-none-eabi-ar" "COMPILER_FLAGS=  -O2 -c" "EXTRA_COMPILER_FLAGS=-mcpu=cortex-a9 -mfpu=vfpv3 -mfloat-abi=hard -
TRACE::2026-08-19.18:04:55::SCWBDomain::nostartfiles -g -Wall -Wextra -fno-tree-loop-distribute-patterns"

TRACE::2026-08-19.18:04:55::SCWBDomain::"Running Make libs in ps7_cortexa9_0/libsrc/ddrps_v1_2/src"

TRACE::2026-08-19.18:04:55::SCWBDomain::make -C ps7_cortexa9_0/libsrc/ddrps_v1_2/src -s libs  "SHELL=CMD" "COMPILER=arm-none-eabi-gcc" "ASSEMBLER=arm-none-eabi-as" "AR
TRACE::2026-08-19.18:04:55::SCWBDomain::CHIVER=arm-none-eabi-ar" "COMPILER_FLAGS=  -O2 -c" "EXTRA_COMPILER_FLAGS=-mcpu=cortex-a9 -mfpu=vfpv3 -mfloat-abi=hard -nostartf
TRACE::2026-08-19.18:04:55::SCWBDomain::iles -g -Wall -Wextra -fno-tree-loop-distribute-patterns"

TRACE::2026-08-19.18:04:55::SCWBDomain::"Running Make libs in ps7_cortexa9_0/libsrc/devcfg_v3_8/src"

TRACE::2026-08-19.18:04:55::SCWBDomain::make -C ps7_cortexa9_0/libsrc/devcfg_v3_8/src -s libs  "SHELL=CMD" "COMPILER=arm-none-eabi-gcc" "ASSEMBLER=arm-none-eabi-as" "A
TRACE::2026-08-19.18:04:55::SCWBDomain::RCHIVER=arm-none-eabi-ar" "COMPILER_FLAGS=  -O2 -c" "EXTRA_COMPILER_FLAGS=-mcpu=cortex-a9 -mfpu=vfpv3 -mfloat-abi=hard -nostart
TRACE::2026-08-19.18:04:55::SCWBDomain::files -g -Wall -Wextra -fno-tree-loop-distribute-patterns"

TRACE::2026-08-19.18:04:55::SCWBDomain::"Running Make libs in ps7_cortexa9_0/libsrc/dmaps_v2_11/src"

TRACE::2026-08-19.18:04:55::SCWBDomain::make -C ps7_cortexa9_0/libsrc/dmaps_v2_11/src -s libs  "SHELL=CMD" "COMPILER=arm-none-eabi-gcc" "ASSEMBLER=arm-none-eabi-as" "A
TRACE::2026-08-19.18:04:55::SCWBDomain::RCHIVER=arm-none-eabi-ar" "COMPILER_FLAGS=  -O2 -c" "EXTRA_COMPILER_FLAGS=-mcpu=cortex-a9 -mfpu=vfpv3 -mfloat-abi=hard -nostart
TRACE::2026-08-19.18:04:55::SCWBDomain::files -g -Wall -Wextra -fno-tree-loop-distribute-patterns"

TRACE::2026-08-19.18:04:57::SCWBDomain::"Running Make libs in ps7_cortexa9_0/libsrc/emacps_v3_21/src"

TRACE::2026-08-19.18:04:57::SCWBDomain::make -C ps7_cortexa9_0/libsrc/emacps_v3_21/src -s libs  "SHELL=CMD" "COMPILER=arm-none-eabi-gcc" "ASSEMBLER=arm-none-eabi-as" "
TRACE::2026-08-19.18:04:57::SCWBDomain::ARCHIVER=arm-none-eabi-ar" "COMPILER_FLAGS=  -O2 -c" "EXTRA_COMPILER_FLAGS=-mcpu=cortex-a9 -mfpu=vfpv3 -mfloat-abi=hard -nostar
TRACE::2026-08-19.18:04:57::SCWBDomain::tfiles -g -Wall -Wextra -fno-tree-loop-distribute-patterns"

TRACE::2026-08-19.18:04:57::SCWBDomain::"Running Make libs in ps7_cortexa9_0/libsrc/gpiops_v3_13/src"

TRACE::2026-08-19.18:04:57::SCWBDomain::make -C ps7_cortexa9_0/libsrc/gpiops_v3_13/src -s libs  "SHELL=CMD" "COMPILER=arm-none-eabi-gcc" "ASSEMBLER=arm-none-eabi-as" "
TRACE::2026-08-19.18:04:57::SCWBDomain::ARCHIVER=arm-none-eabi-ar" "COMPILER_FLAGS=  -O2 -c" "EXTRA_COMPILER_FLAGS=-mcpu=cortex-a9 -mfpu=vfpv3 -mfloat-abi=hard -nostar
TRACE::2026-08-19.18:04:57::SCWBDomain::tfiles -g -Wall -Wextra -fno-tree-loop-distribute-patterns"

TRACE::2026-08-19.18:04:59::SCWBDomain::"Running Make libs in ps7_cortexa9_0/libsrc/qspips_v3_13/src"

TRACE::2026-08-19.18:04:59::SCWBDomain::make -C ps7_cortexa9_0/libsrc/qspips_v3_13/src -s libs  "SHELL=CMD" "COMPILER=arm-none-eabi-gcc" "ASSEMBLER=arm-none-eabi-as" "
TRACE::2026-08-19.18:04:59::SCWBDomain::ARCHIVER=arm-none-eabi-ar" "COMPILER_FLAGS=  -O2 -c" "EXTRA_COMPILER_FLAGS=-mcpu=cortex-a9 -mfpu=vfpv3 -mfloat-abi=hard -nostar
TRACE::2026-08-19.18:04:59::SCWBDomain::tfiles -g -Wall -Wextra -fno-tree-loop-distribute-patterns"

TRACE::2026-08-19.18:04:59::SCWBDomain::"Running Make libs in ps7_cortexa9_0/libsrc/scugic_v5_4/src"

TRACE::2026-08-19.18:04:59::SCWBDomain::make -C ps7_cortexa9_0/libsrc/scugic_v5_4/src -s libs  "SHELL=CMD" "COMPILER=arm-none-eabi-gcc" "ASSEMBLER=arm-none-eabi-as" "A
TRACE::2026-08-19.18:04:59::SCWBDomain::RCHIVER=arm-none-eabi-ar" "COMPILER_FLAGS=  -O2 -c" "EXTRA_COMPILER_FLAGS=-mcpu=cortex-a9 -mfpu=vfpv3 -mfloat-abi=hard -nostart
TRACE::2026-08-19.18:04:59::SCWBDomain::files -g -Wall -Wextra -fno-tree-loop-distribute-patterns"

TRACE::2026-08-19.18:05:00::SCWBDomain::"Running Make libs in ps7_cortexa9_0/libsrc/scutimer_v2_6/src"

TRACE::2026-08-19.18:05:00::SCWBDomain::make -C ps7_cortexa9_0/libsrc/scutimer_v2_6/src -s libs  "SHELL=CMD" "COMPILER=arm-none-eabi-gcc" "ASSEMBLER=arm-none-eabi-as" 
TRACE::2026-08-19.18:05:00::SCWBDomain::"ARCHIVER=arm-none-eabi-ar" "COMPILER_FLAGS=  -O2 -c" "EXTRA_COMPILER_FLAGS=-mcpu=cortex-a9 -mfpu=vfpv3 -mfloat-abi=hard -nosta
TRACE::2026-08-19.18:05:00::SCWBDomain::rtfiles -g -Wall -Wextra -fno-tree-loop-distribute-patterns"

TRACE::2026-08-19.18:05:00::SCWBDomain::"Running Make libs in ps7_cortexa9_0/libsrc/scuwdt_v2_6/src"

TRACE::2026-08-19.18:05:00::SCWBDomain::make -C ps7_cortexa9_0/libsrc/scuwdt_v2_6/src -s libs  "SHELL=CMD" "COMPILER=arm-none-eabi-gcc" "ASSEMBLER=arm-none-eabi-as" "A
TRACE::2026-08-19.18:05:00::SCWBDomain::RCHIVER=arm-none-eabi-ar" "COMPILER_FLAGS=  -O2 -c" "EXTRA_COMPILER_FLAGS=-mcpu=cortex-a9 -mfpu=vfpv3 -mfloat-abi=hard -nostart
TRACE::2026-08-19.18:05:00::SCWBDomain::files -g -Wall -Wextra -fno-tree-loop-distribute-patterns"

TRACE::2026-08-19.18:05:01::SCWBDomain::"Running Make libs in ps7_cortexa9_0/libsrc/sdps_v4_4/src"

TRACE::2026-08-19.18:05:01::SCWBDomain::make -C ps7_cortexa9_0/libsrc/sdps_v4_4/src -s libs  "SHELL=CMD" "COMPILER=arm-none-eabi-gcc" "ASSEMBLER=arm-none-eabi-as" "ARC
TRACE::2026-08-19.18:05:01::SCWBDomain::HIVER=arm-none-eabi-ar" "COMPILER_FLAGS=  -O2 -c" "EXTRA_COMPILER_FLAGS=-mcpu=cortex-a9 -mfpu=vfpv3 -mfloat-abi=hard -nostartfi
TRACE::2026-08-19.18:05:01::SCWBDomain::les -g -Wall -Wextra -fno-tree-loop-distribute-patterns"

TRACE::2026-08-19.18:05:01::SCWBDomain::"Running Make libs in ps7_cortexa9_0/libsrc/standalone_v9_2/src"

TRACE::2026-08-19.18:05:01::SCWBDomain::make -C ps7_cortexa9_0/libsrc/standalone_v9_2/src -s libs  "SHELL=CMD" "COMPILER=arm-none-eabi-gcc" "ASSEMBLER=arm-none-eabi-as
TRACE::2026-08-19.18:05:01::SCWBDomain::" "ARCHIVER=arm-none-eabi-ar" "COMPILER_FLAGS=  -O2 -c" "EXTRA_COMPILER_FLAGS=-mcpu=cortex-a9 -mfpu=vfpv3 -mfloat-abi=hard -nos
TRACE::2026-08-19.18:05:01::SCWBDomain::tartfiles -g -Wall -Wextra -fno-tree-loop-distribute-patterns"

TRACE::2026-08-19.18:05:03::SCWBDomain::"Running Make libs in ps7_cortexa9_0/libsrc/uartps_v3_15/src"

TRACE::2026-08-19.18:05:03::SCWBDomain::make -C ps7_cortexa9_0/libsrc/uartps_v3_15/src -s libs  "SHELL=CMD" "COMPILER=arm-none-eabi-gcc" "ASSEMBLER=arm-none-eabi-as" "
TRACE::2026-08-19.18:05:03::SCWBDomain::ARCHIVER=arm-none-eabi-ar" "COMPILER_FLAGS=  -O2 -c" "EXTRA_COMPILER_FLAGS=-mcpu=cortex-a9 -mfpu=vfpv3 -mfloat-abi=hard -nostar
TRACE::2026-08-19.18:05:03::SCWBDomain::tfiles -g -Wall -Wextra -fno-tree-loop-distribute-patterns"

TRACE::2026-08-19.18:05:05::SCWBDomain::"Running Make libs in ps7_cortexa9_0/libsrc/usbps_v2_9/src"

TRACE::2026-08-19.18:05:05::SCWBDomain::make -C ps7_cortexa9_0/libsrc/usbps_v2_9/src -s libs  "SHELL=CMD" "COMPILER=arm-none-eabi-gcc" "ASSEMBLER=arm-none-eabi-as" "AR
TRACE::2026-08-19.18:05:05::SCWBDomain::CHIVER=arm-none-eabi-ar" "COMPILER_FLAGS=  -O2 -c" "EXTRA_COMPILER_FLAGS=-mcpu=cortex-a9 -mfpu=vfpv3 -mfloat-abi=hard -nostartf
TRACE::2026-08-19.18:05:05::SCWBDomain::iles -g -Wall -Wextra -fno-tree-loop-distribute-patterns"

TRACE::2026-08-19.18:05:07::SCWBDomain::"Running Make libs in ps7_cortexa9_0/libsrc/xadcps_v2_7/src"

TRACE::2026-08-19.18:05:07::SCWBDomain::make -C ps7_cortexa9_0/libsrc/xadcps_v2_7/src -s libs  "SHELL=CMD" "COMPILER=arm-none-eabi-gcc" "ASSEMBLER=arm-none-eabi-as" "A
TRACE::2026-08-19.18:05:07::SCWBDomain::RCHIVER=arm-none-eabi-ar" "COMPILER_FLAGS=  -O2 -c" "EXTRA_COMPILER_FLAGS=-mcpu=cortex-a9 -mfpu=vfpv3 -mfloat-abi=hard -nostart
TRACE::2026-08-19.18:05:07::SCWBDomain::files -g -Wall -Wextra -fno-tree-loop-distribute-patterns"

TRACE::2026-08-19.18:05:09::SCWBDomain::"Running Make libs in ps7_cortexa9_0/libsrc/xilffs_v5_3/src"

TRACE::2026-08-19.18:05:09::SCWBDomain::make -C ps7_cortexa9_0/libsrc/xilffs_v5_3/src -s libs  "SHELL=CMD" "COMPILER=arm-none-eabi-gcc" "ASSEMBLER=arm-none-eabi-as" "A
TRACE::2026-08-19.18:05:09::SCWBDomain::RCHIVER=arm-none-eabi-ar" "COMPILER_FLAGS=  -O2 -c" "EXTRA_COMPILER_FLAGS=-mcpu=cortex-a9 -mfpu=vfpv3 -mfloat-abi=hard -nostart
TRACE::2026-08-19.18:05:09::SCWBDomain::files -g -Wall -Wextra -fno-tree-loop-distribute-patterns"

TRACE::2026-08-19.18:05:12::SCWBDomain::'Finished building libraries parallelly.'

TRACE::2026-08-19.18:05:12::SCWBDomain::make --no-print-directory archive

TRACE::2026-08-19.18:05:12::SCWBDomain::arm-none-eabi-ar -r  ps7_cortexa9_0/lib/libxil.a ps7_cortexa9_0/lib/_exit.o ps7_cortexa9_0/lib/_open.o ps7_cortexa9_0/lib/_sbrk
TRACE::2026-08-19.18:05:12::SCWBDomain::.o ps7_cortexa9_0/lib/abort.o ps7_cortexa9_0/lib/asm_vectors.o ps7_cortexa9_0/lib/boot.o ps7_cortexa9_0/lib/close.o ps7_cortexa
TRACE::2026-08-19.18:05:12::SCWBDomain::9_0/lib/cpputest_time.o ps7_cortexa9_0/lib/cpu_init.o ps7_cortexa9_0/lib/errno.o ps7_cortexa9_0/lib/fcntl.o ps7_cortexa9_0/lib/
TRACE::2026-08-19.18:05:12::SCWBDomain::fstat.o ps7_cortexa9_0/lib/getentropy.o ps7_cortexa9_0/lib/getpid.o ps7_cortexa9_0/lib/gettimeofday.o ps7_cortexa9_0/lib/inbyte
TRACE::2026-08-19.18:05:12::SCWBDomain::.o ps7_cortexa9_0/lib/isatty.o ps7_cortexa9_0/lib/kill.o ps7_cortexa9_0/lib/lseek.o ps7_cortexa9_0/lib/open.o ps7_cortexa9_0/li
TRACE::2026-08-19.18:05:12::SCWBDomain::b/outbyte.o ps7_cortexa9_0/lib/print.o ps7_cortexa9_0/lib/putnum.o ps7_cortexa9_0/lib/read.o ps7_cortexa9_0/lib/sbrk.o ps7_cort
TRACE::2026-08-19.18:05:12::SCWBDomain::exa9_0/lib/sleep.o ps7_cortexa9_0/lib/time.o ps7_cortexa9_0/lib/translation_table.o ps7_cortexa9_0/lib/unlink.o ps7_cortexa9_0/
TRACE::2026-08-19.18:05:12::SCWBDomain::lib/usleep.o ps7_cortexa9_0/lib/vectors.o ps7_cortexa9_0/lib/write.o ps7_cortexa9_0/lib/xadcps.o ps7_cortexa9_0/lib/xadcps_g.o 
TRACE::2026-08-19.18:05:12::SCWBDomain::ps7_cortexa9_0/lib/xadcps_intr.o ps7_cortexa9_0/lib/xadcps_selftest.o ps7_cortexa9_0/lib/xadcps_sinit.o ps7_cortexa9_0/lib/xaxi
TRACE::2026-08-19.18:05:12::SCWBDomain::dma.o ps7_cortexa9_0/lib/xaxidma_bd.o ps7_cortexa9_0/lib/xaxidma_bdring.o ps7_cortexa9_0/lib/xaxidma_g.o ps7_cortexa9_0/lib/xax
TRACE::2026-08-19.18:05:12::SCWBDomain::idma_selftest.o ps7_cortexa9_0/lib/xaxidma_sinit.o ps7_cortexa9_0/lib/xcanps.o ps7_cortexa9_0/lib/xcanps_g.o ps7_cortexa9_0/lib
TRACE::2026-08-19.18:05:12::SCWBDomain::/xcanps_hw.o ps7_cortexa9_0/lib/xcanps_intr.o ps7_cortexa9_0/lib/xcanps_selftest.o ps7_cortexa9_0/lib/xcanps_sinit.o ps7_cortex
TRACE::2026-08-19.18:05:12::SCWBDomain::a9_0/lib/xcoresightpsdcc.o ps7_cortexa9_0/lib/xdevcfg.o ps7_cortexa9_0/lib/xdevcfg_g.o ps7_cortexa9_0/lib/xdevcfg_hw.o ps7_cort
TRACE::2026-08-19.18:05:12::SCWBDomain::exa9_0/lib/xdevcfg_intr.o ps7_cortexa9_0/lib/xdevcfg_selftest.o ps7_cortexa9_0/lib/xdevcfg_sinit.o ps7_cortexa9_0/lib/xdmaps.o 
TRACE::2026-08-19.18:05:12::SCWBDomain::ps7_cortexa9_0/lib/xdmaps_g.o ps7_cortexa9_0/lib/xdmaps_hw.o ps7_cortexa9_0/lib/xdmaps_selftest.o ps7_cortexa9_0/lib/xdmaps_sin
TRACE::2026-08-19.18:05:12::SCWBDomain::it.o ps7_cortexa9_0/lib/xemacps.o ps7_cortexa9_0/lib/xemacps_bdring.o ps7_cortexa9_0/lib/xemacps_control.o ps7_cortexa9_0/lib/x
TRACE::2026-08-19.18:05:12::SCWBDomain::emacps_g.o ps7_cortexa9_0/lib/xemacps_hw.o ps7_cortexa9_0/lib/xemacps_intr.o ps7_cortexa9_0/lib/xemacps_sinit.o ps7_cortexa9_0/
TRACE::2026-08-19.18:05:12::SCWBDomain::lib/xgpiops.o ps7_cortexa9_0/lib/xgpiops_g.o ps7_cortexa9_0/lib/xgpiops_hw.o ps7_cortexa9_0/lib/xgpiops_intr.o ps7_cortexa9_0/l
TRACE::2026-08-19.18:05:12::SCWBDomain::ib/xgpiops_selftest.o ps7_cortexa9_0/lib/xgpiops_sinit.o ps7_cortexa9_0/lib/xil-crt0.o ps7_cortexa9_0/lib/xil_assert.o ps7_cort
TRACE::2026-08-19.18:05:12::SCWBDomain::exa9_0/lib/xil_cache.o ps7_cortexa9_0/lib/xil_clocking.o ps7_cortexa9_0/lib/xil_exception.o ps7_cortexa9_0/lib/xil_mem.o ps7_co
TRACE::2026-08-19.18:05:12::SCWBDomain::rtexa9_0/lib/xil_misc_psreset_api.o ps7_cortexa9_0/lib/xil_mmu.o ps7_cortexa9_0/lib/xil_printf.o ps7_cortexa9_0/lib/xil_sleepco
TRACE::2026-08-19.18:05:12::SCWBDomain::mmon.o ps7_cortexa9_0/lib/xil_sleeptimer.o ps7_cortexa9_0/lib/xil_spinlock.o ps7_cortexa9_0/lib/xil_sutil.o ps7_cortexa9_0/lib/
TRACE::2026-08-19.18:05:12::SCWBDomain::xil_testcache.o ps7_cortexa9_0/lib/xil_testio.o ps7_cortexa9_0/lib/xil_testmem.o ps7_cortexa9_0/lib/xil_util.o ps7_cortexa9_0/l
TRACE::2026-08-19.18:05:12::SCWBDomain::ib/xinterrupt_wrap.o ps7_cortexa9_0/lib/xl2cc_counter.o ps7_cortexa9_0/lib/xplatform_info.o ps7_cortexa9_0/lib/xpm_counter.o ps
TRACE::2026-08-19.18:05:12::SCWBDomain::7_cortexa9_0/lib/xpm_init.o ps7_cortexa9_0/lib/xqspips.o ps7_cortexa9_0/lib/xqspips_g.o ps7_cortexa9_0/lib/xqspips_hw.o ps7_cor
TRACE::2026-08-19.18:05:12::SCWBDomain::texa9_0/lib/xqspips_options.o ps7_cortexa9_0/lib/xqspips_selftest.o ps7_cortexa9_0/lib/xqspips_sinit.o ps7_cortexa9_0/lib/xscug
TRACE::2026-08-19.18:05:12::SCWBDomain::ic.o ps7_cortexa9_0/lib/xscugic_g.o ps7_cortexa9_0/lib/xscugic_hw.o ps7_cortexa9_0/lib/xscugic_intr.o ps7_cortexa9_0/lib/xscugi
TRACE::2026-08-19.18:05:12::SCWBDomain::c_selftest.o ps7_cortexa9_0/lib/xscugic_sinit.o ps7_cortexa9_0/lib/xscutimer.o ps7_cortexa9_0/lib/xscutimer_g.o ps7_cortexa9_0/
TRACE::2026-08-19.18:05:12::SCWBDomain::lib/xscutimer_selftest.o ps7_cortexa9_0/lib/xscutimer_sinit.o ps7_cortexa9_0/lib/xscuwdt.o ps7_cortexa9_0/lib/xscuwdt_g.o ps7_c
TRACE::2026-08-19.18:05:12::SCWBDomain::ortexa9_0/lib/xscuwdt_selftest.o ps7_cortexa9_0/lib/xscuwdt_sinit.o ps7_cortexa9_0/lib/xsdps.o ps7_cortexa9_0/lib/xsdps_card.o 
TRACE::2026-08-19.18:05:12::SCWBDomain::ps7_cortexa9_0/lib/xsdps_g.o ps7_cortexa9_0/lib/xsdps_host.o ps7_cortexa9_0/lib/xsdps_options.o ps7_cortexa9_0/lib/xsdps_sinit.
TRACE::2026-08-19.18:05:12::SCWBDomain::o ps7_cortexa9_0/lib/xtime_l.o ps7_cortexa9_0/lib/xuartps.o ps7_cortexa9_0/lib/xuartps_g.o ps7_cortexa9_0/lib/xuartps_hw.o ps7_
TRACE::2026-08-19.18:05:12::SCWBDomain::cortexa9_0/lib/xuartps_intr.o ps7_cortexa9_0/lib/xuartps_options.o ps7_cortexa9_0/lib/xuartps_selftest.o ps7_cortexa9_0/lib/xua
TRACE::2026-08-19.18:05:12::SCWBDomain::rtps_sinit.o ps7_cortexa9_0/lib/xusbps.o ps7_cortexa9_0/lib/xusbps_endpoint.o ps7_cortexa9_0/lib/xusbps_g.o ps7_cortexa9_0/lib/
TRACE::2026-08-19.18:05:12::SCWBDomain::xusbps_hw.o ps7_cortexa9_0/lib/xusbps_intr.o ps7_cortexa9_0/lib/xusbps_sinit.o

TRACE::2026-08-19.18:05:12::SCWBDomain::'Finished building libraries'

TRACE::2026-08-19.18:05:12::SCWBDomain::make: Leaving directory 'C:/Users/tillkorsmeier/Desktop/MA/Z7-Nano/ParEIS-MSX/SW/HW_Export_V1/zynq_fsbl/zynq_fsbl_bsp'

TRACE::2026-08-19.18:05:12::SCWBDomain::arm-none-eabi-gcc  -O2 -c -MMD -MP       -mcpu=cortex-a9 -mfpu=vfpv3 -mfloat-abi=hard  -c sd.c -o sd.o -Izynq_fsbl_bsp/ps7_cort
TRACE::2026-08-19.18:05:12::SCWBDomain::exa9_0/include -I.

TRACE::2026-08-19.18:05:12::SCWBDomain::arm-none-eabi-gcc  -O2 -c -MMD -MP       -mcpu=cortex-a9 -mfpu=vfpv3 -mfloat-abi=hard  -c nand.c -o nand.o -Izynq_fsbl_bsp/ps7_
TRACE::2026-08-19.18:05:12::SCWBDomain::cortexa9_0/include -I.

TRACE::2026-08-19.18:05:12::SCWBDomain::arm-none-eabi-gcc  -O2 -c -MMD -MP       -mcpu=cortex-a9 -mfpu=vfpv3 -mfloat-abi=hard  -c image_mover.c -o image_mover.o -Izynq
TRACE::2026-08-19.18:05:12::SCWBDomain::_fsbl_bsp/ps7_cortexa9_0/include -I.

TRACE::2026-08-19.18:05:13::SCWBDomain::arm-none-eabi-gcc  -O2 -c -MMD -MP       -mcpu=cortex-a9 -mfpu=vfpv3 -mfloat-abi=hard  -c md5.c -o md5.o -Izynq_fsbl_bsp/ps7_co
TRACE::2026-08-19.18:05:13::SCWBDomain::rtexa9_0/include -I.

TRACE::2026-08-19.18:05:13::SCWBDomain::arm-none-eabi-gcc  -O2 -c -MMD -MP       -mcpu=cortex-a9 -mfpu=vfpv3 -mfloat-abi=hard  -c fsbl_hooks.c -o fsbl_hooks.o -Izynq_f
TRACE::2026-08-19.18:05:13::SCWBDomain::sbl_bsp/ps7_cortexa9_0/include -I.

TRACE::2026-08-19.18:05:13::SCWBDomain::arm-none-eabi-gcc  -O2 -c -MMD -MP       -mcpu=cortex-a9 -mfpu=vfpv3 -mfloat-abi=hard  -c main.c -o main.o -Izynq_fsbl_bsp/ps7_
TRACE::2026-08-19.18:05:13::SCWBDomain::cortexa9_0/include -I.

TRACE::2026-08-19.18:05:14::SCWBDomain::arm-none-eabi-gcc  -O2 -c -MMD -MP       -mcpu=cortex-a9 -mfpu=vfpv3 -mfloat-abi=hard  -c rsa.c -o rsa.o -Izynq_fsbl_bsp/ps7_co
TRACE::2026-08-19.18:05:14::SCWBDomain::rtexa9_0/include -I.

TRACE::2026-08-19.18:05:14::SCWBDomain::arm-none-eabi-gcc  -O2 -c -MMD -MP       -mcpu=cortex-a9 -mfpu=vfpv3 -mfloat-abi=hard  -c nor.c -o nor.o -Izynq_fsbl_bsp/ps7_co
TRACE::2026-08-19.18:05:14::SCWBDomain::rtexa9_0/include -I.

TRACE::2026-08-19.18:05:14::SCWBDomain::arm-none-eabi-gcc  -O2 -c -MMD -MP       -mcpu=cortex-a9 -mfpu=vfpv3 -mfloat-abi=hard  -c qspi.c -o qspi.o -Izynq_fsbl_bsp/ps7_
TRACE::2026-08-19.18:05:14::SCWBDomain::cortexa9_0/include -I.

TRACE::2026-08-19.18:05:14::SCWBDomain::arm-none-eabi-gcc  -O2 -c -MMD -MP       -mcpu=cortex-a9 -mfpu=vfpv3 -mfloat-abi=hard  -c ps7_init.c -o ps7_init.o -Izynq_fsbl_
TRACE::2026-08-19.18:05:14::SCWBDomain::bsp/ps7_cortexa9_0/include -I.

TRACE::2026-08-19.18:05:15::SCWBDomain::arm-none-eabi-gcc  -O2 -c -MMD -MP       -mcpu=cortex-a9 -mfpu=vfpv3 -mfloat-abi=hard  -c pcap.c -o pcap.o -Izynq_fsbl_bsp/ps7_
TRACE::2026-08-19.18:05:15::SCWBDomain::cortexa9_0/include -I.

TRACE::2026-08-19.18:05:15::SCWBDomain::arm-none-eabi-gcc  -O2 -c -MMD -MP       -mcpu=cortex-a9 -mfpu=vfpv3 -mfloat-abi=hard  -c fsbl_handoff.S -o fsbl_handoff.o -Izy
TRACE::2026-08-19.18:05:15::SCWBDomain::nq_fsbl_bsp/ps7_cortexa9_0/include -I.

TRACE::2026-08-19.18:05:15::SCWBDomain::arm-none-eabi-gcc -o fsbl.elf fsbl_handoff.o fsbl_hooks.o image_mover.o main.o md5.o nand.o nor.o pcap.o ps7_init.o qspi.o rsa.
TRACE::2026-08-19.18:05:15::SCWBDomain::o sd.o -MMD -MP       -mcpu=cortex-a9 -mfpu=vfpv3 -mfloat-abi=hard   -mcpu=cortex-a9 -mfpu=vfpv3 -mfloat-abi=hard -Wl,-build-id
TRACE::2026-08-19.18:05:15::SCWBDomain::=none -specs=Xilinx.spec  -lrsa -Wl,--start-group,-lxil,-lgcc,-lc,--end-group -Wl,--start-group,-lxilffs,-lxil,-lgcc,-lc,--end-
TRACE::2026-08-19.18:05:15::SCWBDomain::group -Wl,--start-group,-lrsa,-lxil,-lgcc,-lc,--end-group                                      -Wl,--gc-sections -Lzynq_fsbl_bs
TRACE::2026-08-19.18:05:15::SCWBDomain::p/ps7_cortexa9_0/lib -L./ -Tlscript.ld

LOG::2026-08-19.18:05:16::SCWSystem::Checking the domain standalone_ps7_cortexa9_0
LOG::2026-08-19.18:05:16::SCWSystem::Not a boot domain 
LOG::2026-08-19.18:05:16::SCWSystem::Started Processing the domain standalone_ps7_cortexa9_0
TRACE::2026-08-19.18:05:16::SCWDomain::Generating domain artifcats
TRACE::2026-08-19.18:05:16::SCWMssOS::Generating standalone artifcats
TRACE::2026-08-19.18:05:16::SCWMssOS::Copying the qemu file from  C:/Users/tillkorsmeier/Desktop/MA/Z7-Nano/ParEIS-MSX/SW/HW_Export_V1/resources/HW_Export_V1/standalone_ps7_cortexa9_0/qemu_args.txt To C:/Users/tillkorsmeier/Desktop/MA/Z7-Nano/ParEIS-MSX/SW/HW_Export_V1/export/HW_Export_V1/sw/HW_Export_V1/qemu/
TRACE::2026-08-19.18:05:16::SCWMssOS::Copying the qemu file from  C:/Users/tillkorsmeier/Desktop/MA/Z7-Nano/ParEIS-MSX/SW/HW_Export_V1/resources/HW_Export_V1/standalone_ps7_cortexa9_0/qemu_args.txt To C:/Users/tillkorsmeier/Desktop/MA/Z7-Nano/ParEIS-MSX/SW/HW_Export_V1/export/HW_Export_V1/sw/HW_Export_V1/standalone_ps7_cortexa9_0/qemu/
TRACE::2026-08-19.18:05:16::SCWMssOS:: Copying the user libraries. 
TRACE::2026-08-19.18:05:16::SCWPlatform::Trying to open the hw design at C:/Users/tillkorsmeier/Desktop/MA/Z7-Nano/ParEIS-MSX/SW/HW_Export_V1/hw/HW_Export_V2.xsa
TRACE::2026-08-19.18:05:16::SCWPlatform::DSA given C:/Users/tillkorsmeier/Desktop/MA/Z7-Nano/ParEIS-MSX/SW/HW_Export_V1/hw/HW_Export_V2.xsa
TRACE::2026-08-19.18:05:16::SCWPlatform::DSA absoulate path C:/Users/tillkorsmeier/Desktop/MA/Z7-Nano/ParEIS-MSX/SW/HW_Export_V1/hw/HW_Export_V2.xsa
TRACE::2026-08-19.18:05:16::SCWPlatform::DSA directory C:/Users/tillkorsmeier/Desktop/MA/Z7-Nano/ParEIS-MSX/SW/HW_Export_V1/hw
TRACE::2026-08-19.18:05:16::SCWPlatform:: Platform Path C:/Users/tillkorsmeier/Desktop/MA/Z7-Nano/ParEIS-MSX/SW/HW_Export_V1/hw/HW_Export_V2.xsa
TRACE::2026-08-19.18:05:16::SCWPlatform:: Unique name xilinx:::0.0
TRACE::2026-08-19.18:05:16::SCWPlatform::Trying to set the existing hwdb with name design_1_wrapper
TRACE::2026-08-19.18:05:16::SCWPlatform::Opened existing hwdb design_1_wrapper
TRACE::2026-08-19.18:05:16::SCWPlatform::Found the Hw Db part of the input DSA
TRACE::2026-08-19.18:05:16::SCWMssOS::Checking the sw design at  C:/Users/tillkorsmeier/Desktop/MA/Z7-Nano/ParEIS-MSX/SW/HW_Export_V1/ps7_cortexa9_0/standalone_ps7_cortexa9_0/bsp/system.mss
TRACE::2026-08-19.18:05:16::SCWMssOS::DEBUG:  swdes dump  C:/Users/tillkorsmeier/Desktop/MA/Z7-Nano/ParEIS-MSX/SW/HW_Export_V1/ps7_cortexa9_0/standalone_ps7_cortexa9_0/bsp/system.mss|system_0||
C:/Users/tillkorsmeier/Desktop/MA/Z7-Nano/ParEIS-MSX/SW/HW_Export_V1/zynq_fsbl/zynq_fsbl_bsp/system.mss|system||

TRACE::2026-08-19.18:05:16::SCWMssOS::Sw design exists and opened at  C:/Users/tillkorsmeier/Desktop/MA/Z7-Nano/ParEIS-MSX/SW/HW_Export_V1/ps7_cortexa9_0/standalone_ps7_cortexa9_0/bsp/system.mss
TRACE::2026-08-19.18:05:16::SCWMssOS::Completed writing the mss file at C:/Users/tillkorsmeier/Desktop/MA/Z7-Nano/ParEIS-MSX/SW/HW_Export_V1/ps7_cortexa9_0/standalone_ps7_cortexa9_0/bsp
TRACE::2026-08-19.18:05:16::SCWMssOS::Mss edits present, copying mssfile into export location C:/Users/tillkorsmeier/Desktop/MA/Z7-Nano/ParEIS-MSX/SW/HW_Export_V1/ps7_cortexa9_0/standalone_ps7_cortexa9_0/bsp/system.mss
TRACE::2026-08-19.18:05:16::SCWMssOS::bsp generated is upto date with the mss file. Skipping bsp generation.
TRACE::2026-08-19.18:05:16::SCWMssOS::BSP is already built. skipping the bsp build ... 
TRACE::2026-08-19.18:05:16::SCWDomain::Building the domain as part of full build :  standalone_ps7_cortexa9_0
TRACE::2026-08-19.18:05:16::SCWMssOS::doing bsp build ... 
TRACE::2026-08-19.18:05:16::SCWMssOS::System Command Ran  C: & cd  C:/Users/tillkorsmeier/Desktop/MA/Z7-Nano/ParEIS-MSX/SW/HW_Export_V1/ps7_cortexa9_0/standalone_ps7_cortexa9_0/bsp & make 
TRACE::2026-08-19.18:05:16::SCWMssOS::make --no-print-directory seq_libs

TRACE::2026-08-19.18:05:16::SCWMssOS::"Running Make include in ps7_cortexa9_0/libsrc/AddCycle_Acquisition_v1_0/src"

TRACE::2026-08-19.18:05:16::SCWMssOS::make -C ps7_cortexa9_0/libsrc/AddCycle_Acquisition_v1_0/src -s include  "SHELL=CMD" "COMPILER=arm-none-eabi-gcc" "ASSEMBLER=arm
TRACE::2026-08-19.18:05:16::SCWMssOS::-none-eabi-as" "ARCHIVER=arm-none-eabi-ar" "COMPILER_FLAGS=  -O2 -c" "EXTRA_COMPILER_FLAGS=-mcpu=cortex-a9 -mfpu=vfpv3 -mfloat-
TRACE::2026-08-19.18:05:16::SCWMssOS::abi=hard -nostartfiles -g -Wall -Wextra -fno-tree-loop-distribute-patterns"

TRACE::2026-08-19.18:05:16::SCWMssOS::"Running Make include in ps7_cortexa9_0/libsrc/axidma_v9_19/src"

TRACE::2026-08-19.18:05:16::SCWMssOS::make -C ps7_cortexa9_0/libsrc/axidma_v9_19/src -s include  "SHELL=CMD" "COMPILER=arm-none-eabi-gcc" "ASSEMBLER=arm-none-eabi-as
TRACE::2026-08-19.18:05:16::SCWMssOS::" "ARCHIVER=arm-none-eabi-ar" "COMPILER_FLAGS=  -O2 -c" "EXTRA_COMPILER_FLAGS=-mcpu=cortex-a9 -mfpu=vfpv3 -mfloat-abi=hard -nos
TRACE::2026-08-19.18:05:16::SCWMssOS::tartfiles -g -Wall -Wextra -fno-tree-loop-distribute-patterns"

TRACE::2026-08-19.18:05:16::SCWMssOS::"Running Make include in ps7_cortexa9_0/libsrc/canps_v3_9/src"

TRACE::2026-08-19.18:05:16::SCWMssOS::make -C ps7_cortexa9_0/libsrc/canps_v3_9/src -s include  "SHELL=CMD" "COMPILER=arm-none-eabi-gcc" "ASSEMBLER=arm-none-eabi-as" 
TRACE::2026-08-19.18:05:16::SCWMssOS::"ARCHIVER=arm-none-eabi-ar" "COMPILER_FLAGS=  -O2 -c" "EXTRA_COMPILER_FLAGS=-mcpu=cortex-a9 -mfpu=vfpv3 -mfloat-abi=hard -nosta
TRACE::2026-08-19.18:05:16::SCWMssOS::rtfiles -g -Wall -Wextra -fno-tree-loop-distribute-patterns"

TRACE::2026-08-19.18:05:16::SCWMssOS::"Running Make include in ps7_cortexa9_0/libsrc/coresightps_dcc_v1_11/src"

TRACE::2026-08-19.18:05:16::SCWMssOS::make -C ps7_cortexa9_0/libsrc/coresightps_dcc_v1_11/src -s include  "SHELL=CMD" "COMPILER=arm-none-eabi-gcc" "ASSEMBLER=arm-non
TRACE::2026-08-19.18:05:16::SCWMssOS::e-eabi-as" "ARCHIVER=arm-none-eabi-ar" "COMPILER_FLAGS=  -O2 -c" "EXTRA_COMPILER_FLAGS=-mcpu=cortex-a9 -mfpu=vfpv3 -mfloat-abi=
TRACE::2026-08-19.18:05:16::SCWMssOS::hard -nostartfiles -g -Wall -Wextra -fno-tree-loop-distribute-patterns"

TRACE::2026-08-19.18:05:16::SCWMssOS::"Running Make include in ps7_cortexa9_0/libsrc/cpu_cortexa9_v2_12/src"

TRACE::2026-08-19.18:05:16::SCWMssOS::make -C ps7_cortexa9_0/libsrc/cpu_cortexa9_v2_12/src -s include  "SHELL=CMD" "COMPILER=arm-none-eabi-gcc" "ASSEMBLER=arm-none-e
TRACE::2026-08-19.18:05:16::SCWMssOS::abi-as" "ARCHIVER=arm-none-eabi-ar" "COMPILER_FLAGS=  -O2 -c" "EXTRA_COMPILER_FLAGS=-mcpu=cortex-a9 -mfpu=vfpv3 -mfloat-abi=har
TRACE::2026-08-19.18:05:16::SCWMssOS::d -nostartfiles -g -Wall -Wextra -fno-tree-loop-distribute-patterns"

TRACE::2026-08-19.18:05:16::SCWMssOS::"Running Make include in ps7_cortexa9_0/libsrc/ddrps_v1_2/src"

TRACE::2026-08-19.18:05:16::SCWMssOS::make -C ps7_cortexa9_0/libsrc/ddrps_v1_2/src -s include  "SHELL=CMD" "COMPILER=arm-none-eabi-gcc" "ASSEMBLER=arm-none-eabi-as" 
TRACE::2026-08-19.18:05:16::SCWMssOS::"ARCHIVER=arm-none-eabi-ar" "COMPILER_FLAGS=  -O2 -c" "EXTRA_COMPILER_FLAGS=-mcpu=cortex-a9 -mfpu=vfpv3 -mfloat-abi=hard -nosta
TRACE::2026-08-19.18:05:16::SCWMssOS::rtfiles -g -Wall -Wextra -fno-tree-loop-distribute-patterns"

TRACE::2026-08-19.18:05:16::SCWMssOS::"Running Make include in ps7_cortexa9_0/libsrc/devcfg_v3_8/src"

TRACE::2026-08-19.18:05:16::SCWMssOS::make -C ps7_cortexa9_0/libsrc/devcfg_v3_8/src -s include  "SHELL=CMD" "COMPILER=arm-none-eabi-gcc" "ASSEMBLER=arm-none-eabi-as"
TRACE::2026-08-19.18:05:16::SCWMssOS:: "ARCHIVER=arm-none-eabi-ar" "COMPILER_FLAGS=  -O2 -c" "EXTRA_COMPILER_FLAGS=-mcpu=cortex-a9 -mfpu=vfpv3 -mfloat-abi=hard -nost
TRACE::2026-08-19.18:05:16::SCWMssOS::artfiles -g -Wall -Wextra -fno-tree-loop-distribute-patterns"

TRACE::2026-08-19.18:05:16::SCWMssOS::"Running Make include in ps7_cortexa9_0/libsrc/dmaps_v2_11/src"

TRACE::2026-08-19.18:05:16::SCWMssOS::make -C ps7_cortexa9_0/libsrc/dmaps_v2_11/src -s include  "SHELL=CMD" "COMPILER=arm-none-eabi-gcc" "ASSEMBLER=arm-none-eabi-as"
TRACE::2026-08-19.18:05:16::SCWMssOS:: "ARCHIVER=arm-none-eabi-ar" "COMPILER_FLAGS=  -O2 -c" "EXTRA_COMPILER_FLAGS=-mcpu=cortex-a9 -mfpu=vfpv3 -mfloat-abi=hard -nost
TRACE::2026-08-19.18:05:16::SCWMssOS::artfiles -g -Wall -Wextra -fno-tree-loop-distribute-patterns"

TRACE::2026-08-19.18:05:16::SCWMssOS::"Running Make include in ps7_cortexa9_0/libsrc/emacps_v3_21/src"

TRACE::2026-08-19.18:05:16::SCWMssOS::make -C ps7_cortexa9_0/libsrc/emacps_v3_21/src -s include  "SHELL=CMD" "COMPILER=arm-none-eabi-gcc" "ASSEMBLER=arm-none-eabi-as
TRACE::2026-08-19.18:05:16::SCWMssOS::" "ARCHIVER=arm-none-eabi-ar" "COMPILER_FLAGS=  -O2 -c" "EXTRA_COMPILER_FLAGS=-mcpu=cortex-a9 -mfpu=vfpv3 -mfloat-abi=hard -nos
TRACE::2026-08-19.18:05:16::SCWMssOS::tartfiles -g -Wall -Wextra -fno-tree-loop-distribute-patterns"

TRACE::2026-08-19.18:05:17::SCWMssOS::"Running Make include in ps7_cortexa9_0/libsrc/gpiops_v3_13/src"

TRACE::2026-08-19.18:05:17::SCWMssOS::make -C ps7_cortexa9_0/libsrc/gpiops_v3_13/src -s include  "SHELL=CMD" "COMPILER=arm-none-eabi-gcc" "ASSEMBLER=arm-none-eabi-as
TRACE::2026-08-19.18:05:17::SCWMssOS::" "ARCHIVER=arm-none-eabi-ar" "COMPILER_FLAGS=  -O2 -c" "EXTRA_COMPILER_FLAGS=-mcpu=cortex-a9 -mfpu=vfpv3 -mfloat-abi=hard -nos
TRACE::2026-08-19.18:05:17::SCWMssOS::tartfiles -g -Wall -Wextra -fno-tree-loop-distribute-patterns"

TRACE::2026-08-19.18:05:17::SCWMssOS::"Running Make include in ps7_cortexa9_0/libsrc/lwip220_v1_1/src"

TRACE::2026-08-19.18:05:17::SCWMssOS::make -C ps7_cortexa9_0/libsrc/lwip220_v1_1/src -s include  "SHELL=CMD" "COMPILER=arm-none-eabi-gcc" "ASSEMBLER=arm-none-eabi-as
TRACE::2026-08-19.18:05:17::SCWMssOS::" "ARCHIVER=arm-none-eabi-ar" "COMPILER_FLAGS=  -O2 -c" "EXTRA_COMPILER_FLAGS=-mcpu=cortex-a9 -mfpu=vfpv3 -mfloat-abi=hard -nos
TRACE::2026-08-19.18:05:17::SCWMssOS::tartfiles -g -Wall -Wextra -fno-tree-loop-distribute-patterns"

TRACE::2026-08-19.18:05:17::SCWMssOS::"Running Make include in ps7_cortexa9_0/libsrc/qspips_v3_13/src"

TRACE::2026-08-19.18:05:17::SCWMssOS::make -C ps7_cortexa9_0/libsrc/qspips_v3_13/src -s include  "SHELL=CMD" "COMPILER=arm-none-eabi-gcc" "ASSEMBLER=arm-none-eabi-as
TRACE::2026-08-19.18:05:17::SCWMssOS::" "ARCHIVER=arm-none-eabi-ar" "COMPILER_FLAGS=  -O2 -c" "EXTRA_COMPILER_FLAGS=-mcpu=cortex-a9 -mfpu=vfpv3 -mfloat-abi=hard -nos
TRACE::2026-08-19.18:05:17::SCWMssOS::tartfiles -g -Wall -Wextra -fno-tree-loop-distribute-patterns"

TRACE::2026-08-19.18:05:17::SCWMssOS::"Running Make include in ps7_cortexa9_0/libsrc/scugic_v5_4/src"

TRACE::2026-08-19.18:05:17::SCWMssOS::make -C ps7_cortexa9_0/libsrc/scugic_v5_4/src -s include  "SHELL=CMD" "COMPILER=arm-none-eabi-gcc" "ASSEMBLER=arm-none-eabi-as"
TRACE::2026-08-19.18:05:17::SCWMssOS:: "ARCHIVER=arm-none-eabi-ar" "COMPILER_FLAGS=  -O2 -c" "EXTRA_COMPILER_FLAGS=-mcpu=cortex-a9 -mfpu=vfpv3 -mfloat-abi=hard -nost
TRACE::2026-08-19.18:05:17::SCWMssOS::artfiles -g -Wall -Wextra -fno-tree-loop-distribute-patterns"

TRACE::2026-08-19.18:05:18::SCWMssOS::"Running Make include in ps7_cortexa9_0/libsrc/scutimer_v2_6/src"

TRACE::2026-08-19.18:05:18::SCWMssOS::make -C ps7_cortexa9_0/libsrc/scutimer_v2_6/src -s include  "SHELL=CMD" "COMPILER=arm-none-eabi-gcc" "ASSEMBLER=arm-none-eabi-a
TRACE::2026-08-19.18:05:18::SCWMssOS::s" "ARCHIVER=arm-none-eabi-ar" "COMPILER_FLAGS=  -O2 -c" "EXTRA_COMPILER_FLAGS=-mcpu=cortex-a9 -mfpu=vfpv3 -mfloat-abi=hard -no
TRACE::2026-08-19.18:05:18::SCWMssOS::startfiles -g -Wall -Wextra -fno-tree-loop-distribute-patterns"

TRACE::2026-08-19.18:05:18::SCWMssOS::"Running Make include in ps7_cortexa9_0/libsrc/scuwdt_v2_6/src"

TRACE::2026-08-19.18:05:18::SCWMssOS::make -C ps7_cortexa9_0/libsrc/scuwdt_v2_6/src -s include  "SHELL=CMD" "COMPILER=arm-none-eabi-gcc" "ASSEMBLER=arm-none-eabi-as"
TRACE::2026-08-19.18:05:18::SCWMssOS:: "ARCHIVER=arm-none-eabi-ar" "COMPILER_FLAGS=  -O2 -c" "EXTRA_COMPILER_FLAGS=-mcpu=cortex-a9 -mfpu=vfpv3 -mfloat-abi=hard -nost
TRACE::2026-08-19.18:05:18::SCWMssOS::artfiles -g -Wall -Wextra -fno-tree-loop-distribute-patterns"

TRACE::2026-08-19.18:05:18::SCWMssOS::"Running Make include in ps7_cortexa9_0/libsrc/sdps_v4_4/src"

TRACE::2026-08-19.18:05:18::SCWMssOS::make -C ps7_cortexa9_0/libsrc/sdps_v4_4/src -s include  "SHELL=CMD" "COMPILER=arm-none-eabi-gcc" "ASSEMBLER=arm-none-eabi-as" "
TRACE::2026-08-19.18:05:18::SCWMssOS::ARCHIVER=arm-none-eabi-ar" "COMPILER_FLAGS=  -O2 -c" "EXTRA_COMPILER_FLAGS=-mcpu=cortex-a9 -mfpu=vfpv3 -mfloat-abi=hard -nostar
TRACE::2026-08-19.18:05:18::SCWMssOS::tfiles -g -Wall -Wextra -fno-tree-loop-distribute-patterns"

TRACE::2026-08-19.18:05:18::SCWMssOS::"Running Make include in ps7_cortexa9_0/libsrc/standalone_v9_2/src"

TRACE::2026-08-19.18:05:18::SCWMssOS::make -C ps7_cortexa9_0/libsrc/standalone_v9_2/src -s include  "SHELL=CMD" "COMPILER=arm-none-eabi-gcc" "ASSEMBLER=arm-none-eabi
TRACE::2026-08-19.18:05:18::SCWMssOS::-as" "ARCHIVER=arm-none-eabi-ar" "COMPILER_FLAGS=  -O2 -c" "EXTRA_COMPILER_FLAGS=-mcpu=cortex-a9 -mfpu=vfpv3 -mfloat-abi=hard -
TRACE::2026-08-19.18:05:18::SCWMssOS::nostartfiles -g -Wall -Wextra -fno-tree-loop-distribute-patterns"

TRACE::2026-08-19.18:05:18::SCWMssOS::"Running Make include in ps7_cortexa9_0/libsrc/uartps_v3_15/src"

TRACE::2026-08-19.18:05:18::SCWMssOS::make -C ps7_cortexa9_0/libsrc/uartps_v3_15/src -s include  "SHELL=CMD" "COMPILER=arm-none-eabi-gcc" "ASSEMBLER=arm-none-eabi-as
TRACE::2026-08-19.18:05:18::SCWMssOS::" "ARCHIVER=arm-none-eabi-ar" "COMPILER_FLAGS=  -O2 -c" "EXTRA_COMPILER_FLAGS=-mcpu=cortex-a9 -mfpu=vfpv3 -mfloat-abi=hard -nos
TRACE::2026-08-19.18:05:18::SCWMssOS::tartfiles -g -Wall -Wextra -fno-tree-loop-distribute-patterns"

TRACE::2026-08-19.18:05:18::SCWMssOS::"Running Make include in ps7_cortexa9_0/libsrc/usbps_v2_9/src"

TRACE::2026-08-19.18:05:18::SCWMssOS::make -C ps7_cortexa9_0/libsrc/usbps_v2_9/src -s include  "SHELL=CMD" "COMPILER=arm-none-eabi-gcc" "ASSEMBLER=arm-none-eabi-as" 
TRACE::2026-08-19.18:05:18::SCWMssOS::"ARCHIVER=arm-none-eabi-ar" "COMPILER_FLAGS=  -O2 -c" "EXTRA_COMPILER_FLAGS=-mcpu=cortex-a9 -mfpu=vfpv3 -mfloat-abi=hard -nosta
TRACE::2026-08-19.18:05:18::SCWMssOS::rtfiles -g -Wall -Wextra -fno-tree-loop-distribute-patterns"

TRACE::2026-08-19.18:05:18::SCWMssOS::"Running Make include in ps7_cortexa9_0/libsrc/xadcps_v2_7/src"

TRACE::2026-08-19.18:05:18::SCWMssOS::make -C ps7_cortexa9_0/libsrc/xadcps_v2_7/src -s include  "SHELL=CMD" "COMPILER=arm-none-eabi-gcc" "ASSEMBLER=arm-none-eabi-as"
TRACE::2026-08-19.18:05:18::SCWMssOS:: "ARCHIVER=arm-none-eabi-ar" "COMPILER_FLAGS=  -O2 -c" "EXTRA_COMPILER_FLAGS=-mcpu=cortex-a9 -mfpu=vfpv3 -mfloat-abi=hard -nost
TRACE::2026-08-19.18:05:18::SCWMssOS::artfiles -g -Wall -Wextra -fno-tree-loop-distribute-patterns"

TRACE::2026-08-19.18:05:18::SCWMssOS::"Running Make include in ps7_cortexa9_0/libsrc/xiltimer_v2_1/src"

TRACE::2026-08-19.18:05:18::SCWMssOS::make -C ps7_cortexa9_0/libsrc/xiltimer_v2_1/src -s include  "SHELL=CMD" "COMPILER=arm-none-eabi-gcc" "ASSEMBLER=arm-none-eabi-a
TRACE::2026-08-19.18:05:18::SCWMssOS::s" "ARCHIVER=arm-none-eabi-ar" "COMPILER_FLAGS=  -O2 -c" "EXTRA_COMPILER_FLAGS=-mcpu=cortex-a9 -mfpu=vfpv3 -mfloat-abi=hard -no
TRACE::2026-08-19.18:05:18::SCWMssOS::startfiles -g -Wall -Wextra -fno-tree-loop-distribute-patterns"

TRACE::2026-08-19.18:05:19::SCWMssOS::"Running Make libs in ps7_cortexa9_0/libsrc/AddCycle_Acquisition_v1_0/src"

TRACE::2026-08-19.18:05:19::SCWMssOS::make -C ps7_cortexa9_0/libsrc/AddCycle_Acquisition_v1_0/src -s libs  "SHELL=CMD" "COMPILER=arm-none-eabi-gcc" "ASSEMBLER=arm-no
TRACE::2026-08-19.18:05:19::SCWMssOS::ne-eabi-as" "ARCHIVER=arm-none-eabi-ar" "COMPILER_FLAGS=  -O2 -c" "EXTRA_COMPILER_FLAGS=-mcpu=cortex-a9 -mfpu=vfpv3 -mfloat-abi
TRACE::2026-08-19.18:05:19::SCWMssOS::=hard -nostartfiles -g -Wall -Wextra -fno-tree-loop-distribute-patterns"

TRACE::2026-08-19.18:05:19::SCWMssOS::"Compiling AddCycle_Acquisition..."

TRACE::2026-08-19.18:05:19::SCWMssOS::"Running Make libs in ps7_cortexa9_0/libsrc/lwip220_v1_1/src"

TRACE::2026-08-19.18:05:19::SCWMssOS::make -C ps7_cortexa9_0/libsrc/lwip220_v1_1/src -s libs  "SHELL=CMD" "COMPILER=arm-none-eabi-gcc" "ASSEMBLER=arm-none-eabi-as" "
TRACE::2026-08-19.18:05:19::SCWMssOS::ARCHIVER=arm-none-eabi-ar" "COMPILER_FLAGS=  -O2 -c" "EXTRA_COMPILER_FLAGS=-mcpu=cortex-a9 -mfpu=vfpv3 -mfloat-abi=hard -nostar
TRACE::2026-08-19.18:05:19::SCWMssOS::tfiles -g -Wall -Wextra -fno-tree-loop-distribute-patterns"

TRACE::2026-08-19.18:05:19::SCWMssOS::"Compiling lwip src and adapter files"

TRACE::2026-08-19.18:05:31::SCWMssOS::'Finished building libraries sequentially.'

TRACE::2026-08-19.18:05:31::SCWMssOS::make -j 2 --no-print-directory par_libs

TRACE::2026-08-19.18:05:31::SCWMssOS::"Running Make include in ps7_cortexa9_0/libsrc/AddCycle_Acquisition_v1_0/src"

TRACE::2026-08-19.18:05:31::SCWMssOS::make -C ps7_cortexa9_0/libsrc/AddCycle_Acquisition_v1_0/src -s include  "SHELL=CMD" "COMPILER=arm-none-eabi-gcc" "ASSEMBLER=arm
TRACE::2026-08-19.18:05:31::SCWMssOS::-none-eabi-as" "ARCHIVER=arm-none-eabi-ar" "COMPILER_FLAGS=  -O2 -c" "EXTRA_COMPILER_FLAGS=-mcpu=cortex-a9 -mfpu=vfpv3 -mfloat-
TRACE::2026-08-19.18:05:31::SCWMssOS::abi=hard -nostartfiles -g -Wall -Wextra -fno-tree-loop-distribute-patterns"

TRACE::2026-08-19.18:05:31::SCWMssOS::"Running Make include in ps7_cortexa9_0/libsrc/axidma_v9_19/src"

TRACE::2026-08-19.18:05:31::SCWMssOS::make -C ps7_cortexa9_0/libsrc/axidma_v9_19/src -s include  "SHELL=CMD" "COMPILER=arm-none-eabi-gcc" "ASSEMBLER=arm-none-eabi-as
TRACE::2026-08-19.18:05:31::SCWMssOS::" "ARCHIVER=arm-none-eabi-ar" "COMPILER_FLAGS=  -O2 -c" "EXTRA_COMPILER_FLAGS=-mcpu=cortex-a9 -mfpu=vfpv3 -mfloat-abi=hard -nos
TRACE::2026-08-19.18:05:31::SCWMssOS::tartfiles -g -Wall -Wextra -fno-tree-loop-distribute-patterns"

TRACE::2026-08-19.18:05:31::SCWMssOS::"Running Make include in ps7_cortexa9_0/libsrc/canps_v3_9/src"

TRACE::2026-08-19.18:05:31::SCWMssOS::make -C ps7_cortexa9_0/libsrc/canps_v3_9/src -s include  "SHELL=CMD" "COMPILER=arm-none-eabi-gcc" "ASSEMBLER=arm-none-eabi-as" 
TRACE::2026-08-19.18:05:31::SCWMssOS::"ARCHIVER=arm-none-eabi-ar" "COMPILER_FLAGS=  -O2 -c" "EXTRA_COMPILER_FLAGS=-mcpu=cortex-a9 -mfpu=vfpv3 -mfloat-abi=hard -nosta
TRACE::2026-08-19.18:05:31::SCWMssOS::rtfiles -g -Wall -Wextra -fno-tree-loop-distribute-patterns"

TRACE::2026-08-19.18:05:31::SCWMssOS::"Running Make include in ps7_cortexa9_0/libsrc/coresightps_dcc_v1_11/src"

TRACE::2026-08-19.18:05:31::SCWMssOS::make -C ps7_cortexa9_0/libsrc/coresightps_dcc_v1_11/src -s include  "SHELL=CMD" "COMPILER=arm-none-eabi-gcc" "ASSEMBLER=arm-non
TRACE::2026-08-19.18:05:31::SCWMssOS::e-eabi-as" "ARCHIVER=arm-none-eabi-ar" "COMPILER_FLAGS=  -O2 -c" "EXTRA_COMPILER_FLAGS=-mcpu=cortex-a9 -mfpu=vfpv3 -mfloat-abi=
TRACE::2026-08-19.18:05:31::SCWMssOS::hard -nostartfiles -g -Wall -Wextra -fno-tree-loop-distribute-patterns"

TRACE::2026-08-19.18:05:31::SCWMssOS::"Running Make include in ps7_cortexa9_0/libsrc/cpu_cortexa9_v2_12/src"

TRACE::2026-08-19.18:05:31::SCWMssOS::make -C ps7_cortexa9_0/libsrc/cpu_cortexa9_v2_12/src -s include  "SHELL=CMD" "COMPILER=arm-none-eabi-gcc" "ASSEMBLER=arm-none-e
TRACE::2026-08-19.18:05:31::SCWMssOS::abi-as" "ARCHIVER=arm-none-eabi-ar" "COMPILER_FLAGS=  -O2 -c" "EXTRA_COMPILER_FLAGS=-mcpu=cortex-a9 -mfpu=vfpv3 -mfloat-abi=har
TRACE::2026-08-19.18:05:31::SCWMssOS::d -nostartfiles -g -Wall -Wextra -fno-tree-loop-distribute-patterns"

TRACE::2026-08-19.18:05:31::SCWMssOS::"Running Make include in ps7_cortexa9_0/libsrc/ddrps_v1_2/src"

TRACE::2026-08-19.18:05:31::SCWMssOS::make -C ps7_cortexa9_0/libsrc/ddrps_v1_2/src -s include  "SHELL=CMD" "COMPILER=arm-none-eabi-gcc" "ASSEMBLER=arm-none-eabi-as" 
TRACE::2026-08-19.18:05:31::SCWMssOS::"ARCHIVER=arm-none-eabi-ar" "COMPILER_FLAGS=  -O2 -c" "EXTRA_COMPILER_FLAGS=-mcpu=cortex-a9 -mfpu=vfpv3 -mfloat-abi=hard -nosta
TRACE::2026-08-19.18:05:31::SCWMssOS::rtfiles -g -Wall -Wextra -fno-tree-loop-distribute-patterns"

TRACE::2026-08-19.18:05:31::SCWMssOS::"Running Make include in ps7_cortexa9_0/libsrc/devcfg_v3_8/src"

TRACE::2026-08-19.18:05:31::SCWMssOS::make -C ps7_cortexa9_0/libsrc/devcfg_v3_8/src -s include  "SHELL=CMD" "COMPILER=arm-none-eabi-gcc" "ASSEMBLER=arm-none-eabi-as"
TRACE::2026-08-19.18:05:31::SCWMssOS:: "ARCHIVER=arm-none-eabi-ar" "COMPILER_FLAGS=  -O2 -c" "EXTRA_COMPILER_FLAGS=-mcpu=cortex-a9 -mfpu=vfpv3 -mfloat-abi=hard -nost
TRACE::2026-08-19.18:05:31::SCWMssOS::artfiles -g -Wall -Wextra -fno-tree-loop-distribute-patterns"

TRACE::2026-08-19.18:05:31::SCWMssOS::"Running Make include in ps7_cortexa9_0/libsrc/dmaps_v2_11/src"

TRACE::2026-08-19.18:05:31::SCWMssOS::make -C ps7_cortexa9_0/libsrc/dmaps_v2_11/src -s include  "SHELL=CMD" "COMPILER=arm-none-eabi-gcc" "ASSEMBLER=arm-none-eabi-as"
TRACE::2026-08-19.18:05:31::SCWMssOS:: "ARCHIVER=arm-none-eabi-ar" "COMPILER_FLAGS=  -O2 -c" "EXTRA_COMPILER_FLAGS=-mcpu=cortex-a9 -mfpu=vfpv3 -mfloat-abi=hard -nost
TRACE::2026-08-19.18:05:31::SCWMssOS::artfiles -g -Wall -Wextra -fno-tree-loop-distribute-patterns"

TRACE::2026-08-19.18:05:31::SCWMssOS::"Running Make include in ps7_cortexa9_0/libsrc/emacps_v3_21/src"

TRACE::2026-08-19.18:05:31::SCWMssOS::make -C ps7_cortexa9_0/libsrc/emacps_v3_21/src -s include  "SHELL=CMD" "COMPILER=arm-none-eabi-gcc" "ASSEMBLER=arm-none-eabi-as
TRACE::2026-08-19.18:05:31::SCWMssOS::" "ARCHIVER=arm-none-eabi-ar" "COMPILER_FLAGS=  -O2 -c" "EXTRA_COMPILER_FLAGS=-mcpu=cortex-a9 -mfpu=vfpv3 -mfloat-abi=hard -nos
TRACE::2026-08-19.18:05:31::SCWMssOS::tartfiles -g -Wall -Wextra -fno-tree-loop-distribute-patterns"

TRACE::2026-08-19.18:05:31::SCWMssOS::"Running Make include in ps7_cortexa9_0/libsrc/gpiops_v3_13/src"

TRACE::2026-08-19.18:05:31::SCWMssOS::make -C ps7_cortexa9_0/libsrc/gpiops_v3_13/src -s include  "SHELL=CMD" "COMPILER=arm-none-eabi-gcc" "ASSEMBLER=arm-none-eabi-as
TRACE::2026-08-19.18:05:31::SCWMssOS::" "ARCHIVER=arm-none-eabi-ar" "COMPILER_FLAGS=  -O2 -c" "EXTRA_COMPILER_FLAGS=-mcpu=cortex-a9 -mfpu=vfpv3 -mfloat-abi=hard -nos
TRACE::2026-08-19.18:05:31::SCWMssOS::tartfiles -g -Wall -Wextra -fno-tree-loop-distribute-patterns"

TRACE::2026-08-19.18:05:31::SCWMssOS::"Running Make include in ps7_cortexa9_0/libsrc/lwip220_v1_1/src"

TRACE::2026-08-19.18:05:31::SCWMssOS::make -C ps7_cortexa9_0/libsrc/lwip220_v1_1/src -s include  "SHELL=CMD" "COMPILER=arm-none-eabi-gcc" "ASSEMBLER=arm-none-eabi-as
TRACE::2026-08-19.18:05:31::SCWMssOS::" "ARCHIVER=arm-none-eabi-ar" "COMPILER_FLAGS=  -O2 -c" "EXTRA_COMPILER_FLAGS=-mcpu=cortex-a9 -mfpu=vfpv3 -mfloat-abi=hard -nos
TRACE::2026-08-19.18:05:31::SCWMssOS::tartfiles -g -Wall -Wextra -fno-tree-loop-distribute-patterns"

TRACE::2026-08-19.18:05:32::SCWMssOS::"Running Make include in ps7_cortexa9_0/libsrc/qspips_v3_13/src"

TRACE::2026-08-19.18:05:32::SCWMssOS::make -C ps7_cortexa9_0/libsrc/qspips_v3_13/src -s include  "SHELL=CMD" "COMPILER=arm-none-eabi-gcc" "ASSEMBLER=arm-none-eabi-as
TRACE::2026-08-19.18:05:32::SCWMssOS::" "ARCHIVER=arm-none-eabi-ar" "COMPILER_FLAGS=  -O2 -c" "EXTRA_COMPILER_FLAGS=-mcpu=cortex-a9 -mfpu=vfpv3 -mfloat-abi=hard -nos
TRACE::2026-08-19.18:05:32::SCWMssOS::tartfiles -g -Wall -Wextra -fno-tree-loop-distribute-patterns"

TRACE::2026-08-19.18:05:32::SCWMssOS::"Running Make include in ps7_cortexa9_0/libsrc/scugic_v5_4/src"

TRACE::2026-08-19.18:05:32::SCWMssOS::make -C ps7_cortexa9_0/libsrc/scugic_v5_4/src -s include  "SHELL=CMD" "COMPILER=arm-none-eabi-gcc" "ASSEMBLER=arm-none-eabi-as"
TRACE::2026-08-19.18:05:32::SCWMssOS:: "ARCHIVER=arm-none-eabi-ar" "COMPILER_FLAGS=  -O2 -c" "EXTRA_COMPILER_FLAGS=-mcpu=cortex-a9 -mfpu=vfpv3 -mfloat-abi=hard -nost
TRACE::2026-08-19.18:05:32::SCWMssOS::artfiles -g -Wall -Wextra -fno-tree-loop-distribute-patterns"

TRACE::2026-08-19.18:05:32::SCWMssOS::"Running Make include in ps7_cortexa9_0/libsrc/scutimer_v2_6/src"

TRACE::2026-08-19.18:05:32::SCWMssOS::make -C ps7_cortexa9_0/libsrc/scutimer_v2_6/src -s include  "SHELL=CMD" "COMPILER=arm-none-eabi-gcc" "ASSEMBLER=arm-none-eabi-a
TRACE::2026-08-19.18:05:32::SCWMssOS::s" "ARCHIVER=arm-none-eabi-ar" "COMPILER_FLAGS=  -O2 -c" "EXTRA_COMPILER_FLAGS=-mcpu=cortex-a9 -mfpu=vfpv3 -mfloat-abi=hard -no
TRACE::2026-08-19.18:05:32::SCWMssOS::startfiles -g -Wall -Wextra -fno-tree-loop-distribute-patterns"

TRACE::2026-08-19.18:05:32::SCWMssOS::"Running Make include in ps7_cortexa9_0/libsrc/scuwdt_v2_6/src"

TRACE::2026-08-19.18:05:32::SCWMssOS::make -C ps7_cortexa9_0/libsrc/scuwdt_v2_6/src -s include  "SHELL=CMD" "COMPILER=arm-none-eabi-gcc" "ASSEMBLER=arm-none-eabi-as"
TRACE::2026-08-19.18:05:32::SCWMssOS:: "ARCHIVER=arm-none-eabi-ar" "COMPILER_FLAGS=  -O2 -c" "EXTRA_COMPILER_FLAGS=-mcpu=cortex-a9 -mfpu=vfpv3 -mfloat-abi=hard -nost
TRACE::2026-08-19.18:05:32::SCWMssOS::artfiles -g -Wall -Wextra -fno-tree-loop-distribute-patterns"

TRACE::2026-08-19.18:05:32::SCWMssOS::"Running Make include in ps7_cortexa9_0/libsrc/sdps_v4_4/src"

TRACE::2026-08-19.18:05:32::SCWMssOS::make -C ps7_cortexa9_0/libsrc/sdps_v4_4/src -s include  "SHELL=CMD" "COMPILER=arm-none-eabi-gcc" "ASSEMBLER=arm-none-eabi-as" "
TRACE::2026-08-19.18:05:32::SCWMssOS::ARCHIVER=arm-none-eabi-ar" "COMPILER_FLAGS=  -O2 -c" "EXTRA_COMPILER_FLAGS=-mcpu=cortex-a9 -mfpu=vfpv3 -mfloat-abi=hard -nostar
TRACE::2026-08-19.18:05:32::SCWMssOS::tfiles -g -Wall -Wextra -fno-tree-loop-distribute-patterns"

TRACE::2026-08-19.18:05:32::SCWMssOS::"Running Make include in ps7_cortexa9_0/libsrc/standalone_v9_2/src"

TRACE::2026-08-19.18:05:32::SCWMssOS::make -C ps7_cortexa9_0/libsrc/standalone_v9_2/src -s include  "SHELL=CMD" "COMPILER=arm-none-eabi-gcc" "ASSEMBLER=arm-none-eabi
TRACE::2026-08-19.18:05:32::SCWMssOS::-as" "ARCHIVER=arm-none-eabi-ar" "COMPILER_FLAGS=  -O2 -c" "EXTRA_COMPILER_FLAGS=-mcpu=cortex-a9 -mfpu=vfpv3 -mfloat-abi=hard -
TRACE::2026-08-19.18:05:32::SCWMssOS::nostartfiles -g -Wall -Wextra -fno-tree-loop-distribute-patterns"

TRACE::2026-08-19.18:05:32::SCWMssOS::"Running Make include in ps7_cortexa9_0/libsrc/uartps_v3_15/src"

TRACE::2026-08-19.18:05:32::SCWMssOS::make -C ps7_cortexa9_0/libsrc/uartps_v3_15/src -s include  "SHELL=CMD" "COMPILER=arm-none-eabi-gcc" "ASSEMBLER=arm-none-eabi-as
TRACE::2026-08-19.18:05:32::SCWMssOS::" "ARCHIVER=arm-none-eabi-ar" "COMPILER_FLAGS=  -O2 -c" "EXTRA_COMPILER_FLAGS=-mcpu=cortex-a9 -mfpu=vfpv3 -mfloat-abi=hard -nos
TRACE::2026-08-19.18:05:32::SCWMssOS::tartfiles -g -Wall -Wextra -fno-tree-loop-distribute-patterns"

TRACE::2026-08-19.18:05:32::SCWMssOS::"Running Make include in ps7_cortexa9_0/libsrc/usbps_v2_9/src"

TRACE::2026-08-19.18:05:32::SCWMssOS::make -C ps7_cortexa9_0/libsrc/usbps_v2_9/src -s include  "SHELL=CMD" "COMPILER=arm-none-eabi-gcc" "ASSEMBLER=arm-none-eabi-as" 
TRACE::2026-08-19.18:05:32::SCWMssOS::"ARCHIVER=arm-none-eabi-ar" "COMPILER_FLAGS=  -O2 -c" "EXTRA_COMPILER_FLAGS=-mcpu=cortex-a9 -mfpu=vfpv3 -mfloat-abi=hard -nosta
TRACE::2026-08-19.18:05:32::SCWMssOS::rtfiles -g -Wall -Wextra -fno-tree-loop-distribute-patterns"

TRACE::2026-08-19.18:05:32::SCWMssOS::"Running Make include in ps7_cortexa9_0/libsrc/xadcps_v2_7/src"

TRACE::2026-08-19.18:05:32::SCWMssOS::make -C ps7_cortexa9_0/libsrc/xadcps_v2_7/src -s include  "SHELL=CMD" "COMPILER=arm-none-eabi-gcc" "ASSEMBLER=arm-none-eabi-as"
TRACE::2026-08-19.18:05:32::SCWMssOS:: "ARCHIVER=arm-none-eabi-ar" "COMPILER_FLAGS=  -O2 -c" "EXTRA_COMPILER_FLAGS=-mcpu=cortex-a9 -mfpu=vfpv3 -mfloat-abi=hard -nost
TRACE::2026-08-19.18:05:32::SCWMssOS::artfiles -g -Wall -Wextra -fno-tree-loop-distribute-patterns"

TRACE::2026-08-19.18:05:32::SCWMssOS::"Running Make include in ps7_cortexa9_0/libsrc/xiltimer_v2_1/src"

TRACE::2026-08-19.18:05:32::SCWMssOS::make -C ps7_cortexa9_0/libsrc/xiltimer_v2_1/src -s include  "SHELL=CMD" "COMPILER=arm-none-eabi-gcc" "ASSEMBLER=arm-none-eabi-a
TRACE::2026-08-19.18:05:32::SCWMssOS::s" "ARCHIVER=arm-none-eabi-ar" "COMPILER_FLAGS=  -O2 -c" "EXTRA_COMPILER_FLAGS=-mcpu=cortex-a9 -mfpu=vfpv3 -mfloat-abi=hard -no
TRACE::2026-08-19.18:05:32::SCWMssOS::startfiles -g -Wall -Wextra -fno-tree-loop-distribute-patterns"

TRACE::2026-08-19.18:05:33::SCWMssOS::"Running Make libs in ps7_cortexa9_0/libsrc/axidma_v9_19/src"

TRACE::2026-08-19.18:05:33::SCWMssOS::make -C ps7_cortexa9_0/libsrc/axidma_v9_19/src -s libs  "SHELL=CMD" "COMPILER=arm-none-eabi-gcc" "ASSEMBLER=arm-none-eabi-as" "
TRACE::2026-08-19.18:05:33::SCWMssOS::ARCHIVER=arm-none-eabi-ar" "COMPILER_FLAGS=  -O2 -c" "EXTRA_COMPILER_FLAGS=-mcpu=cortex-a9 -mfpu=vfpv3 -mfloat-abi=hard -nostar
TRACE::2026-08-19.18:05:33::SCWMssOS::tfiles -g -Wall -Wextra -fno-tree-loop-distribute-patterns"

TRACE::2026-08-19.18:05:33::SCWMssOS::"Running Make libs in ps7_cortexa9_0/libsrc/canps_v3_9/src"

TRACE::2026-08-19.18:05:33::SCWMssOS::make -C ps7_cortexa9_0/libsrc/canps_v3_9/src -s libs  "SHELL=CMD" "COMPILER=arm-none-eabi-gcc" "ASSEMBLER=arm-none-eabi-as" "AR
TRACE::2026-08-19.18:05:33::SCWMssOS::CHIVER=arm-none-eabi-ar" "COMPILER_FLAGS=  -O2 -c" "EXTRA_COMPILER_FLAGS=-mcpu=cortex-a9 -mfpu=vfpv3 -mfloat-abi=hard -nostartf
TRACE::2026-08-19.18:05:33::SCWMssOS::iles -g -Wall -Wextra -fno-tree-loop-distribute-patterns"

TRACE::2026-08-19.18:05:34::SCWMssOS::"Running Make libs in ps7_cortexa9_0/libsrc/coresightps_dcc_v1_11/src"

TRACE::2026-08-19.18:05:34::SCWMssOS::make -C ps7_cortexa9_0/libsrc/coresightps_dcc_v1_11/src -s libs  "SHELL=CMD" "COMPILER=arm-none-eabi-gcc" "ASSEMBLER=arm-none-e
TRACE::2026-08-19.18:05:34::SCWMssOS::abi-as" "ARCHIVER=arm-none-eabi-ar" "COMPILER_FLAGS=  -O2 -c" "EXTRA_COMPILER_FLAGS=-mcpu=cortex-a9 -mfpu=vfpv3 -mfloat-abi=har
TRACE::2026-08-19.18:05:34::SCWMssOS::d -nostartfiles -g -Wall -Wextra -fno-tree-loop-distribute-patterns"

TRACE::2026-08-19.18:05:34::SCWMssOS::"Running Make libs in ps7_cortexa9_0/libsrc/cpu_cortexa9_v2_12/src"

TRACE::2026-08-19.18:05:34::SCWMssOS::make -C ps7_cortexa9_0/libsrc/cpu_cortexa9_v2_12/src -s libs  "SHELL=CMD" "COMPILER=arm-none-eabi-gcc" "ASSEMBLER=arm-none-eabi
TRACE::2026-08-19.18:05:34::SCWMssOS::-as" "ARCHIVER=arm-none-eabi-ar" "COMPILER_FLAGS=  -O2 -c" "EXTRA_COMPILER_FLAGS=-mcpu=cortex-a9 -mfpu=vfpv3 -mfloat-abi=hard -
TRACE::2026-08-19.18:05:34::SCWMssOS::nostartfiles -g -Wall -Wextra -fno-tree-loop-distribute-patterns"

TRACE::2026-08-19.18:05:35::SCWMssOS::"Running Make libs in ps7_cortexa9_0/libsrc/ddrps_v1_2/src"

TRACE::2026-08-19.18:05:35::SCWMssOS::make -C ps7_cortexa9_0/libsrc/ddrps_v1_2/src -s libs  "SHELL=CMD" "COMPILER=arm-none-eabi-gcc" "ASSEMBLER=arm-none-eabi-as" "AR
TRACE::2026-08-19.18:05:35::SCWMssOS::CHIVER=arm-none-eabi-ar" "COMPILER_FLAGS=  -O2 -c" "EXTRA_COMPILER_FLAGS=-mcpu=cortex-a9 -mfpu=vfpv3 -mfloat-abi=hard -nostartf
TRACE::2026-08-19.18:05:35::SCWMssOS::iles -g -Wall -Wextra -fno-tree-loop-distribute-patterns"

TRACE::2026-08-19.18:05:35::SCWMssOS::"Running Make libs in ps7_cortexa9_0/libsrc/devcfg_v3_8/src"

TRACE::2026-08-19.18:05:35::SCWMssOS::make -C ps7_cortexa9_0/libsrc/devcfg_v3_8/src -s libs  "SHELL=CMD" "COMPILER=arm-none-eabi-gcc" "ASSEMBLER=arm-none-eabi-as" "A
TRACE::2026-08-19.18:05:35::SCWMssOS::RCHIVER=arm-none-eabi-ar" "COMPILER_FLAGS=  -O2 -c" "EXTRA_COMPILER_FLAGS=-mcpu=cortex-a9 -mfpu=vfpv3 -mfloat-abi=hard -nostart
TRACE::2026-08-19.18:05:35::SCWMssOS::files -g -Wall -Wextra -fno-tree-loop-distribute-patterns"

TRACE::2026-08-19.18:05:35::SCWMssOS::"Running Make libs in ps7_cortexa9_0/libsrc/dmaps_v2_11/src"

TRACE::2026-08-19.18:05:35::SCWMssOS::make -C ps7_cortexa9_0/libsrc/dmaps_v2_11/src -s libs  "SHELL=CMD" "COMPILER=arm-none-eabi-gcc" "ASSEMBLER=arm-none-eabi-as" "A
TRACE::2026-08-19.18:05:35::SCWMssOS::RCHIVER=arm-none-eabi-ar" "COMPILER_FLAGS=  -O2 -c" "EXTRA_COMPILER_FLAGS=-mcpu=cortex-a9 -mfpu=vfpv3 -mfloat-abi=hard -nostart
TRACE::2026-08-19.18:05:35::SCWMssOS::files -g -Wall -Wextra -fno-tree-loop-distribute-patterns"

TRACE::2026-08-19.18:05:36::SCWMssOS::"Running Make libs in ps7_cortexa9_0/libsrc/emacps_v3_21/src"

TRACE::2026-08-19.18:05:36::SCWMssOS::make -C ps7_cortexa9_0/libsrc/emacps_v3_21/src -s libs  "SHELL=CMD" "COMPILER=arm-none-eabi-gcc" "ASSEMBLER=arm-none-eabi-as" "
TRACE::2026-08-19.18:05:36::SCWMssOS::ARCHIVER=arm-none-eabi-ar" "COMPILER_FLAGS=  -O2 -c" "EXTRA_COMPILER_FLAGS=-mcpu=cortex-a9 -mfpu=vfpv3 -mfloat-abi=hard -nostar
TRACE::2026-08-19.18:05:36::SCWMssOS::tfiles -g -Wall -Wextra -fno-tree-loop-distribute-patterns"

TRACE::2026-08-19.18:05:36::SCWMssOS::"Running Make libs in ps7_cortexa9_0/libsrc/gpiops_v3_13/src"

TRACE::2026-08-19.18:05:36::SCWMssOS::make -C ps7_cortexa9_0/libsrc/gpiops_v3_13/src -s libs  "SHELL=CMD" "COMPILER=arm-none-eabi-gcc" "ASSEMBLER=arm-none-eabi-as" "
TRACE::2026-08-19.18:05:36::SCWMssOS::ARCHIVER=arm-none-eabi-ar" "COMPILER_FLAGS=  -O2 -c" "EXTRA_COMPILER_FLAGS=-mcpu=cortex-a9 -mfpu=vfpv3 -mfloat-abi=hard -nostar
TRACE::2026-08-19.18:05:36::SCWMssOS::tfiles -g -Wall -Wextra -fno-tree-loop-distribute-patterns"

TRACE::2026-08-19.18:05:38::SCWMssOS::"Running Make libs in ps7_cortexa9_0/libsrc/qspips_v3_13/src"

TRACE::2026-08-19.18:05:38::SCWMssOS::make -C ps7_cortexa9_0/libsrc/qspips_v3_13/src -s libs  "SHELL=CMD" "COMPILER=arm-none-eabi-gcc" "ASSEMBLER=arm-none-eabi-as" "
TRACE::2026-08-19.18:05:38::SCWMssOS::ARCHIVER=arm-none-eabi-ar" "COMPILER_FLAGS=  -O2 -c" "EXTRA_COMPILER_FLAGS=-mcpu=cortex-a9 -mfpu=vfpv3 -mfloat-abi=hard -nostar
TRACE::2026-08-19.18:05:38::SCWMssOS::tfiles -g -Wall -Wextra -fno-tree-loop-distribute-patterns"

TRACE::2026-08-19.18:05:38::SCWMssOS::"Running Make libs in ps7_cortexa9_0/libsrc/scugic_v5_4/src"

TRACE::2026-08-19.18:05:38::SCWMssOS::make -C ps7_cortexa9_0/libsrc/scugic_v5_4/src -s libs  "SHELL=CMD" "COMPILER=arm-none-eabi-gcc" "ASSEMBLER=arm-none-eabi-as" "A
TRACE::2026-08-19.18:05:38::SCWMssOS::RCHIVER=arm-none-eabi-ar" "COMPILER_FLAGS=  -O2 -c" "EXTRA_COMPILER_FLAGS=-mcpu=cortex-a9 -mfpu=vfpv3 -mfloat-abi=hard -nostart
TRACE::2026-08-19.18:05:38::SCWMssOS::files -g -Wall -Wextra -fno-tree-loop-distribute-patterns"

TRACE::2026-08-19.18:05:39::SCWMssOS::"Running Make libs in ps7_cortexa9_0/libsrc/scutimer_v2_6/src"

TRACE::2026-08-19.18:05:40::SCWMssOS::make -C ps7_cortexa9_0/libsrc/scutimer_v2_6/src -s libs  "SHELL=CMD" "COMPILER=arm-none-eabi-gcc" "ASSEMBLER=arm-none-eabi-as" 
TRACE::2026-08-19.18:05:40::SCWMssOS::"ARCHIVER=arm-none-eabi-ar" "COMPILER_FLAGS=  -O2 -c" "EXTRA_COMPILER_FLAGS=-mcpu=cortex-a9 -mfpu=vfpv3 -mfloat-abi=hard -nosta
TRACE::2026-08-19.18:05:40::SCWMssOS::rtfiles -g -Wall -Wextra -fno-tree-loop-distribute-patterns"

TRACE::2026-08-19.18:05:40::SCWMssOS::"Running Make libs in ps7_cortexa9_0/libsrc/scuwdt_v2_6/src"

TRACE::2026-08-19.18:05:40::SCWMssOS::make -C ps7_cortexa9_0/libsrc/scuwdt_v2_6/src -s libs  "SHELL=CMD" "COMPILER=arm-none-eabi-gcc" "ASSEMBLER=arm-none-eabi-as" "A
TRACE::2026-08-19.18:05:40::SCWMssOS::RCHIVER=arm-none-eabi-ar" "COMPILER_FLAGS=  -O2 -c" "EXTRA_COMPILER_FLAGS=-mcpu=cortex-a9 -mfpu=vfpv3 -mfloat-abi=hard -nostart
TRACE::2026-08-19.18:05:40::SCWMssOS::files -g -Wall -Wextra -fno-tree-loop-distribute-patterns"

TRACE::2026-08-19.18:05:40::SCWMssOS::"Running Make libs in ps7_cortexa9_0/libsrc/sdps_v4_4/src"

TRACE::2026-08-19.18:05:40::SCWMssOS::make -C ps7_cortexa9_0/libsrc/sdps_v4_4/src -s libs  "SHELL=CMD" "COMPILER=arm-none-eabi-gcc" "ASSEMBLER=arm-none-eabi-as" "ARC
TRACE::2026-08-19.18:05:40::SCWMssOS::HIVER=arm-none-eabi-ar" "COMPILER_FLAGS=  -O2 -c" "EXTRA_COMPILER_FLAGS=-mcpu=cortex-a9 -mfpu=vfpv3 -mfloat-abi=hard -nostartfi
TRACE::2026-08-19.18:05:40::SCWMssOS::les -g -Wall -Wextra -fno-tree-loop-distribute-patterns"

TRACE::2026-08-19.18:05:40::SCWMssOS::"Running Make libs in ps7_cortexa9_0/libsrc/standalone_v9_2/src"

TRACE::2026-08-19.18:05:40::SCWMssOS::make -C ps7_cortexa9_0/libsrc/standalone_v9_2/src -s libs  "SHELL=CMD" "COMPILER=arm-none-eabi-gcc" "ASSEMBLER=arm-none-eabi-as
TRACE::2026-08-19.18:05:40::SCWMssOS::" "ARCHIVER=arm-none-eabi-ar" "COMPILER_FLAGS=  -O2 -c" "EXTRA_COMPILER_FLAGS=-mcpu=cortex-a9 -mfpu=vfpv3 -mfloat-abi=hard -nos
TRACE::2026-08-19.18:05:40::SCWMssOS::tartfiles -g -Wall -Wextra -fno-tree-loop-distribute-patterns"

TRACE::2026-08-19.18:05:43::SCWMssOS::"Running Make libs in ps7_cortexa9_0/libsrc/uartps_v3_15/src"

TRACE::2026-08-19.18:05:43::SCWMssOS::make -C ps7_cortexa9_0/libsrc/uartps_v3_15/src -s libs  "SHELL=CMD" "COMPILER=arm-none-eabi-gcc" "ASSEMBLER=arm-none-eabi-as" "
TRACE::2026-08-19.18:05:43::SCWMssOS::ARCHIVER=arm-none-eabi-ar" "COMPILER_FLAGS=  -O2 -c" "EXTRA_COMPILER_FLAGS=-mcpu=cortex-a9 -mfpu=vfpv3 -mfloat-abi=hard -nostar
TRACE::2026-08-19.18:05:43::SCWMssOS::tfiles -g -Wall -Wextra -fno-tree-loop-distribute-patterns"

TRACE::2026-08-19.18:05:45::SCWMssOS::"Running Make libs in ps7_cortexa9_0/libsrc/usbps_v2_9/src"

TRACE::2026-08-19.18:05:45::SCWMssOS::make -C ps7_cortexa9_0/libsrc/usbps_v2_9/src -s libs  "SHELL=CMD" "COMPILER=arm-none-eabi-gcc" "ASSEMBLER=arm-none-eabi-as" "AR
TRACE::2026-08-19.18:05:45::SCWMssOS::CHIVER=arm-none-eabi-ar" "COMPILER_FLAGS=  -O2 -c" "EXTRA_COMPILER_FLAGS=-mcpu=cortex-a9 -mfpu=vfpv3 -mfloat-abi=hard -nostartf
TRACE::2026-08-19.18:05:45::SCWMssOS::iles -g -Wall -Wextra -fno-tree-loop-distribute-patterns"

TRACE::2026-08-19.18:05:47::SCWMssOS::"Running Make libs in ps7_cortexa9_0/libsrc/xadcps_v2_7/src"

TRACE::2026-08-19.18:05:47::SCWMssOS::make -C ps7_cortexa9_0/libsrc/xadcps_v2_7/src -s libs  "SHELL=CMD" "COMPILER=arm-none-eabi-gcc" "ASSEMBLER=arm-none-eabi-as" "A
TRACE::2026-08-19.18:05:47::SCWMssOS::RCHIVER=arm-none-eabi-ar" "COMPILER_FLAGS=  -O2 -c" "EXTRA_COMPILER_FLAGS=-mcpu=cortex-a9 -mfpu=vfpv3 -mfloat-abi=hard -nostart
TRACE::2026-08-19.18:05:47::SCWMssOS::files -g -Wall -Wextra -fno-tree-loop-distribute-patterns"

TRACE::2026-08-19.18:05:48::SCWMssOS::"Running Make libs in ps7_cortexa9_0/libsrc/xiltimer_v2_1/src"

TRACE::2026-08-19.18:05:48::SCWMssOS::make -C ps7_cortexa9_0/libsrc/xiltimer_v2_1/src -s libs  "SHELL=CMD" "COMPILER=arm-none-eabi-gcc" "ASSEMBLER=arm-none-eabi-as" 
TRACE::2026-08-19.18:05:48::SCWMssOS::"ARCHIVER=arm-none-eabi-ar" "COMPILER_FLAGS=  -O2 -c" "EXTRA_COMPILER_FLAGS=-mcpu=cortex-a9 -mfpu=vfpv3 -mfloat-abi=hard -nosta
TRACE::2026-08-19.18:05:48::SCWMssOS::rtfiles -g -Wall -Wextra -fno-tree-loop-distribute-patterns"

TRACE::2026-08-19.18:05:48::SCWMssOS::"Compiling xiltimer Library"

TRACE::2026-08-19.18:05:50::SCWMssOS::'Finished building libraries parallelly.'

TRACE::2026-08-19.18:05:50::SCWMssOS::make --no-print-directory archive

TRACE::2026-08-19.18:05:50::SCWMssOS::arm-none-eabi-ar -r  ps7_cortexa9_0/lib/libxil.a ps7_cortexa9_0/lib/_exit.o ps7_cortexa9_0/lib/_open.o ps7_cortexa9_0/lib/_sbrk
TRACE::2026-08-19.18:05:50::SCWMssOS::.o ps7_cortexa9_0/lib/abort.o ps7_cortexa9_0/lib/asm_vectors.o ps7_cortexa9_0/lib/boot.o ps7_cortexa9_0/lib/close.o ps7_cortexa
TRACE::2026-08-19.18:05:50::SCWMssOS::9_0/lib/cpputest_time.o ps7_cortexa9_0/lib/cpu_init.o ps7_cortexa9_0/lib/errno.o ps7_cortexa9_0/lib/fcntl.o ps7_cortexa9_0/lib/
TRACE::2026-08-19.18:05:50::SCWMssOS::fstat.o ps7_cortexa9_0/lib/getentropy.o ps7_cortexa9_0/lib/getpid.o ps7_cortexa9_0/lib/gettimeofday.o ps7_cortexa9_0/lib/inbyte
TRACE::2026-08-19.18:05:50::SCWMssOS::.o ps7_cortexa9_0/lib/isatty.o ps7_cortexa9_0/lib/kill.o ps7_cortexa9_0/lib/lseek.o ps7_cortexa9_0/lib/open.o ps7_cortexa9_0/li
TRACE::2026-08-19.18:05:50::SCWMssOS::b/outbyte.o ps7_cortexa9_0/lib/print.o ps7_cortexa9_0/lib/putnum.o ps7_cortexa9_0/lib/read.o ps7_cortexa9_0/lib/sbrk.o ps7_cort
TRACE::2026-08-19.18:05:50::SCWMssOS::exa9_0/lib/time.o ps7_cortexa9_0/lib/translation_table.o ps7_cortexa9_0/lib/unlink.o ps7_cortexa9_0/lib/vectors.o ps7_cortexa9_
TRACE::2026-08-19.18:05:50::SCWMssOS::0/lib/write.o ps7_cortexa9_0/lib/xadcps.o ps7_cortexa9_0/lib/xadcps_g.o ps7_cortexa9_0/lib/xadcps_intr.o ps7_cortexa9_0/lib/xad
TRACE::2026-08-19.18:05:50::SCWMssOS::cps_selftest.o ps7_cortexa9_0/lib/xadcps_sinit.o ps7_cortexa9_0/lib/xaxidma.o ps7_cortexa9_0/lib/xaxidma_bd.o ps7_cortexa9_0/li
TRACE::2026-08-19.18:05:50::SCWMssOS::b/xaxidma_bdring.o ps7_cortexa9_0/lib/xaxidma_g.o ps7_cortexa9_0/lib/xaxidma_selftest.o ps7_cortexa9_0/lib/xaxidma_sinit.o ps7_
TRACE::2026-08-19.18:05:50::SCWMssOS::cortexa9_0/lib/xcanps.o ps7_cortexa9_0/lib/xcanps_g.o ps7_cortexa9_0/lib/xcanps_hw.o ps7_cortexa9_0/lib/xcanps_intr.o ps7_corte
TRACE::2026-08-19.18:05:50::SCWMssOS::xa9_0/lib/xcanps_selftest.o ps7_cortexa9_0/lib/xcanps_sinit.o ps7_cortexa9_0/lib/xcoresightpsdcc.o ps7_cortexa9_0/lib/xdevcfg.o
TRACE::2026-08-19.18:05:50::SCWMssOS:: ps7_cortexa9_0/lib/xdevcfg_g.o ps7_cortexa9_0/lib/xdevcfg_hw.o ps7_cortexa9_0/lib/xdevcfg_intr.o ps7_cortexa9_0/lib/xdevcfg_se
TRACE::2026-08-19.18:05:50::SCWMssOS::lftest.o ps7_cortexa9_0/lib/xdevcfg_sinit.o ps7_cortexa9_0/lib/xdmaps.o ps7_cortexa9_0/lib/xdmaps_g.o ps7_cortexa9_0/lib/xdmaps
TRACE::2026-08-19.18:05:50::SCWMssOS::_hw.o ps7_cortexa9_0/lib/xdmaps_selftest.o ps7_cortexa9_0/lib/xdmaps_sinit.o ps7_cortexa9_0/lib/xemacps.o ps7_cortexa9_0/lib/xe
TRACE::2026-08-19.18:05:50::SCWMssOS::macps_bdring.o ps7_cortexa9_0/lib/xemacps_control.o ps7_cortexa9_0/lib/xemacps_g.o ps7_cortexa9_0/lib/xemacps_hw.o ps7_cortexa9
TRACE::2026-08-19.18:05:50::SCWMssOS::_0/lib/xemacps_intr.o ps7_cortexa9_0/lib/xemacps_sinit.o ps7_cortexa9_0/lib/xgpiops.o ps7_cortexa9_0/lib/xgpiops_g.o ps7_cortex
TRACE::2026-08-19.18:05:50::SCWMssOS::a9_0/lib/xgpiops_hw.o ps7_cortexa9_0/lib/xgpiops_intr.o ps7_cortexa9_0/lib/xgpiops_selftest.o ps7_cortexa9_0/lib/xgpiops_sinit.
TRACE::2026-08-19.18:05:50::SCWMssOS::o ps7_cortexa9_0/lib/xil-crt0.o ps7_cortexa9_0/lib/xil_assert.o ps7_cortexa9_0/lib/xil_cache.o ps7_cortexa9_0/lib/xil_clocking.
TRACE::2026-08-19.18:05:50::SCWMssOS::o ps7_cortexa9_0/lib/xil_exception.o ps7_cortexa9_0/lib/xil_mem.o ps7_cortexa9_0/lib/xil_misc_psreset_api.o ps7_cortexa9_0/lib/
TRACE::2026-08-19.18:05:50::SCWMssOS::xil_mmu.o ps7_cortexa9_0/lib/xil_printf.o ps7_cortexa9_0/lib/xil_spinlock.o ps7_cortexa9_0/lib/xil_sutil.o ps7_cortexa9_0/lib/x
TRACE::2026-08-19.18:05:50::SCWMssOS::il_testcache.o ps7_cortexa9_0/lib/xil_testio.o ps7_cortexa9_0/lib/xil_testmem.o ps7_cortexa9_0/lib/xil_util.o ps7_cortexa9_0/li
TRACE::2026-08-19.18:05:50::SCWMssOS::b/xinterrupt_wrap.o ps7_cortexa9_0/lib/xl2cc_counter.o ps7_cortexa9_0/lib/xplatform_info.o ps7_cortexa9_0/lib/xpm_counter.o ps7
TRACE::2026-08-19.18:05:50::SCWMssOS::_cortexa9_0/lib/xpm_init.o ps7_cortexa9_0/lib/xqspips.o ps7_cortexa9_0/lib/xqspips_g.o ps7_cortexa9_0/lib/xqspips_hw.o ps7_cort
TRACE::2026-08-19.18:05:50::SCWMssOS::exa9_0/lib/xqspips_options.o ps7_cortexa9_0/lib/xqspips_selftest.o ps7_cortexa9_0/lib/xqspips_sinit.o ps7_cortexa9_0/lib/xscugi
TRACE::2026-08-19.18:05:50::SCWMssOS::c.o ps7_cortexa9_0/lib/xscugic_g.o ps7_cortexa9_0/lib/xscugic_hw.o ps7_cortexa9_0/lib/xscugic_intr.o ps7_cortexa9_0/lib/xscugic
TRACE::2026-08-19.18:05:50::SCWMssOS::_selftest.o ps7_cortexa9_0/lib/xscugic_sinit.o ps7_cortexa9_0/lib/xscutimer.o ps7_cortexa9_0/lib/xscutimer_g.o ps7_cortexa9_0/l
TRACE::2026-08-19.18:05:50::SCWMssOS::ib/xscutimer_selftest.o ps7_cortexa9_0/lib/xscutimer_sinit.o ps7_cortexa9_0/lib/xscuwdt.o ps7_cortexa9_0/lib/xscuwdt_g.o ps7_co
TRACE::2026-08-19.18:05:50::SCWMssOS::rtexa9_0/lib/xscuwdt_selftest.o ps7_cortexa9_0/lib/xscuwdt_sinit.o ps7_cortexa9_0/lib/xsdps.o ps7_cortexa9_0/lib/xsdps_card.o p
TRACE::2026-08-19.18:05:50::SCWMssOS::s7_cortexa9_0/lib/xsdps_g.o ps7_cortexa9_0/lib/xsdps_host.o ps7_cortexa9_0/lib/xsdps_options.o ps7_cortexa9_0/lib/xsdps_sinit.o
TRACE::2026-08-19.18:05:50::SCWMssOS:: ps7_cortexa9_0/lib/xuartps.o ps7_cortexa9_0/lib/xuartps_g.o ps7_cortexa9_0/lib/xuartps_hw.o ps7_cortexa9_0/lib/xuartps_intr.o 
TRACE::2026-08-19.18:05:50::SCWMssOS::ps7_cortexa9_0/lib/xuartps_options.o ps7_cortexa9_0/lib/xuartps_selftest.o ps7_cortexa9_0/lib/xuartps_sinit.o ps7_cortexa9_0/li
TRACE::2026-08-19.18:05:50::SCWMssOS::b/xusbps.o ps7_cortexa9_0/lib/xusbps_endpoint.o ps7_cortexa9_0/lib/xusbps_g.o ps7_cortexa9_0/lib/xusbps_hw.o ps7_cortexa9_0/lib
TRACE::2026-08-19.18:05:50::SCWMssOS::/xusbps_intr.o ps7_cortexa9_0/lib/xusbps_sinit.o

TRACE::2026-08-19.18:05:50::SCWMssOS::'Finished building libraries'

TRACE::2026-08-19.18:05:50::SCWMssOS::Copying to export directory.
TRACE::2026-08-19.18:05:51::SCWMssOS:: Checking if to create the Supporting Applications
TRACE::2026-08-19.18:05:51::SCWMssOS:: No Linux domain exists, trying to generate FSBL 
LOG::2026-08-19.18:05:51::SCWSystem::Completed Processing the domain standalone_ps7_cortexa9_0
LOG::2026-08-19.18:05:51::SCWSystem::Completed Processing the sysconfig HW_Export_V1
LOG::2026-08-19.18:05:51::SCWPlatform::Completed generating the artifacts for system configuration HW_Export_V1
TRACE::2026-08-19.18:05:51::SCWPlatform::Started preparing the platform 
TRACE::2026-08-19.18:05:51::SCWSystem::Writing the bif file for system config HW_Export_V1
TRACE::2026-08-19.18:05:51::SCWSystem::dir created 
TRACE::2026-08-19.18:05:51::SCWSystem::Writing the bif 
TRACE::2026-08-19.18:05:51::SCWPlatform::Started writing the spfm file 
TRACE::2026-08-19.18:05:51::SCWPlatform::Started writing the xpfm file 
TRACE::2026-08-19.18:05:51::SCWPlatform::Completed generating the platform
TRACE::2026-08-19.18:05:51::SCWMssOS::Saving the mss changes C:/Users/tillkorsmeier/Desktop/MA/Z7-Nano/ParEIS-MSX/SW/HW_Export_V1/zynq_fsbl/zynq_fsbl_bsp/system.mss
TRACE::2026-08-19.18:05:51::SCWMssOS::Found a swdesign opened with the mssfile.
TRACE::2026-08-19.18:05:51::SCWMssOS::Completed writemss as part of save.
TRACE::2026-08-19.18:05:51::SCWMssOS::Commit changes completed.
TRACE::2026-08-19.18:05:51::SCWMssOS::Saving the mss changes C:/Users/tillkorsmeier/Desktop/MA/Z7-Nano/ParEIS-MSX/SW/HW_Export_V1/ps7_cortexa9_0/standalone_ps7_cortexa9_0/bsp/system.mss
TRACE::2026-08-19.18:05:51::SCWMssOS::Found a swdesign opened with the mssfile.
TRACE::2026-08-19.18:05:51::SCWMssOS::Completed writemss as part of save.
TRACE::2026-08-19.18:05:51::SCWMssOS::Commit changes completed.
TRACE::2026-08-19.18:05:51::SCWPlatform::Trying to open the hw design at C:/Users/tillkorsmeier/Desktop/MA/Z7-Nano/ParEIS-MSX/SW/HW_Export_V1/hw/HW_Export_V2.xsa
TRACE::2026-08-19.18:05:51::SCWPlatform::DSA given C:/Users/tillkorsmeier/Desktop/MA/Z7-Nano/ParEIS-MSX/SW/HW_Export_V1/hw/HW_Export_V2.xsa
TRACE::2026-08-19.18:05:51::SCWPlatform::DSA absoulate path C:/Users/tillkorsmeier/Desktop/MA/Z7-Nano/ParEIS-MSX/SW/HW_Export_V1/hw/HW_Export_V2.xsa
TRACE::2026-08-19.18:05:51::SCWPlatform::DSA directory C:/Users/tillkorsmeier/Desktop/MA/Z7-Nano/ParEIS-MSX/SW/HW_Export_V1/hw
TRACE::2026-08-19.18:05:51::SCWPlatform:: Platform Path C:/Users/tillkorsmeier/Desktop/MA/Z7-Nano/ParEIS-MSX/SW/HW_Export_V1/hw/HW_Export_V2.xsa
TRACE::2026-08-19.18:05:51::SCWPlatform:: Unique name xilinx:::0.0
TRACE::2026-08-19.18:05:51::SCWPlatform::Trying to set the existing hwdb with name design_1_wrapper
TRACE::2026-08-19.18:05:51::SCWPlatform::Opened existing hwdb design_1_wrapper
TRACE::2026-08-19.18:05:51::SCWPlatform::Found the Hw Db part of the input DSA
TRACE::2026-08-19.18:05:51::SCWMssOS::Checking the sw design at  C:/Users/tillkorsmeier/Desktop/MA/Z7-Nano/ParEIS-MSX/SW/HW_Export_V1/zynq_fsbl/zynq_fsbl_bsp/system.mss
TRACE::2026-08-19.18:05:51::SCWMssOS::DEBUG:  swdes dump  C:/Users/tillkorsmeier/Desktop/MA/Z7-Nano/ParEIS-MSX/SW/HW_Export_V1/ps7_cortexa9_0/standalone_ps7_cortexa9_0/bsp/system.mss|system_0||
C:/Users/tillkorsmeier/Desktop/MA/Z7-Nano/ParEIS-MSX/SW/HW_Export_V1/zynq_fsbl/zynq_fsbl_bsp/system.mss|system||

TRACE::2026-08-19.18:05:51::SCWMssOS::Sw design exists and opened at  C:/Users/tillkorsmeier/Desktop/MA/Z7-Nano/ParEIS-MSX/SW/HW_Export_V1/zynq_fsbl/zynq_fsbl_bsp/system.mss
TRACE::2026-08-19.18:05:51::SCWPlatform::Trying to open the hw design at C:/Users/tillkorsmeier/Desktop/MA/Z7-Nano/ParEIS-MSX/SW/HW_Export_V1/hw/HW_Export_V2.xsa
TRACE::2026-08-19.18:05:51::SCWPlatform::DSA given C:/Users/tillkorsmeier/Desktop/MA/Z7-Nano/ParEIS-MSX/SW/HW_Export_V1/hw/HW_Export_V2.xsa
TRACE::2026-08-19.18:05:51::SCWPlatform::DSA absoulate path C:/Users/tillkorsmeier/Desktop/MA/Z7-Nano/ParEIS-MSX/SW/HW_Export_V1/hw/HW_Export_V2.xsa
TRACE::2026-08-19.18:05:51::SCWPlatform::DSA directory C:/Users/tillkorsmeier/Desktop/MA/Z7-Nano/ParEIS-MSX/SW/HW_Export_V1/hw
TRACE::2026-08-19.18:05:51::SCWPlatform:: Platform Path C:/Users/tillkorsmeier/Desktop/MA/Z7-Nano/ParEIS-MSX/SW/HW_Export_V1/hw/HW_Export_V2.xsa
TRACE::2026-08-19.18:05:51::SCWPlatform:: Unique name xilinx:::0.0
TRACE::2026-08-19.18:05:51::SCWPlatform::Trying to set the existing hwdb with name design_1_wrapper
TRACE::2026-08-19.18:05:51::SCWPlatform::Opened existing hwdb design_1_wrapper
TRACE::2026-08-19.18:05:51::SCWPlatform::Found the Hw Db part of the input DSA
TRACE::2026-08-19.18:05:51::SCWMssOS::Checking the sw design at  C:/Users/tillkorsmeier/Desktop/MA/Z7-Nano/ParEIS-MSX/SW/HW_Export_V1/ps7_cortexa9_0/standalone_ps7_cortexa9_0/bsp/system.mss
TRACE::2026-08-19.18:05:51::SCWMssOS::DEBUG:  swdes dump  C:/Users/tillkorsmeier/Desktop/MA/Z7-Nano/ParEIS-MSX/SW/HW_Export_V1/ps7_cortexa9_0/standalone_ps7_cortexa9_0/bsp/system.mss|system_0||
C:/Users/tillkorsmeier/Desktop/MA/Z7-Nano/ParEIS-MSX/SW/HW_Export_V1/zynq_fsbl/zynq_fsbl_bsp/system.mss|system||

TRACE::2026-08-19.18:05:51::SCWMssOS::Sw design exists and opened at  C:/Users/tillkorsmeier/Desktop/MA/Z7-Nano/ParEIS-MSX/SW/HW_Export_V1/ps7_cortexa9_0/standalone_ps7_cortexa9_0/bsp/system.mss
TRACE::2026-08-19.18:05:51::SCWWriter::formatted JSON is {
	"platformName":	"HW_Export_V1",
	"sprVersion":	"2.0",
	"mode":	"gui",
	"dsaType":	"Fixed",
	"platformDesc":	"HW_Export_V1",
	"platHandOff":	"C:/Users/tillkorsmeier/Desktop/MA/Z7-Nano/ParEIS-MSX/SW/HW_Export_V2.xsa",
	"platIntHandOff":	"<platformDir>/hw/HW_Export_V2.xsa",
	"deviceType":	"zynq",
	"platIsPrebuiltAutogen":	"false",
	"platIsNoBootBsp":	"false",
	"hasFsblMakeHasChanges":	"false",
	"hasPmufwMakeHasChanges":	"false",
	"fsblExtraCompilerFlags":	"-MMD -MP       -mcpu=cortex-a9 -mfpu=vfpv3 -mfloat-abi=hard ",
	"platPreBuiltFlag":	false,
	"platformSamplesDir":	"",
	"platActiveSys":	"HW_Export_V1",
	"systems":	[{
			"systemName":	"HW_Export_V1",
			"systemDesc":	"HW_Export_V1",
			"sysIsBootAutoGen":	"true",
			"systemDispName":	"HW_Export_V1",
			"sysActiveDom":	"standalone_ps7_cortexa9_0",
			"sysDefaultDom":	"standalone_ps7_cortexa9_0",
			"domains":	[{
					"domainName":	"zynq_fsbl",
					"domainDispName":	"zynq_fsbl",
					"domainDesc":	"FSBL Application BSP - Auto Generated.",
					"processors":	"ps7_cortexa9_0",
					"os":	"standalone",
					"sdxOs":	"standalone",
					"debugEnable":	"",
					"domRuntimes":	["cpp"],
					"swRepo":	"",
					"mssOsVer":	"9.2",
					"mssFile":	"",
					"md5Digest":	"eb13c396dfacc0d4cf82f9f4d1da7be6",
					"compatibleApp":	"zynq_fsbl",
					"domType":	"bootDomain",
					"arch":	"32-bit",
					"appSettings":	{
						"appCompilerFlags":	"",
						"appLinkerFlags":	""
					},
					"addedLibs":	["xilffs:5.3", "xilrsa:1.8"],
					"libOptions":	{
						"libsContainingOptions":	[]
					},
					"prebuiltLibs":	{
						"prebuiltIncPath":	[],
						"prebuiltLibPath":	[]
					},
					"isolation":	{
					}
				}, {
					"domainName":	"standalone_ps7_cortexa9_0",
					"domainDispName":	"standalone_ps7_cortexa9_0",
					"domainDesc":	"standalone_ps7_cortexa9_0",
					"processors":	"ps7_cortexa9_0",
					"os":	"standalone",
					"sdxOs":	"standalone",
					"qemuArgs":	"<platformDir>/resources/HW_Export_V1/standalone_ps7_cortexa9_0/qemu_args.txt",
					"qemuData":	"<platformDir>/resources/HW_Export_V1/standalone_ps7_cortexa9_0/qemu",
					"debugEnable":	"False",
					"domRuntimes":	["cpp"],
					"swRepo":	"",
					"mssOsVer":	"9.2",
					"mssFile":	"",
					"md5Digest":	"35afe3afc5b1bf8f5a86c8734e9cd7a5",
					"compatibleApp":	"",
					"domType":	"mssDomain",
					"arch":	"32-bit",
					"appSettings":	{
						"appCompilerFlags":	"",
						"appLinkerFlags":	""
					},
					"addedLibs":	["lwip220:1.1", "xiltimer:2.1"],
					"libOptions":	{
						"lwip220":	{
							"mem_size":	"1000000",
							"memp_n_tcp_seg":	"65001",
							"phy_link_speed":	"CONFIG_LINKSPEED100",
							"tcp_snd_buf":	"65000",
							"libOptionNames":	["mem_size", "memp_n_tcp_seg", "phy_link_speed", "tcp_snd_buf"]
						},
						"libsContainingOptions":	["lwip220"]
					},
					"prebuiltLibs":	{
						"prebuiltIncPath":	[],
						"prebuiltLibPath":	[]
					},
					"isolation":	{
					}
				}]
		}]
}
KEYINFO::2026-08-19.18:05:51::SCWPlatform::updated the xpfm file.
TRACE::2026-08-19.18:05:51::SCWPlatform::Trying to open the hw design at C:/Users/tillkorsmeier/Desktop/MA/Z7-Nano/ParEIS-MSX/SW/HW_Export_V1/hw/HW_Export_V2.xsa
TRACE::2026-08-19.18:05:51::SCWPlatform::DSA given C:/Users/tillkorsmeier/Desktop/MA/Z7-Nano/ParEIS-MSX/SW/HW_Export_V1/hw/HW_Export_V2.xsa
TRACE::2026-08-19.18:05:51::SCWPlatform::DSA absoulate path C:/Users/tillkorsmeier/Desktop/MA/Z7-Nano/ParEIS-MSX/SW/HW_Export_V1/hw/HW_Export_V2.xsa
TRACE::2026-08-19.18:05:51::SCWPlatform::DSA directory C:/Users/tillkorsmeier/Desktop/MA/Z7-Nano/ParEIS-MSX/SW/HW_Export_V1/hw
TRACE::2026-08-19.18:05:51::SCWPlatform:: Platform Path C:/Users/tillkorsmeier/Desktop/MA/Z7-Nano/ParEIS-MSX/SW/HW_Export_V1/hw/HW_Export_V2.xsa
TRACE::2026-08-19.18:05:51::SCWPlatform:: Unique name xilinx:::0.0
TRACE::2026-08-19.18:05:51::SCWPlatform::Trying to set the existing hwdb with name design_1_wrapper
TRACE::2026-08-19.18:05:51::SCWPlatform::Opened existing hwdb design_1_wrapper
TRACE::2026-08-19.18:05:51::SCWPlatform::Found the Hw Db part of the input DSA
TRACE::2026-08-19.18:05:51::SCWMssOS::Checking the sw design at  C:/Users/tillkorsmeier/Desktop/MA/Z7-Nano/ParEIS-MSX/SW/HW_Export_V1/ps7_cortexa9_0/standalone_ps7_cortexa9_0/bsp/system.mss
TRACE::2026-08-19.18:05:51::SCWMssOS::DEBUG:  swdes dump  C:/Users/tillkorsmeier/Desktop/MA/Z7-Nano/ParEIS-MSX/SW/HW_Export_V1/ps7_cortexa9_0/standalone_ps7_cortexa9_0/bsp/system.mss|system_0||
C:/Users/tillkorsmeier/Desktop/MA/Z7-Nano/ParEIS-MSX/SW/HW_Export_V1/zynq_fsbl/zynq_fsbl_bsp/system.mss|system||

TRACE::2026-08-19.18:05:51::SCWMssOS::Sw design exists and opened at  C:/Users/tillkorsmeier/Desktop/MA/Z7-Nano/ParEIS-MSX/SW/HW_Export_V1/ps7_cortexa9_0/standalone_ps7_cortexa9_0/bsp/system.mss
TRACE::2026-09-20.21:06:43::SCWPlatform::Trying to open the hw design at C:/Users/tillkorsmeier/Desktop/MA/Z7-Nano/ParEIS-MSX/SW/HW_Export_V1/hw/HW_Export_V2.xsa
TRACE::2026-09-20.21:06:43::SCWPlatform::DSA given C:/Users/tillkorsmeier/Desktop/MA/Z7-Nano/ParEIS-MSX/SW/HW_Export_V1/hw/HW_Export_V2.xsa
TRACE::2026-09-20.21:06:43::SCWPlatform::DSA absoulate path C:/Users/tillkorsmeier/Desktop/MA/Z7-Nano/ParEIS-MSX/SW/HW_Export_V1/hw/HW_Export_V2.xsa
TRACE::2026-09-20.21:06:43::SCWPlatform::DSA directory C:/Users/tillkorsmeier/Desktop/MA/Z7-Nano/ParEIS-MSX/SW/HW_Export_V1/hw
TRACE::2026-09-20.21:06:43::SCWPlatform:: Platform Path C:/Users/tillkorsmeier/Desktop/MA/Z7-Nano/ParEIS-MSX/SW/HW_Export_V1/hw/HW_Export_V2.xsa
TRACE::2026-09-20.21:06:43::SCWPlatform:: Unique name xilinx:::0.0
TRACE::2026-09-20.21:06:43::SCWPlatform::Do not have an existing db opened. 
TRACE::2026-09-20.21:06:46::SCWPlatform::Opened new HwDB with name design_1_wrapper
TRACE::2026-09-20.21:06:46::SCWReader::Active system found as  HW_Export_V1
TRACE::2026-09-20.21:06:46::SCWReader::Handling sysconfig HW_Export_V1
TRACE::2026-09-20.21:06:46::SCWDomain::checking for install qemu data   : 
TRACE::2026-09-20.21:06:46::SCWDomain:: Using the QEMU Data from install at  : C:/Xilinx/Vitis/Vitis/2024.2/data/emulation/platforms/zynq/sw/a9_standalone/qemu/
TRACE::2026-09-20.21:06:46::SCWDomain:: Using the QEMU args  from install at  : C:/Xilinx/Vitis/Vitis/2024.2/data/emulation/platforms/zynq/sw/a9_standalone/qemu/qemu_args.txt
TRACE::2026-09-20.21:06:46::SCWPlatform::Trying to open the hw design at C:/Users/tillkorsmeier/Desktop/MA/Z7-Nano/ParEIS-MSX/SW/HW_Export_V1/hw/HW_Export_V2.xsa
TRACE::2026-09-20.21:06:46::SCWPlatform::DSA given C:/Users/tillkorsmeier/Desktop/MA/Z7-Nano/ParEIS-MSX/SW/HW_Export_V1/hw/HW_Export_V2.xsa
TRACE::2026-09-20.21:06:46::SCWPlatform::DSA absoulate path C:/Users/tillkorsmeier/Desktop/MA/Z7-Nano/ParEIS-MSX/SW/HW_Export_V1/hw/HW_Export_V2.xsa
TRACE::2026-09-20.21:06:46::SCWPlatform::DSA directory C:/Users/tillkorsmeier/Desktop/MA/Z7-Nano/ParEIS-MSX/SW/HW_Export_V1/hw
TRACE::2026-09-20.21:06:46::SCWPlatform:: Platform Path C:/Users/tillkorsmeier/Desktop/MA/Z7-Nano/ParEIS-MSX/SW/HW_Export_V1/hw/HW_Export_V2.xsa
TRACE::2026-09-20.21:06:46::SCWPlatform:: Unique name xilinx:::0.0
TRACE::2026-09-20.21:06:46::SCWPlatform::Trying to set the existing hwdb with name design_1_wrapper
TRACE::2026-09-20.21:06:46::SCWPlatform::Opened existing hwdb design_1_wrapper
TRACE::2026-09-20.21:06:46::SCWPlatform::Found the Hw Db part of the input DSA
TRACE::2026-09-20.21:06:46::SCWPlatform::Trying to open the hw design at C:/Users/tillkorsmeier/Desktop/MA/Z7-Nano/ParEIS-MSX/SW/HW_Export_V1/hw/HW_Export_V2.xsa
TRACE::2026-09-20.21:06:46::SCWPlatform::DSA given C:/Users/tillkorsmeier/Desktop/MA/Z7-Nano/ParEIS-MSX/SW/HW_Export_V1/hw/HW_Export_V2.xsa
TRACE::2026-09-20.21:06:46::SCWPlatform::DSA absoulate path C:/Users/tillkorsmeier/Desktop/MA/Z7-Nano/ParEIS-MSX/SW/HW_Export_V1/hw/HW_Export_V2.xsa
TRACE::2026-09-20.21:06:46::SCWPlatform::DSA directory C:/Users/tillkorsmeier/Desktop/MA/Z7-Nano/ParEIS-MSX/SW/HW_Export_V1/hw
TRACE::2026-09-20.21:06:46::SCWPlatform:: Platform Path C:/Users/tillkorsmeier/Desktop/MA/Z7-Nano/ParEIS-MSX/SW/HW_Export_V1/hw/HW_Export_V2.xsa
TRACE::2026-09-20.21:06:46::SCWPlatform:: Unique name xilinx:::0.0
TRACE::2026-09-20.21:06:46::SCWPlatform::Trying to set the existing hwdb with name design_1_wrapper
TRACE::2026-09-20.21:06:46::SCWPlatform::Opened existing hwdb design_1_wrapper
TRACE::2026-09-20.21:06:46::SCWPlatform::Found the Hw Db part of the input DSA
TRACE::2026-09-20.21:06:46::SCWPlatform::Trying to open the hw design at C:/Users/tillkorsmeier/Desktop/MA/Z7-Nano/ParEIS-MSX/SW/HW_Export_V1/hw/HW_Export_V2.xsa
TRACE::2026-09-20.21:06:46::SCWPlatform::DSA given C:/Users/tillkorsmeier/Desktop/MA/Z7-Nano/ParEIS-MSX/SW/HW_Export_V1/hw/HW_Export_V2.xsa
TRACE::2026-09-20.21:06:46::SCWPlatform::DSA absoulate path C:/Users/tillkorsmeier/Desktop/MA/Z7-Nano/ParEIS-MSX/SW/HW_Export_V1/hw/HW_Export_V2.xsa
TRACE::2026-09-20.21:06:46::SCWPlatform::DSA directory C:/Users/tillkorsmeier/Desktop/MA/Z7-Nano/ParEIS-MSX/SW/HW_Export_V1/hw
TRACE::2026-09-20.21:06:46::SCWPlatform:: Platform Path C:/Users/tillkorsmeier/Desktop/MA/Z7-Nano/ParEIS-MSX/SW/HW_Export_V1/hw/HW_Export_V2.xsa
TRACE::2026-09-20.21:06:46::SCWPlatform:: Unique name xilinx:::0.0
TRACE::2026-09-20.21:06:46::SCWPlatform::Trying to set the existing hwdb with name design_1_wrapper
TRACE::2026-09-20.21:06:46::SCWPlatform::Opened existing hwdb design_1_wrapper
TRACE::2026-09-20.21:06:46::SCWPlatform::Found the Hw Db part of the input DSA
TRACE::2026-09-20.21:06:46::SCWReader::Boot application domain added for zynq_fsbl
TRACE::2026-09-20.21:06:46::SCWPlatform::Trying to open the hw design at C:/Users/tillkorsmeier/Desktop/MA/Z7-Nano/ParEIS-MSX/SW/HW_Export_V1/hw/HW_Export_V2.xsa
TRACE::2026-09-20.21:06:46::SCWPlatform::DSA given C:/Users/tillkorsmeier/Desktop/MA/Z7-Nano/ParEIS-MSX/SW/HW_Export_V1/hw/HW_Export_V2.xsa
TRACE::2026-09-20.21:06:46::SCWPlatform::DSA absoulate path C:/Users/tillkorsmeier/Desktop/MA/Z7-Nano/ParEIS-MSX/SW/HW_Export_V1/hw/HW_Export_V2.xsa
TRACE::2026-09-20.21:06:46::SCWPlatform::DSA directory C:/Users/tillkorsmeier/Desktop/MA/Z7-Nano/ParEIS-MSX/SW/HW_Export_V1/hw
TRACE::2026-09-20.21:06:46::SCWPlatform:: Platform Path C:/Users/tillkorsmeier/Desktop/MA/Z7-Nano/ParEIS-MSX/SW/HW_Export_V1/hw/HW_Export_V2.xsa
TRACE::2026-09-20.21:06:46::SCWPlatform:: Unique name xilinx:::0.0
TRACE::2026-09-20.21:06:46::SCWPlatform::Trying to set the existing hwdb with name design_1_wrapper
TRACE::2026-09-20.21:06:46::SCWPlatform::Opened existing hwdb design_1_wrapper
TRACE::2026-09-20.21:06:46::SCWPlatform::Found the Hw Db part of the input DSA
TRACE::2026-09-20.21:06:46::SCWMssOS::Checking the sw design at  C:/Users/tillkorsmeier/Desktop/MA/Z7-Nano/ParEIS-MSX/SW/HW_Export_V1/zynq_fsbl/zynq_fsbl_bsp/system.mss
TRACE::2026-09-20.21:06:46::SCWMssOS::DEBUG:  swdes dump  
TRACE::2026-09-20.21:06:46::SCWMssOS::No sw design opened at  C:/Users/tillkorsmeier/Desktop/MA/Z7-Nano/ParEIS-MSX/SW/HW_Export_V1/zynq_fsbl/zynq_fsbl_bsp/system.mss
TRACE::2026-09-20.21:06:46::SCWMssOS::mss exists loading the mss file  C:/Users/tillkorsmeier/Desktop/MA/Z7-Nano/ParEIS-MSX/SW/HW_Export_V1/zynq_fsbl/zynq_fsbl_bsp/system.mss
TRACE::2026-09-20.21:06:46::SCWMssOS::Opened the sw design from mss  C:/Users/tillkorsmeier/Desktop/MA/Z7-Nano/ParEIS-MSX/SW/HW_Export_V1/zynq_fsbl/zynq_fsbl_bsp/system.mss
TRACE::2026-09-20.21:06:46::SCWMssOS::Adding the swdes entry C:/Users/tillkorsmeier/Desktop/MA/Z7-Nano/ParEIS-MSX/SW/HW_Export_V1/zynq_fsbl/zynq_fsbl_bsp/system.mss with des name system
TRACE::2026-09-20.21:06:46::SCWMssOS::updating the scw layer about changes
TRACE::2026-09-20.21:06:46::SCWMssOS::Opened the sw design.  C:/Users/tillkorsmeier/Desktop/MA/Z7-Nano/ParEIS-MSX/SW/HW_Export_V1/zynq_fsbl/zynq_fsbl_bsp/system.mss
TRACE::2026-09-20.21:06:46::SCWPlatform::Trying to open the hw design at C:/Users/tillkorsmeier/Desktop/MA/Z7-Nano/ParEIS-MSX/SW/HW_Export_V1/hw/HW_Export_V2.xsa
TRACE::2026-09-20.21:06:46::SCWPlatform::DSA given C:/Users/tillkorsmeier/Desktop/MA/Z7-Nano/ParEIS-MSX/SW/HW_Export_V1/hw/HW_Export_V2.xsa
TRACE::2026-09-20.21:06:46::SCWPlatform::DSA absoulate path C:/Users/tillkorsmeier/Desktop/MA/Z7-Nano/ParEIS-MSX/SW/HW_Export_V1/hw/HW_Export_V2.xsa
TRACE::2026-09-20.21:06:46::SCWPlatform::DSA directory C:/Users/tillkorsmeier/Desktop/MA/Z7-Nano/ParEIS-MSX/SW/HW_Export_V1/hw
TRACE::2026-09-20.21:06:46::SCWPlatform:: Platform Path C:/Users/tillkorsmeier/Desktop/MA/Z7-Nano/ParEIS-MSX/SW/HW_Export_V1/hw/HW_Export_V2.xsa
TRACE::2026-09-20.21:06:46::SCWPlatform:: Unique name xilinx:::0.0
TRACE::2026-09-20.21:06:46::SCWPlatform::Trying to set the existing hwdb with name design_1_wrapper
TRACE::2026-09-20.21:06:46::SCWPlatform::Opened existing hwdb design_1_wrapper
TRACE::2026-09-20.21:06:46::SCWPlatform::Found the Hw Db part of the input DSA
TRACE::2026-09-20.21:06:46::SCWMssOS::Checking the sw design at  C:/Users/tillkorsmeier/Desktop/MA/Z7-Nano/ParEIS-MSX/SW/HW_Export_V1/zynq_fsbl/zynq_fsbl_bsp/system.mss
TRACE::2026-09-20.21:06:46::SCWMssOS::DEBUG:  swdes dump  C:/Users/tillkorsmeier/Desktop/MA/Z7-Nano/ParEIS-MSX/SW/HW_Export_V1/zynq_fsbl/zynq_fsbl_bsp/system.mss|system||

TRACE::2026-09-20.21:06:46::SCWMssOS::Sw design exists and opened at  C:/Users/tillkorsmeier/Desktop/MA/Z7-Nano/ParEIS-MSX/SW/HW_Export_V1/zynq_fsbl/zynq_fsbl_bsp/system.mss
TRACE::2026-09-20.21:06:46::SCWMssOS:: library already available in sw design:  xilffs:5.3
TRACE::2026-09-20.21:06:46::SCWPlatform::Trying to open the hw design at C:/Users/tillkorsmeier/Desktop/MA/Z7-Nano/ParEIS-MSX/SW/HW_Export_V1/hw/HW_Export_V2.xsa
TRACE::2026-09-20.21:06:46::SCWPlatform::DSA given C:/Users/tillkorsmeier/Desktop/MA/Z7-Nano/ParEIS-MSX/SW/HW_Export_V1/hw/HW_Export_V2.xsa
TRACE::2026-09-20.21:06:46::SCWPlatform::DSA absoulate path C:/Users/tillkorsmeier/Desktop/MA/Z7-Nano/ParEIS-MSX/SW/HW_Export_V1/hw/HW_Export_V2.xsa
TRACE::2026-09-20.21:06:46::SCWPlatform::DSA directory C:/Users/tillkorsmeier/Desktop/MA/Z7-Nano/ParEIS-MSX/SW/HW_Export_V1/hw
TRACE::2026-09-20.21:06:46::SCWPlatform:: Platform Path C:/Users/tillkorsmeier/Desktop/MA/Z7-Nano/ParEIS-MSX/SW/HW_Export_V1/hw/HW_Export_V2.xsa
TRACE::2026-09-20.21:06:46::SCWPlatform:: Unique name xilinx:::0.0
TRACE::2026-09-20.21:06:46::SCWPlatform::Trying to set the existing hwdb with name design_1_wrapper
TRACE::2026-09-20.21:06:46::SCWPlatform::Opened existing hwdb design_1_wrapper
TRACE::2026-09-20.21:06:46::SCWPlatform::Found the Hw Db part of the input DSA
TRACE::2026-09-20.21:06:46::SCWMssOS::Checking the sw design at  C:/Users/tillkorsmeier/Desktop/MA/Z7-Nano/ParEIS-MSX/SW/HW_Export_V1/zynq_fsbl/zynq_fsbl_bsp/system.mss
TRACE::2026-09-20.21:06:46::SCWMssOS::DEBUG:  swdes dump  C:/Users/tillkorsmeier/Desktop/MA/Z7-Nano/ParEIS-MSX/SW/HW_Export_V1/zynq_fsbl/zynq_fsbl_bsp/system.mss|system||

TRACE::2026-09-20.21:06:46::SCWMssOS::Sw design exists and opened at  C:/Users/tillkorsmeier/Desktop/MA/Z7-Nano/ParEIS-MSX/SW/HW_Export_V1/zynq_fsbl/zynq_fsbl_bsp/system.mss
TRACE::2026-09-20.21:06:46::SCWMssOS:: library already available in sw design:  xilrsa:1.8
TRACE::2026-09-20.21:06:46::SCWMssOS::Saving the mss changes C:/Users/tillkorsmeier/Desktop/MA/Z7-Nano/ParEIS-MSX/SW/HW_Export_V1/zynq_fsbl/zynq_fsbl_bsp/system.mss
TRACE::2026-09-20.21:06:46::SCWMssOS::Found a swdesign opened with the mssfile.
TRACE::2026-09-20.21:06:46::SCWMssOS::Completed writemss as part of save.
TRACE::2026-09-20.21:06:46::SCWMssOS::Commit changes completed.
TRACE::2026-09-20.21:06:46::SCWReader::Adding prebuilt librarypaths as   
TRACE::2026-09-20.21:06:46::SCWReader::Adding prebuilt incpaths  as   
TRACE::2026-09-20.21:06:46::SCWPlatform::Trying to open the hw design at C:/Users/tillkorsmeier/Desktop/MA/Z7-Nano/ParEIS-MSX/SW/HW_Export_V1/hw/HW_Export_V2.xsa
TRACE::2026-09-20.21:06:46::SCWPlatform::DSA given C:/Users/tillkorsmeier/Desktop/MA/Z7-Nano/ParEIS-MSX/SW/HW_Export_V1/hw/HW_Export_V2.xsa
TRACE::2026-09-20.21:06:46::SCWPlatform::DSA absoulate path C:/Users/tillkorsmeier/Desktop/MA/Z7-Nano/ParEIS-MSX/SW/HW_Export_V1/hw/HW_Export_V2.xsa
TRACE::2026-09-20.21:06:46::SCWPlatform::DSA directory C:/Users/tillkorsmeier/Desktop/MA/Z7-Nano/ParEIS-MSX/SW/HW_Export_V1/hw
TRACE::2026-09-20.21:06:46::SCWPlatform:: Platform Path C:/Users/tillkorsmeier/Desktop/MA/Z7-Nano/ParEIS-MSX/SW/HW_Export_V1/hw/HW_Export_V2.xsa
TRACE::2026-09-20.21:06:46::SCWPlatform:: Unique name xilinx:::0.0
TRACE::2026-09-20.21:06:46::SCWPlatform::Trying to set the existing hwdb with name design_1_wrapper
TRACE::2026-09-20.21:06:46::SCWPlatform::Opened existing hwdb design_1_wrapper
TRACE::2026-09-20.21:06:46::SCWPlatform::Found the Hw Db part of the input DSA
TRACE::2026-09-20.21:06:46::SCWMssOS::Checking the sw design at  C:/Users/tillkorsmeier/Desktop/MA/Z7-Nano/ParEIS-MSX/SW/HW_Export_V1/zynq_fsbl/zynq_fsbl_bsp/system.mss
TRACE::2026-09-20.21:06:46::SCWMssOS::DEBUG:  swdes dump  C:/Users/tillkorsmeier/Desktop/MA/Z7-Nano/ParEIS-MSX/SW/HW_Export_V1/zynq_fsbl/zynq_fsbl_bsp/system.mss|system||

TRACE::2026-09-20.21:06:46::SCWMssOS::Sw design exists and opened at  C:/Users/tillkorsmeier/Desktop/MA/Z7-Nano/ParEIS-MSX/SW/HW_Export_V1/zynq_fsbl/zynq_fsbl_bsp/system.mss
TRACE::2026-09-20.21:06:46::SCWReader::No isolation master present  
TRACE::2026-09-20.21:06:46::SCWDomain::checking for install qemu data   : 
TRACE::2026-09-20.21:06:46::SCWDomain:: Using the QEMU Data from install at  : C:/Xilinx/Vitis/Vitis/2024.2/data/emulation/platforms/zynq/sw/a9_standalone/qemu/
TRACE::2026-09-20.21:06:46::SCWDomain:: Using the QEMU args  from install at  : C:/Xilinx/Vitis/Vitis/2024.2/data/emulation/platforms/zynq/sw/a9_standalone/qemu/qemu_args.txt
TRACE::2026-09-20.21:06:46::SCWPlatform::Trying to open the hw design at C:/Users/tillkorsmeier/Desktop/MA/Z7-Nano/ParEIS-MSX/SW/HW_Export_V1/hw/HW_Export_V2.xsa
TRACE::2026-09-20.21:06:46::SCWPlatform::DSA given C:/Users/tillkorsmeier/Desktop/MA/Z7-Nano/ParEIS-MSX/SW/HW_Export_V1/hw/HW_Export_V2.xsa
TRACE::2026-09-20.21:06:46::SCWPlatform::DSA absoulate path C:/Users/tillkorsmeier/Desktop/MA/Z7-Nano/ParEIS-MSX/SW/HW_Export_V1/hw/HW_Export_V2.xsa
TRACE::2026-09-20.21:06:46::SCWPlatform::DSA directory C:/Users/tillkorsmeier/Desktop/MA/Z7-Nano/ParEIS-MSX/SW/HW_Export_V1/hw
TRACE::2026-09-20.21:06:46::SCWPlatform:: Platform Path C:/Users/tillkorsmeier/Desktop/MA/Z7-Nano/ParEIS-MSX/SW/HW_Export_V1/hw/HW_Export_V2.xsa
TRACE::2026-09-20.21:06:46::SCWPlatform:: Unique name xilinx:::0.0
TRACE::2026-09-20.21:06:46::SCWPlatform::Trying to set the existing hwdb with name design_1_wrapper
TRACE::2026-09-20.21:06:46::SCWPlatform::Opened existing hwdb design_1_wrapper
TRACE::2026-09-20.21:06:46::SCWPlatform::Found the Hw Db part of the input DSA
TRACE::2026-09-20.21:06:46::SCWPlatform::Trying to open the hw design at C:/Users/tillkorsmeier/Desktop/MA/Z7-Nano/ParEIS-MSX/SW/HW_Export_V1/hw/HW_Export_V2.xsa
TRACE::2026-09-20.21:06:46::SCWPlatform::DSA given C:/Users/tillkorsmeier/Desktop/MA/Z7-Nano/ParEIS-MSX/SW/HW_Export_V1/hw/HW_Export_V2.xsa
TRACE::2026-09-20.21:06:46::SCWPlatform::DSA absoulate path C:/Users/tillkorsmeier/Desktop/MA/Z7-Nano/ParEIS-MSX/SW/HW_Export_V1/hw/HW_Export_V2.xsa
TRACE::2026-09-20.21:06:46::SCWPlatform::DSA directory C:/Users/tillkorsmeier/Desktop/MA/Z7-Nano/ParEIS-MSX/SW/HW_Export_V1/hw
TRACE::2026-09-20.21:06:46::SCWPlatform:: Platform Path C:/Users/tillkorsmeier/Desktop/MA/Z7-Nano/ParEIS-MSX/SW/HW_Export_V1/hw/HW_Export_V2.xsa
TRACE::2026-09-20.21:06:46::SCWPlatform:: Unique name xilinx:::0.0
TRACE::2026-09-20.21:06:46::SCWPlatform::Trying to set the existing hwdb with name design_1_wrapper
TRACE::2026-09-20.21:06:46::SCWPlatform::Opened existing hwdb design_1_wrapper
TRACE::2026-09-20.21:06:46::SCWPlatform::Found the Hw Db part of the input DSA
TRACE::2026-09-20.21:06:46::SCWPlatform::Trying to open the hw design at C:/Users/tillkorsmeier/Desktop/MA/Z7-Nano/ParEIS-MSX/SW/HW_Export_V1/hw/HW_Export_V2.xsa
TRACE::2026-09-20.21:06:46::SCWPlatform::DSA given C:/Users/tillkorsmeier/Desktop/MA/Z7-Nano/ParEIS-MSX/SW/HW_Export_V1/hw/HW_Export_V2.xsa
TRACE::2026-09-20.21:06:46::SCWPlatform::DSA absoulate path C:/Users/tillkorsmeier/Desktop/MA/Z7-Nano/ParEIS-MSX/SW/HW_Export_V1/hw/HW_Export_V2.xsa
TRACE::2026-09-20.21:06:46::SCWPlatform::DSA directory C:/Users/tillkorsmeier/Desktop/MA/Z7-Nano/ParEIS-MSX/SW/HW_Export_V1/hw
TRACE::2026-09-20.21:06:46::SCWPlatform:: Platform Path C:/Users/tillkorsmeier/Desktop/MA/Z7-Nano/ParEIS-MSX/SW/HW_Export_V1/hw/HW_Export_V2.xsa
TRACE::2026-09-20.21:06:46::SCWPlatform:: Unique name xilinx:::0.0
TRACE::2026-09-20.21:06:46::SCWPlatform::Trying to set the existing hwdb with name design_1_wrapper
TRACE::2026-09-20.21:06:46::SCWPlatform::Opened existing hwdb design_1_wrapper
TRACE::2026-09-20.21:06:46::SCWPlatform::Found the Hw Db part of the input DSA
TRACE::2026-09-20.21:06:46::SCWMssOS::Checking the sw design at  C:/Users/tillkorsmeier/Desktop/MA/Z7-Nano/ParEIS-MSX/SW/HW_Export_V1/ps7_cortexa9_0/standalone_ps7_cortexa9_0/bsp/system.mss
TRACE::2026-09-20.21:06:46::SCWMssOS::DEBUG:  swdes dump  C:/Users/tillkorsmeier/Desktop/MA/Z7-Nano/ParEIS-MSX/SW/HW_Export_V1/zynq_fsbl/zynq_fsbl_bsp/system.mss|system||

TRACE::2026-09-20.21:06:46::SCWMssOS::No sw design opened at  C:/Users/tillkorsmeier/Desktop/MA/Z7-Nano/ParEIS-MSX/SW/HW_Export_V1/ps7_cortexa9_0/standalone_ps7_cortexa9_0/bsp/system.mss
TRACE::2026-09-20.21:06:46::SCWMssOS::mss exists loading the mss file  C:/Users/tillkorsmeier/Desktop/MA/Z7-Nano/ParEIS-MSX/SW/HW_Export_V1/ps7_cortexa9_0/standalone_ps7_cortexa9_0/bsp/system.mss
TRACE::2026-09-20.21:06:46::SCWMssOS::Opened the sw design from mss  C:/Users/tillkorsmeier/Desktop/MA/Z7-Nano/ParEIS-MSX/SW/HW_Export_V1/ps7_cortexa9_0/standalone_ps7_cortexa9_0/bsp/system.mss
TRACE::2026-09-20.21:06:46::SCWMssOS::Adding the swdes entry C:/Users/tillkorsmeier/Desktop/MA/Z7-Nano/ParEIS-MSX/SW/HW_Export_V1/ps7_cortexa9_0/standalone_ps7_cortexa9_0/bsp/system.mss with des name system_0
TRACE::2026-09-20.21:06:46::SCWMssOS::updating the scw layer about changes
TRACE::2026-09-20.21:06:46::SCWMssOS::Opened the sw design.  C:/Users/tillkorsmeier/Desktop/MA/Z7-Nano/ParEIS-MSX/SW/HW_Export_V1/ps7_cortexa9_0/standalone_ps7_cortexa9_0/bsp/system.mss
TRACE::2026-09-20.21:06:46::SCWPlatform::Trying to open the hw design at C:/Users/tillkorsmeier/Desktop/MA/Z7-Nano/ParEIS-MSX/SW/HW_Export_V1/hw/HW_Export_V2.xsa
TRACE::2026-09-20.21:06:46::SCWPlatform::DSA given C:/Users/tillkorsmeier/Desktop/MA/Z7-Nano/ParEIS-MSX/SW/HW_Export_V1/hw/HW_Export_V2.xsa
TRACE::2026-09-20.21:06:46::SCWPlatform::DSA absoulate path C:/Users/tillkorsmeier/Desktop/MA/Z7-Nano/ParEIS-MSX/SW/HW_Export_V1/hw/HW_Export_V2.xsa
TRACE::2026-09-20.21:06:46::SCWPlatform::DSA directory C:/Users/tillkorsmeier/Desktop/MA/Z7-Nano/ParEIS-MSX/SW/HW_Export_V1/hw
TRACE::2026-09-20.21:06:46::SCWPlatform:: Platform Path C:/Users/tillkorsmeier/Desktop/MA/Z7-Nano/ParEIS-MSX/SW/HW_Export_V1/hw/HW_Export_V2.xsa
TRACE::2026-09-20.21:06:46::SCWPlatform:: Unique name xilinx:::0.0
TRACE::2026-09-20.21:06:46::SCWPlatform::Trying to set the existing hwdb with name design_1_wrapper
TRACE::2026-09-20.21:06:46::SCWPlatform::Opened existing hwdb design_1_wrapper
TRACE::2026-09-20.21:06:46::SCWPlatform::Found the Hw Db part of the input DSA
TRACE::2026-09-20.21:06:46::SCWMssOS::Checking the sw design at  C:/Users/tillkorsmeier/Desktop/MA/Z7-Nano/ParEIS-MSX/SW/HW_Export_V1/ps7_cortexa9_0/standalone_ps7_cortexa9_0/bsp/system.mss
TRACE::2026-09-20.21:06:46::SCWMssOS::DEBUG:  swdes dump  C:/Users/tillkorsmeier/Desktop/MA/Z7-Nano/ParEIS-MSX/SW/HW_Export_V1/ps7_cortexa9_0/standalone_ps7_cortexa9_0/bsp/system.mss|system_0||
C:/Users/tillkorsmeier/Desktop/MA/Z7-Nano/ParEIS-MSX/SW/HW_Export_V1/zynq_fsbl/zynq_fsbl_bsp/system.mss|system||

TRACE::2026-09-20.21:06:46::SCWMssOS::Sw design exists and opened at  C:/Users/tillkorsmeier/Desktop/MA/Z7-Nano/ParEIS-MSX/SW/HW_Export_V1/ps7_cortexa9_0/standalone_ps7_cortexa9_0/bsp/system.mss
TRACE::2026-09-20.21:06:46::SCWMssOS:: library already available in sw design:  lwip220:1.1
TRACE::2026-09-20.21:06:46::SCWPlatform::Trying to open the hw design at C:/Users/tillkorsmeier/Desktop/MA/Z7-Nano/ParEIS-MSX/SW/HW_Export_V1/hw/HW_Export_V2.xsa
TRACE::2026-09-20.21:06:46::SCWPlatform::DSA given C:/Users/tillkorsmeier/Desktop/MA/Z7-Nano/ParEIS-MSX/SW/HW_Export_V1/hw/HW_Export_V2.xsa
TRACE::2026-09-20.21:06:46::SCWPlatform::DSA absoulate path C:/Users/tillkorsmeier/Desktop/MA/Z7-Nano/ParEIS-MSX/SW/HW_Export_V1/hw/HW_Export_V2.xsa
TRACE::2026-09-20.21:06:46::SCWPlatform::DSA directory C:/Users/tillkorsmeier/Desktop/MA/Z7-Nano/ParEIS-MSX/SW/HW_Export_V1/hw
TRACE::2026-09-20.21:06:46::SCWPlatform:: Platform Path C:/Users/tillkorsmeier/Desktop/MA/Z7-Nano/ParEIS-MSX/SW/HW_Export_V1/hw/HW_Export_V2.xsa
TRACE::2026-09-20.21:06:46::SCWPlatform:: Unique name xilinx:::0.0
TRACE::2026-09-20.21:06:46::SCWPlatform::Trying to set the existing hwdb with name design_1_wrapper
TRACE::2026-09-20.21:06:46::SCWPlatform::Opened existing hwdb design_1_wrapper
TRACE::2026-09-20.21:06:46::SCWPlatform::Found the Hw Db part of the input DSA
TRACE::2026-09-20.21:06:46::SCWMssOS::Checking the sw design at  C:/Users/tillkorsmeier/Desktop/MA/Z7-Nano/ParEIS-MSX/SW/HW_Export_V1/ps7_cortexa9_0/standalone_ps7_cortexa9_0/bsp/system.mss
TRACE::2026-09-20.21:06:46::SCWMssOS::DEBUG:  swdes dump  C:/Users/tillkorsmeier/Desktop/MA/Z7-Nano/ParEIS-MSX/SW/HW_Export_V1/ps7_cortexa9_0/standalone_ps7_cortexa9_0/bsp/system.mss|system_0||
C:/Users/tillkorsmeier/Desktop/MA/Z7-Nano/ParEIS-MSX/SW/HW_Export_V1/zynq_fsbl/zynq_fsbl_bsp/system.mss|system||

TRACE::2026-09-20.21:06:46::SCWMssOS::Sw design exists and opened at  C:/Users/tillkorsmeier/Desktop/MA/Z7-Nano/ParEIS-MSX/SW/HW_Export_V1/ps7_cortexa9_0/standalone_ps7_cortexa9_0/bsp/system.mss
TRACE::2026-09-20.21:06:46::SCWMssOS:: library already available in sw design:  xiltimer:2.1
TRACE::2026-09-20.21:06:46::SCWPlatform::Trying to open the hw design at C:/Users/tillkorsmeier/Desktop/MA/Z7-Nano/ParEIS-MSX/SW/HW_Export_V1/hw/HW_Export_V2.xsa
TRACE::2026-09-20.21:06:46::SCWPlatform::DSA given C:/Users/tillkorsmeier/Desktop/MA/Z7-Nano/ParEIS-MSX/SW/HW_Export_V1/hw/HW_Export_V2.xsa
TRACE::2026-09-20.21:06:46::SCWPlatform::DSA absoulate path C:/Users/tillkorsmeier/Desktop/MA/Z7-Nano/ParEIS-MSX/SW/HW_Export_V1/hw/HW_Export_V2.xsa
TRACE::2026-09-20.21:06:46::SCWPlatform::DSA directory C:/Users/tillkorsmeier/Desktop/MA/Z7-Nano/ParEIS-MSX/SW/HW_Export_V1/hw
TRACE::2026-09-20.21:06:46::SCWPlatform:: Platform Path C:/Users/tillkorsmeier/Desktop/MA/Z7-Nano/ParEIS-MSX/SW/HW_Export_V1/hw/HW_Export_V2.xsa
TRACE::2026-09-20.21:06:46::SCWPlatform:: Unique name xilinx:::0.0
TRACE::2026-09-20.21:06:46::SCWPlatform::Trying to set the existing hwdb with name design_1_wrapper
TRACE::2026-09-20.21:06:46::SCWPlatform::Opened existing hwdb design_1_wrapper
TRACE::2026-09-20.21:06:46::SCWPlatform::Found the Hw Db part of the input DSA
TRACE::2026-09-20.21:06:46::SCWMssOS::Checking the sw design at  C:/Users/tillkorsmeier/Desktop/MA/Z7-Nano/ParEIS-MSX/SW/HW_Export_V1/ps7_cortexa9_0/standalone_ps7_cortexa9_0/bsp/system.mss
TRACE::2026-09-20.21:06:46::SCWMssOS::DEBUG:  swdes dump  C:/Users/tillkorsmeier/Desktop/MA/Z7-Nano/ParEIS-MSX/SW/HW_Export_V1/ps7_cortexa9_0/standalone_ps7_cortexa9_0/bsp/system.mss|system_0||
C:/Users/tillkorsmeier/Desktop/MA/Z7-Nano/ParEIS-MSX/SW/HW_Export_V1/zynq_fsbl/zynq_fsbl_bsp/system.mss|system||

TRACE::2026-09-20.21:06:46::SCWMssOS::Sw design exists and opened at  C:/Users/tillkorsmeier/Desktop/MA/Z7-Nano/ParEIS-MSX/SW/HW_Export_V1/ps7_cortexa9_0/standalone_ps7_cortexa9_0/bsp/system.mss
TRACE::2026-09-20.21:06:46::SCWPlatform::Trying to open the hw design at C:/Users/tillkorsmeier/Desktop/MA/Z7-Nano/ParEIS-MSX/SW/HW_Export_V1/hw/HW_Export_V2.xsa
TRACE::2026-09-20.21:06:46::SCWPlatform::DSA given C:/Users/tillkorsmeier/Desktop/MA/Z7-Nano/ParEIS-MSX/SW/HW_Export_V1/hw/HW_Export_V2.xsa
TRACE::2026-09-20.21:06:46::SCWPlatform::DSA absoulate path C:/Users/tillkorsmeier/Desktop/MA/Z7-Nano/ParEIS-MSX/SW/HW_Export_V1/hw/HW_Export_V2.xsa
TRACE::2026-09-20.21:06:46::SCWPlatform::DSA directory C:/Users/tillkorsmeier/Desktop/MA/Z7-Nano/ParEIS-MSX/SW/HW_Export_V1/hw
TRACE::2026-09-20.21:06:46::SCWPlatform:: Platform Path C:/Users/tillkorsmeier/Desktop/MA/Z7-Nano/ParEIS-MSX/SW/HW_Export_V1/hw/HW_Export_V2.xsa
TRACE::2026-09-20.21:06:46::SCWPlatform:: Unique name xilinx:::0.0
TRACE::2026-09-20.21:06:46::SCWPlatform::Trying to set the existing hwdb with name design_1_wrapper
TRACE::2026-09-20.21:06:46::SCWPlatform::Opened existing hwdb design_1_wrapper
TRACE::2026-09-20.21:06:46::SCWPlatform::Found the Hw Db part of the input DSA
TRACE::2026-09-20.21:06:46::SCWMssOS::Checking the sw design at  C:/Users/tillkorsmeier/Desktop/MA/Z7-Nano/ParEIS-MSX/SW/HW_Export_V1/ps7_cortexa9_0/standalone_ps7_cortexa9_0/bsp/system.mss
TRACE::2026-09-20.21:06:46::SCWMssOS::DEBUG:  swdes dump  C:/Users/tillkorsmeier/Desktop/MA/Z7-Nano/ParEIS-MSX/SW/HW_Export_V1/ps7_cortexa9_0/standalone_ps7_cortexa9_0/bsp/system.mss|system_0||
C:/Users/tillkorsmeier/Desktop/MA/Z7-Nano/ParEIS-MSX/SW/HW_Export_V1/zynq_fsbl/zynq_fsbl_bsp/system.mss|system||

TRACE::2026-09-20.21:06:46::SCWMssOS::Sw design exists and opened at  C:/Users/tillkorsmeier/Desktop/MA/Z7-Nano/ParEIS-MSX/SW/HW_Export_V1/ps7_cortexa9_0/standalone_ps7_cortexa9_0/bsp/system.mss
TRACE::2026-09-20.21:06:46::SCWPlatform::Trying to open the hw design at C:/Users/tillkorsmeier/Desktop/MA/Z7-Nano/ParEIS-MSX/SW/HW_Export_V1/hw/HW_Export_V2.xsa
TRACE::2026-09-20.21:06:46::SCWPlatform::DSA given C:/Users/tillkorsmeier/Desktop/MA/Z7-Nano/ParEIS-MSX/SW/HW_Export_V1/hw/HW_Export_V2.xsa
TRACE::2026-09-20.21:06:46::SCWPlatform::DSA absoulate path C:/Users/tillkorsmeier/Desktop/MA/Z7-Nano/ParEIS-MSX/SW/HW_Export_V1/hw/HW_Export_V2.xsa
TRACE::2026-09-20.21:06:46::SCWPlatform::DSA directory C:/Users/tillkorsmeier/Desktop/MA/Z7-Nano/ParEIS-MSX/SW/HW_Export_V1/hw
TRACE::2026-09-20.21:06:46::SCWPlatform:: Platform Path C:/Users/tillkorsmeier/Desktop/MA/Z7-Nano/ParEIS-MSX/SW/HW_Export_V1/hw/HW_Export_V2.xsa
TRACE::2026-09-20.21:06:46::SCWPlatform:: Unique name xilinx:::0.0
TRACE::2026-09-20.21:06:46::SCWPlatform::Trying to set the existing hwdb with name design_1_wrapper
TRACE::2026-09-20.21:06:46::SCWPlatform::Opened existing hwdb design_1_wrapper
TRACE::2026-09-20.21:06:46::SCWPlatform::Found the Hw Db part of the input DSA
TRACE::2026-09-20.21:06:46::SCWMssOS::Checking the sw design at  C:/Users/tillkorsmeier/Desktop/MA/Z7-Nano/ParEIS-MSX/SW/HW_Export_V1/ps7_cortexa9_0/standalone_ps7_cortexa9_0/bsp/system.mss
TRACE::2026-09-20.21:06:46::SCWMssOS::DEBUG:  swdes dump  C:/Users/tillkorsmeier/Desktop/MA/Z7-Nano/ParEIS-MSX/SW/HW_Export_V1/ps7_cortexa9_0/standalone_ps7_cortexa9_0/bsp/system.mss|system_0||
C:/Users/tillkorsmeier/Desktop/MA/Z7-Nano/ParEIS-MSX/SW/HW_Export_V1/zynq_fsbl/zynq_fsbl_bsp/system.mss|system||

TRACE::2026-09-20.21:06:46::SCWMssOS::Sw design exists and opened at  C:/Users/tillkorsmeier/Desktop/MA/Z7-Nano/ParEIS-MSX/SW/HW_Export_V1/ps7_cortexa9_0/standalone_ps7_cortexa9_0/bsp/system.mss
TRACE::2026-09-20.21:06:46::SCWPlatform::Trying to open the hw design at C:/Users/tillkorsmeier/Desktop/MA/Z7-Nano/ParEIS-MSX/SW/HW_Export_V1/hw/HW_Export_V2.xsa
TRACE::2026-09-20.21:06:46::SCWPlatform::DSA given C:/Users/tillkorsmeier/Desktop/MA/Z7-Nano/ParEIS-MSX/SW/HW_Export_V1/hw/HW_Export_V2.xsa
TRACE::2026-09-20.21:06:46::SCWPlatform::DSA absoulate path C:/Users/tillkorsmeier/Desktop/MA/Z7-Nano/ParEIS-MSX/SW/HW_Export_V1/hw/HW_Export_V2.xsa
TRACE::2026-09-20.21:06:46::SCWPlatform::DSA directory C:/Users/tillkorsmeier/Desktop/MA/Z7-Nano/ParEIS-MSX/SW/HW_Export_V1/hw
TRACE::2026-09-20.21:06:46::SCWPlatform:: Platform Path C:/Users/tillkorsmeier/Desktop/MA/Z7-Nano/ParEIS-MSX/SW/HW_Export_V1/hw/HW_Export_V2.xsa
TRACE::2026-09-20.21:06:46::SCWPlatform:: Unique name xilinx:::0.0
TRACE::2026-09-20.21:06:46::SCWPlatform::Trying to set the existing hwdb with name design_1_wrapper
TRACE::2026-09-20.21:06:46::SCWPlatform::Opened existing hwdb design_1_wrapper
TRACE::2026-09-20.21:06:46::SCWPlatform::Found the Hw Db part of the input DSA
TRACE::2026-09-20.21:06:46::SCWMssOS::Checking the sw design at  C:/Users/tillkorsmeier/Desktop/MA/Z7-Nano/ParEIS-MSX/SW/HW_Export_V1/ps7_cortexa9_0/standalone_ps7_cortexa9_0/bsp/system.mss
TRACE::2026-09-20.21:06:46::SCWMssOS::DEBUG:  swdes dump  C:/Users/tillkorsmeier/Desktop/MA/Z7-Nano/ParEIS-MSX/SW/HW_Export_V1/ps7_cortexa9_0/standalone_ps7_cortexa9_0/bsp/system.mss|system_0||
C:/Users/tillkorsmeier/Desktop/MA/Z7-Nano/ParEIS-MSX/SW/HW_Export_V1/zynq_fsbl/zynq_fsbl_bsp/system.mss|system||

TRACE::2026-09-20.21:06:46::SCWMssOS::Sw design exists and opened at  C:/Users/tillkorsmeier/Desktop/MA/Z7-Nano/ParEIS-MSX/SW/HW_Export_V1/ps7_cortexa9_0/standalone_ps7_cortexa9_0/bsp/system.mss
TRACE::2026-09-20.21:06:46::SCWPlatform::Trying to open the hw design at C:/Users/tillkorsmeier/Desktop/MA/Z7-Nano/ParEIS-MSX/SW/HW_Export_V1/hw/HW_Export_V2.xsa
TRACE::2026-09-20.21:06:46::SCWPlatform::DSA given C:/Users/tillkorsmeier/Desktop/MA/Z7-Nano/ParEIS-MSX/SW/HW_Export_V1/hw/HW_Export_V2.xsa
TRACE::2026-09-20.21:06:46::SCWPlatform::DSA absoulate path C:/Users/tillkorsmeier/Desktop/MA/Z7-Nano/ParEIS-MSX/SW/HW_Export_V1/hw/HW_Export_V2.xsa
TRACE::2026-09-20.21:06:46::SCWPlatform::DSA directory C:/Users/tillkorsmeier/Desktop/MA/Z7-Nano/ParEIS-MSX/SW/HW_Export_V1/hw
TRACE::2026-09-20.21:06:46::SCWPlatform:: Platform Path C:/Users/tillkorsmeier/Desktop/MA/Z7-Nano/ParEIS-MSX/SW/HW_Export_V1/hw/HW_Export_V2.xsa
TRACE::2026-09-20.21:06:46::SCWPlatform:: Unique name xilinx:::0.0
TRACE::2026-09-20.21:06:46::SCWPlatform::Trying to set the existing hwdb with name design_1_wrapper
TRACE::2026-09-20.21:06:46::SCWPlatform::Opened existing hwdb design_1_wrapper
TRACE::2026-09-20.21:06:46::SCWPlatform::Found the Hw Db part of the input DSA
TRACE::2026-09-20.21:06:46::SCWMssOS::Checking the sw design at  C:/Users/tillkorsmeier/Desktop/MA/Z7-Nano/ParEIS-MSX/SW/HW_Export_V1/ps7_cortexa9_0/standalone_ps7_cortexa9_0/bsp/system.mss
TRACE::2026-09-20.21:06:46::SCWMssOS::DEBUG:  swdes dump  C:/Users/tillkorsmeier/Desktop/MA/Z7-Nano/ParEIS-MSX/SW/HW_Export_V1/ps7_cortexa9_0/standalone_ps7_cortexa9_0/bsp/system.mss|system_0||
C:/Users/tillkorsmeier/Desktop/MA/Z7-Nano/ParEIS-MSX/SW/HW_Export_V1/zynq_fsbl/zynq_fsbl_bsp/system.mss|system||

TRACE::2026-09-20.21:06:46::SCWMssOS::Sw design exists and opened at  C:/Users/tillkorsmeier/Desktop/MA/Z7-Nano/ParEIS-MSX/SW/HW_Export_V1/ps7_cortexa9_0/standalone_ps7_cortexa9_0/bsp/system.mss
TRACE::2026-09-20.21:06:46::SCWPlatform::Trying to open the hw design at C:/Users/tillkorsmeier/Desktop/MA/Z7-Nano/ParEIS-MSX/SW/HW_Export_V1/hw/HW_Export_V2.xsa
TRACE::2026-09-20.21:06:46::SCWPlatform::DSA given C:/Users/tillkorsmeier/Desktop/MA/Z7-Nano/ParEIS-MSX/SW/HW_Export_V1/hw/HW_Export_V2.xsa
TRACE::2026-09-20.21:06:46::SCWPlatform::DSA absoulate path C:/Users/tillkorsmeier/Desktop/MA/Z7-Nano/ParEIS-MSX/SW/HW_Export_V1/hw/HW_Export_V2.xsa
TRACE::2026-09-20.21:06:46::SCWPlatform::DSA directory C:/Users/tillkorsmeier/Desktop/MA/Z7-Nano/ParEIS-MSX/SW/HW_Export_V1/hw
TRACE::2026-09-20.21:06:46::SCWPlatform:: Platform Path C:/Users/tillkorsmeier/Desktop/MA/Z7-Nano/ParEIS-MSX/SW/HW_Export_V1/hw/HW_Export_V2.xsa
TRACE::2026-09-20.21:06:46::SCWPlatform:: Unique name xilinx:::0.0
TRACE::2026-09-20.21:06:46::SCWPlatform::Trying to set the existing hwdb with name design_1_wrapper
TRACE::2026-09-20.21:06:46::SCWPlatform::Opened existing hwdb design_1_wrapper
TRACE::2026-09-20.21:06:46::SCWPlatform::Found the Hw Db part of the input DSA
TRACE::2026-09-20.21:06:46::SCWMssOS::Checking the sw design at  C:/Users/tillkorsmeier/Desktop/MA/Z7-Nano/ParEIS-MSX/SW/HW_Export_V1/ps7_cortexa9_0/standalone_ps7_cortexa9_0/bsp/system.mss
TRACE::2026-09-20.21:06:46::SCWMssOS::DEBUG:  swdes dump  C:/Users/tillkorsmeier/Desktop/MA/Z7-Nano/ParEIS-MSX/SW/HW_Export_V1/ps7_cortexa9_0/standalone_ps7_cortexa9_0/bsp/system.mss|system_0||
C:/Users/tillkorsmeier/Desktop/MA/Z7-Nano/ParEIS-MSX/SW/HW_Export_V1/zynq_fsbl/zynq_fsbl_bsp/system.mss|system||

TRACE::2026-09-20.21:06:46::SCWMssOS::Sw design exists and opened at  C:/Users/tillkorsmeier/Desktop/MA/Z7-Nano/ParEIS-MSX/SW/HW_Export_V1/ps7_cortexa9_0/standalone_ps7_cortexa9_0/bsp/system.mss
TRACE::2026-09-20.21:06:46::SCWPlatform::Trying to open the hw design at C:/Users/tillkorsmeier/Desktop/MA/Z7-Nano/ParEIS-MSX/SW/HW_Export_V1/hw/HW_Export_V2.xsa
TRACE::2026-09-20.21:06:46::SCWPlatform::DSA given C:/Users/tillkorsmeier/Desktop/MA/Z7-Nano/ParEIS-MSX/SW/HW_Export_V1/hw/HW_Export_V2.xsa
TRACE::2026-09-20.21:06:46::SCWPlatform::DSA absoulate path C:/Users/tillkorsmeier/Desktop/MA/Z7-Nano/ParEIS-MSX/SW/HW_Export_V1/hw/HW_Export_V2.xsa
TRACE::2026-09-20.21:06:46::SCWPlatform::DSA directory C:/Users/tillkorsmeier/Desktop/MA/Z7-Nano/ParEIS-MSX/SW/HW_Export_V1/hw
TRACE::2026-09-20.21:06:46::SCWPlatform:: Platform Path C:/Users/tillkorsmeier/Desktop/MA/Z7-Nano/ParEIS-MSX/SW/HW_Export_V1/hw/HW_Export_V2.xsa
TRACE::2026-09-20.21:06:46::SCWPlatform:: Unique name xilinx:::0.0
TRACE::2026-09-20.21:06:46::SCWPlatform::Trying to set the existing hwdb with name design_1_wrapper
TRACE::2026-09-20.21:06:46::SCWPlatform::Opened existing hwdb design_1_wrapper
TRACE::2026-09-20.21:06:46::SCWPlatform::Found the Hw Db part of the input DSA
TRACE::2026-09-20.21:06:46::SCWMssOS::Checking the sw design at  C:/Users/tillkorsmeier/Desktop/MA/Z7-Nano/ParEIS-MSX/SW/HW_Export_V1/ps7_cortexa9_0/standalone_ps7_cortexa9_0/bsp/system.mss
TRACE::2026-09-20.21:06:46::SCWMssOS::DEBUG:  swdes dump  C:/Users/tillkorsmeier/Desktop/MA/Z7-Nano/ParEIS-MSX/SW/HW_Export_V1/ps7_cortexa9_0/standalone_ps7_cortexa9_0/bsp/system.mss|system_0||
C:/Users/tillkorsmeier/Desktop/MA/Z7-Nano/ParEIS-MSX/SW/HW_Export_V1/zynq_fsbl/zynq_fsbl_bsp/system.mss|system||

TRACE::2026-09-20.21:06:46::SCWMssOS::Sw design exists and opened at  C:/Users/tillkorsmeier/Desktop/MA/Z7-Nano/ParEIS-MSX/SW/HW_Export_V1/ps7_cortexa9_0/standalone_ps7_cortexa9_0/bsp/system.mss
TRACE::2026-09-20.21:06:46::SCWPlatform::Trying to open the hw design at C:/Users/tillkorsmeier/Desktop/MA/Z7-Nano/ParEIS-MSX/SW/HW_Export_V1/hw/HW_Export_V2.xsa
TRACE::2026-09-20.21:06:46::SCWPlatform::DSA given C:/Users/tillkorsmeier/Desktop/MA/Z7-Nano/ParEIS-MSX/SW/HW_Export_V1/hw/HW_Export_V2.xsa
TRACE::2026-09-20.21:06:46::SCWPlatform::DSA absoulate path C:/Users/tillkorsmeier/Desktop/MA/Z7-Nano/ParEIS-MSX/SW/HW_Export_V1/hw/HW_Export_V2.xsa
TRACE::2026-09-20.21:06:46::SCWPlatform::DSA directory C:/Users/tillkorsmeier/Desktop/MA/Z7-Nano/ParEIS-MSX/SW/HW_Export_V1/hw
TRACE::2026-09-20.21:06:46::SCWPlatform:: Platform Path C:/Users/tillkorsmeier/Desktop/MA/Z7-Nano/ParEIS-MSX/SW/HW_Export_V1/hw/HW_Export_V2.xsa
TRACE::2026-09-20.21:06:46::SCWPlatform:: Unique name xilinx:::0.0
TRACE::2026-09-20.21:06:46::SCWPlatform::Trying to set the existing hwdb with name design_1_wrapper
TRACE::2026-09-20.21:06:46::SCWPlatform::Opened existing hwdb design_1_wrapper
TRACE::2026-09-20.21:06:46::SCWPlatform::Found the Hw Db part of the input DSA
TRACE::2026-09-20.21:06:46::SCWMssOS::Checking the sw design at  C:/Users/tillkorsmeier/Desktop/MA/Z7-Nano/ParEIS-MSX/SW/HW_Export_V1/ps7_cortexa9_0/standalone_ps7_cortexa9_0/bsp/system.mss
TRACE::2026-09-20.21:06:46::SCWMssOS::DEBUG:  swdes dump  C:/Users/tillkorsmeier/Desktop/MA/Z7-Nano/ParEIS-MSX/SW/HW_Export_V1/ps7_cortexa9_0/standalone_ps7_cortexa9_0/bsp/system.mss|system_0||
C:/Users/tillkorsmeier/Desktop/MA/Z7-Nano/ParEIS-MSX/SW/HW_Export_V1/zynq_fsbl/zynq_fsbl_bsp/system.mss|system||

TRACE::2026-09-20.21:06:46::SCWMssOS::Sw design exists and opened at  C:/Users/tillkorsmeier/Desktop/MA/Z7-Nano/ParEIS-MSX/SW/HW_Export_V1/ps7_cortexa9_0/standalone_ps7_cortexa9_0/bsp/system.mss
TRACE::2026-09-20.21:06:46::SCWMssOS::Saving the mss changes C:/Users/tillkorsmeier/Desktop/MA/Z7-Nano/ParEIS-MSX/SW/HW_Export_V1/ps7_cortexa9_0/standalone_ps7_cortexa9_0/bsp/system.mss
TRACE::2026-09-20.21:06:46::SCWMssOS::Found a swdesign opened with the mssfile.
TRACE::2026-09-20.21:06:46::SCWMssOS::Completed writemss as part of save.
TRACE::2026-09-20.21:06:46::SCWMssOS::Commit changes completed.
TRACE::2026-09-20.21:06:46::SCWReader::Adding prebuilt librarypaths as   
TRACE::2026-09-20.21:06:46::SCWReader::Adding prebuilt incpaths  as   
TRACE::2026-09-20.21:06:46::SCWPlatform::Trying to open the hw design at C:/Users/tillkorsmeier/Desktop/MA/Z7-Nano/ParEIS-MSX/SW/HW_Export_V1/hw/HW_Export_V2.xsa
TRACE::2026-09-20.21:06:46::SCWPlatform::DSA given C:/Users/tillkorsmeier/Desktop/MA/Z7-Nano/ParEIS-MSX/SW/HW_Export_V1/hw/HW_Export_V2.xsa
TRACE::2026-09-20.21:06:46::SCWPlatform::DSA absoulate path C:/Users/tillkorsmeier/Desktop/MA/Z7-Nano/ParEIS-MSX/SW/HW_Export_V1/hw/HW_Export_V2.xsa
TRACE::2026-09-20.21:06:46::SCWPlatform::DSA directory C:/Users/tillkorsmeier/Desktop/MA/Z7-Nano/ParEIS-MSX/SW/HW_Export_V1/hw
TRACE::2026-09-20.21:06:46::SCWPlatform:: Platform Path C:/Users/tillkorsmeier/Desktop/MA/Z7-Nano/ParEIS-MSX/SW/HW_Export_V1/hw/HW_Export_V2.xsa
TRACE::2026-09-20.21:06:46::SCWPlatform:: Unique name xilinx:::0.0
TRACE::2026-09-20.21:06:46::SCWPlatform::Trying to set the existing hwdb with name design_1_wrapper
TRACE::2026-09-20.21:06:46::SCWPlatform::Opened existing hwdb design_1_wrapper
TRACE::2026-09-20.21:06:46::SCWPlatform::Found the Hw Db part of the input DSA
TRACE::2026-09-20.21:06:46::SCWMssOS::Checking the sw design at  C:/Users/tillkorsmeier/Desktop/MA/Z7-Nano/ParEIS-MSX/SW/HW_Export_V1/ps7_cortexa9_0/standalone_ps7_cortexa9_0/bsp/system.mss
TRACE::2026-09-20.21:06:46::SCWMssOS::DEBUG:  swdes dump  C:/Users/tillkorsmeier/Desktop/MA/Z7-Nano/ParEIS-MSX/SW/HW_Export_V1/ps7_cortexa9_0/standalone_ps7_cortexa9_0/bsp/system.mss|system_0||
C:/Users/tillkorsmeier/Desktop/MA/Z7-Nano/ParEIS-MSX/SW/HW_Export_V1/zynq_fsbl/zynq_fsbl_bsp/system.mss|system||

TRACE::2026-09-20.21:06:46::SCWMssOS::Sw design exists and opened at  C:/Users/tillkorsmeier/Desktop/MA/Z7-Nano/ParEIS-MSX/SW/HW_Export_V1/ps7_cortexa9_0/standalone_ps7_cortexa9_0/bsp/system.mss
TRACE::2026-09-20.21:06:46::SCWReader::No isolation master present  
